classe,arquivo,fracao_0_500,fracao_500_1000,fracao_1000_2000,fracao_2000_4000,fracao_4000_8000,wavelet_A6,wavelet_D6,wavelet_D5,wavelet_D4,wavelet_D3,wavelet_D2,wavelet_D1
Healthy,preprocess_Reading1.dat,0.5268604879300192,0.23998347671024356,0.2234954375014278,0.009659931019248362,6.668390612412377e-07,0.036467999564910744,0.27506276026490384,0.20552292984095072,0.23253684142719022,0.21435061840785502,0.03587737364611363,0.00018147684807584785
Healthy,preprocess_Reading10.dat,0.6552121582885502,0.19730245684090095,0.14053507467692442,0.006949674157064129,6.360365606512821e-07,0.04642568673519752,0.35529374658834884,0.2346517638017646,0.2145898630393533,0.13553313789172705,0.013386052567033261,0.0001197493765754049
Healthy,preprocess_Reading100.dat,0.703796039538967,0.15455911402145817,0.13447674365548473,0.007167465296806317,6.374872838528249e-07,0.0473105314868816,0.39413817532511625,0.24777704409040588,0.16964208854195806,0.12648652417854986,0.014511943049832481,0.00013369332725596703
Healthy,preprocess_Reading101.dat,0.6955269881432263,0.1710679477302152,0.12640383863330115,0.007000649949709919,5.75543547285157e-07,0.041290055567831635,0.3901511327734664,0.25740015665970273,0.17747268572399016,0.11947035618446143,0.014048844518142312,0.00016676857240543148
Healthy,preprocess_Reading102.dat,0.7160053959536741,0.16013918887884632,0.11715203492434903,0.006702849722795498,5.305203351404348e-07,0.053118105825174886,0.39786308987828123,0.2561259750220986,0.16846719832422516,0.11221363777386908,0.012112033373145524,9.99598032054903e-05
Healthy,preprocess_Reading103.dat,0.6884611774894325,0.17342887678176594,0.1315853281972436,0.006523917070338311,7.004612198042653e-07,0.04715449885863932,0.3754331639883404,0.2571188630678889,0.18370517983391454,0.12352681161827807,0.012941617786155369,0.00011986484678339884
Healthy,preprocess_Reading104.dat,0.6902816959102634,0.17134155767564618,0.13169113622707293,0.0066850116307315185,5.985562861752465e-07,0.03983113177989524,0.3998503887918397,0.24557250588353727,0.17826677715865435,0.12341787671858145,0.012948989115808995,0.00011233055168293296
Healthy,preprocess_Reading105.dat,0.6789386383989601,0.20325538435728996,0.11085471724790226,0.006950643558474001,6.164373739309499e-07,0.061732040101863964,0.3746617911777795,0.249056318459361,0.19627417871173578,0.10558516663975691,0.012587004654961249,0.00010350025454165835
Healthy,preprocess_Reading106.dat,0.690011328602647,0.18812912755467676,0.1152656013313551,0.00659316951813328,7.729931877768242e-07,0.04770925796895245,0.3932291042126759,0.23710100346473234,0.19842584265877675,0.11062287158578453,0.012810079054262494,0.00010184105481556837
Healthy,preprocess_Reading107.dat,0.6773241557776909,0.18644082944266513,0.1283110299446758,0.007923014358740939,9.704762275013776e-07,0.044203162164085597,0.4007249360110635,0.22999226386924612,0.18971538083406525,0.1210935755756358,0.014133843829643498,0.00013683771626024597
Healthy,preprocess_Reading108.dat,0.6865318939204463,0.1923300702485723,0.11342669036266367,0.007710512260622425,8.332076954014742e-07,0.04367384974744796,0.40134196077288714,0.2313080725160232,0.2007867138823889,0.10895980509735942,0.013810145251500653,0.00011945273239286278
Healthy,preprocess_Reading109.dat,0.7053523663329693,0.16785068670949968,0.11976510197577078,0.007031091934845177,7.530469150418983e-07,0.05136478745431006,0.42320041088436505,0.22641254548663395,0.17394970605840657,0.11212500603941185,0.012826693227728888,0.00012085084914365042
Healthy,preprocess_Reading11.dat,0.627219122225852,0.2117543390264227,0.15359890306198304,0.007427005743402062,6.299423399775699e-07,0.02592384645778334,0.32889494920270057,0.25584197453685054,0.22536290221074373,0.1497601337386158,0.014078730725536902,0.00013746312776907158
Healthy,preprocess_Reading110.dat,0.6866350126599399,0.18388725443511197,0.121837700299124,0.007639277333582294,7.552722416586624e-07,0.043913098126968704,0.39550382907289305,0.24464817396992006,0.18785485646561764,0.11371621063598043,0.014254261914291334,0.00010956981432883941
Healthy,preprocess_Reading111.dat,0.6861026739251629,0.1826427027945221,0.12435848874952064,0.006895399793568303,7.347372259949279e-07,0.04790927494433801,0.3771570020633191,0.24566416675807792,0.20299855429705485,0.11258237959403893,0.013562593543080356,0.0001260288000909021
Healthy,preprocess_Reading112.dat,0.6994390037609789,0.17312334407542035,0.11952919933531962,0.007907625780264256,8.270480171611245e-07,0.04666287227487346,0.42091595386646485,0.22172903772087926,0.18162463285965846,0.11510139489628707,0.013848197116330029,0.00011791126550682967
Healthy,preprocess_Reading113.dat,0.7032365987310685,0.1687732941909618,0.12023202566847492,0.007757198361791336,8.830477036876434e-07,0.050380387858795325,0.43478079274115283,0.22314314326997722,0.16962087013342528,0.10898352893970488,0.012957730546087306,0.00013354651085721798
Healthy,preprocess_Reading114.dat,0.6883134418665893,0.1740062752944611,0.13039596047203023,0.007283348642444913,9.737244744023713e-07,0.04594689853879472,0.3997172630956356,0.23468936694862008,0.18891567672259652,0.11768343394262466,0.01292931606456993,0.00011804468715831946
Healthy,preprocess_Reading115.dat,0.6924707784959556,0.17509295248834866,0.1255988735189959,0.006836539020951166,8.56475748831729e-07,0.0399454357494149,0.4086106110260204,0.23764764868860833,0.1866985508374985,0.11446482448200537,0.012476608260759853,0.00015632095569273512
Healthy,preprocess_Reading116.dat,0.6906889037844391,0.1817551343739327,0.12046396816011572,0.00709109890297097,8.94778541562385e-07,0.04870159134536233,0.38678059194477576,0.2477453361093558,0.18904269524501052,0.11454501440506541,0.013060392086685267,0.0001243788637448081
Healthy,preprocess_Reading117.dat,0.6962761210221042,0.19320164785410723,0.10315150073484873,0.007369738000321114,9.92388618759828e-07,0.03973448258947086,0.39419392418467253,0.2579334526890694,0.1946887264481764,0.0997431279004675,0.013589419248904399,0.00011686693923896854
Healthy,preprocess_Reading118.dat,0.662425320604243,0.20192748457164203,0.12755910775681845,0.008087170099203955,9.169680926708588e-07,0.03484567131342818,0.36007724861488727,0.2632734456718173,0.20679365714361933,0.1212724017608193,0.01360567865329529,0.00013189684213330054
Healthy,preprocess_Reading119.dat,0.6802498896510787,0.1909026058537635,0.12120958078453024,0.007637112110712112,8.115999154196808e-07,0.03464960207562979,0.41074618154548265,0.23259729500853096,0.19211482635147717,0.11627646718313465,0.013487581005401575,0.0001280468303431559
Healthy,preprocess_Reading12.dat,0.6635478398544395,0.19029791089104622,0.13964781375147,0.006505885101755234,5.504012889219956e-07,0.032060010778541766,0.3627366458177168,0.2578686347442794,0.20565990292906527,0.12869470892006232,0.01287100640396928,0.00010909040636516146
Healthy,preprocess_Reading120.dat,0.6778624286691669,0.19121626983665116,0.12301573498760503,0.007904694842624635,8.716639521341875e-07,0.042823348422397545,0.37327343743396024,0.2506306806405156,0.19890766779957278,0.11988199981207377,0.01435546428227711,0.00012740160920296064
Healthy,preprocess_Reading121.dat,0.6854029957352655,0.18989987770080866,0.11723932926580598,0.007456754279869582,1.0430182504721136e-06,0.0509243293832739,0.39675606779976247,0.2369136673937756,0.18749529919774272,0.11380678551872962,0.013971095297042109,0.00013275540967369086
Healthy,preprocess_Reading122.dat,0.6767167868071187,0.1982890292700208,0.1172636589476531,0.007729568541100605,9.564341068170996e-07,0.044032610781585164,0.3938355556141652,0.23546457331842496,0.19417800590894702,0.11852375545266748,0.013800861452901984,0.00016463747130811068
Healthy,preprocess_Reading123.dat,0.6881676730871291,0.1918064774926883,0.11199879949268457,0.008026050792701581,9.991347963244908e-07,0.04839817951387612,0.3755472353970978,0.26018441749861426,0.18864150998761303,0.11149756713195895,0.015607013856118498,0.00012407661472147694
Healthy,preprocess_Reading124.dat,0.6907479086075665,0.189661444626403,0.11180187893627475,0.007788028548606279,7.392811495527843e-07,0.046246062324947976,0.4084694837953339,0.23019850586628182,0.18969684456216043,0.11036166565190336,0.014910935481087653,0.00011650231828492557
Healthy,preprocess_Reading125.dat,0.716718233592208,0.1638262545682998,0.11183353123253967,0.007620966072893635,1.0145340588996117e-06,0.053220622462234246,0.41934503199884826,0.23688790459860223,0.16816395129185932,0.10853471548205627,0.013737921595339323,0.00010985257106036527
Healthy,preprocess_Reading126.dat,0.6970812595625803,0.18362144684300558,0.11195677814172143,0.00733972656815656,7.888845361457387e-07,0.05176631805614102,0.39573617535877453,0.2439281967071917,0.17946887187117294,0.11357390387702611,0.015400151382408902,0.00012638274728480906
Healthy,preprocess_Reading127.dat,0.6923473855264162,0.17351339033678456,0.1264039910359283,0.00773439769391272,8.354069582453477e-07,0.049047394968029054,0.3889623000300476,0.24398807680326062,0.18024714159128227,0.12254929322012036,0.015093148844810486,0.00011264454244972244
Healthy,preprocess_Reading128.dat,0.7503237535041103,0.14303164945700556,0.09978431461194896,0.006859464269232163,8.181577029446921e-07,0.05361204579170595,0.41906480749307623,0.26406228041341273,0.15578157282950392,0.09550204777708851,0.011879475144538833,9.777055067389596e-05
Healthy,preprocess_Reading129.dat,0.7068415728694647,0.177389124735371,0.10928596298415977,0.0064826445004982965,6.949105062692753e-07,0.047479409093579256,0.404802422627451,0.24435139825435964,0.18374208225446728,0.1061602898563206,0.013355564278158216,0.00010883363566388993
Healthy,preprocess_Reading13.dat,0.6203398081645454,0.20425367638630093,0.16792006857538677,0.007485694913113124,7.519606538074688e-07,0.027878369907447815,0.2996922706941791,0.28399416919556,0.21488203165858788,0.15825991290689037,0.015129859589441028,0.00016338604789391093
Healthy,preprocess_Reading130.dat,0.6008351222934821,0.2555606278242663,0.1369875852316963,0.006615944746554783,7.199040007038773e-07,0.03184208063020536,0.297972635862254,0.2730100738094804,0.2533829231844615,0.12847536306921392,0.015204954945214478,0.00011196849917046952
Healthy,preprocess_Reading131.dat,0.6064150377671054,0.2450780886569586,0.14160137469083334,0.006904899430827575,5.994542750943319e-07,0.039648804799489235,0.3279875847776853,0.25739619745636133,0.22753781908423135,0.13282606634023017,0.014502583007665808,0.00010094453433683886
Healthy,preprocess_Reading132.dat,0.5618945766150283,0.274216307399631,0.15602320639666734,0.007865226691699052,6.828969744905784e-07,0.027592941195850342,0.2637720740422749,0.2772856516307789,0.2686707902579371,0.14515281641915326,0.017396208705370345,0.00012951774863500365
Healthy,preprocess_Reading133.dat,0.6742841631588671,0.19874993503061314,0.1205316560253856,0.006433652942037176,5.928430970138902e-07,0.04666013361206971,0.3842535537501642,0.24128421871878553,0.19294025579501775,0.12049733079491963,0.014263182788568227,0.00010132454047502199
Healthy,preprocess_Reading134.dat,0.6193185322614438,0.24557216130934428,0.1282646264390517,0.006844047124305776,6.328658541389034e-07,0.03884373752265648,0.32540611177377554,0.26102365694976676,0.23858846975680256,0.1220027536629742,0.01401062145367885,0.00012464888034563405
Healthy,preprocess_Reading135.dat,0.6873102868722433,0.19317655868987224,0.11225893172071622,0.007253510020039725,7.126971286219203e-07,0.05049519271500708,0.3802883410073938,0.248174100703382,0.1964110593028466,0.110725986316182,0.013779375789995394,0.00012594416519309004
Healthy,preprocess_Reading136.dat,0.6673385481566496,0.2061877890660364,0.12015047326497447,0.0063224239690784475,7.655432608906204e-07,0.04962972779541171,0.3606768711580783,0.2575535368157821,0.2048945904092836,0.11327379396845404,0.013875870173852662,9.560967913765009e-05
Healthy,preprocess_Reading137.dat,0.6492182684169607,0.2237572473867837,0.12001084168956282,0.00701301280485603,6.297018367200593e-07,0.041233658753238527,0.3331954883123655,0.2719433469328984,0.22151785975344807,0.11754030174918303,0.014414682125328848,0.00015466237353742586
Healthy,preprocess_Reading138.dat,0.6962434740228632,0.17071704107632502,0.12469918318290436,0.008339493211294088,8.085066132348366e-07,0.04737228290968336,0.35968434745010935,0.2731633623876154,0.18122234193355108,0.12089409744118311,0.017530413343474854,0.0001331545343829784
Healthy,preprocess_Reading139.dat,0.6915596916733509,0.16768692327236343,0.1330745366978358,0.007678030531889198,8.17824560734789e-07,0.040962394154366324,0.37499137322813775,0.2665931408336166,0.17898955108209114,0.1209632192095968,0.017382544363566794,0.00011777712862454967
Healthy,preprocess_Reading14.dat,0.6463942298760472,0.19176091967257916,0.15510571864555714,0.006738480955215948,6.508506005354511e-07,0.03804796406885257,0.3185821853866453,0.279030662924743,0.21433094493262939,0.13683614711953154,0.013071258353254064,0.00010083721434414233
Healthy,preprocess_Reading140.dat,0.6841235003497966,0.1755747873246799,0.1318047489874623,0.008496076709760622,8.866283005975725e-07,0.050339930115137564,0.35075339512496306,0.26876005606040576,0.18396035395495278,0.12853784626656836,0.017525110923661387,0.00012330755431106964
Healthy,preprocess_Reading141.dat,0.6765720771292192,0.19189139249648796,0.12401695574449288,0.0075188185907905615,7.560390094604222e-07,0.037929737631443514,0.3574583777784161,0.26900474116741896,0.19521038366338933,0.1234352516755527,0.01685279793306283,0.00010871015071664122
Healthy,preprocess_Reading142.dat,0.6999874558089137,0.16994197349850995,0.12203078313822516,0.00803897776845347,8.097858977003882e-07,0.04393418837532167,0.38800491196020304,0.26360964194370107,0.17616898315835838,0.10958729279736745,0.01855797676969836,0.00013700499535007559
Healthy,preprocess_Reading143.dat,0.6966833248706293,0.1625251517193444,0.1331016971588518,0.007689058457971836,7.677932025894952e-07,0.047482201453433646,0.38404529489334266,0.2618393593240056,0.1652417536673759,0.12476083025661841,0.016516261205113885,0.00011429920010988516
Healthy,preprocess_Reading144.dat,0.7017915868166186,0.1620027161963511,0.1281818976545707,0.008022915326305934,8.840061536920525e-07,0.04171499288923192,0.3864194933521817,0.2665258953737901,0.16414753866909695,0.12205858018855306,0.019012352159045506,0.00012114736810074201
Healthy,preprocess_Reading145.dat,0.6992503552653564,0.17333642057884618,0.12012906237082101,0.007283388031732788,7.737532439328222e-07,0.039437889311694375,0.3696830957959017,0.2815553587013895,0.17878167957432678,0.11472566903657047,0.01571627834405849,0.00010002923605859779
Healthy,preprocess_Reading146.dat,0.7070858127041265,0.1532582815716021,0.13117513837214356,0.008480055982775583,7.113693523784401e-07,0.048811750455255036,0.38614996735842794,0.25971490063474717,0.16360342210612208,0.12409967913902424,0.017508893087595418,0.00011138721882800106
Healthy,preprocess_Reading147.dat,0.6438721575414987,0.18917697067363656,0.1581884619871862,0.00876152793600038,8.818616781654269e-07,0.0373890799765102,0.3458830434295074,0.25956196727144654,0.19157755303564425,0.14647430149971638,0.018994525207588965,0.00011952957958625512
Healthy,preprocess_Reading148.dat,0.6939086721435183,0.16300368574409896,0.1349448815391071,0.008142011359530351,7.492137451455507e-07,0.050313300849011665,0.3917792868622803,0.24327526616542652,0.16805250994315232,0.12818704594807487,0.01826984561427369,0.00012274461778052386
Healthy,preprocess_Reading149.dat,0.687018482867926,0.1548679968012572,0.14993167339571054,0.00818104557242394,8.01362682437417e-07,0.03806945594607287,0.37934836165658903,0.2578479034677252,0.16261788616885733,0.14188696555917207,0.02011241628341005,0.00011701091817347061
Healthy,preprocess_Reading15.dat,0.6518032489025368,0.20178784150608467,0.139116147072584,0.007292098715263179,6.638035314634305e-07,0.03913566991277342,0.33821343639296314,0.2588055366054235,0.2160125140731838,0.13393172061892597,0.013753534245041228,0.0001475881516888911
Healthy,preprocess_Reading150.dat,0.7229003611978025,0.14774444445128218,0.12144407223995331,0.007910319255249973,8.028557119481897e-07,0.05046203510456764,0.41139056531020085,0.2507605444137885,0.1593885682653592,0.11164047322593403,0.01625103739076339,0.00010677628938650061
Healthy,preprocess_Reading151.dat,0.5994151442834527,0.2079123499544849,0.18524692284259153,0.007425015418589676,5.675008810953057e-07,0.03958111702492143,0.3150828268007693,0.23143015278563525,0.21457383318973958,0.17152973372391397,0.027650843582247585,0.00015149289277287015
Healthy,preprocess_Reading152.dat,0.6400405762026843,0.21020981771993547,0.14313183063379328,0.006617242963087176,5.3248049976885e-07,0.04885964135301403,0.35479720093963174,0.21466363816571862,0.21271414444861939,0.15107127416042854,0.017772737151091393,0.0001213637814961731
Healthy,preprocess_Reading153.dat,0.6341311584101802,0.20727759499324405,0.15186369507817324,0.006726940549692255,6.109687105855478e-07,0.05463400109334439,0.3643662810572657,0.20383768135187882,0.21359496467547687,0.1465634997208904,0.016865080161692487,0.00013849193945124786
Healthy,preprocess_Reading154.dat,0.6687043158336218,0.19640414778402693,0.12833466578461794,0.006556335828585912,5.347691476649143e-07,0.05847377022121373,0.4192944638462495,0.18891842073066728,0.18991144979091373,0.12988605465935565,0.013408517089920564,0.0001073236616793342
Healthy,preprocess_Reading155.dat,0.6918735653293069,0.17172605755461065,0.12991479763177813,0.006485022600544376,5.568837600058319e-07,0.05767589781634576,0.40538101717575376,0.21083486836349125,0.1872944518228903,0.12552518039146143,0.01316589095142123,0.00012269347863624658
Healthy,preprocess_Reading156.dat,0.640500297398341,0.20792161814560056,0.1436519229883168,0.007925477467749924,6.83999991761087e-07,0.04798630815692508,0.33181132174039246,0.24514556983125455,0.21732911701936888,0.14319240657604673,0.01437338056290297,0.0001618961131092054
Healthy,preprocess_Reading157.dat,0.6501425469772653,0.2058476669128387,0.13673924203225302,0.007269990285834025,5.53791809165539e-07,0.04788126123681255,0.38584966187335584,0.21012341299473958,0.20996960786989344,0.13302525942986207,0.01301714030947891,0.0001336562858576121
Healthy,preprocess_Reading158.dat,0.634868661891088,0.2075422340709118,0.15029897055180086,0.007289546069671707,5.874165276970561e-07,0.03485047001049534,0.3220441695644814,0.26251040366295886,0.21990024788701584,0.14607143839531106,0.014498215594233773,0.00012505488550379105
Healthy,preprocess_Reading159.dat,0.6906317035428703,0.18559977924263082,0.11737505246543749,0.00639282841651203,6.363325493029507e-07,0.05234532474337711,0.3817724508643679,0.23640709479383165,0.19789650096794906,0.11906935031887014,0.012384057929573046,0.0001252203820312717
Healthy,preprocess_Reading16.dat,0.6926704729353423,0.17904309821050332,0.12192272651467333,0.006363134186629323,5.681528517995022e-07,0.04083366355224489,0.3821731821423066,0.265853099664094,0.18558658679751427,0.11341358745329382,0.012032804761264866,0.00010707562928172101
Healthy,preprocess_Reading160.dat,0.65291131799089,0.19951992039823918,0.13965982951603473,0.007908289611147524,6.424836884179337e-07,0.041135260126097035,0.3164444622541727,0.2820838057019285,0.2141619914431904,0.13175931551252348,0.014262776519826296,0.00015238844226160445
Healthy,preprocess_Reading161.dat,0.6904584423599167,0.184265421874194,0.1180656254054188,0.007209868366436344,6.419940341235619e-07,0.044562126424963114,0.3399951897505362,0.28829010424063767,0.20236940674039147,0.11173094357885624,0.012915230383077757,0.00013699888153741345
Healthy,preprocess_Reading162.dat,0.6573339861268658,0.19837238233792723,0.13720634949965982,0.0070866478380333525,6.341975135958741e-07,0.03347831510471389,0.3068200505931698,0.300206594441885,0.2204779696402028,0.12582872824899274,0.013051202825531296,0.00013713914550440926
Healthy,preprocess_Reading163.dat,0.6499012682926589,0.1926206707321018,0.14991008218572327,0.007567283183258465,6.956062574842793e-07,0.03004361076479608,0.33566607203331117,0.2750958762373731,0.206107472209352,0.139543574924533,0.013413056391443186,0.0001303374391913755
Healthy,preprocess_Reading164.dat,0.653383627848709,0.20783430630351873,0.13183935367071759,0.0069420693301947235,6.428468601756491e-07,0.0313534134057676,0.32296681808547084,0.28562422743418364,0.22043789356803012,0.1262449150706586,0.01323994447187664,0.0001327879640124611
Healthy,preprocess_Reading165.dat,0.6422694829550069,0.20633787442083143,0.14368607819375334,0.007705883415720448,6.810146878537094e-07,0.0287213200275212,0.32125290496156356,0.2800374177156573,0.22146807164953405,0.13445037828292367,0.013932075257429956,0.00013783210537013181
Healthy,preprocess_Reading166.dat,0.6862021922890575,0.18002674651143896,0.1274905747622452,0.006279902613523243,5.838237351880067e-07,0.04000173803550675,0.3510089864455819,0.2788986313051519,0.19690201273016303,0.12018202713614518,0.012886791191139703,0.00011981315631159171
Healthy,preprocess_Reading167.dat,0.6750601880024785,0.17749545667327593,0.14069618226530006,0.006747609896719541,5.631622260330343e-07,0.037390336144069884,0.33934383355809666,0.2879355940779232,0.1957029340937399,0.1273328806677694,0.012178806301012547,0.0001156151573884876
Healthy,preprocess_Reading168.dat,0.682243823658267,0.1842094152710114,0.12697024604808535,0.00657590922143242,6.058012039583117e-07,0.03204884140590385,0.3413439776597374,0.2972600874219679,0.1943063053616012,0.121216756201697,0.013683650175462893,0.00014038177362974774
Healthy,preprocess_Reading169.dat,0.718857596583581,0.16285075035833366,0.11214932702932051,0.006141787693058763,5.383357061102157e-07,0.04599193712313947,0.3957242484853397,0.26668109888778596,0.17422669345614838,0.10572833912891134,0.011552003125244799,9.567979343035457e-05
Healthy,preprocess_Reading17.dat,0.6515146902341927,0.18370174059219196,0.15683554452098908,0.007947371551183744,6.531014425686666e-07,0.035833612526835576,0.3270171462882348,0.2778089348341533,0.20409033144470795,0.1406677612370753,0.014444061970028945,0.00013815169896391944
Healthy,preprocess_Reading170.dat,0.6849178122039616,0.18189165391260412,0.1265548306310149,0.006635053899407727,6.493530113825517e-07,0.032810049246915086,0.3959566604880855,0.2451327780747064,0.19270315000013058,0.11953761197151996,0.013738589415240903,0.00012116080340133648
Healthy,preprocess_Reading171.dat,0.6777440191416925,0.17827359353487063,0.13722306291280115,0.006758688875078889,6.355355567959856e-07,0.035947947797873525,0.38286609085235285,0.2524957434518469,0.18769703451938763,0.12813948832514752,0.012735731878869202,0.00011796317452239874
Healthy,preprocess_Reading172.dat,0.723344171319984,0.16183516555727614,0.10874287808311875,0.006077255908474635,5.291311467686017e-07,0.05221619185894399,0.4197748311213193,0.24023517845473547,0.17362050841685558,0.10163322900314141,0.012405076847937733,0.0001149842970665013
Healthy,preprocess_Reading173.dat,0.6965066668173877,0.17115865465524716,0.12439729875749608,0.007936704395945416,6.753739235668681e-07,0.03809877281228029,0.3725827058068252,0.27011764933587135,0.18504060982518183,0.11978606444934223,0.014207926520599106,0.00016627124990006197
Healthy,preprocess_Reading174.dat,0.7159576648206908,0.15302649287781975,0.12414006297068644,0.006875159476469569,6.198543332656542e-07,0.0450873085517034,0.4176409014743229,0.2438738661240293,0.15875028187289678,0.12054895338829073,0.013972021434646271,0.00012666715411061697
Healthy,preprocess_Reading175.dat,0.7347240555471991,0.15188987491138442,0.10681600780192858,0.006569465169806565,5.965696813447696e-07,0.04818966900822815,0.4351581235470499,0.2413404184172319,0.16340616538857972,0.09969686211934359,0.012087081311480136,0.00012168020808670181
Healthy,preprocess_Reading176.dat,0.7337116210875673,0.15961233422161997,0.10045293382690118,0.00622244671532909,6.641485824883747e-07,0.0335068945853129,0.40495189659965214,0.2780697000213127,0.1730241336524551,0.09841892600896664,0.011922385612782811,0.00010606351951768154
Healthy,preprocess_Reading177.dat,0.7213652066314418,0.1529421860867673,0.11878879760805847,0.006903153945672045,6.557280606194709e-07,0.032958873176506094,0.3999489069832094,0.2727165703268773,0.16936089733749135,0.11235480940810519,0.012543083636970409,0.00011685913084040935
Healthy,preprocess_Reading178.dat,0.7311375892280235,0.14966859144579625,0.11302084624607893,0.00617241935627441,5.537238268953672e-07,0.04859451340119911,0.4204153565536244,0.2607237469763694,0.15671249914293897,0.10210381377774982,0.011359205382123509,9.086476599481807e-05
Healthy,preprocess_Reading179.dat,0.7015272540065071,0.167828822211101,0.12379615543232486,0.006847119916614319,6.484334526397629e-07,0.0328634197102597,0.36917686648123893,0.2813363343384939,0.18796061366319322,0.11439747072837275,0.014154823546672298,0.00011047153176920593
Healthy,preprocess_Reading18.dat,0.6861992966323395,0.17138687468504962,0.13605853593699604,0.006354686672585333,6.06073029470988e-07,0.03934461670185705,0.3699829395111637,0.2600051426335767,0.1929706575592641,0.1252764175683508,0.012311173860021157,0.00010905216576649919
Healthy,preprocess_Reading180.dat,0.6899264262388862,0.1842645215069055,0.11879530422260977,0.007013181638349547,5.663932489114783e-07,0.044026757952033674,0.37720494481282063,0.2608791829300324,0.19013471558192532,0.11448390298647328,0.013160374666728295,0.00011012106998625056
Healthy,preprocess_Reading181.dat,0.6966079190601457,0.16837313206587373,0.12946172627459474,0.0055566791599877255,5.434393982086299e-07,0.049679530616798244,0.4241775659898372,0.21401091757325835,0.183026924313443,0.11693975564457765,0.012058627612486304,0.00010667824959938357
Healthy,preprocess_Reading182.dat,0.6647274239245745,0.19361165319913115,0.1335862981580048,0.008073966653256742,6.580650328113829e-07,0.03261139970791048,0.36012303490380276,0.26341645592406127,0.20267685106268654,0.1259025108869278,0.015103640668739834,0.0001661068458712969
Healthy,preprocess_Reading183.dat,0.6454859625734457,0.2128832406025062,0.13428318080693372,0.00734687555967304,7.404574415736069e-07,0.03923392702772382,0.37168952303045566,0.22904205470812292,0.22059614713744571,0.12440612948928564,0.014883268972604889,0.0001489496343612528
Healthy,preprocess_Reading184.dat,0.7056234337935764,0.1748222529729694,0.11239648528878356,0.007157148873197806,6.790714728695324e-07,0.04513921808470084,0.3974963092671534,0.25742931958494647,0.17743337811930918,0.1086787197202896,0.013706115067984378,0.00011694015561605235
Healthy,preprocess_Reading185.dat,0.6900715342781635,0.18019441163221464,0.12279177607164982,0.006941367640683779,9.103772883635243e-07,0.05254329566594114,0.39878675843921496,0.2270550481800861,0.19141722633813718,0.11632642670803935,0.013719276428480318,0.00015196824010107663
Healthy,preprocess_Reading186.dat,0.6780590915270637,0.19555616065338813,0.11953615227429748,0.006847891009792765,7.045354580769938e-07,0.045236908223757206,0.3754292600514216,0.2512253397389151,0.19991860073577195,0.1141476145698883,0.013920973331610203,0.00012130334863547136
Healthy,preprocess_Reading187.dat,0.6938519369716446,0.1708995498461238,0.12792681297014552,0.007321036203815749,6.640082702448522e-07,0.044299085449805105,0.3958600958543191,0.24739952469039855,0.1803991947915358,0.11736917080784132,0.014529407493915377,0.00014352091218457213
Healthy,preprocess_Reading188.dat,0.7122246574516252,0.1665504790713905,0.11350794570528916,0.0077161741174878095,7.436542072339272e-07,0.052636072072860036,0.42241454152844377,0.2351657719977204,0.17171771452759713,0.10355164542020313,0.014396555725994376,0.00011769872718120456
Healthy,preprocess_Reading189.dat,0.7105655850582498,0.17371590496088649,0.10906356726289093,0.006654149904882596,7.928130901674458e-07,0.05343400386923267,0.42536758900930954,0.22645528553017932,0.17673815969382878,0.10426163409681302,0.013631776062596336,0.00011155173804031971
Healthy,preprocess_Reading19.dat,0.6953716443452833,0.17288343152831698,0.12500561822562117,0.006738735602166408,5.702986122653493e-07,0.03857895687715573,0.3527424768140709,0.29136315071501295,0.18669627805528738,0.1181536179175081,0.012354233219223276,0.00011128640174176578
Healthy,preprocess_Reading190.dat,0.6992633401645647,0.17966579087497445,0.11371214373748825,0.007357920363091071,8.048598815010443e-07,0.04741112951421493,0.41973343318709877,0.22807384158520547,0.18272233780636088,0.10765724683886145,0.014275596952162945,0.0001264141160954855
Healthy,preprocess_Reading191.dat,0.6962671035032729,0.16226406152929895,0.1349710903620505,0.0064969778590402184,7.667463374148156e-07,0.05269757387668711,0.4351983269160211,0.20746635370088268,0.1674623601483222,0.12325421634576668,0.013795004560974279,0.00012616445134601352
Healthy,preprocess_Reading192.dat,0.7026458778224624,0.1760299697812703,0.11405355376697136,0.007269801819072769,7.968102231293671e-07,0.04623900330130489,0.3950111397384551,0.25214592140301684,0.1804555198820786,0.1114492558657059,0.014565999930199849,0.00013315987923893886
Healthy,preprocess_Reading193.dat,0.6794511138827867,0.18249457938450553,0.13011155458396498,0.007941914340640982,8.378081020591332e-07,0.039645945999154684,0.3917596381487187,0.24449238593808012,0.18101681124385363,0.1276421944850033,0.01530424758978617,0.00013877659540354958
Healthy,preprocess_Reading194.dat,0.6963511099425957,0.17066092639842922,0.12609591838234824,0.006891243180684101,8.02095942448144e-07,0.05119942559368122,0.40146316717063935,0.23856600539798745,0.17849642069558563,0.11625676588583515,0.013904583056849667,0.00011363219942145796
Healthy,preprocess_Reading195.dat,0.7185565057074137,0.15430079943754568,0.12024032932908542,0.006901660523502977,7.050024523153596e-07,0.06097810307554466,0.4303665422122864,0.21845824800541974,0.1626242453070551,0.11477356238286708,0.012696843466821728,0.00010245555000534842
Healthy,preprocess_Reading196.dat,0.7316827711957359,0.15554805751319348,0.10638060005436363,0.006387890321400764,6.809153061321492e-07,0.0487905424777593,0.41270842362173044,0.25685484087766997,0.16449187576971436,0.10453532441134822,0.012506940591934372,0.00011205224984323106
Healthy,preprocess_Reading197.dat,0.7403832961667065,0.1530968109514366,0.10093360193166355,0.005585654112671232,6.368375221714805e-07,0.06612157514376399,0.4535497356706492,0.2131558886906555,0.15925926192996653,0.09634910749455429,0.01147259834912972,9.183272128074953e-05
Healthy,preprocess_Reading198.dat,0.6991682025154765,0.1659567239298801,0.128061441941921,0.006812843756288881,7.878564335141775e-07,0.05617239524865047,0.3978772321012079,0.24713963718278031,0.16898926699242026,0.11600273204077872,0.013705425255571028,0.00011331117859126068
Healthy,preprocess_Reading199.dat,0.7461101562384989,0.14694068697156984,0.10044879380943378,0.006499680798210114,6.821822876222153e-07,0.06385833439447088,0.44963791771573264,0.223242024345271,0.15145148312650675,0.09868550749546738,0.01301241448912099,0.0001123184334306313
Healthy,preprocess_Reading2.dat,0.5596795635963793,0.2636254825163734,0.16784948803320407,0.008844829420151865,6.364338912004267e-07,0.035586233502975406,0.28327543957094115,0.23112603344694743,0.2611490051644663,0.1680513388816988,0.020657368056053393,0.00015458137691767585
Healthy,preprocess_Reading20.dat,0.649698042406423,0.1919949799223756,0.1508679492841903,0.007438334912016651,6.934749942157193e-07,0.029086609506812994,0.3434783810753131,0.2627044043024215,0.20964493236574802,0.14009190093668647,0.014872272448516473,0.00012149936450150938
Healthy,preprocess_Reading200.dat,0.7064924962370189,0.1708381593135465,0.11660194781354158,0.006066674273639984,7.223622529422397e-07,0.048651252249661124,0.4118859586609364,0.24334880583353002,0.17217378771068845,0.1106749943901098,0.013155827226421179,0.00010937392865297659
Healthy,preprocess_Reading201.dat,0.6986298048307732,0.177784797262199,0.11665529688131149,0.006929197662821599,9.033628947260356e-07,0.05299478679450029,0.40270402125475424,0.23630751678709622,0.18033379170927946,0.1143285708451673,0.013209245898128103,0.00012206671107424044
Healthy,preprocess_Reading202.dat,0.6725713431014411,0.18578495200140152,0.13402703440448746,0.0076158132342246596,8.572584451558505e-07,0.04617011753810997,0.386683535834203,0.23602383447578226,0.186516644779484,0.1287868775640269,0.015701935134861036,0.00011705467353286566
Healthy,preprocess_Reading203.dat,0.6825654360161074,0.1780565707420048,0.13205157066022494,0.007325505706392691,9.168752703990152e-07,0.04247475720727583,0.39532380471580353,0.2355585717839163,0.18158190180671174,0.12999509658391234,0.014943101017308186,0.00012276688507220347
Healthy,preprocess_Reading204.dat,0.7091224727685266,0.16690479680211265,0.11664253919952801,0.0073293155829638,8.756468689690909e-07,0.04357784170297514,0.38453900414202385,0.27668358138278953,0.1673129534727189,0.11313226050473373,0.01463846179443277,0.00011589700032614527
Healthy,preprocess_Reading205.dat,0.7200794066093419,0.17050109690985538,0.10281428510708557,0.006604458808141343,7.525655759412656e-07,0.05607431343771459,0.40563323783154065,0.2611941963130771,0.1667566250458483,0.09756691481273294,0.012677005033280935,9.770752580537686e-05
Healthy,preprocess_Reading206.dat,0.7103707573691271,0.17346035077728056,0.10876800549994023,0.007400007354082611,8.78999569570694e-07,0.045939626157979446,0.3445219830251119,0.3077969210791185,0.18292177455657985,0.10482646424127227,0.013862668936749025,0.00013056200318892607
Healthy,preprocess_Reading207.dat,0.730500006882725,0.1619977150954416,0.10038250250592962,0.007118886246457522,8.892694461496711e-07,0.05451959376398823,0.4085103431911625,0.2563135685277315,0.16512516619477852,0.10155999279734912,0.01386574632616749,0.00010558919882266934
Healthy,preprocess_Reading208.dat,0.7007256590483658,0.19008454018453402,0.10196239825311057,0.007226717946337035,6.845676528355263e-07,0.03914720174639737,0.3571340338974913,0.2932952212715475,0.19253301339416484,0.10454662729177439,0.013231620475064435,0.00011228192356016058
Healthy,preprocess_Reading209.dat,0.6644280581796759,0.20982191883035292,0.119168924091874,0.006580312774056895,7.861240402145231e-07,0.03634572775676353,0.3534875653219005,0.2785632299701004,0.20470629605369045,0.11285792306018534,0.013917404360190955,0.00012185347716852004
Healthy,preprocess_Reading21.dat,0.6945283280681478,0.1734391006473436,0.12631772153716775,0.005714233227581319,6.165197597077424e-07,0.03789778884727757,0.36140347251325794,0.282010483963293,0.19010787541598512,0.11651308771315662,0.011966609006272857,0.00010068254075688562
Healthy,preprocess_Reading210.dat,0.699062139864962,0.18883773173903004,0.1052607025322176,0.006838814356240426,6.115075499061775e-07,0.04800158185876069,0.3560852045184227,0.2976099862122535,0.18048740543105563,0.1039355664386209,0.013781850073815683,9.840546707077754e-05
Healthy,preprocess_Reading211.dat,0.678980920098396,0.19446532567927152,0.11864088627487925,0.00791213811253708,7.29834916021109e-07,0.042162157328238234,0.3843687201181789,0.2507194237658863,0.1869745622695876,0.11926069710371012,0.016400002355293625,0.00011443705910514754
Healthy,preprocess_Reading212.dat,0.5990027527306613,0.26192183754750525,0.13156107505346723,0.007513671447443657,6.632209225595008e-07,0.034554794000856946,0.28693983345047863,0.28559500166331475,0.24866906298820105,0.12747906147078764,0.016657180456861553,0.00010506596949939412
Healthy,preprocess_Reading213.dat,0.6213797572393006,0.23048781809956884,0.13878469141734454,0.00934702294140268,7.103023829517566e-07,0.044401108059960843,0.32682023785222697,0.25434038492438854,0.2265389562269745,0.1296230596308275,0.018155219122316532,0.00012103418330511616
Healthy,preprocess_Reading214.dat,0.6130052346482968,0.24388848545050468,0.13413083758902605,0.008974704776414578,7.375357578829567e-07,0.034589411630906675,0.3141355355343448,0.26140664287861165,0.23720206789925508,0.1335200726202714,0.01900524341943826,0.00014102601717223877
Healthy,preprocess_Reading215.dat,0.6294557864703456,0.23686477871099476,0.12664410265932244,0.007034688568117468,6.435912193954733e-07,0.03924231096865797,0.3133904041934091,0.2771180001345655,0.22946585750691406,0.12548423995434288,0.015191267371119106,0.0001079198709912418
Healthy,preprocess_Reading216.dat,0.6388667822788425,0.21980263714075735,0.13363802203754563,0.007691647537877882,9.110049769149713e-07,0.030179424437427514,0.31531717670858733,0.28501016921171013,0.22425491676821152,0.12821679150954007,0.016910133427401122,0.00011138793712236828
Healthy,preprocess_Reading217.dat,0.653721620987782,0.2012425747364068,0.13745606079529357,0.007579102654962384,6.408255549958695e-07,0.039717501609106115,0.34471807698387336,0.27110538599705303,0.1999860594410889,0.12874642814123508,0.015626793491211398,9.975433643210106e-05
Healthy,preprocess_Reading218.dat,0.6784882235609702,0.19134165940022277,0.12273790046968434,0.007431455161013023,7.614081097895055e-07,0.04483904193755938,0.3751062476717457,0.254194276017424,0.18787781147907695,0.12119594102634877,0.01667934139055168,0.00010734047729348854
Healthy,preprocess_Reading219.dat,0.7212687122588969,0.161023787645262,0.11023947612006266,0.007467331483648756,6.924921294510445e-07,0.05221903773366416,0.4115033500700424,0.2505840718752288,0.16605867621509554,0.10585602684758694,0.013664536762852685,0.00011430049552953517
Healthy,preprocess_Reading22.dat,0.7013625094216537,0.17124121343569462,0.12031283804686348,0.007082837813189438,6.012825987387244e-07,0.046014893285571554,0.39901464159195194,0.2535884510854752,0.1764635359247074,0.11139444547311515,0.013396505163030068,0.00012752747614864845
Healthy,preprocess_Reading220.dat,0.7105395956185822,0.16401832153002507,0.11759852221479566,0.007842905988405249,6.546481918137951e-07,0.044488088188042826,0.41307296115681597,0.24403702609215158,0.16726970306469222,0.11418687081970133,0.016804468932877202,0.00014088174571868367
Healthy,preprocess_Reading221.dat,0.7095764104916495,0.1495244754871565,0.13283878260877977,0.008059581374672064,7.500377421609575e-07,0.0536275990976321,0.40989370063410074,0.235530623876411,0.1589376193165609,0.12204798273011863,0.01984682353775448,0.00011565080742227487
Healthy,preprocess_Reading222.dat,0.7099973676480645,0.15782277542857742,0.12472629024215737,0.007452749032445473,8.176487551952233e-07,0.05361779742530951,0.43357596293134654,0.22255198851371616,0.15443888686036114,0.11828230189806663,0.017416217253769475,0.00011684511743047585
Healthy,preprocess_Reading223.dat,0.7285409789202912,0.14868938609633253,0.11536031965420611,0.007408614645462015,7.006837082868523e-07,0.05832325169956319,0.41336660850087703,0.24782462976380618,0.15423607631665792,0.1088656093083529,0.017280785641011327,0.00010303876973140492
Healthy,preprocess_Reading224.dat,0.7346213347772684,0.1513935271778939,0.10704347894911999,0.006940904555484474,7.545402333077688e-07,0.054658827223774964,0.43176458535978196,0.24372379431489316,0.15241891459231344,0.10208531378025018,0.015254464256280895,9.410047270551267e-05
Healthy,preprocess_Reading225.dat,0.7007858772477671,0.1593834241173153,0.13281329941005696,0.007016503239542832,8.959853176876656e-07,0.049954881995786904,0.4033857706014935,0.24236543973612346,0.16071785514189613,0.125111260351298,0.018354831742744483,0.00010996043065744585
Healthy,preprocess_Reading23.dat,0.7082622475901477,0.16609468227193988,0.11819720808931014,0.007445270014339119,5.920342633191753e-07,0.0450018346013566,0.3737462649914028,0.2734347922615734,0.18302108592652258,0.1121638720243053,0.01251254606368165,0.00011960413115762464
Healthy,preprocess_Reading24.dat,0.7045534370863332,0.17267006134992835,0.11613552375622745,0.006640408300746081,5.6950676464176e-07,0.05063411706502265,0.4052858295944027,0.24460007131840591,0.1812491719420493,0.10532159230463868,0.012773913786902411,0.00013530398857842905
Healthy,preprocess_Reading25.dat,0.6803838025298674,0.17876455706884653,0.13339393031740654,0.00745708781533529,6.222685442851543e-07,0.02975785002897284,0.3528439717897449,0.286212927677609,0.19631224883675286,0.1212576410458833,0.013504486794550769,0.00011087382648646605
Healthy,preprocess_Reading26.dat,0.6764697712334456,0.18432998431716338,0.13212139494544536,0.007078148159350911,7.013445947949784e-07,0.03497060826491621,0.34275335299473997,0.28380571158254275,0.20048892454783082,0.12392469796061704,0.01394294995176869,0.00011375469758458311
Healthy,preprocess_Reading27.dat,0.688683487207949,0.17955172880295983,0.1251156687025685,0.0066484964418459455,6.188446766493507e-07,0.032922765514336885,0.35550890407873287,0.2889200682676499,0.19345530779721262,0.1157675976124264,0.013314396868779858,0.00011095986086136655
Healthy,preprocess_Reading28.dat,0.7028708311429483,0.1605546824745559,0.13032520157827762,0.006248740467659281,5.443365587793464e-07,0.03865983976607929,0.3868703431565178,0.2613750742255062,0.17764236523813842,0.12329499370153635,0.012051394286120523,0.0001059896261015406
Healthy,preprocess_Reading29.dat,0.7086130518314369,0.172121972166651,0.11349620051048204,0.005768187808882548,5.876825477083027e-07,0.03527914535630461,0.41822465670683323,0.24325881831978866,0.18128117024910023,0.1097601014960536,0.01210244413264158,9.366373927800305e-05
Healthy,preprocess_Reading3.dat,0.5893975304699873,0.22974782481676964,0.17215088856115157,0.008703082036168317,6.741159233960116e-07,0.029484483184628537,0.2643390393749128,0.2717676449089493,0.24176171828617185,0.17172632771817067,0.020671218016519104,0.000249568510647788
Healthy,preprocess_Reading30.dat,0.7099710970337584,0.162543194204144,0.12091044378614049,0.006574616300391129,6.486755659849183e-07,0.048708473866541376,0.41380951352170614,0.2382764481949707,0.17419521517662093,0.11224751053304922,0.012657930988378713,0.00010490771873291672
Healthy,preprocess_Reading31.dat,0.6889278863432752,0.1860573420265516,0.11775161211398832,0.007262614396730701,5.451194537147651e-07,0.03828561245475694,0.3936007218290274,0.2508456726570402,0.18886357742752402,0.11470068307116847,0.013597408760839006,0.0001063237996440452
Healthy,preprocess_Reading32.dat,0.6839053302317087,0.16364028603193087,0.14607130785185163,0.006382506031040503,5.698534679518164e-07,0.04254047379204521,0.3897761467006578,0.24974486216926717,0.1802316854859115,0.12493572400626786,0.012662416858399575,0.00010869098745088634
Healthy,preprocess_Reading33.dat,0.7113367923150155,0.15782994402928086,0.12390175922785102,0.006930824784908028,6.79642944797484e-07,0.04441425984562869,0.42490264427685764,0.2324299256055103,0.16756412912127414,0.11770296882208081,0.012867987058641162,0.0001180852700072845
Healthy,preprocess_Reading34.dat,0.7362293707313892,0.16185178133642034,0.09579666695869597,0.006121580784138811,6.001893557477245e-07,0.05006380067608909,0.4301648624911076,0.2414682972904433,0.17068243869658498,0.09618616700681144,0.011330688144542666,0.000103745694420835
Healthy,preprocess_Reading35.dat,0.7283111549097636,0.17084578452317695,0.09516996103354765,0.005672459340767746,6.40192744141404e-07,0.05293724388822265,0.4181883991927814,0.24352861967674774,0.18231008441252294,0.0918732746412407,0.011062556746474408,9.982144201005511e-05
Healthy,preprocess_Reading36.dat,0.6984332233433832,0.1724208066129019,0.12294293984940548,0.0062024404328490795,5.897614604575547e-07,0.05692698026523346,0.40664132564932515,0.2271573764370523,0.1833640534242033,0.11371439218592132,0.012088292470926775,0.00010757956733768782
Healthy,preprocess_Reading37.dat,0.7118466760030893,0.1665173595425789,0.11423396270317256,0.007401332788111065,6.68963048123865e-07,0.041670209060192094,0.3964233084698628,0.26687290670789315,0.17622034268269884,0.10601417971576575,0.012650874355127906,0.00014817900845933725
Healthy,preprocess_Reading38.dat,0.7245939372545099,0.13660174953507329,0.13320830413839407,0.005595386382605422,6.226894172310304e-07,0.06177892427244338,0.4319669216999454,0.2217216185209362,0.1581556350718625,0.1152231851968729,0.01105493117331859,9.8784064621087e-05
Healthy,preprocess_Reading39.dat,0.6884761046690618,0.18495885364890907,0.11931880139604077,0.007245487515180243,7.527708077580936e-07,0.03929476100978361,0.3672614768310006,0.2687250670474238,0.20080227009048568,0.11094067911482385,0.012866018189601116,0.00010972771688118869
Healthy,preprocess_Reading4.dat,0.6356254752769949,0.21965558950111913,0.1370719942263662,0.0076463564655750455,5.845299447663581e-07,0.03830287188889806,0.30765481474195794,0.27447591686573336,0.22526866781242946,0.13890557220100563,0.015259412261018714,0.00013274422895687493
Healthy,preprocess_Reading40.dat,0.6872289143690857,0.18539127396746716,0.11997066786936268,0.0074083747343224315,7.690597619971163e-07,0.05437021434813985,0.4095680701541069,0.23599911315394065,0.1877769665371981,0.10009269688631366,0.01208942303639126,0.00010351588390944476
Healthy,preprocess_Reading41.dat,0.6938063200099004,0.1653903497787533,0.1342873579097227,0.006515139145489055,8.331561345865828e-07,0.04940183150657852,0.40402781409415256,0.23546580921499896,0.17959037565708585,0.11896047456484136,0.01243889802282904,0.00011479693951365846
Healthy,preprocess_Reading42.dat,0.7302511740378644,0.16007092571416717,0.10385571626413795,0.005821593389010078,5.905948204039209e-07,0.07038898565927869,0.41630979415198627,0.23173976047416914,0.1732245148582832,0.09752175817260993,0.010721214376606726,9.39723070660803e-05
Healthy,preprocess_Reading43.dat,0.6944569962932936,0.18538467158721986,0.11331297064148001,0.006844594086487839,7.67391518737363e-07,0.046293584801419624,0.3855882359107913,0.2573072397634625,0.1927437404035095,0.10590129400554868,0.012063770419832968,0.00010213469543533193
Healthy,preprocess_Reading44.dat,0.6977012206671529,0.17250405492938967,0.12294918493959041,0.006844741720711344,7.977431558422779e-07,0.054988033308480455,0.37988720992239855,0.2529936198467729,0.19037970439910715,0.10835436766325057,0.013286185163904939,0.00011087969608525272
Healthy,preprocess_Reading45.dat,0.7069911888055079,0.17580474384131722,0.10988653970178076,0.007316535370148619,9.922812453564711e-07,0.047011322427714074,0.4034132242818884,0.2476439340903603,0.1848452855103854,0.10483920084738238,0.012137543809153264,0.00010948903311619765
Healthy,preprocess_Reading46.dat,0.689740391944371,0.17743369190712185,0.12594319192587602,0.006881928843267579,7.953793632661754e-07,0.04209197549458182,0.38162014406649386,0.25818252250780416,0.1908097785208214,0.1140624016513412,0.013119597039158326,0.0001135807197992711
Healthy,preprocess_Reading47.dat,0.6350861251697211,0.19581016745759083,0.16160986375476485,0.00749286314757357,9.804703496044682e-07,0.037680396040118955,0.3363648768719926,0.2527433935668898,0.21259043231811525,0.14622553176529224,0.01427670404503012,0.000118665392561075
Healthy,preprocess_Reading48.dat,0.6932394761883139,0.1798798527100759,0.1194333929671231,0.007446535836486244,7.422980007475703e-07,0.04542181054725273,0.3699032385891456,0.2708365978563023,0.1879525226165709,0.11202773515482074,0.013742131883301548,0.00011596335260611014
Healthy,preprocess_Reading49.dat,0.6455581529721709,0.1858608318534694,0.16051913309281018,0.00806089924318453,9.828383648443686e-07,0.02795223911086561,0.3164252115330266,0.2931130389519083,0.19890458774559283,0.14685068199593668,0.016613910346310132,0.00014033031635997883
Healthy,preprocess_Reading5.dat,0.709070152024105,0.17318521291424047,0.111712178810597,0.006031931143464805,5.251075928062485e-07,0.05920308134145215,0.44407282422037175,0.1914833376132445,0.17511376225741063,0.11778493471375874,0.012229500305275452,0.00011255954848661823
Healthy,preprocess_Reading50.dat,0.6709482752324715,0.18668768909452665,0.13480437785987165,0.0075587473799689515,9.104331610603798e-07,0.046092803172791436,0.37803912643260346,0.24420441810188845,0.19970763857833906,0.11883142324226013,0.013004333119159857,0.0001202573529577747
Healthy,preprocess_Reading51.dat,0.6822975407670588,0.16358102008501546,0.14664799030190412,0.0074725867146001775,8.621314214667212e-07,0.041177658445237256,0.38871207761074583,0.23741302941841036,0.1834562717365704,0.13412540913127707,0.014977947089224584,0.00013760656853451607
Healthy,preprocess_Reading52.dat,0.7179287972621972,0.16520312713609,0.11006843219894198,0.006798820832959742,8.225698113122486e-07,0.04354184809934092,0.390522731973289,0.2712977184749704,0.17444015295137963,0.10718752589321531,0.01290640154381297,0.00010362106399173486
Healthy,preprocess_Reading53.dat,0.7075211595239649,0.1671532938940833,0.11829130359542481,0.007033529555498099,7.134310289060084e-07,0.052629278455033936,0.40229084197466464,0.23592282713724327,0.17862015901875858,0.11569015679951843,0.014741904659630265,0.00010483195515076889
Healthy,preprocess_Reading54.dat,0.6996056413932491,0.1741671216648102,0.11956760320608836,0.006658819190320599,8.145455317178677e-07,0.05224592868673022,0.37336118184198513,0.26700847779459097,0.1828941305349669,0.11152063254257386,0.01280182894417096,0.00016781965498196207
Healthy,preprocess_Reading55.dat,0.7178709757323227,0.16420561348634255,0.11217251499102221,0.0057502055118142485,6.902784980964112e-07,0.06018573771585892,0.3980993270589774,0.2510127485175553,0.1706126700790728,0.10753789189152792,0.012467667868881328,8.395686812643362e-05
Healthy,preprocess_Reading56.dat,0.7212062664271027,0.17446688394098056,0.09851103914142591,0.005815116615569288,6.938749213182769e-07,0.05769650924486592,0.3996512263667499,0.2526204484776504,0.18240759785356023,0.09553063141184683,0.012000738420670018,9.284822465682026e-05
Healthy,preprocess_Reading57.dat,0.6734438616208357,0.18672920689298178,0.1330613689389844,0.006764847311945886,7.152352521398353e-07,0.04640109499946395,0.35592859482469413,0.26112438288551826,0.19651698441685708,0.12608903061719706,0.013835402675350357,0.00010450958091915925
Healthy,preprocess_Reading58.dat,0.7007380826514225,0.17377895601998797,0.11854673534643399,0.00693547792653982,7.480556156947194e-07,0.04273518292725806,0.3657784898911506,0.2838900317522611,0.1808557129666419,0.11291351387138349,0.013731760176801236,9.530841450373097e-05
Healthy,preprocess_Reading59.dat,0.6898363565969131,0.1639698382973078,0.13870183381556103,0.0074912187616607085,7.525285573900409e-07,0.03899593301723654,0.3454285367792195,0.29223780141823574,0.1778163388149597,0.13017319369566727,0.015242063066975318,0.00010613320770596951
Healthy,preprocess_Reading6.dat,0.6457236394749822,0.21154973057791018,0.13512328779440994,0.007602716651361995,6.255013355067253e-07,0.0501476412768318,0.3491591044846135,0.23020825865716912,0.22073402692825675,0.13584273331008173,0.013766108580915598,0.00014212676213159236
Healthy,preprocess_Reading60.dat,0.6809714761709209,0.18507625766307761,0.12656910855693768,0.007382353039547229,8.045695165152637e-07,0.04683768375195099,0.3714986974261586,0.26521530092403833,0.18665181982282328,0.11653761198105185,0.013155914533095451,0.00010297156088173822
Healthy,preprocess_Reading61.dat,0.6954426322486796,0.17225277169135156,0.12559416094731224,0.006709669161239381,7.65951417079625e-07,0.04792765273379547,0.3865658348742395,0.250085141585963,0.18118971276138526,0.12036910980615671,0.013761595174079877,0.0001009530643801619
Healthy,preprocess_Reading62.dat,0.7155170715115016,0.15078067617895854,0.12623240809937455,0.007469121171529448,7.230386359674842e-07,0.05461332961656872,0.3788261334020121,0.2706178933291112,0.16261911697514714,0.11899406542946281,0.014218411350997344,0.00011104989670078281
Healthy,preprocess_Reading63.dat,0.6886208296100143,0.17530513627340763,0.12784761290697555,0.008225493798363353,9.274112392672154e-07,0.04589126125270069,0.3809997448133363,0.2595662308890127,0.17277703104387987,0.1244520105219104,0.016203290069689992,0.00011043140947009095
Healthy,preprocess_Reading64.dat,0.7100024189371401,0.15506109396960768,0.128006726287758,0.0069290549816217305,7.058238724062445e-07,0.0433856400485062,0.3811478509485955,0.27169589774560393,0.1677985916142411,0.12116752361148758,0.014707150900517989,9.734513104773105e-05
Healthy,preprocess_Reading65.dat,0.7073609810517073,0.15320502221616683,0.13202099059564795,0.007412182453848538,8.23682629393249e-07,0.04640938324723798,0.39563936827192137,0.2565069594462665,0.1607828565395313,0.12264867282789507,0.017874173870841913,0.00013858579630575646
Healthy,preprocess_Reading66.dat,0.6739055577368871,0.17572368656163265,0.14243929172401626,0.007930517793667758,9.461837959818631e-07,0.04124276702396219,0.3349928096765792,0.28877512853492665,0.18636189658891494,0.13301022780841126,0.015509002490924385,0.00010816787628116622
Healthy,preprocess_Reading67.dat,0.7024153975048789,0.15911323345685122,0.13011598583001366,0.008354513079376324,8.701288799726748e-07,0.05398580027298244,0.37311129073001276,0.25707372830202396,0.17574661191005161,0.12407552095305875,0.015896940316498652,0.00011010751537207508
Healthy,preprocess_Reading68.dat,0.7171504621289984,0.15189123317737607,0.1230771986911423,0.007880385842149042,7.201603341642092e-07,0.05651785440598637,0.3932680047090949,0.25637390029602153,0.15848976487787628,0.11741146977608952,0.017828077231832915,0.00011092870309851374
Healthy,preprocess_Reading69.dat,0.6940345524242537,0.17025056117847848,0.12786170015865195,0.007852356393436642,8.298451790622645e-07,0.04861763074032083,0.35669830172132355,0.2788623842413499,0.17830487975941633,0.11990599707873763,0.01750359373402405,0.00010721272482760557
Healthy,preprocess_Reading7.dat,0.6282862486475423,0.2144437789430156,0.14964495081006354,0.007624451142702458,5.70456676125449e-07,0.03150650689257298,0.3089521345532048,0.26583270770371586,0.2268247859791093,0.1525850333881703,0.014168107892423398,0.00013072359080327356
Healthy,preprocess_Reading70.dat,0.7309038395428732,0.15359846705991562,0.10753098110446853,0.007966021223402283,6.910693400461501e-07,0.051742140488301634,0.422342586385769,0.24430015280362538,0.16253424736976665,0.10387644565497614,0.015092787053284467,0.00011164024427683717
Healthy,preprocess_Reading71.dat,0.6791930157059815,0.18225369865183874,0.12993287177552337,0.008619517978383113,8.958882730538236e-07,0.04734515498206671,0.35767323190406397,0.26583994335781463,0.1848114407331903,0.12626673697980656,0.017951711371589463,0.00011178067146823521
Healthy,preprocess_Reading72.dat,0.7119426590603959,0.16184087515352946,0.1181321452162365,0.008083553297496526,7.672723416076575e-07,0.04641580317656278,0.39661433421536474,0.2603506508887426,0.16781420625409812,0.1111338079857238,0.017543729886170204,0.00012746759333797622
Healthy,preprocess_Reading73.dat,0.7212387168424642,0.15177421977540745,0.11954768586311514,0.007438594247786912,7.83271226465697e-07,0.04844276024055699,0.40242572813964006,0.2650664867379176,0.15562764965620282,0.11271678979871962,0.015622596158312633,9.798926865009525e-05
Healthy,preprocess_Reading74.dat,0.7055584486635335,0.17022940685073992,0.11575816112387746,0.008453225519585626,7.578422633449559e-07,0.0431167208853978,0.3686537766395186,0.28372652482984173,0.17406257454524512,0.11281088489478738,0.01752135706553809,0.00010816113967119893
Healthy,preprocess_Reading75.dat,0.7278687848913624,0.14124359938071215,0.12273236944772416,0.00815443066006267,8.156201385893754e-07,0.044833089603376175,0.40298137696571107,0.2720955705615685,0.14818926200991925,0.11363295168743222,0.01816200681656018,0.00010574235543240836
Healthy,preprocess_Reading76.dat,0.5261494788213489,0.24335665550780403,0.22082419264500816,0.009669142372321646,5.306535170951747e-07,0.04537203652626529,0.30172271747656193,0.17618426448128194,0.22775386818687787,0.20751224979826424,0.04127305158548863,0.00018181194526007723
Healthy,preprocess_Reading77.dat,0.5530118640728785,0.25607865662605284,0.18241030849046275,0.008498543545781634,6.272648241208058e-07,0.04330594640614085,0.2870913349397488,0.2038614445448224,0.2509339479801071,0.18730557161697323,0.02734991344923645,0.00015184106297128988
Healthy,preprocess_Reading78.dat,0.6374548680651192,0.19768754745769726,0.1567329133348973,0.008124095204758937,5.759375274435953e-07,0.05258042428359031,0.38326217168783044,0.19047878626929915,0.19412612381159405,0.15892131085481093,0.020499099043170477,0.00013208404970467766
Healthy,preprocess_Reading79.dat,0.6542936026015831,0.1939248292278608,0.14540532509915602,0.006375672316148859,5.70755251327653e-07,0.05051191687915313,0.3666625643051262,0.21881199519171585,0.1961409239646292,0.14979107491590138,0.01794089776298399,0.00014062698049025827
Healthy,preprocess_Reading8.dat,0.5980610814612027,0.24100081234516352,0.15366340982380022,0.007274044844053287,6.515257802047042e-07,0.02899387576566379,0.2763793854341858,0.2726224646296172,0.2524924096374708,0.15567809396637142,0.013680261483450768,0.00015350908324024762
Healthy,preprocess_Reading80.dat,0.6426676281725058,0.2095167703396274,0.14112720672223192,0.006687757582527566,6.371831073628161e-07,0.04649532901305574,0.3588042831872108,0.22996359028472949,0.20859943912527026,0.141120824887785,0.01489476141946339,0.00012177208248525352
Healthy,preprocess_Reading81.dat,0.6683475696714487,0.20341259410961168,0.12186629512700174,0.006372886636049971,6.54455887849309e-07,0.046592102936808995,0.359030487581429,0.24087839678277617,0.21703866743307487,0.12301931467540468,0.013314304091642833,0.00012672649886352503
Healthy,preprocess_Reading82.dat,0.6537446678005844,0.20275017007009263,0.13586890577253397,0.007635617754179902,6.386026088524217e-07,0.04329052821712632,0.3496871522628756,0.24022919472955245,0.21008369780340252,0.1411076298863191,0.01547223950625194,0.00012955759447216933
Healthy,preprocess_Reading83.dat,0.6374352428561112,0.22000800741783658,0.1355744335151338,0.006981618018273635,6.98192644822195e-07,0.033580507525901686,0.2884225449120642,0.2999025849739121,0.23089722269163201,0.13324126913426204,0.013820806144990901,0.00013506461723688607
Healthy,preprocess_Reading84.dat,0.6478948489708888,0.20995001677911365,0.13520857132906253,0.006945912841159608,6.500797754577238e-07,0.03294353734054537,0.3095613714004222,0.28280253212499334,0.23252070800331154,0.1294354429963335,0.012609358818489088,0.00012704931590470776
Healthy,preprocess_Reading85.dat,0.620569533922257,0.21695412808215198,0.1550462667646166,0.007429402768633199,6.684623410197897e-07,0.03891335230628011,0.3223788096173431,0.24833576594723397,0.22596759051317877,0.14991600784903084,0.014360918247053732,0.00012755551987951512
Healthy,preprocess_Reading86.dat,0.6635003306435618,0.20802120286538706,0.12136578242844195,0.00711201706852996,6.669940793198221e-07,0.03598576718913122,0.3237120518621685,0.28203265491719065,0.22415435845682688,0.1208565258068556,0.013134720530509058,0.00012392123731814377
Healthy,preprocess_Reading87.dat,0.6965625934826033,0.18344952621737573,0.11403867340725288,0.00594870165741069,5.052353574669116e-07,0.03858169272395686,0.384502566709746,0.25720607816770363,0.1977491120036356,0.11023538787783715,0.011615350398770232,0.00010981211835046662
Healthy,preprocess_Reading88.dat,0.6997057220660312,0.18142158441715278,0.11263304048555621,0.006239131626237261,5.214050226422472e-07,0.048148627683478155,0.38747240240889363,0.25175110036874754,0.19303244142484619,0.108471061457853,0.01102014479214561,0.00010422186403588444
Healthy,preprocess_Reading89.dat,0.6625820573104352,0.19554996401800062,0.13425602526520503,0.007611316969482027,6.364368773337625e-07,0.031367127944319534,0.33084848958517654,0.28362550536677394,0.21081094004357617,0.1291411988321321,0.014079288584688498,0.00012744964333323986
Healthy,preprocess_Reading9.dat,0.6404178832372794,0.21627159621123368,0.1362928879347625,0.007016958231589108,6.743851354207858e-07,0.038625694667234346,0.2925702125600534,0.29401987406378455,0.22888298279538816,0.1329327484547172,0.012842505654849453,0.00012598180397298362
Healthy,preprocess_Reading90.dat,0.6794864031317444,0.16376637441652933,0.1506498838291745,0.006096747619291867,5.910032597877861e-07,0.033877642650633324,0.3632641677189566,0.2655200542609791,0.1921113506936117,0.13238260814179797,0.012739314813706918,0.00010486172031458456
Healthy,preprocess_Reading91.dat,0.6822121740011,0.17294159231663583,0.13852014625749004,0.006325452366041901,6.350587324170094e-07,0.03995191846114218,0.38064285493227534,0.2539975461631878,0.18064867615999666,0.13101524987270696,0.013619170778949629,0.00012458363174156333
Healthy,preprocess_Reading92.dat,0.6518636365881747,0.2060478799713124,0.13543248141544695,0.006655333507353236,6.68517712898642e-07,0.0237277277460113,0.32504347019061486,0.2985605810899045,0.21116533061416226,0.12797728097454183,0.013400003988684966,0.00012560539608030022
Healthy,preprocess_Reading93.dat,0.7100684467407957,0.15768307477931784,0.1260239794194707,0.006223952527209146,5.465332065886632e-07,0.038710567139967345,0.3983804639885711,0.26439078848332753,0.1713517916621975,0.11515699321920604,0.011881092347874758,0.00012830315885598926
Healthy,preprocess_Reading94.dat,0.7040671458124613,0.16485340823254582,0.12446035633275293,0.006618457886495451,6.317357443773026e-07,0.04045643072429645,0.3866205407237926,0.26590938604138276,0.18043359211043772,0.11357919916381025,0.012878873684261563,0.00012197755201866164
Healthy,preprocess_Reading95.dat,0.7022128089735857,0.1636503182950663,0.12780199596453745,0.0063342894118062175,5.873550044434238e-07,0.04371898567462702,0.3770296856562406,0.2701317690859737,0.17968080337620662,0.11691254799001294,0.012417054876901746,0.00010915334003731962
Healthy,preprocess_Reading96.dat,0.7407380235435804,0.13558549978157566,0.11719243127783584,0.00648347768842792,5.677085800283499e-07,0.04370720818166711,0.4589757006016257,0.22646265887186,0.15555123918139563,0.10317127532753034,0.012034556089117063,9.736174680424468e-05
Healthy,preprocess_Reading97.dat,0.7025551928289955,0.16490358758574833,0.12661343645125825,0.005927211328589634,5.718054081149544e-07,0.03497490772177445,0.39301147134554204,0.2672218795398983,0.1802019932232141,0.1120950953765815,0.012359247414857328,0.00013540537813233703
Healthy,preprocess_Reading98.dat,0.6974388705472625,0.1583281885322793,0.13692203441199124,0.007310267408134328,6.391003327351243e-07,0.05319032796918095,0.40436586601809094,0.23039510242035438,0.17681750434736326,0.12187951069312705,0.013223877137565725,0.00012781141431765904
Healthy,preprocess_Reading99.dat,0.6815017998739361,0.18345419011279895,0.12770503341233808,0.00733843977959613,5.368213305936745e-07,0.051451520696652965,0.41789820199332595,0.20968673553272038,0.18865325772689273,0.11820500595914525,0.013950455830468276,0.00015482226079447623
Bearing,preprocess_Reading1.dat,0.7698236604176565,0.10685853436909266,0.12149238359639263,0.0018252513688946646,1.7024796339491291e-07,0.029768100815738278,0.38930389012920963,0.3310385428873918,0.11208448563320994,0.12121138419148099,0.016542798094886433,5.0798248083086684e-05
Bearing,preprocess_Reading10.dat,0.8338935292634898,0.09664830303872686,0.06781579053569256,0.00164200059759316,3.765644976975902e-07,0.061889297612247485,0.44173664148061126,0.31725674830995043,0.10462093980655336,0.06573134451103213,0.008724585301376098,4.044297822934268e-05
Bearing,preprocess_Reading100.dat,0.8315412218838171,0.10180026544206874,0.06467712607862873,0.001981019567827914,3.67027657586554e-07,0.07916691969544289,0.5369711818039176,0.20973651200157722,0.10481573109436149,0.05953007556787944,0.009735128670792109,4.4451166029012816e-05
Bearing,preprocess_Reading101.dat,0.8500799192092338,0.08637360491094996,0.06166424817304586,0.001881875742818064,3.5196395237959313e-07,0.08528279217240835,0.5665606282079173,0.18881882511558826,0.09216796380411969,0.058534947667121924,0.008598438880072081,3.6404152772340906e-05
Bearing,preprocess_Reading102.dat,0.8278156853440312,0.09770954608951728,0.07262395886057856,0.0018505076557831506,3.0205008983439446e-07,0.08312701216451077,0.5785982259292454,0.1622093111236331,0.09989298341259722,0.06566442242304253,0.01044519130321556,6.2853643755458e-05
Bearing,preprocess_Reading103.dat,0.8263832970576358,0.08917865209827217,0.08219121658973585,0.002246494690350638,3.3956400552709926e-07,0.0805923490842396,0.5889120587591946,0.14991484216282938,0.09618701437882898,0.07305729671584513,0.01128317571793599,5.326318112609614e-05
Bearing,preprocess_Reading104.dat,0.8181538845551002,0.09676765301409386,0.08259601180440294,0.002482061221051283,3.894053516183039e-07,0.07701710441556381,0.5902785660677559,0.14947019348637344,0.09801411742426422,0.07294098210109677,0.012228965560372524,5.007094457329628e-05
Bearing,preprocess_Reading105.dat,0.8356377982915656,0.08556312473606968,0.0767619834703672,0.002036804524624607,2.8897737300489144e-07,0.07660415396506497,0.5932733779976385,0.15785968664939468,0.09265741903260526,0.06815543738498564,0.011404622543096595,4.530242721419927e-05
Bearing,preprocess_Reading106.dat,0.8442374170267956,0.09204269020308478,0.0619655489835067,0.0017540715462161906,2.722403968326117e-07,0.07811408925708857,0.588892817344602,0.16707554259658533,0.09548222250596468,0.06104556885939904,0.009350168409684874,3.9591026675384606e-05
Bearing,preprocess_Reading107.dat,0.8434164796101727,0.0883855386326933,0.06644564751717975,0.0017520987027778887,2.3553717622319628e-07,0.08020474500152311,0.5747661519935824,0.17871830824916032,0.09635147375406566,0.060206821033618754,0.009710674412834186,4.182555521553564e-05
Bearing,preprocess_Reading108.dat,0.8438496993405873,0.08993540090346563,0.06459331213804134,0.0016213089358989626,2.786820066352189e-07,0.08954125637335195,0.5790154140475402,0.17147384697041468,0.0950899773901642,0.05588287754106307,0.008956157226819047,4.047045064691142e-05
Bearing,preprocess_Reading109.dat,0.8343074068779202,0.097197030531008,0.06687716924190813,0.0016181611821198883,2.3216704387225893e-07,0.07912515044130423,0.5753691707002406,0.1742988198110172,0.10025174913069829,0.061720668192251284,0.009197914090077069,3.6527634411309345e-05
Bearing,preprocess_Reading11.dat,0.8322395937250749,0.10118054595265583,0.06499297125030314,0.0015866265492759744,2.62522690364905e-07,0.05655131557631931,0.451845661352753,0.3036233310963023,0.11913532360847609,0.060231391984614975,0.008577227540222374,3.574884131176883e-05
Bearing,preprocess_Reading110.dat,0.8381331875026813,0.09019757182224528,0.06969473011858647,0.0019741445105000586,3.660459866288427e-07,0.09220958297126511,0.5864789270752377,0.15629251225345495,0.09211233789119604,0.06342003673538345,0.009441811422883873,4.479165057891433e-05
Bearing,preprocess_Reading111.dat,0.8380472371806309,0.09227991460465214,0.06787970962585838,0.0017928164017658157,3.2218709241193673e-07,0.07729231683171751,0.5982805044395311,0.15770017650961132,0.09414624604012135,0.06280857052831852,0.009730804437456388,4.138121324376613e-05
Bearing,preprocess_Reading112.dat,0.8418886289323977,0.08904157472631781,0.06704640266584459,0.0020230467265407964,3.469488992209072e-07,0.08923700282225673,0.5935731681059984,0.14594653595661158,0.09759493849450128,0.06406265155219684,0.009536095808581039,4.960725985422496e-05
Bearing,preprocess_Reading113.dat,0.852731066659591,0.07890976744114202,0.06638166211134738,0.0019771312137767936,3.725741425772955e-07,0.08372513647916235,0.6370063758858145,0.12287131486948645,0.08499970156470464,0.06157232286243461,0.009777636173687999,4.7512164709337154e-05
Bearing,preprocess_Reading114.dat,0.8290877373327218,0.08777120812993044,0.0809076431455355,0.002233062787951479,3.486038609366028e-07,0.08072828758032156,0.6109578147565214,0.12848692053860952,0.0927857132907456,0.07545710318853112,0.011504426033103452,7.973461216733128e-05
Bearing,preprocess_Reading115.dat,0.8251047675734107,0.09042129239194865,0.08221760929530382,0.002255926601219772,4.0413811719626824e-07,0.07330074550328881,0.6187850014571644,0.1326433453379184,0.09254972881656638,0.07117633332347285,0.011497105621711625,4.773993987760808e-05
Bearing,preprocess_Reading116.dat,0.8126645573308311,0.1004703450651245,0.08440754065198519,0.0024570724118662796,4.845401929128247e-07,0.07296016734291326,0.5898839314113766,0.14392919200527052,0.10246160495740117,0.07854608760172023,0.012158835403636006,6.018127768196152e-05
Bearing,preprocess_Reading117.dat,0.8382226782493459,0.08655282051493401,0.07300444899173626,0.0022196938549193927,3.583890646453139e-07,0.08341979458891025,0.6363279133077991,0.11721762810883374,0.08568986892782436,0.06691035191248665,0.01038371804361615,5.072511052977403e-05
Bearing,preprocess_Reading118.dat,0.8317568430856106,0.0934978588979115,0.07248545447017658,0.0022594649854300905,3.7856087122433615e-07,0.08168098171360952,0.6242045720710323,0.12712407332439962,0.09078805322638035,0.06611673900698926,0.010039901593787546,4.5679063801509493e-05
Bearing,preprocess_Reading119.dat,0.8281685716252096,0.09589389230445027,0.07385575757574789,0.0020813054892934338,4.7300529877576377e-07,0.0728489530203176,0.5818356648989139,0.165576013360096,0.09931774133832144,0.06869521088125322,0.011638094887834767,8.832161326301755e-05
Bearing,preprocess_Reading12.dat,0.8180878916310452,0.10039919285911185,0.07972891944986316,0.001783769523978378,2.2653600173334407e-07,0.05487692926432075,0.45577108023515644,0.29320639960204314,0.11597085263623415,0.07043681823109622,0.009695418794180614,4.250123696901076e-05
Bearing,preprocess_Reading120.dat,0.8417613800894476,0.08672286236578541,0.0693930905669035,0.00212233016496372,3.368128998139387e-07,0.07595694442400105,0.6209559851522565,0.14192401935988844,0.08673969352842835,0.06467340859436926,0.009704215190688367,4.573375036801385e-05
Bearing,preprocess_Reading121.dat,0.8305612683435503,0.09833590978559939,0.06848543147890478,0.00261704787192461,3.4252002113514717e-07,0.06570896295394937,0.6019355185446823,0.15860643880921843,0.09724515445104165,0.06685973840941356,0.009561262236706593,8.292459498799845e-05
Bearing,preprocess_Reading122.dat,0.8407243135095829,0.09284707503071818,0.06434941747471706,0.0020788655794976656,3.2840548425707486e-07,0.07995658510662783,0.6181101635631062,0.13822288594679227,0.09358410954897818,0.06135922919995208,0.008729890410401734,3.713622414138997e-05
Bearing,preprocess_Reading123.dat,0.8426109606594867,0.0825361481620274,0.07254417114195824,0.00230834904602382,3.709905039093723e-07,0.06667906128413406,0.614732759539075,0.15804290969632812,0.08271687359888968,0.06760844577432722,0.010152282260598604,6.766784664730396e-05
Bearing,preprocess_Reading124.dat,0.8521067630426037,0.08435830493119029,0.06140255279519662,0.0021320253360412114,3.5389496817765025e-07,0.0786717127554809,0.6472719755983246,0.12162174854044117,0.08569490793584304,0.057846240918590565,0.008851406412256185,4.200783906363702e-05
Bearing,preprocess_Reading125.dat,0.8638341370016879,0.08173926326591749,0.052562045904251425,0.0018640565845701117,4.97243573054767e-07,0.0789249092705293,0.6480647353496479,0.13579589705435113,0.07812562617902487,0.05114297916773439,0.007850324214473646,9.552876423867272e-05
Bearing,preprocess_Reading126.dat,0.8093164470481392,0.10045054835326046,0.08827823614883576,0.0019543715270167634,3.969227478584565e-07,0.07594365923992108,0.5714394753023315,0.1662938328928596,0.09641040320813331,0.08032289170895619,0.009550126501144585,3.96111466535826e-05
Bearing,preprocess_Reading127.dat,0.844828621633253,0.07489346949898484,0.07810609463867935,0.0021714714233898136,3.42805692815826e-07,0.0807056720930265,0.615764549160949,0.1430244812514004,0.07647430687580714,0.07385067035496687,0.010139628531056755,4.0691732793474915e-05
Bearing,preprocess_Reading128.dat,0.8468436825745279,0.082011581438757,0.06944744273188658,0.001696819749367876,4.73505460591621e-07,0.09777333304032138,0.6147476677341491,0.1363341939217929,0.08013299542268104,0.062412484018207856,0.008562214432361959,3.7111430485775625e-05
Bearing,preprocess_Reading129.dat,0.8254993551457303,0.09815695556891219,0.07434874677522714,0.0019946496639170305,2.928462135573035e-07,0.07630316722190536,0.6291812378372692,0.11632399012561814,0.09985934837803226,0.06922205723183252,0.009073623083188253,3.657612215444498e-05
Bearing,preprocess_Reading13.dat,0.8284262597891153,0.0962421979631427,0.07350611738921214,0.0018251090818931245,3.15776636641301e-07,0.06518491653479482,0.49654490914406274,0.252371437897645,0.10814389709770812,0.0685241395176701,0.009194547030980797,3.6152777138412496e-05
Bearing,preprocess_Reading130.dat,0.8342910025197817,0.08919278322051225,0.07434416983914376,0.002171714970343008,3.294502192990643e-07,0.07272621457304217,0.6286671417668733,0.13127049796885085,0.08687175277217636,0.06978389967645766,0.010618782988344021,6.171025425576169e-05
Bearing,preprocess_Reading131.dat,0.8472427205555825,0.08402763593273524,0.06700899504434779,0.0017203001029467214,3.483643878308653e-07,0.0829670085232165,0.6402013630083642,0.121051397577616,0.0865971402010528,0.06136989452640726,0.0077807239375369125,3.24722258064752e-05
Bearing,preprocess_Reading132.dat,0.8278719328942544,0.08216281750864811,0.08780819648463553,0.0021566076163309035,4.4549613115845086e-07,0.07642411250625854,0.6045442937672721,0.14710938299875026,0.0842351318489792,0.07702970972550728,0.010588725957498006,6.86431957346905e-05
Bearing,preprocess_Reading133.dat,0.8316178019200887,0.08844449780113972,0.07788727960370408,0.0020501095657234417,3.1110934422591013e-07,0.08148737057270655,0.6085651727375646,0.1331434999156552,0.09359713086319285,0.07344010093396527,0.00972644521257064,4.0279764345022827e-05
Bearing,preprocess_Reading134.dat,0.8102260563616691,0.10034608041547043,0.0873812956324377,0.0020462876903875535,2.7990003510395686e-07,0.088985765373192,0.5966243541559387,0.12711318388481324,0.09382746060523071,0.08353651139141409,0.009874905166971362,3.7819422440000086e-05
Bearing,preprocess_Reading135.dat,0.8261549227954559,0.09338481235908826,0.07874577421379796,0.001714206976787225,2.836548705499763e-07,0.09547965215786904,0.5931771434303089,0.13428290213637822,0.09457046878052988,0.07305141134233513,0.009394588447492257,4.383370508653122e-05
Bearing,preprocess_Reading136.dat,0.7900039858994629,0.11068215209879308,0.09693947456132211,0.0023737254229628997,6.62017459209643e-07,0.07620359549372832,0.5513227163009681,0.15854127540324348,0.11127187869477445,0.09089788470218163,0.0117163887998506,4.626060525341128e-05
Bearing,preprocess_Reading137.dat,0.8550123770088671,0.07484724900867311,0.06851510464474626,0.0016249807205565969,2.886171569467007e-07,0.08667012325717373,0.6418080096451203,0.1257477201060285,0.0768022704986498,0.060822290905346195,0.00811684965743991,3.273593024191788e-05
Bearing,preprocess_Reading138.dat,0.8651942285499761,0.06894446495296544,0.06425154545210437,0.0016094858791397021,2.751658146619547e-07,0.10272308724807386,0.6571983862295218,0.10585058243244379,0.06984167165744568,0.057690812287683135,0.006666728912824147,2.8731232007686087e-05
Bearing,preprocess_Reading139.dat,0.8145553413841478,0.08860154351344163,0.09514599596077473,0.001696810166794324,3.089748417592663e-07,0.08705509193582871,0.5904223552688844,0.13690399110361162,0.09105192374462634,0.08489091415582516,0.009628007694747693,4.7716096475971155e-05
Bearing,preprocess_Reading14.dat,0.8454134365406673,0.08765940094086533,0.06499073403301776,0.0019361819176225586,2.465678269397285e-07,0.09653663349440927,0.4915340814202291,0.25097627563631963,0.09536605347023482,0.056916426548332184,0.008635197585742134,3.533184473281668e-05
Bearing,preprocess_Reading140.dat,0.8115499686311763,0.09070182504080566,0.09552104002256794,0.0022268418325899117,3.244728602697197e-07,0.07425595608876154,0.582608081084884,0.155320230092798,0.0915794651454943,0.08450577819282563,0.011649947306327438,8.054208890899196e-05
Bearing,preprocess_Reading141.dat,0.7924396170319858,0.09761122624770728,0.10788569102250249,0.0020631518805481544,3.138172560878022e-07,0.06959943717042599,0.5824181766344283,0.14217716148600937,0.09878095747278678,0.09534757589171805,0.011621910461391603,5.478088323983987e-05
Bearing,preprocess_Reading142.dat,0.8302388890671384,0.08589880452238238,0.08160929745124304,0.002252726346183326,2.8261305296538793e-07,0.08894695812418323,0.5876022601400898,0.15007937280013026,0.09061951579802381,0.07232908615435615,0.010374212216633014,4.8594766583810504e-05
Bearing,preprocess_Reading143.dat,0.8147678280922772,0.09637465126547089,0.08674336731481541,0.002113805091728814,3.482357076750231e-07,0.08798654079422707,0.5778078532758357,0.14706059923863182,0.09465207907797234,0.08179843610508235,0.010652718690126285,4.1772818124499434e-05
Bearing,preprocess_Reading144.dat,0.8061816319413508,0.09580332286977881,0.09565643455854514,0.0023579741585886566,6.364717367642756e-07,0.0674724957171684,0.568796872845625,0.16067962283099105,0.10328350264309341,0.08832296499160482,0.011399459239014925,4.508173250265615e-05
Bearing,preprocess_Reading145.dat,0.7971751055424886,0.09239279127209037,0.10799809200403354,0.002433685066941162,3.261144466098597e-07,0.07573969114366678,0.5727112042905897,0.14059598645166643,0.10168965566502343,0.09497309346574652,0.014239369681398778,5.099930190832989e-05
Bearing,preprocess_Reading146.dat,0.7968386683006604,0.09282663580653551,0.10772764969856892,0.0026067230359265387,3.231583088013772e-07,0.0787446330052327,0.583742123260646,0.13731036570357782,0.09241179479888019,0.09431279865907975,0.013371595392834645,0.00010668917974883746
Bearing,preprocess_Reading147.dat,0.8009727013447782,0.09447578500205903,0.1022315717394788,0.0023195607791913174,3.8113449283472266e-07,0.06328142285670815,0.6014187851952333,0.13420758528661958,0.0966765481723914,0.09105321433133397,0.013310344840520589,5.209931719289768e-05
Bearing,preprocess_Reading148.dat,0.7949627201129258,0.0993175642555663,0.1033616193567609,0.0023576359288249053,4.603459222614934e-07,0.06748872536713119,0.5548322936575122,0.1729641087576031,0.09802611672522252,0.0938922158037076,0.012701816422124168,9.472326669929864e-05
Bearing,preprocess_Reading149.dat,0.784697118062733,0.10199392374331495,0.1108389900727508,0.002469638532242793,3.2958895824263614e-07,0.06632045999073519,0.5578638512873347,0.16272109171327176,0.10092524184353738,0.0988388142716357,0.013282476238551675,4.806465493352822e-05
Bearing,preprocess_Reading15.dat,0.7844384110720313,0.11866819787981339,0.09409364015406545,0.0027993366465696654,4.142475199750953e-07,0.06888583620119632,0.49990460622847205,0.21364752188277034,0.11934571173772755,0.08598808935362083,0.012175556819942809,5.267777627013896e-05
Bearing,preprocess_Reading150.dat,0.7475259323415979,0.129850939455823,0.11974406824213564,0.002878667920643159,3.920398004307079e-07,0.08008866657491802,0.5390601673928075,0.1369461254607862,0.12058556359794302,0.10801973855818753,0.015233067876329519,6.66705390281595e-05
Bearing,preprocess_Reading151.dat,0.7377592819684036,0.11799716437710829,0.1424230802337171,0.0018202344584174262,2.389623538394881e-07,0.023951216190623303,0.32208198160606405,0.37204193332965185,0.12507569365807494,0.13726113620900302,0.019527633815708635,6.040519087429224e-05
Bearing,preprocess_Reading152.dat,0.7772548064043189,0.10595424888937287,0.11493673308839432,0.0018539217222420675,2.8989567166882403e-07,0.028017119038665425,0.34874548131727606,0.3853078404577715,0.1165394505187785,0.1058936642018942,0.01543891283851749,5.7531627096706284e-05
Bearing,preprocess_Reading153.dat,0.7900892127388341,0.10432992143175901,0.10356889160824735,0.002011725873496986,2.483476625275892e-07,0.03336762268109599,0.3410174508296291,0.39547907663274406,0.11855884436622358,0.09816104290044234,0.013362663370045576,5.329921981935276e-05
Bearing,preprocess_Reading154.dat,0.7119066969436182,0.14194661539898376,0.14327526186098857,0.002870998892417128,4.2690399235370944e-07,0.03616107828004121,0.3431818785899012,0.323943675224212,0.1416915684860999,0.13646714719705938,0.018480298810361624,7.435341232468482e-05
Bearing,preprocess_Reading155.dat,0.7178964062077763,0.14094926326936563,0.1386888007347524,0.0024651559747914244,3.738133143566574e-07,0.026789949659883912,0.33489998853300756,0.342908946530753,0.1476083014583979,0.129829636990809,0.017897233192093527,6.59436350551164e-05
Bearing,preprocess_Reading156.dat,0.798692002821992,0.10484721952546747,0.09467533657001015,0.0017851838340160544,2.572485143669146e-07,0.041010291344793726,0.34373679395790097,0.3962604274715286,0.11245429756515885,0.09563790260680034,0.010858633724904164,4.16533289133554e-05
Bearing,preprocess_Reading157.dat,0.8046284096528036,0.10149523737567157,0.09213444054123632,0.0017415833381686327,3.2909211977716904e-07,0.042986085513349405,0.3744132374362272,0.3721514290169317,0.11712815687438408,0.08360739104796047,0.009665398054400873,4.8302056746340055e-05
Bearing,preprocess_Reading158.dat,0.7991978705790722,0.10283498652894218,0.09603412397369702,0.0019327171529814153,3.0176530726100934e-07,0.04008685424524411,0.3689716710602632,0.3699148712870044,0.12169474693175378,0.08815006789195028,0.01113940586855995,4.238271522422101e-05
Bearing,preprocess_Reading159.dat,0.8170437117013922,0.10162390117327529,0.07953658785583839,0.001795561435481523,2.3783401248569963e-07,0.04331762663508482,0.4156908078363015,0.3342317414345117,0.12212691589715917,0.07409623747131368,0.010493738621998119,4.2932103631005376e-05
Bearing,preprocess_Reading16.dat,0.7700526475472033,0.12199418885692441,0.10499930921701545,0.0029534877937693565,3.6658508753884877e-07,0.07198811418399932,0.506452561840863,0.18164046321471372,0.12887566943043505,0.09559680604814123,0.0153859992778215,6.038600402615614e-05
Bearing,preprocess_Reading160.dat,0.8113710587894483,0.09870271384985121,0.08778730654781283,0.0021386423073295633,2.785055582896332e-07,0.039669307972135116,0.3875449152133273,0.36119960778572396,0.11572582429580741,0.08526550523549073,0.01055368214656006,4.1157350955367204e-05
Bearing,preprocess_Reading161.dat,0.8216468448972025,0.09143848093638961,0.0848527156546515,0.0020616667846799406,2.917270765731866e-07,0.05505792729905861,0.45717724958396216,0.29106969056220566,0.10769561534048902,0.0787076871887722,0.010230122766442647,6.170725906975822e-05
Bearing,preprocess_Reading162.dat,0.8180244383092181,0.09840629755385082,0.08196626700125553,0.0016027711945029092,2.259411726523433e-07,0.04738516449896582,0.4151246921007721,0.33885651394238625,0.10952276953537397,0.07984740950522386,0.009193097979137583,7.035243814051139e-05
Bearing,preprocess_Reading163.dat,0.8035430553533545,0.11342746948176496,0.08098757133986706,0.0020413997996543733,5.04025359125752e-07,0.054659339219829406,0.45985319367889205,0.27747179591565124,0.11829752316238767,0.0789467432966105,0.010690710840986044,8.06938856430193e-05
Bearing,preprocess_Reading164.dat,0.7533758162305988,0.13840998457356843,0.10565954238990037,0.002554223254011259,4.3355192117698573e-07,0.04672188456555652,0.42052223614240614,0.27933350173141047,0.14328637700443472,0.0971005181497348,0.012971206655815368,6.427575064176548e-05
Bearing,preprocess_Reading165.dat,0.800090425438678,0.10770311221613173,0.09007393064541724,0.002132161716558071,3.699832151371518e-07,0.06038041358772526,0.46513443983438624,0.2632189629875127,0.11851587146667351,0.08152995395040387,0.011171343511957152,4.901466134124719e-05
Bearing,preprocess_Reading166.dat,0.7849771101376379,0.11181498354036408,0.10096693636693327,0.002240424275530081,5.456795346576523e-07,0.06151298904180704,0.4623850329557442,0.26239249763833267,0.11421301584925897,0.08704214251563264,0.01239982458265163,5.449741657262345e-05
Bearing,preprocess_Reading167.dat,0.7694826055578229,0.12207834905676286,0.10605702729148096,0.0023816184063192402,3.996876140283524e-07,0.07271455281462605,0.5082003501068553,0.18460783183327717,0.12371308484904384,0.09724412392835625,0.013452586677981573,6.746978985990437e-05
Bearing,preprocess_Reading168.dat,0.7745970176393647,0.12433142458433884,0.09850240828586954,0.0025686876526063553,4.618378204065262e-07,0.0651718058289365,0.49886253597739155,0.20253062673554545,0.12645275018430688,0.0922693719378402,0.01464812194853147,6.478738744793642e-05
Bearing,preprocess_Reading169.dat,0.8196720622860104,0.10255744661918148,0.07562956752769914,0.002140577197030062,3.463700788254841e-07,0.06493571001266446,0.5302745080612641,0.21455847946672138,0.10488964613956306,0.07387501053954695,0.011420281992836716,4.6363787403397655e-05
Bearing,preprocess_Reading17.dat,0.8174651790703327,0.09948062355135687,0.08094454751584994,0.002109264771688584,3.8509077168830496e-07,0.07120417493271827,0.5330901758265593,0.2048013487344579,0.10625316186565054,0.07277378794188305,0.011825243954073061,5.2106744657914763e-05
Bearing,preprocess_Reading170.dat,0.8217770790676411,0.10091105359064896,0.07524501938378844,0.0020663942198212693,4.5373809995905636e-07,0.06753887184100074,0.5266366858525516,0.21343637870987042,0.11305348578678098,0.06921947323510214,0.010070301297549992,4.4803277144097905e-05
Bearing,preprocess_Reading171.dat,0.8534872812447561,0.07637741473295463,0.06841444859946018,0.001720543467880847,3.1195494817326375e-07,0.07732708933874466,0.5651055043436386,0.19918132101007321,0.08665374158269905,0.06267238314094441,0.009021940013752474,3.802057014754787e-05
Bearing,preprocess_Reading172.dat,0.8227708744418238,0.09772176011605269,0.07703176258841621,0.002475215343792024,3.875099156068247e-07,0.07292415289484308,0.5515922368839634,0.18750416270251144,0.1042649900708822,0.07227512625182302,0.011381877144413353,5.745405156335777e-05
Bearing,preprocess_Reading173.dat,0.7953313591351755,0.11425227321081402,0.08772447451048473,0.0026912807879846306,6.123555409859912e-07,0.05668400316292289,0.46815675426597625,0.26468074245352974,0.11815633452836573,0.0799165483603246,0.0123536219218361,5.1995307044585144e-05
Bearing,preprocess_Reading174.dat,0.8205842763023362,0.09484834339328273,0.08242571351552011,0.0021413270891610728,3.396996998754018e-07,0.0751393462485781,0.552212363486413,0.19203503726360524,0.09636046749248098,0.07274323066660922,0.011454545249853157,5.500959246019829e-05
Bearing,preprocess_Reading175.dat,0.8174980381554283,0.10305632137200496,0.07734741606144463,0.0020979007182618894,3.236928600881624e-07,0.06840659357157863,0.5287078205673067,0.2174101016267648,0.10511761124805057,0.07004786508501216,0.010268282425311654,4.172547597548062e-05
Bearing,preprocess_Reading176.dat,0.8296743455282412,0.0983639165971677,0.0700101865301124,0.0019512636037235093,2.877407551803846e-07,0.07171457649532526,0.535357998165315,0.21925097955558756,0.10152147158754396,0.0631564798071748,0.00893993477662288,5.8559612430499054e-05
Bearing,preprocess_Reading177.dat,0.8380919379599863,0.0914368866082948,0.06864928315353902,0.00182168956508811,2.027130919262128e-07,0.07816222995597007,0.5848885559737305,0.1659891349970105,0.09835847067993479,0.0626733421498977,0.009890266024056515,3.8000219399735124e-05
Bearing,preprocess_Reading178.dat,0.820146522968739,0.09877615201501072,0.07867941833108928,0.0023975936553294087,3.1302983162626055e-07,0.08199683870654778,0.5849259775102269,0.14440960400853495,0.1038519245675306,0.0726207887218831,0.012146869938556312,4.799654672047617e-05
Bearing,preprocess_Reading179.dat,0.820348763245675,0.09621873430685193,0.08109139083716442,0.002340722255319521,3.8935498921275543e-07,0.07652985874769509,0.5893508884341222,0.14538820885227705,0.104255402718164,0.0728167574542317,0.011608276006449874,5.060778706009904e-05
Bearing,preprocess_Reading18.dat,0.8398020557427495,0.08884417534498608,0.06961880470571302,0.0017345987183515223,3.6548819968081883e-07,0.07074025145431312,0.5312400086523695,0.2305713917147474,0.09595675135343935,0.062305073515894684,0.009100509104423239,8.60142048127132e-05
Bearing,preprocess_Reading180.dat,0.8093273461892696,0.10495892240756846,0.08318275604915097,0.002530576668960513,3.986850502175596e-07,0.07605313465943207,0.5840877874284339,0.14214458103030128,0.10892981510025299,0.07615103140177866,0.012578827089344193,5.4823290456968834e-05
Bearing,preprocess_Reading181.dat,0.8269010144413296,0.09251910299751535,0.07827779284144247,0.0023016630916872114,4.266280255679152e-07,0.07570586431025074,0.5776876996885675,0.16832143142600942,0.09442357574940713,0.0723705936266075,0.011439837206730096,5.099799242754788e-05
Bearing,preprocess_Reading182.dat,0.803870948163477,0.1086442712774963,0.08498358560892397,0.002500693321377405,5.016287250588213e-07,0.06764640333348407,0.5607948453065673,0.16484004928841187,0.11433476093658979,0.08004673515176076,0.012288904467180348,4.830151600588661e-05
Bearing,preprocess_Reading183.dat,0.8165439413390836,0.1044166775537109,0.07645080883375406,0.002588244433083319,3.278403681069024e-07,0.07615173386802607,0.5633185320506074,0.16717317682073293,0.11193978701655899,0.07048503640877236,0.010885829390843718,4.5904444458573115e-05
Bearing,preprocess_Reading184.dat,0.8106444170313356,0.10202208653913275,0.08482386605514151,0.002509154519992073,4.7585439802911907e-07,0.08842863460870176,0.5689137702587421,0.15473331863876785,0.10211212160598955,0.07434608388807033,0.01141513094161204,5.0940058116339544e-05
Bearing,preprocess_Reading185.dat,0.8184053378984889,0.10326907617998098,0.0758290348979762,0.0024961360170437804,4.150065103465937e-07,0.08092664370110333,0.5661131131940038,0.1607102619324291,0.10880677691451725,0.07160319646523645,0.011790901508517096,4.9106284192926984e-05
Bearing,preprocess_Reading186.dat,0.8350268696365338,0.0950016946401204,0.06762884437560855,0.002342050206465096,5.411412723540562e-07,0.07707964777312903,0.5902831054497746,0.158091685769041,0.10018829880961358,0.0630758541186658,0.011219873187857695,6.153489191829604e-05
Bearing,preprocess_Reading187.dat,0.8362374373433468,0.09366244797400236,0.06783590353779705,0.002263583341474554,6.278033792446653e-07,0.07229796658174652,0.595996001971507,0.15922114703443752,0.09774361979330701,0.06486934165165362,0.009828786239188755,4.3136728159745237e-05
Bearing,preprocess_Reading188.dat,0.8122217976414964,0.10656386723134206,0.07875688554359918,0.0024568733854833484,5.761980793128247e-07,0.07111231457014427,0.5491000647819844,0.181683448114763,0.10929106967944567,0.07703138557716846,0.011732201584035316,4.951569245894766e-05
Bearing,preprocess_Reading189.dat,0.8206536656520512,0.10572996419048455,0.07148181037229591,0.002133701206553084,8.585786152736445e-07,0.06941983141011059,0.5827682438192155,0.16261397749331616,0.10509449173627083,0.06892831584627954,0.01111728872785528,5.785096695209154e-05
Bearing,preprocess_Reading19.dat,0.8072073423491242,0.10188611497645628,0.08802868237720166,0.0028775108322291157,3.494649887809945e-07,0.06873660233617257,0.524892739645077,0.20533083177241945,0.10829323286704368,0.08007377826225438,0.012617929969230965,5.488514780199099e-05
Bearing,preprocess_Reading190.dat,0.7784378652516118,0.12064637259659539,0.09809033282439573,0.0028247970837307203,6.322436664817931e-07,0.06057960692653397,0.5550028686449773,0.1567696525193227,0.1251438894385709,0.08865626440217289,0.013733548710316347,0.0001141693581058798
Bearing,preprocess_Reading191.dat,0.7995590676895727,0.1076729036277046,0.08996486951524159,0.002802676488663604,4.826788173019215e-07,0.07047639560684808,0.5443916469433523,0.17989530112582025,0.10917575206561733,0.0834883405044113,0.012509030358594415,6.353339535627557e-05
Bearing,preprocess_Reading192.dat,0.7848506153425727,0.11666695764463536,0.09530580851602002,0.0031761006027534347,5.178940187569675e-07,0.05921765143324053,0.5517847856076422,0.1682497124088047,0.11637167218534637,0.09042231001789323,0.01389325495536608,6.0613391706974735e-05
Bearing,preprocess_Reading193.dat,0.8019279135853227,0.1045812331797971,0.09087855616144049,0.002611852521185245,4.445522542895051e-07,0.06273071107692513,0.5610713779011632,0.17462487956335543,0.10968162880834388,0.0806586523464158,0.01118439581448086,4.835448931570405e-05
Bearing,preprocess_Reading194.dat,0.7757626961000641,0.12282279832525068,0.09847630777256966,0.0029376852884292976,5.125136864834084e-07,0.06680526025804266,0.5308812994759923,0.17071722014043858,0.1274665589344123,0.09065182243809283,0.013425184984190887,5.265376883047651e-05
Bearing,preprocess_Reading195.dat,0.7652251858513607,0.11958039362426147,0.11217763827944167,0.0030162878049508845,4.944399851730944e-07,0.067629500068108,0.511839068226104,0.1845764569781945,0.12167167584444237,0.09913186544228439,0.015089076860219331,6.235658064731396e-05
Bearing,preprocess_Reading196.dat,0.7744370195723718,0.12642135261848175,0.09653508116004964,0.002606152876836087,3.937722609031779e-07,0.05919152644522484,0.5005063184008831,0.20618327688340546,0.12971456399279366,0.09176204501171138,0.01259272408965119,4.9545176330483276e-05
Bearing,preprocess_Reading197.dat,0.8057959493229568,0.10715575665353215,0.0844703649274165,0.00257757348278348,3.556133111020204e-07,0.07738873752862337,0.5594958013009823,0.16181599908068,0.11009952886293688,0.07938815711911273,0.011727158195131515,8.461791253309521e-05
Bearing,preprocess_Reading198.dat,0.7718388186981678,0.122225829363596,0.10346444743654647,0.0024705189424870386,3.85559202708204e-07,0.056986616685066424,0.5354957324014666,0.17183211195727657,0.1272795911410863,0.09540187139511512,0.012949469463116958,5.4606956872047206e-05
Bearing,preprocess_Reading199.dat,0.795243799882019,0.10453147573460297,0.0975789665889636,0.002645346918211388,4.108762029666195e-07,0.0593212696394469,0.5486137565745483,0.18798434769954864,0.10555341563417583,0.08692852971307873,0.011535820432158022,6.286030704367074e-05
Bearing,preprocess_Reading2.dat,0.802778119286231,0.10224676064441689,0.09326363307617444,0.0017112561433680414,2.3084980993789213e-07,0.03060891533705277,0.35542038762154765,0.4012108114135152,0.11125685128847244,0.09036006631510711,0.01110270264421701,4.026538008780579e-05
Bearing,preprocess_Reading20.dat,0.8294141524832025,0.09744113029827109,0.07107696218114215,0.0020671303797807354,6.246576034923667e-07,0.07823753986562325,0.534190866050612,0.20599077518986053,0.10451890067396435,0.06729941340821437,0.009720486360419365,4.201845130616763e-05
Bearing,preprocess_Reading200.dat,0.7944683236589656,0.1150032611199002,0.08766264623630711,0.0028651120166284165,6.569681985434254e-07,0.06268206427092667,0.5619231511338685,0.17123932158266097,0.11067933985185281,0.08209180825401877,0.01133394870752561,5.036619914686532e-05
Bearing,preprocess_Reading201.dat,0.7948758789049701,0.1065827138615102,0.0957103390197913,0.002830622033641563,4.4618008672541245e-07,0.06512655384222918,0.564101447516338,0.1590640326209787,0.11233576422517727,0.087584442111543,0.011712682837533487,7.507684620058947e-05
Bearing,preprocess_Reading202.dat,0.7975603526245038,0.10930915477247877,0.09052040758439445,0.002609701217723168,3.8380090011786015e-07,0.067080451531568,0.5614583423483482,0.1685408738174361,0.10843132597205674,0.0836887052152593,0.010752800645053509,4.750047027825122e-05
Bearing,preprocess_Reading203.dat,0.8344806616752841,0.09250777821762313,0.0708273387949022,0.0021839197220346928,3.0159015581451903e-07,0.08008279073565285,0.6032492630985955,0.14553586599457832,0.09578078728553625,0.06603624935389814,0.009267717821676649,4.732571006225464e-05
Bearing,preprocess_Reading204.dat,0.8005359770346417,0.10566028287966471,0.09162619142311411,0.002177206225636124,3.4243694331206723e-07,0.06672733609344732,0.5927543187521938,0.13565869775797096,0.1114632185379914,0.08269728093588362,0.010624356988858785,7.479093365426396e-05
Bearing,preprocess_Reading205.dat,0.8054105502115879,0.09574711435953422,0.09600917536582919,0.0028327778079683236,3.822550803993598e-07,0.06649757306969997,0.5598756413301753,0.17379146573052376,0.10309029636618328,0.08449566377213995,0.012200716646240978,4.8643085036667346e-05
Bearing,preprocess_Reading206.dat,0.803459020082208,0.10337987194851422,0.09045768568217327,0.00270301780770822,4.044793962604145e-07,0.07035293583674117,0.5691855213161953,0.1621151718093193,0.10198029245461368,0.0846067472753661,0.011709631662391588,4.96996453730125e-05
Bearing,preprocess_Reading207.dat,0.8115387409048349,0.09974220678781134,0.08649827196733262,0.002220291448469085,4.888915521878168e-07,0.07027080917493544,0.5821165468262518,0.15247018041631796,0.10511339971173085,0.08023818837179343,0.009696830314493273,9.404518447715228e-05
Bearing,preprocess_Reading208.dat,0.8191853025018152,0.08618274476712877,0.09261377590225074,0.002017775394813473,4.0143399181971056e-07,0.06590788699530259,0.583597343473101,0.16207838619367074,0.09232437526536996,0.08362262669034284,0.012409616254215454,5.9765127997289425e-05
Bearing,preprocess_Reading209.dat,0.8050080949322662,0.10037123913719927,0.0924891766367021,0.0021311359948417313,3.532989907452802e-07,0.07673533702005587,0.5704510736037031,0.15490578444922326,0.10463666483082869,0.08211769293364196,0.011105020762562262,4.842639998501726e-05
Bearing,preprocess_Reading21.dat,0.8204869659489706,0.0972728516840404,0.07983082483697146,0.0024090493219887476,3.082080285182288e-07,0.06733626253348111,0.5304394224423387,0.21956357313892585,0.09828359399509128,0.07340132107288284,0.010932190686476858,4.3636130803317166e-05
Bearing,preprocess_Reading210.dat,0.803048221365371,0.10469237133691833,0.0900716602829573,0.0021874279075822776,3.191071712442498e-07,0.07308339534829392,0.5714739234811366,0.16065714891692626,0.10379505748233966,0.08022851492058908,0.010714654556852787,4.730529386182499e-05
Bearing,preprocess_Reading211.dat,0.7899680419418994,0.10662276213141642,0.1011283257607308,0.0022805545698216245,3.1559613189024877e-07,0.07009617709556167,0.5509450186357536,0.16502520224155792,0.10841273349021004,0.0926701679936587,0.012788644118737858,6.205642452031154e-05
Bearing,preprocess_Reading212.dat,0.759579145841941,0.11684597678077373,0.12108740715495651,0.0024868295477962874,6.406745323206036e-07,0.05302142783593675,0.531580820934933,0.16768744303042357,0.12151313015018313,0.11207226013193634,0.01407270494385329,5.221297273388056e-05
Bearing,preprocess_Reading213.dat,0.7743589200902413,0.1142371090935919,0.10873055397024874,0.002673058163992083,3.5868192607339634e-07,0.06075897382406092,0.5308327697988448,0.18239705680481144,0.11306306526753886,0.09836106392082981,0.014531984935363784,5.508544855052106e-05
Bearing,preprocess_Reading214.dat,0.8070117012464956,0.10171106146002551,0.08878633491133688,0.0024905050314807642,3.9735066124620475e-07,0.07223896185339755,0.5864989517149328,0.14772821329075495,0.10067599178788646,0.08287791365008378,0.009937983472990896,4.198422995342118e-05
Bearing,preprocess_Reading215.dat,0.7986170525923448,0.10071291652438605,0.0981583814002019,0.0025112978595625683,3.5162350474134296e-07,0.07109899355575952,0.5500073671008276,0.16859731108860349,0.10437166856570189,0.094344676640841,0.01153561438835164,4.4368659914772587e-05
Bearing,preprocess_Reading216.dat,0.7910575996890182,0.11173696709711427,0.09490060051749487,0.0023043986261439375,4.3407022855103024e-07,0.06257580783827837,0.5529292450638841,0.1741341681520372,0.11319244815397625,0.08589778298888412,0.011214553202031272,5.599460090850115e-05
Bearing,preprocess_Reading217.dat,0.7783728990009438,0.10951598288534188,0.10968462025407248,0.002426145973087846,3.518865541988674e-07,0.06789822025352002,0.5569431378711059,0.14669285512181726,0.11520522720146617,0.10069644546273479,0.012517363626068576,4.675046328716537e-05
Bearing,preprocess_Reading218.dat,0.7553178608670408,0.1285200200748145,0.11362583721573116,0.002535919291460378,3.6255095312485805e-07,0.05846782382244163,0.5110013568536743,0.18590150178661935,0.12970722626800973,0.10185501913896337,0.013002067905218347,6.500422507317648e-05
Bearing,preprocess_Reading219.dat,0.7862467536898107,0.11003604021879627,0.10132828444519723,0.0023885975291657864,3.24117029999618e-07,0.06585912269941871,0.5372409479324716,0.17883796676163824,0.10903932294740648,0.09735645640469522,0.011621355410983908,4.482784338605778e-05
Bearing,preprocess_Reading22.dat,0.8144071266280075,0.09768165992675043,0.0851358355697008,0.002775069537491746,3.083380493532947e-07,0.08008196460674236,0.5466995651101627,0.18515320846050035,0.10304846028159242,0.07354774669460169,0.01140149220858864,6.756263781194246e-05
Bearing,preprocess_Reading220.dat,0.7629774426951341,0.12079565686753153,0.11364017488983871,0.0025863603764207247,3.651710749508015e-07,0.062425194395756375,0.529606744343646,0.16875348125660555,0.12273763233319725,0.10366946409537914,0.012760351736630569,4.7131838785213744e-05
Bearing,preprocess_Reading221.dat,0.7719582362440631,0.1166065415201272,0.1090912768022624,0.0023436551166006007,2.9031694654967574e-07,0.06600373541862392,0.520026603020969,0.17748846575266053,0.12215920543195281,0.10260559919600101,0.011673333977827884,4.3057201964723745e-05
Bearing,preprocess_Reading222.dat,0.7535347636642002,0.13139986546593038,0.11234184239643416,0.002723156234582854,3.7223885226928074e-07,0.07902185120180094,0.5156862302223181,0.15910531251251683,0.12983275391614152,0.10250439146310321,0.01373120057487425,0.00011826010924525998
Bearing,preprocess_Reading223.dat,0.7635232733289703,0.10072539775706811,0.13321916595396674,0.0025317858079228965,3.7715207217728014e-07,0.0599267305358338,0.5196575049424181,0.18007656376952236,0.10558776370023575,0.11786521392249984,0.01682197431498712,6.424881450309354e-05
Bearing,preprocess_Reading224.dat,0.7669353314713148,0.11255083958366918,0.11780334623275045,0.002710145618629711,3.370936359597606e-07,0.05256652372454713,0.5352709911974856,0.17814881645722475,0.11391687140681883,0.1060175125516721,0.014025066215855402,5.421844639614167e-05
Bearing,preprocess_Reading225.dat,0.7644400421314939,0.1024435712213604,0.13019540925232675,0.0029206402569139757,3.371379050718683e-07,0.06558676906640576,0.543815799515091,0.15335483926527466,0.10624348415453204,0.11515389796629734,0.015788472517766612,5.6737514632783175e-05
Bearing,preprocess_Reading23.dat,0.8101656775334154,0.10062318187854694,0.08675877666058313,0.0024518453484364197,5.185790181313852e-07,0.0731488908623322,0.5411527969776728,0.1991119195698693,0.09659450938328562,0.07877401247202938,0.011165386881433875,5.2483853376856375e-05
Bearing,preprocess_Reading24.dat,0.8348511771448308,0.08922087829446024,0.07398500485637259,0.0019426541340739941,2.855702625515944e-07,0.07313794925589823,0.5537471855497589,0.19790903268301582,0.10107315315752753,0.06491217147627852,0.009176465995781995,4.404188173891429e-05
Bearing,preprocess_Reading25.dat,0.8469351072108341,0.08660458432583862,0.06461162491437862,0.0018483267420143846,3.56806934370673e-07,0.07223726263674173,0.5698051067448493,0.19776883275455742,0.09073617861249594,0.06075352451854219,0.008662471947827028,3.66227849865477e-05
Bearing,preprocess_Reading26.dat,0.8579909641196832,0.08285358803463055,0.05752706403300023,0.001628074379258328,3.094334273071571e-07,0.08000272696544417,0.582022046600112,0.18693916890563111,0.0882361332533016,0.05482370238754843,0.007942064949140995,3.415693882140209e-05
Bearing,preprocess_Reading27.dat,0.8322323321052418,0.09445117733903993,0.07098228103399251,0.002333396721039859,8.128006859679166e-07,0.07670812468925736,0.5439478650228569,0.20049532470920922,0.10120120682130207,0.0674611996175151,0.0101391553431546,4.7123796704882625e-05
Bearing,preprocess_Reading28.dat,0.8360888494900099,0.09584330572147755,0.06588231928629662,0.0021852832461169438,2.422560988415052e-07,0.08208664874224608,0.5795277517396134,0.17655110726630718,0.09261097815893742,0.059806877715990706,0.00936971913348463,4.691724342073596e-05
Bearing,preprocess_Reading29.dat,0.8449952936428559,0.0884102761787252,0.06456909238443861,0.0020249968978495784,3.4089613079359484e-07,0.07952304504604016,0.5626679427830574,0.19148692294265768,0.09451435393686855,0.06220835046205305,0.009552266153587773,4.711867573562177e-05
Bearing,preprocess_Reading3.dat,0.7901731717063146,0.11502370451902642,0.09269429723120381,0.002108583393658261,2.4314979701281387e-07,0.04274608051458839,0.41614903889050137,0.31212637757009465,0.12669860596214133,0.09034743427727203,0.011886031594639529,4.6431190762766826e-05
Bearing,preprocess_Reading30.dat,0.8702978912991727,0.07588367986937147,0.0522974173091437,0.0015206704216260915,3.411006861687269e-07,0.08386148165377144,0.5914051921400211,0.18033799762753874,0.08492670966807638,0.051637787643767044,0.007781853334024594,4.8977932800866906e-05
Bearing,preprocess_Reading31.dat,0.8453189184492784,0.09559962915535858,0.05731317395864557,0.0017680156410555979,2.627956622070871e-07,0.0716508650770254,0.5766512804768334,0.19185033288042305,0.09651219542048098,0.05580903051949831,0.007477671551340796,4.862407439807207e-05
Bearing,preprocess_Reading32.dat,0.8692450337854302,0.07317729186070505,0.055666485999578096,0.001910870479576159,3.178747106583004e-07,0.08210211450108298,0.6162439392367965,0.1632224655421384,0.07823047341953866,0.05174849481758163,0.00839156567288326,6.094680997851089e-05
Bearing,preprocess_Reading33.dat,0.8669146016666558,0.08032515646517446,0.05115784388435759,0.0016021349616069738,2.630222052317391e-07,0.08255762135604582,0.6429878960152368,0.13823780733962385,0.07994730294915606,0.049235493305307895,0.0069951766784562925,3.870235617341284e-05
Bearing,preprocess_Reading34.dat,0.8584926331144785,0.08040867392412437,0.0595294213999093,0.0015690250941854042,2.4646730231210344e-07,0.07448093972515568,0.6356479432943868,0.14026845679787375,0.08399956290327104,0.05713044116411517,0.008437638060701556,3.501805449577739e-05
Bearing,preprocess_Reading35.dat,0.8488199363000162,0.08458015194582685,0.06442309676367344,0.0021764676806150375,3.4730986846428666e-07,0.07448140598839587,0.63075180836741,0.13997954217810896,0.0876489824762457,0.05778239432349162,0.009314536618582748,4.1330047765166794e-05
Bearing,preprocess_Reading36.dat,0.8440124618748296,0.08769378379396091,0.06612207278619606,0.002171361150863644,3.2039414997990736e-07,0.0782724367466378,0.6483573362707756,0.11697101242239995,0.08581451466063497,0.060941928857839514,0.00960016851068507,4.2602531027000946e-05
Bearing,preprocess_Reading37.dat,0.9003150783959599,0.05255884198865419,0.04539100937706528,0.001734843019043068,2.2721927753997097e-07,0.12202299557844007,0.6900236841496062,0.08441616943014797,0.05569702516968905,0.04137895239063267,0.006425318320012186,3.585496147176322e-05
Bearing,preprocess_Reading38.dat,0.8965605649400634,0.05563440830251163,0.046501415092998696,0.0013034200281199768,1.9163630626517069e-07,0.13245604380754972,0.680311834478775,0.08167015317137813,0.056620300704988594,0.04251209935196657,0.006404353411802787,2.521507353912497e-05
Bearing,preprocess_Reading39.dat,0.8698804572268657,0.07507229327180866,0.05338812014097317,0.0016588704663039267,2.588940483975491e-07,0.10561567454075375,0.6503193779381151,0.11181644902650498,0.07571584114302694,0.04861239331342193,0.00788745184225041,3.281219592694067e-05
Bearing,preprocess_Reading4.dat,0.8332941223095215,0.0842147579115154,0.0809447997610859,0.001546075197849095,2.448200283132604e-07,0.04186920934245312,0.4215211198524569,0.3480029043506858,0.10404593969558479,0.0746383217609434,0.009880491393158618,4.2013604717237086e-05
Bearing,preprocess_Reading40.dat,0.8533102923336815,0.08662784614557356,0.0580590508942786,0.002002432405569207,3.782208970293841e-07,0.08076995634753367,0.6245485183835665,0.14756732401490436,0.08383030209343578,0.054278198876250495,0.008884016499909988,0.00012168378439931776
Bearing,preprocess_Reading41.dat,0.856508276204503,0.07892218546974283,0.06240429349624994,0.0021649020449755352,3.4278452878743043e-07,0.09608179774423363,0.630737366056904,0.13113506646185022,0.07779296323855985,0.05522449171574107,0.008974715238864514,5.359954384659396e-05
Bearing,preprocess_Reading42.dat,0.8471455670990109,0.09160858839395995,0.05917328670442466,0.002072265502223231,2.9230038121530656e-07,0.08095179215986646,0.6256795174301709,0.13701868229725858,0.08861542370147503,0.057830520709495264,0.009864324987868793,3.973871386520975e-05
Bearing,preprocess_Reading43.dat,0.8433764617948029,0.08216302657043154,0.07240518113131228,0.002054956043857445,3.744595959910397e-07,0.07630242719852981,0.6211689578336109,0.14281436355527405,0.08287576871643908,0.06629720888177648,0.010498589199019926,4.268461534964909e-05
Bearing,preprocess_Reading44.dat,0.8569041082796562,0.08182964777353383,0.059193964796051435,0.00207195732943476,3.2182132379874713e-07,0.08678251846188523,0.6362677958924693,0.1278655681310195,0.0852097475641015,0.05530104229298067,0.008527318344874666,4.600931266916382e-05
Bearing,preprocess_Reading45.dat,0.8509447252625569,0.07890114331382317,0.06768211215802941,0.0024715213173583557,4.979482322100267e-07,0.06926979390751914,0.6339385000652559,0.1375600120111849,0.08728252027550254,0.06158951948772416,0.010314614880265005,4.503937254852261e-05
Bearing,preprocess_Reading46.dat,0.8334505069594952,0.08135482098531101,0.08282556104189602,0.0023687144011859335,3.9661211193960776e-07,0.08830998350378776,0.6077354255848731,0.13849752055391004,0.08379497515323195,0.07091845017968511,0.010700460200257202,4.31848242548207e-05
Bearing,preprocess_Reading47.dat,0.8303931160001379,0.09148241179425773,0.07559635475091875,0.002527754722344835,3.627323406108091e-07,0.07421351540730899,0.6089250582039464,0.1429611630363395,0.09136672325741027,0.07154005548062835,0.010951172732781353,4.2311881585097426e-05
Bearing,preprocess_Reading48.dat,0.8101335960352102,0.09531980379706075,0.09198882810942142,0.0025572493665796813,5.226917280694514e-07,0.06855137628480638,0.5808270228966094,0.152736947812568,0.10248309172786624,0.0827381183995098,0.012613487329336696,4.995554930352221e-05
Bearing,preprocess_Reading49.dat,0.8129323255540912,0.09882921169260005,0.08602037053245018,0.0022177366585901187,3.555622682964965e-07,0.05933544503233036,0.5626727881531236,0.18557875715192548,0.10228084743362038,0.07849074009960057,0.011596569170817582,4.4852958582051054e-05
Bearing,preprocess_Reading5.dat,0.8073158012867983,0.10594344737526433,0.08501685362038704,0.0017236323793421964,2.653382080130937e-07,0.04503790984350765,0.40943483929364055,0.33721964195992105,0.11565329620136881,0.08238947030574655,0.010223159194169527,4.168320164586587e-05
Bearing,preprocess_Reading50.dat,0.8130671992878787,0.10783898636087665,0.07670194448371244,0.0023915804745664707,2.893929656196068e-07,0.08092814065568958,0.5806809129406301,0.15074133145847568,0.10548835125449696,0.07259705088296993,0.009526189740155185,3.802306758250544e-05
Bearing,preprocess_Reading51.dat,0.8104568058713946,0.10206040851409788,0.08487336997573809,0.0026090170259776926,3.9861279165887803e-07,0.07049789702036843,0.5940792615807134,0.15040064918762977,0.0957941027257762,0.07748103325942718,0.01170142731084423,4.5628915240651975e-05
Bearing,preprocess_Reading52.dat,0.8143356710310731,0.09505529075509617,0.08849381728891396,0.002114915645826828,3.052790900975012e-07,0.07699472798401828,0.5796566249809749,0.16008946055417408,0.0942929958288313,0.07850070176007955,0.010426071018786976,3.941787313483069e-05
Bearing,preprocess_Reading53.dat,0.813374003721421,0.09663379580385145,0.08762227185645433,0.0023694144326781882,5.141855951674222e-07,0.07312085956403651,0.5731344197242217,0.16581811716177824,0.09455005665346809,0.08297694159429846,0.010346892191985724,5.2713110211255746e-05
Bearing,preprocess_Reading54.dat,0.8149995245026732,0.0981074949013228,0.08466474817950076,0.0022277555292635055,4.768872398663162e-07,0.06708151282418703,0.5872929824786577,0.1610290327737506,0.09709056920794967,0.07659891805449211,0.010857567968210337,4.941669275260439e-05
Bearing,preprocess_Reading55.dat,0.8093643348073783,0.08827642223335508,0.09975269841198431,0.002606171943884964,3.7260339746217514e-07,0.06343417984449548,0.5912655582966959,0.1505670013452258,0.09564017376072083,0.08692966638571219,0.012104030679621357,5.9389687528592716e-05
Bearing,preprocess_Reading56.dat,0.8049596067447613,0.09509785096013777,0.0975742444755204,0.0023679546488396676,3.4317074101685734e-07,0.06021371598554824,0.594030501453225,0.14932543951159746,0.09923338279610748,0.08568139239829697,0.01147061642467598,4.495143054881954e-05
Bearing,preprocess_Reading57.dat,0.8325537701186729,0.08817049040673132,0.07715158928537592,0.0021238344517833384,3.1573743620229456e-07,0.07538420948651035,0.6169747889823373,0.13302476637756927,0.09412738194915729,0.0708273353901649,0.009624460138327507,3.705767593314046e-05
Bearing,preprocess_Reading58.dat,0.7997336547368606,0.0989448524388649,0.09886140591503946,0.0024597676756421077,3.192335927280549e-07,0.06716726257894723,0.5995450850740096,0.1332344926925406,0.09955169397277513,0.08830429547835225,0.012148093742502088,4.907646087319758e-05
Bearing,preprocess_Reading59.dat,0.812333459909516,0.09325363378049124,0.09223258023647145,0.002180059081157556,2.6699236386918845e-07,0.07604736844763071,0.586350288767473,0.14415583539912527,0.09684831275892085,0.08679946563820841,0.009741084543796168,5.7644444845644484e-05
Bearing,preprocess_Reading6.dat,0.8265081764396844,0.0913816878922984,0.08011206189228084,0.001997575593497477,4.981822387038129e-07,0.04430498588136023,0.4280374105048527,0.333213775499551,0.10684812719296208,0.078349534031498,0.009208636678953263,3.753021082254884e-05
Bearing,preprocess_Reading60.dat,0.8232478872689818,0.09218514997237524,0.08231407701849179,0.002252591826153477,2.9391399799203383e-07,0.08051115484892642,0.6104887177594414,0.13070108258964283,0.09173417377452445,0.0765313515317197,0.009994470937324706,3.9048558420563645e-05
Bearing,preprocess_Reading61.dat,0.7728063638899977,0.1161971585318445,0.10878568993173983,0.0022103973694693625,3.9027694842510484e-07,0.05233391679951339,0.5387710218983254,0.18192242336566153,0.11908392372732114,0.09631394614705288,0.011524852307733745,4.99157543917716e-05
Bearing,preprocess_Reading62.dat,0.8291109898210929,0.08743375985545951,0.08135136698711327,0.002103537305305704,3.4603102859210134e-07,0.08671586969722471,0.6081211052899469,0.13794063989738167,0.08609775455059386,0.07208363524572663,0.008997856943317983,4.313837580831752e-05
Bearing,preprocess_Reading63.dat,0.8099161428657664,0.10164262597974238,0.08621677482373143,0.002224185589125276,2.707416346503554e-07,0.05938219673579753,0.6045633598103914,0.14849123244907964,0.09795571540606114,0.08024635813917616,0.00931904240503398,4.209505445998058e-05
Bearing,preprocess_Reading64.dat,0.7920506123558284,0.11589645701988686,0.08977021140938984,0.002282430798021209,2.8841687359582296e-07,0.06016987015230069,0.5795276237753003,0.15826456566111308,0.1106638841812379,0.08160423970416876,0.009730676347134481,3.9140178744779375e-05
Bearing,preprocess_Reading65.dat,0.7838304541878838,0.10214567055869206,0.11143540961623678,0.002588098094827619,3.6754235995378504e-07,0.06378100857633805,0.5501390840731338,0.16728400189351067,0.10410158089979635,0.1012440509627476,0.013401321899000777,4.895169547259456e-05
Bearing,preprocess_Reading66.dat,0.7823654527939964,0.10278831221273783,0.11223228760491981,0.002613571266356692,3.7612198921756827e-07,0.0674829358156882,0.5482207899578632,0.16407543142441783,0.10535165629314427,0.10169119229948054,0.013129561821290301,4.843238811557024e-05
Bearing,preprocess_Reading67.dat,0.7579929540675056,0.11930452114714392,0.12011673994648925,0.002585233006450633,5.518324105042959e-07,0.06953977056000427,0.5252482674813846,0.16545265953968558,0.11520925883539591,0.10983167189757571,0.014629383209828905,8.898847612500322e-05
Bearing,preprocess_Reading68.dat,0.767809289594753,0.11701412139557978,0.11265687442178494,0.00251935231136165,3.6227652077992265e-07,0.07917879522637453,0.5287257160618088,0.1630156034010511,0.11526869525100576,0.09871828301585714,0.015028306185167501,6.460085873512851e-05
Bearing,preprocess_Reading69.dat,0.7803393575130961,0.10881811192023538,0.10832687420450496,0.002515304536834735,3.5182532876111965e-07,0.06882126620199655,0.5655801388198268,0.14159051322006386,0.11213581908076409,0.09955657697080135,0.012270486945191478,4.5198761355694e-05
Bearing,preprocess_Reading7.dat,0.8308349163929054,0.0916537535414926,0.07590373243163975,0.001607309764010507,2.87869951593331e-07,0.052019073455634224,0.4415005501763862,0.32000134445043527,0.10680580630191092,0.07035075504974798,0.00928668852364488,3.578204224055928e-05
Bearing,preprocess_Reading70.dat,0.7989295982739317,0.10572189717502632,0.09335266182135334,0.001995520200386656,3.225293020858754e-07,0.07228426303020452,0.5538651194146947,0.17058929944089396,0.1042999537198775,0.08850058956439175,0.010395790902053966,6.498392788336991e-05
Bearing,preprocess_Reading71.dat,0.7984843601828884,0.09699774581768798,0.10207497306298408,0.0024425917413588897,3.2919508070117017e-07,0.06950471159234536,0.575967389870029,0.15013982858372601,0.0990517884189713,0.09305022666582834,0.01224249650751223,4.355836158779276e-05
Bearing,preprocess_Reading72.dat,0.7871870750969693,0.10235019129925653,0.10802759508729123,0.002434645878117482,4.926383654538315e-07,0.07013382312891082,0.551461607693803,0.1620566512066452,0.10143355229131086,0.10002736626911822,0.014826771296821523,6.0228113390302444e-05
Bearing,preprocess_Reading73.dat,0.7964576575824521,0.10112967410350329,0.10007885410676011,0.002333482267248459,3.3194003589444357e-07,0.07239298711090189,0.5537151027260597,0.17349745309572837,0.09847515954660171,0.09006200102788736,0.011811074912887482,4.6221579933625235e-05
Bearing,preprocess_Reading74.dat,0.796217896570311,0.0948646965715279,0.10659316942939175,0.002323958484164957,2.789446044236875e-07,0.06524201295848353,0.5811743139161328,0.15148757122919077,0.09650415201515335,0.09209373837924638,0.013447486700932843,5.072480086040605e-05
Bearing,preprocess_Reading75.dat,0.773786902013499,0.11280130350368883,0.11076428913191833,0.002647161457779056,3.438931148270127e-07,0.06285303270438021,0.5504771504607423,0.1642646853538118,0.1092890990988592,0.10052486175540486,0.012537863868378477,5.330675842336005e-05
Bearing,preprocess_Reading76.dat,0.7591269548117641,0.10582125300604174,0.133524314095337,0.0015272113867400257,2.667001172303875e-07,0.04832578969122109,0.38358372173197497,0.3122844428216763,0.11754641528772228,0.12116118481031687,0.017046642087033183,5.1803570055217805e-05
Bearing,preprocess_Reading77.dat,0.8035552128888638,0.09204369006752365,0.1029160627635276,0.0014848220185653949,2.122615196703765e-07,0.037079264422229474,0.38981625883294924,0.36296423431394337,0.10473687895465335,0.09370343736867466,0.011661034816549603,3.889129100036372e-05
Bearing,preprocess_Reading78.dat,0.8113680557647553,0.08926768990574784,0.09785771659812287,0.0015062736256744988,2.6410569926714727e-07,0.056884201694910375,0.468369723413631,0.2771042335093547,0.09359302372977728,0.09192694007912536,0.012081647822881781,4.0229750319358535e-05
Bearing,preprocess_Reading79.dat,0.7991965293566822,0.10248629021089657,0.0968101109176149,0.0015067421725703373,3.2734223613924457e-07,0.050409194542992274,0.421483620233853,0.3106549005017449,0.11077452215981635,0.09423280429198436,0.012398065224456686,4.689304515247191e-05
Bearing,preprocess_Reading8.dat,0.8254318896571472,0.10021919698586244,0.07257145125423622,0.00177712101810023,3.4108465428016136e-07,0.06403006344641748,0.4232534080865864,0.3189542370685868,0.10992170212902529,0.07501388371235253,0.00872428689202981,0.00010241866500171577
Bearing,preprocess_Reading80.dat,0.797740105415427,0.09947126537207171,0.1008878272440811,0.0019004691896439786,3.3277877611450583e-07,0.04266796736693402,0.3881864243359469,0.34711814560961796,0.11552175370828065,0.09404830951680418,0.01239009718161371,6.730228080274904e-05
Bearing,preprocess_Reading81.dat,0.8217058583828638,0.08704454253464844,0.08950449717327895,0.001744770249761799,3.316594472883618e-07,0.044691404847765306,0.37286610888454463,0.38087037912384514,0.10939769117134482,0.0815093451386808,0.010555889066416756,0.0001091817674026161
Bearing,preprocess_Reading82.dat,0.8007638096027095,0.1068319718680698,0.09082248726176398,0.001581344361764344,3.8690569238216947e-07,0.049148814449572864,0.4062295962199305,0.32008268028960685,0.11768343993090709,0.09622533314681973,0.010582257868576306,4.787809458669467e-05
Bearing,preprocess_Reading83.dat,0.7956705844536777,0.10072939126067493,0.10148555337728839,0.0021141115468013227,3.5936155756602547e-07,0.04007126906655163,0.3981560880109774,0.3421258520025729,0.1143918564662842,0.09265546905039834,0.012551764893965284,4.770050925026487e-05
Bearing,preprocess_Reading84.dat,0.8064154216070629,0.10321880721152714,0.08842896793913786,0.0019364543191662212,3.4892310557997915e-07,0.04788720933150014,0.4311323197919603,0.3086776035403349,0.11729242611489545,0.08436920527174172,0.010496729651613444,0.0001445062979542431
Bearing,preprocess_Reading85.dat,0.7374653136476919,0.13628371816217505,0.12385327327480194,0.0023973450819001797,3.4983343107128244e-07,0.05540351438815497,0.3885301600741329,0.28588093006024895,0.14262092431942433,0.11299922107005728,0.014504466689772122,6.078339820973598e-05
Bearing,preprocess_Reading86.dat,0.7937270635795264,0.11263921913462482,0.0915462814902758,0.0020870462296379913,3.8956593527531814e-07,0.06040506071151325,0.4165869576085804,0.30840932630389967,0.11809420540918475,0.0858104658193561,0.010648945610261707,4.5038537204266156e-05
Bearing,preprocess_Reading87.dat,0.8416401610743065,0.0946770318699684,0.062074417632310516,0.0016080683005628962,3.2112285178726633e-07,0.051466370314835336,0.46081732440311934,0.31673669100544094,0.10328060632196108,0.0593644877335864,0.008256642491479126,7.787772957777788e-05
Bearing,preprocess_Reading88.dat,0.8263232028929852,0.09158002991817452,0.08022278447642449,0.0018736236790175657,3.5903339823276947e-07,0.0658559682278728,0.48722085068114934,0.2610668071272791,0.10174436278956607,0.074394124985094,0.009658066780285513,5.9819408753213756e-05
Bearing,preprocess_Reading89.dat,0.8073710468962069,0.10859079059943764,0.08177613976268679,0.0022610873456738382,9.353959951314526e-07,0.06532026621271245,0.5027429205165082,0.227272224684883,0.11285577180964293,0.0799892450941564,0.01175610408463883,6.346759745823284e-05
Bearing,preprocess_Reading9.dat,0.8461140321090124,0.08332121716407001,0.06861345979514127,0.0019510047309284025,2.8620084784352153e-07,0.04821120673433074,0.43067562763576417,0.3487574921959381,0.09979633993704355,0.06355668857032314,0.00896643801988048,3.620690671976049e-05
Bearing,preprocess_Reading90.dat,0.7919028657353787,0.12130306472017634,0.08437793996298776,0.0024157645459247437,3.6503553203057337e-07,0.057032265186784864,0.4830209116588622,0.23784055570215942,0.12738401131145946,0.08221794750794931,0.012441924607333038,6.238402545185386e-05
Bearing,preprocess_Reading91.dat,0.8353822078900075,0.09039830069818675,0.0722057928448001,0.002013286662431844,4.1190457353977264e-07,0.08013722502235711,0.5832265489247584,0.1679406258635514,0.09193258234309412,0.06649210263675895,0.010227230386441185,4.3684823038523616e-05
Bearing,preprocess_Reading92.dat,0.8701596766187645,0.07318383568073662,0.05524134375346291,0.0014149101069882062,2.3384004787969522e-07,0.08454476661324918,0.5817461756341596,0.19692352293276655,0.07758647867426059,0.052093325856041935,0.007073578841082498,3.2151448439441326e-05
Bearing,preprocess_Reading93.dat,0.7792779015461402,0.11933696571236395,0.09880099942197562,0.0025837566113092927,3.7670821123576486e-07,0.07387701048818643,0.561025388510914,0.14897469490894222,0.11680029664512005,0.08683616758558638,0.01243570622146612,5.073563978476601e-05
Bearing,preprocess_Reading94.dat,0.7900034160324103,0.11436839329790195,0.09295608519329156,0.0026717136038722665,3.9187252385600437e-07,0.0711332218526694,0.5155313573311949,0.19535264016099885,0.11638839383228215,0.08731973307741098,0.014217105411308328,5.754833413523246e-05
Bearing,preprocess_Reading95.dat,0.8069339977285347,0.10611830082736015,0.08472059655182503,0.002226739466765569,3.6542551487008843e-07,0.08249697176077651,0.5491927662948719,0.17147238823022526,0.10938460235065915,0.07636765792901513,0.011012801015041408,7.281241941069647e-05
Bearing,preprocess_Reading96.dat,0.8495164473640648,0.08360633337498254,0.06478951738180408,0.0020874015547494153,3.0032439907147614e-07,0.07822101426110606,0.5654240287462013,0.1926079326126908,0.09193859226784196,0.06225998044660494,0.009507409641070002,4.1042024484960627e-05
Bearing,preprocess_Reading97.dat,0.8566066442958569,0.07928930856596574,0.06253819589764016,0.0015655732008282481,2.780397091754693e-07,0.08477634052709467,0.5807868672913651,0.18794588594108586,0.08359298104058899,0.05510891333621,0.007757112063001193,3.189980065404825e-05
Bearing,preprocess_Reading98.dat,0.8334965933851334,0.08909683085284195,0.07548839835352658,0.001917815270367101,3.6213813101865424e-07,0.08789891695869834,0.5403573198997584,0.1993131585190809,0.09577672849366553,0.06671953412945847,0.009890416365697359,4.39256336409333e-05
Bearing,preprocess_Reading99.dat,0.8292978794076548,0.09123121144803774,0.07681103118653652,0.0026594503955748956,4.2756219592006436e-07,0.08875262257289454,0.5625363752938362,0.17119135093979304,0.09488945238278872,0.07034936325952738,0.01221043396004551,7.04015911147832e-05
Flywheel,preprocess_Reading1.dat,0.6449496019647222,0.1695053962822502,0.1830687072649166,0.0024759379790683864,3.5650904276641635e-07,0.06170009731392751,0.3672580257461193,0.21651798903535746,0.15758258403863437,0.17025643383759284,0.026602830603399498,8.203942496902241e-05
Flywheel,preprocess_Reading10.dat,0.73231048666601,0.13842979381880335,0.12679787321484165,0.0024612134442189176,6.328561264098045e-07,0.07787156079864314,0.4554011526471107,0.18974160974323134,0.14489109511683723,0.11523107827563252,0.016796060662889526,6.744275565546783e-05
Flywheel,preprocess_Reading100.dat,0.8028193130456942,0.1113477844097189,0.08326327420344223,0.0025690135433067834,6.147978379934256e-07,0.0709273749577759,0.49448589425372863,0.23056808285119687,0.1137131580019541,0.07751073391587614,0.012705303640069112,8.945237939920508e-05
Flywheel,preprocess_Reading101.dat,0.7830787776376598,0.12066178090028593,0.09343321436915165,0.00282559853424938,6.28558653162857e-07,0.08318367352308437,0.5010332403214443,0.20256936007981313,0.11580789523724494,0.08160678672485393,0.015724456635726695,7.458747783265125e-05
Flywheel,preprocess_Reading102.dat,0.7930348022795112,0.11896653889377128,0.08521441549662563,0.002783355026965541,8.883031262221593e-07,0.07739466902765085,0.502102154353158,0.20430173928373083,0.11883696156850343,0.08310614680025506,0.014130522469325236,0.0001278064973769242
Flywheel,preprocess_Reading103.dat,0.808676037726444,0.10942666740566563,0.07951401774314466,0.002382762826979094,5.142977666053454e-07,0.09441199767620624,0.5356662706057368,0.1715836417647614,0.11165836704831217,0.07393672686405242,0.012674200104462168,6.879593646870103e-05
Flywheel,preprocess_Reading104.dat,0.7834869035988012,0.12209079912316964,0.0917116154465015,0.0027099927538670105,6.89077660633175e-07,0.08699704053519906,0.5106072992704473,0.18292048257019394,0.12147547716168802,0.08345634654114885,0.014483963880790119,5.939004053248188e-05
Flywheel,preprocess_Reading105.dat,0.7637993484620073,0.12202909682168658,0.11106356963247227,0.0031071476789972722,8.374048367219545e-07,0.06347917623893935,0.5011859575162448,0.19569045665185497,0.12532376784966626,0.0989212855143804,0.01532814776842401,7.120846049023318e-05
Flywheel,preprocess_Reading106.dat,0.7907872704127693,0.11819633393673289,0.08867607336325305,0.002339619491408089,7.027958366679555e-07,0.08722313838538863,0.5476032061388352,0.14951555750047274,0.11869238255712303,0.08338639871097148,0.013520672863783854,5.864384342520513e-05
Flywheel,preprocess_Reading107.dat,0.7994906046722691,0.10915857665179736,0.0886615831351333,0.002688676447557702,5.590932425215309e-07,0.08087912927824442,0.5732667862848521,0.14265255695416157,0.10888427777047711,0.07976800026324715,0.014488494710582103,6.075473843562878e-05
Flywheel,preprocess_Reading108.dat,0.7661249605400078,0.14105300649943023,0.09026280991451835,0.002558437445306722,7.85600736746717e-07,0.06212084523474625,0.5143147984485128,0.18913081435027881,0.13559116119834475,0.0844847754001264,0.01429847192045686,5.913344753410236e-05
Flywheel,preprocess_Reading109.dat,0.7894099582269618,0.11788793948434399,0.08995733106131051,0.002744175727779147,5.954996044676001e-07,0.08405493351769827,0.5264701158085497,0.17645243605522168,0.11625386906058514,0.08200020977883418,0.014707613848270223,6.08219308406104e-05
Flywheel,preprocess_Reading11.dat,0.7439926405381266,0.1263316993502515,0.12764704240857472,0.002028119862684751,4.978403625573553e-07,0.07998107970533179,0.4853667010435723,0.17718608010363995,0.1301994057728597,0.11138227734763219,0.01581720216400471,6.725386295927049e-05
Flywheel,preprocess_Reading110.dat,0.8333134356775148,0.0870971877026136,0.07717116793469943,0.0024176485622193922,5.601229526413339e-07,0.09453592282429994,0.6073518663996202,0.12973378652102915,0.08764703688015352,0.06880721279781185,0.011871932695995567,5.2241881089903074e-05
Flywheel,preprocess_Reading111.dat,0.8056052708481174,0.10106316258885874,0.09102661697944443,0.002304320825743083,6.287578362814528e-07,0.07431480556217965,0.5639951441751776,0.16426568667146124,0.101045911657534,0.08251985579229364,0.013802479215732596,5.611692562143268e-05
Flywheel,preprocess_Reading112.dat,0.8174219520366528,0.10041637069353139,0.08029070529092036,0.0018704375198651073,5.34459030491807e-07,0.07874929553976416,0.5951607922075456,0.1474884863686802,0.09566555935555163,0.07097042819511432,0.011918068678689064,4.736965465501998e-05
Flywheel,preprocess_Reading113.dat,0.7999355968427045,0.10512795448106768,0.09251579371072381,0.0024200433540541182,6.116114496887256e-07,0.07871626205139082,0.5705473274177398,0.1461029851641028,0.10706599724285366,0.08270595398501766,0.014798925378345379,6.2548760549765e-05
Flywheel,preprocess_Reading114.dat,0.7883760521180523,0.11078568414591944,0.09819732586124216,0.002640356634807873,5.812399781789641e-07,0.061861133049323176,0.5396008144182333,0.18247915145761495,0.11127859460872845,0.0893566572868441,0.015362633961150212,6.101521810569763e-05
Flywheel,preprocess_Reading115.dat,0.7680553130624148,0.1277825997134286,0.10158373879215452,0.002577744258631858,6.041733700264582e-07,0.07456411381983899,0.49581225997488565,0.2020205030865739,0.12366804103311661,0.08838110379655136,0.015485642264765537,6.833602426797583e-05
Flywheel,preprocess_Reading116.dat,0.8192618502257646,0.09327017644258186,0.08526072670796524,0.002206735971277283,5.106524110581212e-07,0.07857478169999176,0.58444443149221,0.15198857997736492,0.09775133103805315,0.07592430106689113,0.011263046800678038,5.352792481076734e-05
Flywheel,preprocess_Reading117.dat,0.8033733419658771,0.11243700681307653,0.08189624687985067,0.0022926986781732694,7.0566302235052e-07,0.07748810696484255,0.569692608619399,0.16649719760065512,0.10202347981287806,0.07084721596227322,0.013391325693956182,6.006534599590754e-05
Flywheel,preprocess_Reading118.dat,0.8178248849353885,0.09573827652288602,0.08399860719147224,0.002437649250329848,5.820999233053424e-07,0.0625729343234157,0.5735293719776012,0.18463659271761151,0.09675543715552312,0.07056113201361469,0.011880402471425175,6.412934080848787e-05
Flywheel,preprocess_Reading119.dat,0.7761369108021233,0.11644649977670328,0.10468632522992619,0.00272957762242418,6.865688230747333e-07,0.06307531510587516,0.5179416746946269,0.19540701404838381,0.11736632248398005,0.09119377855369136,0.014923924483178424,9.19706302643415e-05
Flywheel,preprocess_Reading12.dat,0.7560349531613594,0.12043288371982498,0.12110140194624215,0.002430318138096276,4.430344773703905e-07,0.08141103407683335,0.47892477878869094,0.19286237545189308,0.12666804824768607,0.10514699872142032,0.014925488314291368,6.127639918490293e-05
Flywheel,preprocess_Reading120.dat,0.8054141015626324,0.10145537730006801,0.090896206245923,0.002233747799584797,5.670917917025141e-07,0.06596776405386189,0.5378769313395059,0.20670551319720104,0.1007252056391214,0.07550936124091667,0.013157667703006413,5.75568263866856e-05
Flywheel,preprocess_Reading121.dat,0.7932854345778566,0.11257602988721815,0.09159931314565915,0.0025386046181828624,6.177710832420596e-07,0.0601619958510345,0.4495051842656449,0.27678116281870463,0.11527949740030209,0.08446529128092631,0.01375076198752038,5.610639586718277e-05
Flywheel,preprocess_Reading122.dat,0.7836348723924046,0.12221920732624579,0.0914563031143439,0.002689036478739126,5.806882668791831e-07,0.06255271375496779,0.48214263002341107,0.23153633330455356,0.12568138208461085,0.08318712263224891,0.014736021913734224,0.00016379628647345627
Flywheel,preprocess_Reading123.dat,0.8200567440410228,0.10107561312899918,0.07678451435923209,0.0020826058055539785,5.22665191991173e-07,0.06762106656087316,0.4849816837102786,0.2628076531648974,0.10484520660746065,0.06859814360903384,0.011098661868005696,4.758447945079387e-05
Flywheel,preprocess_Reading124.dat,0.8160581360376261,0.10986158352104934,0.07203988453607084,0.002039958815382422,4.370898714214856e-07,0.05711669461900385,0.42648467873690865,0.32118364438160707,0.11649745360294203,0.06801009723983953,0.01066274655828594,4.468486141289577e-05
Flywheel,preprocess_Reading125.dat,0.8149101645929938,0.11472858237056521,0.06819806421746152,0.002162581385840431,6.074331390538587e-07,0.05241054773616457,0.4420456961216482,0.3086146483253476,0.11716181984926187,0.0691729353097669,0.010547724617739437,4.6628040071301015e-05
Flywheel,preprocess_Reading126.dat,0.8069209620990601,0.1115287882911826,0.07936869434795682,0.0021811344065960506,4.2085520451636107e-07,0.05982568755608819,0.47495326285822476,0.27153307519498965,0.10942680785995233,0.07259579837588179,0.011614197948025876,5.117020683756105e-05
Flywheel,preprocess_Reading127.dat,0.8038277208956863,0.11448822618959954,0.07975581669468929,0.0019278734574106069,3.6276261433827495e-07,0.06316932038736578,0.46878394728461753,0.2652069615204507,0.116666452643146,0.07628794601659884,0.009841171746517772,4.420040130363435e-05
Flywheel,preprocess_Reading128.dat,0.7881594888141257,0.12034827854865474,0.08937980178051926,0.002111975699934937,4.5515676533598496e-07,0.045702540486514294,0.421570913508701,0.3128503420419592,0.12558461379239172,0.08170025068584652,0.012518830604983454,7.250887960389506e-05
Flywheel,preprocess_Reading129.dat,0.8206000448025205,0.10049566201251704,0.07680495333515514,0.002098925964535257,4.138852721168482e-07,0.050768740820701624,0.49209237188341726,0.27315948958196384,0.10374401799448045,0.06868395217726786,0.011466223933086349,8.52036090826585e-05
Flywheel,preprocess_Reading13.dat,0.7513580774891115,0.12995772930630572,0.1164751079434891,0.0022086303813707666,4.5487972294102126e-07,0.07269841746073895,0.4789092304949659,0.19891592972457092,0.13544133743100187,0.09970898029717451,0.014267007088325288,5.9097503222429134e-05
Flywheel,preprocess_Reading130.dat,0.7996398400286505,0.11236427102047283,0.08552485814788972,0.0024704695180252367,5.612849615338135e-07,0.05596734153349028,0.5137549931248042,0.2199006616379844,0.12001319864410323,0.07803582091161544,0.012222379491176931,0.00010560465682542935
Flywheel,preprocess_Reading131.dat,0.8063859617916829,0.10778370315526503,0.08341095023155431,0.002418409822652256,9.749988457727114e-07,0.06215722931138938,0.48881521555927754,0.2441777044235453,0.11410815302247958,0.07876039244964252,0.011926208445739673,5.509678792611204e-05
Flywheel,preprocess_Reading132.dat,0.8178155148223717,0.10734754624121479,0.07292746043773278,0.001909075935375562,4.02563305192471e-07,0.07398396499807594,0.5228069226376943,0.21442904270558627,0.11108226872964033,0.0678583413889921,0.009793445397524138,4.601414248697611e-05
Flywheel,preprocess_Reading133.dat,0.7857738546903209,0.11717104443806703,0.09428259181626883,0.0027715336041027228,9.754512403587324e-07,0.0674743918348539,0.47058281564924737,0.23712660837230912,0.12439026542538187,0.08837281004159893,0.011978135629879587,7.497304672913823e-05
Flywheel,preprocess_Reading134.dat,0.7845289846249219,0.1069573651271183,0.10610396782106085,0.0024092006525292427,4.817743697306346e-07,0.052848171659889386,0.4814516904332641,0.24845321325109423,0.10872307399315927,0.09437089877779303,0.014088836589760532,6.411529503942967e-05
Flywheel,preprocess_Reading135.dat,0.8033887771092474,0.10107281652754019,0.09295160973173934,0.0025863562621569153,4.4036931626465367e-07,0.05590347522516057,0.4895574105493406,0.2498564648137903,0.10688561630061182,0.08342057320182501,0.014320233633124527,5.622627614703179e-05
Flywheel,preprocess_Reading136.dat,0.8069214242542915,0.10889307583756262,0.08164897212966446,0.00253611374722344,4.1403125781074544e-07,0.06558234830691853,0.5025506904774953,0.23407400115344618,0.1084643681701799,0.07695086990542707,0.012325162956408602,5.255903012437956e-05
Flywheel,preprocess_Reading137.dat,0.7888679252914533,0.11353904420721206,0.09517041375687255,0.002422190625349639,4.2611911266234595e-07,0.06167485470200595,0.49573273231428283,0.22441137745919426,0.11583232444990108,0.08917288112078754,0.013107170709323724,6.86592445047427e-05
Flywheel,preprocess_Reading138.dat,0.8012468070668373,0.1111772999781896,0.08528914766094622,0.0022862693946338326,4.758993931303221e-07,0.06203321747828569,0.535877498917306,0.1934656297059749,0.11586182233568965,0.08086225737032393,0.011849165480313357,5.0408712106406864e-05
Flywheel,preprocess_Reading139.dat,0.8216682753179698,0.09387581924888856,0.08196647702888325,0.0024889202547756376,5.081494827780194e-07,0.06929781768396347,0.5334981918790412,0.21272399251649557,0.09918824829449634,0.07264901018244153,0.012589352204928649,5.338723863316168e-05
Flywheel,preprocess_Reading14.dat,0.7448987223654859,0.13244147117433813,0.12022470767840991,0.0024345848397527682,5.139420132743529e-07,0.07594874240839428,0.49152130838082697,0.17452018422065635,0.13816613029957672,0.10413094053514227,0.015646266573920996,6.642758148253768e-05
Flywheel,preprocess_Reading140.dat,0.8068849813299993,0.09870359995351191,0.09219948158247121,0.0022115753383811867,3.617956363701744e-07,0.06299489092164914,0.5210447991035027,0.21841397609140598,0.10194453135197334,0.08380290556472322,0.011746489576187619,5.2407390558012195e-05
Flywheel,preprocess_Reading141.dat,0.787544126282934,0.11757995539051487,0.09222818754397169,0.0026472709091072666,4.598734718442961e-07,0.05318548943471327,0.502723338120699,0.2248537927415047,0.12541347515199291,0.08136978003345427,0.01240401394514776,5.011057248809198e-05
Flywheel,preprocess_Reading142.dat,0.7507694102407152,0.13904076893391487,0.10725900723651871,0.0029302631359142454,5.504529368969056e-07,0.0617672146932912,0.4361062122607556,0.24453645549946346,0.14255515074078162,0.10122921498118809,0.013749458854599725,5.629296992029307e-05
Flywheel,preprocess_Reading143.dat,0.7694066866440078,0.12681120613905325,0.10107706927386709,0.0027045827529237326,4.551901481992203e-07,0.05711235439367724,0.48053506516894096,0.22169283758105146,0.12465022182230902,0.10322772344577219,0.012725554525280366,5.624306296876937e-05
Flywheel,preprocess_Reading144.dat,0.7665550888191661,0.1252547586776204,0.10548996567539706,0.002699790838805188,3.9598901119882897e-07,0.0531710207799951,0.44946478098677195,0.2559414948848675,0.1279443990995967,0.09969539687088104,0.013684949587118063,9.795779076965196e-05
Flywheel,preprocess_Reading145.dat,0.7715484590272815,0.11388434822006126,0.11137675154785612,0.0031900638621788716,3.773426221988066e-07,0.06200393038263225,0.4795752640051355,0.22632576370952345,0.11932842629983328,0.09784659959734307,0.014859940162964557,6.007584256790643e-05
Flywheel,preprocess_Reading146.dat,0.799461546484223,0.09727386419339043,0.10026862365436362,0.0029955142969695083,4.5137105363721516e-07,0.08246800184570395,0.5135304237021606,0.1952558690974333,0.10694106795260222,0.08872027311854394,0.013022684771614865,6.16795119411178e-05
Flywheel,preprocess_Reading147.dat,0.7404120647616061,0.12950059650609352,0.12666343375219394,0.0034227441372109693,1.1608428952823248e-06,0.05616748458298545,0.4244556947623694,0.24922573486565952,0.13500280468694126,0.11811097240931859,0.016962119526809764,7.518916591607273e-05
Flywheel,preprocess_Reading148.dat,0.7632750222808414,0.11034898187342639,0.12364994880608259,0.0027256258842441043,4.211554055432843e-07,0.06520177114660129,0.46773300694925446,0.22447373521904013,0.11877756711670309,0.10755125734175554,0.016170383307342873,9.227891930275541e-05
Flywheel,preprocess_Reading149.dat,0.7694452289040685,0.1112438679125539,0.11627817468471185,0.0030322404970690455,4.880015965042242e-07,0.06264160158685575,0.4857838368831443,0.2233515206891857,0.11282676615775562,0.10127473809209284,0.01406170167134474,5.983491962100808e-05
Flywheel,preprocess_Reading15.dat,0.7440647233343338,0.1251728674928283,0.12831639245130827,0.002445421033836026,5.95687693338143e-07,0.07146728604576273,0.466111110457242,0.19853267439738703,0.13361645869535177,0.11260683524705077,0.01759307666894102,7.25584882647951e-05
Flywheel,preprocess_Reading150.dat,0.8019163383656097,0.08702657795502725,0.10812667731340338,0.0029300164724825177,3.8989347708782294e-07,0.06172793470500551,0.5505189799306348,0.18565277522737283,0.09458377206306184,0.09354806797822134,0.013905156821621353,6.331327408234954e-05
Flywheel,preprocess_Reading151.dat,0.6724166220874455,0.14692777999742335,0.1782763320477182,0.0023789098503555844,3.560170574685916e-07,0.05832076922394317,0.4099422374564726,0.19352711855408392,0.14063745210094927,0.169316050906865,0.028169046281349745,8.732547633638141e-05
Flywheel,preprocess_Reading152.dat,0.6766095325406862,0.14844335719397206,0.1725390770709133,0.002407570254009286,4.6294041903677407e-07,0.06096142458415555,0.41993554817372075,0.20071867452985215,0.13920655935831025,0.1561445113110635,0.02295373863753742,7.954340536044814e-05
Flywheel,preprocess_Reading153.dat,0.7323612692627643,0.12820444635653214,0.13744484295930987,0.001989095998062995,3.454233304566692e-07,0.06445631487113687,0.42949380057476216,0.23053093360192348,0.13154975484899312,0.12595469003994078,0.01795421545951022,6.0290603733377385e-05
Flywheel,preprocess_Reading154.dat,0.7269906622207963,0.13579994154269007,0.13518339738505378,0.0020256104999605415,3.883514992593922e-07,0.06451822074002365,0.408783588776945,0.24512223953789603,0.1345321811036509,0.12981977417717275,0.017151889394832198,7.210626947963654e-05
Flywheel,preprocess_Reading155.dat,0.7215589833985241,0.13484413768112152,0.1411314644262273,0.002465018181540187,3.9631258692506177e-07,0.059958162260201876,0.36980114365228606,0.2767164639077233,0.14704302638038338,0.12908502623560045,0.017323962743911354,7.221481989340989e-05
Flywheel,preprocess_Reading156.dat,0.7635624859295873,0.10760041684543536,0.12647341220476757,0.00236326886844839,4.161517616177517e-07,0.06753397773410827,0.42445004424810956,0.25150430941762747,0.13021575291653703,0.11243008137913657,0.013796455749577687,6.937855490342528e-05
Flywheel,preprocess_Reading157.dat,0.7820891023471083,0.1078405424599004,0.10809606204581637,0.0019738577760878345,4.3537108690916613e-07,0.06935639987598703,0.44383098791371006,0.25105891488706505,0.12250184136170458,0.09951284884439002,0.013682188747064079,5.681837007920113e-05
Flywheel,preprocess_Reading158.dat,0.7339583011532188,0.12424898157537588,0.13930033922219537,0.0024918150879332216,5.629612767569924e-07,0.04702273214253975,0.38072073355088715,0.3003108404548339,0.1342006801645486,0.1215525241340245,0.016128583648700612,6.390590446558121e-05
Flywheel,preprocess_Reading159.dat,0.7435642387918852,0.12895916235323163,0.12444335826848722,0.003032702791802632,5.377945932415926e-07,0.04958342643449703,0.36801133363907323,0.3172086695774938,0.13605153216046845,0.11258429401722429,0.016492553164745807,6.819100649743601e-05
Flywheel,preprocess_Reading16.dat,0.7538466780007784,0.12634128614244255,0.11723188048754254,0.002579532390789198,6.229784471781545e-07,0.06748401846165683,0.4437028502291441,0.24334521018182084,0.130616157771281,0.09885768841752648,0.015925258074715766,6.881686385504136e-05
Flywheel,preprocess_Reading160.dat,0.7626880476621062,0.1166702537155247,0.11813681687743005,0.0025043418263778713,5.399185612257752e-07,0.04387508368379147,0.3732721234944529,0.33224218408854983,0.12944751995007148,0.10535138119326488,0.01573807755623556,7.363003363389437e-05
Flywheel,preprocess_Reading161.dat,0.7467157894558555,0.1367992639859085,0.11420157408302284,0.002282875542719578,4.969324938073146e-07,0.07725222752621781,0.46620459601900066,0.20043858400827747,0.1383427829803952,0.1029167094007293,0.014783695875733588,6.140418964590675e-05
Flywheel,preprocess_Reading162.dat,0.7587757247371539,0.13379828697854812,0.10520760544655858,0.0022177311269143563,6.517108250889229e-07,0.06511519996607339,0.44038840512670185,0.2470285017116304,0.13701970924944792,0.09653273415050277,0.013853768335818221,6.168145982533691e-05
Flywheel,preprocess_Reading163.dat,0.7866463468122907,0.11305472716658588,0.09823895169542103,0.0020594640061672195,5.103195350563688e-07,0.06855667506882208,0.4611961565936353,0.2459525412767815,0.1200605207787132,0.08990326012976038,0.014251463678041407,7.938247424606497e-05
Flywheel,preprocess_Reading164.dat,0.7894979447689591,0.11180962083888486,0.09646132154061095,0.0022306210568290665,4.917947158577449e-07,0.07197732933204345,0.4776665352048953,0.22947547901747817,0.11905916743388548,0.08796532040318766,0.013774240381697712,8.192822681216615e-05
Flywheel,preprocess_Reading165.dat,0.7522335266264765,0.12508176610261149,0.11996278405476664,0.002721244361787308,6.788543579021594e-07,0.06956256007467439,0.44038981853290665,0.24053023187136996,0.12930540990936898,0.1033189525221674,0.016822530203433224,7.049688607948157e-05
Flywheel,preprocess_Reading166.dat,0.7906583297926102,0.1124000315720376,0.09460892849005655,0.0023319943887157076,7.15756579797112e-07,0.07457185772622572,0.498413908015923,0.21564770331409916,0.11376429654142746,0.08434711755179458,0.01319543861115262,5.967823937740831e-05
Flywheel,preprocess_Reading167.dat,0.7637545718081824,0.12650823568007571,0.10719260266060432,0.0025438729400601187,7.169110773282209e-07,0.06412319837477369,0.48776545480087224,0.20770310393788535,0.12691535924744277,0.09722402809812371,0.016198546101790865,7.030943911129772e-05
Flywheel,preprocess_Reading168.dat,0.7903026242214274,0.11423403079458264,0.09324370535521782,0.0022189243456360286,7.15283136125494e-07,0.0667837494301838,0.5311202719408415,0.1882088636842656,0.11751149517768084,0.08270881615639906,0.01360680052000799,6.000309062106132e-05
Flywheel,preprocess_Reading169.dat,0.7786664138550529,0.11519157337095513,0.10362170172516721,0.002519685451339314,6.255974853137077e-07,0.056040859331531266,0.4543624113269958,0.26462691838420066,0.11951960944049383,0.09080104112619498,0.014577739596042572,7.142079454083366e-05
Flywheel,preprocess_Reading17.dat,0.7714135524333835,0.12004786748670629,0.10625140066561287,0.002286505668455797,6.737458416713623e-07,0.0701857540444652,0.4730768055097274,0.22003896935443676,0.12851137023655776,0.09420419678325569,0.01392361135870296,5.929271285413333e-05
Flywheel,preprocess_Reading170.dat,0.7912898906641823,0.11305779409223263,0.09330678689737107,0.002344926107849227,6.02238364743751e-07,0.07015177187741055,0.4439550124716502,0.26393462184980265,0.12367834297561162,0.0848571203075726,0.013365386812040584,5.7743705911738696e-05
Flywheel,preprocess_Reading171.dat,0.7966093232039488,0.10881415807825584,0.09232616589915578,0.002249768983107933,5.838355316935895e-07,0.07122542892550983,0.47585338020449547,0.25158843526655855,0.108539743569712,0.07964470718384792,0.013082183248308376,6.612160156782787e-05
Flywheel,preprocess_Reading172.dat,0.7966290724924701,0.10497098332226128,0.09582976979884365,0.002569606875948948,5.675104761070954e-07,0.07670867552177159,0.48316950789232516,0.22805550781437703,0.11078432136852263,0.08733041860355285,0.013882221475072258,6.934732437820801e-05
Flywheel,preprocess_Reading173.dat,0.7890096265521095,0.11175779003638632,0.09650880053764477,0.0027231851295855753,5.977442741428433e-07,0.06644856056613442,0.43395893392670565,0.28466525185370306,0.11200973899957604,0.08762715422145481,0.015226053183035942,6.430724939012526e-05
Flywheel,preprocess_Reading174.dat,0.7926718561303577,0.11536707674040113,0.0891817041745215,0.0027788446074016575,5.183473178259604e-07,0.066281614512856,0.4982418533195276,0.22452616001457532,0.11643358751569222,0.08138597397538727,0.013073027595116742,5.778306684495674e-05
Flywheel,preprocess_Reading175.dat,0.7571216577686045,0.13009018517485893,0.10960512751084088,0.0031821920601222933,8.374855730487827e-07,0.056906654534690335,0.44801723104859703,0.255467480203854,0.12623515964084372,0.0966275465624703,0.016668223852622604,7.770415692192661e-05
Flywheel,preprocess_Reading176.dat,0.7889684041359242,0.11705902662436712,0.09136912625203547,0.0026027941340260583,6.4885364730364e-07,0.06849523924917657,0.5128206627841447,0.20538813936383502,0.11770661056455353,0.08159209768357595,0.013937214599158566,6.003575555564567e-05
Flywheel,preprocess_Reading177.dat,0.7225645099560617,0.158295233479411,0.11614214345475969,0.002997501246248719,6.118635190886807e-07,0.05658946791843856,0.4392317338234191,0.23568741399162052,0.15245287023274948,0.099461733139885,0.016507964667189422,6.881622669783311e-05
Flywheel,preprocess_Reading178.dat,0.8004223061207323,0.10528097228673464,0.09183275273005792,0.0024633814926443387,5.873698308541928e-07,0.07524533657886381,0.5355402267151427,0.18665816543784983,0.10666310227304483,0.08042832924565295,0.015401221940311044,6.361780913512678e-05
Flywheel,preprocess_Reading179.dat,0.7875140078779047,0.1049711541472527,0.10515715882495909,0.002357136598917994,5.425509655741377e-07,0.08531244964891375,0.5066905718537116,0.18717863259800888,0.1148791592187065,0.08937354139492609,0.01649588144437205,6.97638413607874e-05
Flywheel,preprocess_Reading18.dat,0.7524619766551396,0.12479571800503546,0.11999028781164,0.0027512685235738135,7.490046111648102e-07,0.0617822086171294,0.44680759201137543,0.2481462321647421,0.12587532613902253,0.10064172803803144,0.016676562183795863,7.03508459032416e-05
Flywheel,preprocess_Reading180.dat,0.8046962049372016,0.10341510016009506,0.08997773994201957,0.0019104909791033539,4.639815801507484e-07,0.06976878771004455,0.5642375773155524,0.16328912997813458,0.10726532140062071,0.08294815367812342,0.012437130205534127,5.389971199013976e-05
Flywheel,preprocess_Reading181.dat,0.819483609208767,0.0972510943193093,0.08119742004027472,0.0020674218371166146,4.545945322920694e-07,0.08916277888735505,0.5716266371515902,0.1553715362192153,0.09861913140612824,0.07263713179531409,0.012532436177062178,5.0348363334742846e-05
Flywheel,preprocess_Reading182.dat,0.7909633426663866,0.11341830190766933,0.09326018162538745,0.0023576183766427336,5.554239137161704e-07,0.07292272793269523,0.5345654306556166,0.17571124374022223,0.11670680485667204,0.0871732076193466,0.012857983729935522,6.26014655116982e-05
Flywheel,preprocess_Reading183.dat,0.8050450028129399,0.10152091978323075,0.09120498019388668,0.0022285259737855187,5.71236157056071e-07,0.07188996710200685,0.5624640241335571,0.16808803765877126,0.10104232151325826,0.08312640942060767,0.013337082377571056,5.215779422772927e-05
Flywheel,preprocess_Reading184.dat,0.8235938204578359,0.09050474407376739,0.08394675252585142,0.001954275175647826,4.0776689736326895e-07,0.07963635089985954,0.5741594119621636,0.17411695749205203,0.09078862361697045,0.07045505375996927,0.010800435795020118,4.316647396502815e-05
Flywheel,preprocess_Reading185.dat,0.8316606528994204,0.08694127985076362,0.07939858588979855,0.001999027564810267,4.5379520702520704e-07,0.0697254575244315,0.5513873680017015,0.20651270039061545,0.08887255231675366,0.07171360757637808,0.011739733104357374,4.858108576222424e-05
Flywheel,preprocess_Reading186.dat,0.7767683148930742,0.12252263462616403,0.09820911291478057,0.0024991919243771256,7.456416041490822e-07,0.060200924241569184,0.44598632794519705,0.25743464626480433,0.13644793556113163,0.08645865632476395,0.013416325323351902,5.5184339182057724e-05
Flywheel,preprocess_Reading187.dat,0.7941966482592203,0.11350443296308448,0.08990106663220616,0.002397309399008016,5.427464808570541e-07,0.07346058532089053,0.4991270776407688,0.21785117016585917,0.11580387406266228,0.07984905639798459,0.013853267196469964,5.4969215364826885e-05
Flywheel,preprocess_Reading188.dat,0.8072609180195943,0.11622140322318292,0.07419294893297258,0.002324137376425122,5.92447825101221e-07,0.07563444803107756,0.5641063459814937,0.16444737362704714,0.11365209284202583,0.07066415567580743,0.011432884328754174,6.269951379427098e-05
Flywheel,preprocess_Reading189.dat,0.8438841101470547,0.08930697768544084,0.06505394806212893,0.0017544743298923198,4.897754832157006e-07,0.078689231058904,0.49677206426249665,0.2565450766447888,0.10015137377246834,0.058619846401965936,0.009183910607339632,3.8497252036517376e-05
Flywheel,preprocess_Reading19.dat,0.7673529712616627,0.12727019956462995,0.10330265432559241,0.002073680534917067,4.943131979452147e-07,0.071106732680416,0.4653573470133104,0.2230437526122713,0.13670845643965807,0.0898564302527881,0.013866991122638363,6.028987891777084e-05
Flywheel,preprocess_Reading190.dat,0.8388487075450035,0.09037374905499826,0.06877934553617375,0.00199770461123271,4.932525919703253e-07,0.06591822086807052,0.4958472054292545,0.2665648318531586,0.10045207983726985,0.06154996012315264,0.009619261689174988,4.844019991891927e-05
Flywheel,preprocess_Reading191.dat,0.8099855047251076,0.11190541173253582,0.0759535720420564,0.0021549114741829523,6.00026117462208e-07,0.06526471001553596,0.44514470220802527,0.29503823778592714,0.1147636651593952,0.06766388165843504,0.012060138398255421,6.466477442588589e-05
Flywheel,preprocess_Reading192.dat,0.8370834124411483,0.09272238378062546,0.06847977872401122,0.0017139447291715155,4.803250434821362e-07,0.05601146572322927,0.4345266702552571,0.33331083068723427,0.1021018261220119,0.06370915822396583,0.010247077637941004,9.297135036058497e-05
Flywheel,preprocess_Reading193.dat,0.8254743333929522,0.104495574124356,0.06808139879242742,0.0019481416132047654,5.520770598429751e-07,0.06328055310330076,0.5149337411957532,0.24435930511323142,0.10650262377682963,0.06165328371144691,0.009222143073836685,4.835002560152351e-05
Flywheel,preprocess_Reading194.dat,0.8201091272014893,0.11195375361995287,0.06601878292778943,0.0019176433749752563,6.928757933142147e-07,0.06099457415590924,0.4864392226432373,0.2642685135903111,0.11644155038918247,0.06270888926512916,0.009078181286575547,6.90686696551515e-05
Flywheel,preprocess_Reading195.dat,0.7933285012229746,0.13143627726683915,0.07325327143011888,0.0019812433687091233,7.067113582373273e-07,0.04904965730487849,0.41692093921880163,0.3322473561373847,0.11898878384431427,0.07170985350859384,0.011028124922281035,5.5285063746034415e-05
Flywheel,preprocess_Reading196.dat,0.8094725964101115,0.11061078426340602,0.07792614460271476,0.0019900813748039282,3.933489639837798e-07,0.04491249945736741,0.4706464212051537,0.284626336163272,0.11739288666734571,0.07123536326386737,0.011141563290050715,4.492995294315153e-05
Flywheel,preprocess_Reading197.dat,0.8159646200640109,0.10633413970458996,0.07566350650145368,0.002037273259193756,4.6047075157934514e-07,0.052344855103895103,0.47093928588348777,0.28577624561311143,0.11130930170098169,0.068842410955123,0.010711087554617141,7.681318878383105e-05
Flywheel,preprocess_Reading198.dat,0.8381757443606145,0.09706369260108107,0.06317634635790638,0.0015838548859950427,3.617944030756485e-07,0.05394685599189774,0.4753002199789226,0.29669432915491223,0.10566981182199393,0.05942698527084801,0.008914177574686164,4.7620206739284825e-05
Flywheel,preprocess_Reading199.dat,0.8162415190331904,0.11443074849468679,0.06756668234198493,0.0017607151963354426,3.349338027342867e-07,0.055697157776782844,0.4588564879454175,0.29762759119640014,0.11740186026497176,0.06149492206894514,0.008875826109569067,4.6154637913454786e-05
Flywheel,preprocess_Reading2.dat,0.7286407968063092,0.12457541083998244,0.1448651794631163,0.001918288832938567,3.2405765345676444e-07,0.07275633082027066,0.3861590022894866,0.2631440536287158,0.1278409859774833,0.12979442520665335,0.020226731585992534,7.847049139764988e-05
Flywheel,preprocess_Reading20.dat,0.7505011955097961,0.1274750180209777,0.11916179808907357,0.0028614176147000016,5.707654526681916e-07,0.08049044064588552,0.47966102095240787,0.1844686059228372,0.1347659501229251,0.103493515144321,0.01705331610327158,6.715110835193483e-05
Flywheel,preprocess_Reading200.dat,0.8372415918290462,0.09267643239312885,0.06829357555439527,0.0017878129018090469,5.873216205931328e-07,0.057279241970054365,0.48561953493709825,0.28060660719184033,0.10137922023545952,0.06530863845414524,0.009762561913460956,4.419529794134584e-05
Flywheel,preprocess_Reading201.dat,0.838378140314082,0.10338565982787544,0.05642982181118687,0.001805896127564858,4.819192908227969e-07,0.06617860421823177,0.49844001021703577,0.2647098134478203,0.10676394528852623,0.05475734451384597,0.009103934293703273,4.6348020836753734e-05
Flywheel,preprocess_Reading202.dat,0.832191987169656,0.10181308683072764,0.06429867147070123,0.0016959187749221029,3.3575399278018484e-07,0.04388427142466091,0.4380500031126627,0.34344194174230475,0.10465638239420964,0.05987847679885259,0.010046654268504245,4.2270258805107065e-05
Flywheel,preprocess_Reading203.dat,0.8232356554150303,0.10267156427888524,0.07239842005156871,0.0016940272291722234,3.330253437064911e-07,0.060907649698758115,0.46304617808691584,0.28595502583238863,0.11175773803438034,0.06796545808634277,0.010327504347086935,4.04459141272484e-05
Flywheel,preprocess_Reading204.dat,0.8214714407895715,0.10163142642566964,0.07507836191072904,0.0018184135427998377,3.5733122987885417e-07,0.05959173167310921,0.4781635438935924,0.27684633211169135,0.10774458486595051,0.06714185419613516,0.01044390412178843,6.804913773290108e-05
Flywheel,preprocess_Reading205.dat,0.807585266199434,0.11039665853434863,0.07995662494845016,0.002061077529802354,3.727879649065691e-07,0.07334175427385786,0.49543745024764285,0.23731757359205288,0.1124492516335597,0.0701515825903357,0.011259321142134885,4.306652041612048e-05
Flywheel,preprocess_Reading206.dat,0.8484715671895662,0.08694371229707931,0.06281822104416458,0.001766130882163879,3.685870260530884e-07,0.06294659824870333,0.5578914980803071,0.21954814133098582,0.09176160859142425,0.05867957027213517,0.009120720614935936,5.18628615082292e-05
Flywheel,preprocess_Reading207.dat,0.8113421492485724,0.09873035210202871,0.08756931065998318,0.0023576947917164025,4.931976993686075e-07,0.05341139329543235,0.5281477041869971,0.22402752554355593,0.10461157698530522,0.07763608937196667,0.012097502684480612,6.820793226205196e-05
Flywheel,preprocess_Reading208.dat,0.8041506519226209,0.09563036055333307,0.09776078766898116,0.0024578022115630195,3.976435014360115e-07,0.05775193463682733,0.527488346546387,0.21445229418326237,0.10040552328173696,0.0847772789683721,0.015068439260088417,5.618312332604663e-05
Flywheel,preprocess_Reading209.dat,0.8456663148032872,0.08624123300977801,0.06641136314491591,0.0016807548406247306,3.3420139389551705e-07,0.07061092935738558,0.5806338245091434,0.19150572368110008,0.08587892308742014,0.06275306219055087,0.008576915494681083,4.0621679718907105e-05
Flywheel,preprocess_Reading21.dat,0.7442217865267584,0.13671517183141288,0.11632761902534866,0.002734803852319258,6.187641606726892e-07,0.07046756668281089,0.49463248163371376,0.18338311811782027,0.13455365761036478,0.09915697839766106,0.01773590425416088,7.029330346843625e-05
Flywheel,preprocess_Reading210.dat,0.8398100383531732,0.08658401775465088,0.0718812938060217,0.0017242884476002254,3.616385538347263e-07,0.07066117331302987,0.5594181592155825,0.20490559656024115,0.09117712789852266,0.06434637382882163,0.009452830385412425,3.873879838971442e-05
Flywheel,preprocess_Reading211.dat,0.8404241911898002,0.08274151347412742,0.07452852689697988,0.0023054225797469055,3.458593455592426e-07,0.06122384312351802,0.5743880718843656,0.20231155826302716,0.0847628190989422,0.06596127890048369,0.011285752550385183,6.667617927815e-05
Flywheel,preprocess_Reading212.dat,0.8276333691936764,0.09913392395164591,0.0710109416239565,0.0022209022614434804,8.629692776269492e-07,0.06055511373925741,0.5688704989489091,0.1915069000430328,0.09899953263418872,0.07019655978986368,0.009818834679177558,5.2560165570581976e-05
Flywheel,preprocess_Reading213.dat,0.8133865099215009,0.10065354252299136,0.08331428667704988,0.002645209330864665,4.5154759330159306e-07,0.06537545602864574,0.5272536672738631,0.22242359267702988,0.0972434458514629,0.07613899643230805,0.011507437967315069,5.740376937512795e-05
Flywheel,preprocess_Reading214.dat,0.8208179976750327,0.09554958851752804,0.08131689568593975,0.00231518774245111,3.3037904823680724e-07,0.06319552369275468,0.5670216397009826,0.18731922796166872,0.09718928696189685,0.07338207460883277,0.011844887982696181,4.7359091168121275e-05
Flywheel,preprocess_Reading215.dat,0.8361352862934202,0.08453087685835643,0.07703783479845155,0.002295534199558753,4.678502129461984e-07,0.07702670539041696,0.5624610930564856,0.1925181094681014,0.08457278644210897,0.07268108311096057,0.01069571787710838,4.450465481811114e-05
Flywheel,preprocess_Reading216.dat,0.7961217784325784,0.09919221730824235,0.10184404258773365,0.002841503011424687,4.5866002111153283e-07,0.06689802883643498,0.5204179090671319,0.2043856444858042,0.10422211607584865,0.09095452408803582,0.013066213651901916,5.556379484261504e-05
Flywheel,preprocess_Reading217.dat,0.8316821511250528,0.08529816719789654,0.0807924441207883,0.0022267867177164754,4.5083854568161736e-07,0.07153800727179266,0.5592398942393314,0.19896611954775298,0.08467697813071387,0.07480953092940544,0.010723343235140197,4.612664586353579e-05
Flywheel,preprocess_Reading218.dat,0.8019799179334672,0.10609248611765933,0.08929774087423166,0.0026293847217662633,4.703528752906599e-07,0.06222010027870578,0.5531538855774151,0.18741748385297602,0.09970600282645133,0.08642969915399824,0.011019092851287162,5.37354591666642e-05
Flywheel,preprocess_Reading219.dat,0.7749928569448805,0.10486513652728119,0.11712838773602527,0.0030131185002364317,5.002915766992101e-07,0.07298418755087992,0.5025316315537605,0.20007962624585726,0.10458008198128986,0.10403760441241092,0.015723243789467867,6.362446633354369e-05
Flywheel,preprocess_Reading22.dat,0.7678362753168406,0.1192987900001883,0.11023896962960321,0.002625192751663169,7.723017048257419e-07,0.06968236805669331,0.5145636557730764,0.17485586937816325,0.12643860827514175,0.09775513962212531,0.016608468101332527,9.589079346749806e-05
Flywheel,preprocess_Reading220.dat,0.7911926947821105,0.10133994474937508,0.10467144828602386,0.002795065043369679,8.471391206797224e-07,0.06491588691004398,0.5102710063706751,0.2126184696777262,0.10269597547139638,0.09555731410639713,0.013858502671308283,8.28447924529361e-05
Flywheel,preprocess_Reading221.dat,0.7880876213204575,0.10546080321008103,0.10353987366093322,0.0029108042899557048,8.975185728267425e-07,0.05939373692424342,0.5105371439754661,0.20761743955413703,0.11603421494343155,0.09252237692942948,0.013804080460493874,9.100721279848947e-05
Flywheel,preprocess_Reading222.dat,0.7611220122088802,0.10277129636924423,0.13240601944083571,0.0037002269352818824,4.450457578568735e-07,0.05596395829434024,0.5014458120573605,0.19782065591601694,0.11042561052195704,0.11618671554837627,0.018081053050757353,7.619461119160356e-05
Flywheel,preprocess_Reading223.dat,0.7871446681253648,0.09695417696906712,0.11312935400277334,0.002771334716220732,4.661865742139334e-07,0.062470623629982264,0.5474955018113379,0.17355110760839554,0.10165297098194448,0.10106500148026086,0.01371007885762119,5.4715630457754884e-05
Flywheel,preprocess_Reading224.dat,0.7910965382556565,0.09480064482519637,0.11081453087698927,0.003287845794211299,4.402479466876973e-07,0.06080585805453601,0.5352982101620821,0.18767210499282289,0.1022947970132076,0.09859249785231247,0.015276992144895215,5.953978014361137e-05
Flywheel,preprocess_Reading225.dat,0.7852998190526683,0.09562593092218113,0.11608496028608174,0.002988635863836275,6.538752326543176e-07,0.06233683634636228,0.5186877622695327,0.19680943227198602,0.10467787448174076,0.10306045932513587,0.014371533018211036,5.6102287031246616e-05
Flywheel,preprocess_Reading23.dat,0.7867543807086997,0.11514751470822485,0.09592709378196505,0.0021705176754403606,4.93125670137024e-07,0.0870348933454932,0.5376695441355323,0.16320993721409377,0.1140329346817435,0.08433676671580484,0.013642371671732061,7.355223560024332e-05
Flywheel,preprocess_Reading24.dat,0.735214041535007,0.13883338183575475,0.12312873219851164,0.0028232188741554474,6.255565713306861e-07,0.06536070518330322,0.4813141153539775,0.19089984167644827,0.13840631303337905,0.10608308297895261,0.017864982745248094,7.095902869128222e-05
Flywheel,preprocess_Reading25.dat,0.7594957240184197,0.12158271576056869,0.11562997357767214,0.003290929241036561,6.574023026858558e-07,0.06927553054729732,0.45816296215867286,0.23106994046143536,0.12293655302311728,0.10137095295373769,0.017111692183892354,7.236867184697958e-05
Flywheel,preprocess_Reading26.dat,0.7674778557046862,0.1233712832470538,0.10624153193611773,0.002908756245876389,5.728662659263669e-07,0.09695663292915548,0.4994630533700186,0.17121745581856865,0.1273383392363534,0.09065396121627406,0.014292659115235157,7.789831439450605e-05
Flywheel,preprocess_Reading27.dat,0.7841854431353188,0.1099367345578564,0.1030397239563027,0.002837496975563651,6.013749585304331e-07,0.09933016897808492,0.5143334323453735,0.17000009034974445,0.1082809355185691,0.09097287566709805,0.01700744281338481,7.505432774518829e-05
Flywheel,preprocess_Reading28.dat,0.756041308756295,0.1258808675573973,0.11522342435827633,0.002853648980593911,7.50347437350559e-07,0.06962186493806816,0.5051265060467169,0.18039606309156567,0.12944117002401617,0.0987272978176345,0.016621292945240746,6.580513675784195e-05
Flywheel,preprocess_Reading29.dat,0.7853415841105804,0.10520032159026205,0.10674618891687715,0.002711357299471081,5.480828093942544e-07,0.07864107789964218,0.5018068606887897,0.2005734056765623,0.11030120563799459,0.09247817166150271,0.01613456893040382,6.470950510467764e-05
Flywheel,preprocess_Reading3.dat,0.7315560901793488,0.12253346920006673,0.1439952671083388,0.0019144708773958844,7.026348494774959e-07,0.07120591104127877,0.42668940886232865,0.22810449500510388,0.1201498539171766,0.13534956460773004,0.018437326902479165,6.343966390293576e-05
Flywheel,preprocess_Reading30.dat,0.7843393355370355,0.11604238158629467,0.09723010774144698,0.0023876458888802757,5.292463426528688e-07,0.0843034075496168,0.5156979885573489,0.17894819988559724,0.1214468730306365,0.08518601385706707,0.014360527147079574,5.6989972653846895e-05
Flywheel,preprocess_Reading31.dat,0.8015649219095438,0.10817922479029192,0.08815574458882137,0.00209970160712068,4.071042223681836e-07,0.08346194824348413,0.49534100196406866,0.21480514796942074,0.11617918214823414,0.07692777583046197,0.01322173714272006,6.320670161024891e-05
Flywheel,preprocess_Reading32.dat,0.7980513352589866,0.10230749226006201,0.0975576036771619,0.002083147320239259,4.214835500545625e-07,0.07801679142368367,0.5336383163177539,0.18741260920378658,0.1036713615577171,0.08145916637744967,0.015734107537009715,6.764758259940252e-05
Flywheel,preprocess_Reading33.dat,0.766533463143241,0.12631156249154904,0.10435865615737495,0.002795624015951978,6.941918831932972e-07,0.07283568385874856,0.4840680140774348,0.2012648268147386,0.13085272909353754,0.09410821772850181,0.016798710558635004,7.181786840368216e-05
Flywheel,preprocess_Reading34.dat,0.7791866588690187,0.10493426998304342,0.11333443096528929,0.0025440519429790606,5.88239669370478e-07,0.08331379680624929,0.5476378916000371,0.1519973636901985,0.10147626646980436,0.09810926954683363,0.017395385944737655,7.002594213947515e-05
Flywheel,preprocess_Reading35.dat,0.7882757278201726,0.10160778820250803,0.10735982313864294,0.002756129767739736,5.310709368250875e-07,0.08786124818733654,0.5473608667447369,0.15231112720531143,0.10067090155248774,0.09531943251221145,0.016349074357056615,0.00012734944085918105
Flywheel,preprocess_Reading36.dat,0.7982056538278399,0.1035826966917215,0.09566943085283885,0.0025415517603612947,6.668672384067693e-07,0.09304796973070445,0.562806167135502,0.1394237670667796,0.10534486192280443,0.08422828210654537,0.015075065379677089,7.3886657987166e-05
Flywheel,preprocess_Reading37.dat,0.7379745265325133,0.13352325134167392,0.12558488903108925,0.0029163706754765147,9.624192471047493e-07,0.05318603539629485,0.4680675686317392,0.2068066044850703,0.13677946973172136,0.11625495861246855,0.018830689863861307,7.467327884422615e-05
Flywheel,preprocess_Reading38.dat,0.7928997825750739,0.1118861672999295,0.09248043902561628,0.00273240264895977,1.2084504207815354e-06,0.06851493594438542,0.5304375835234101,0.18368612905379594,0.11377291850485274,0.08872895667603257,0.014786244046417128,7.323225110593333e-05
Flywheel,preprocess_Reading39.dat,0.7442314439397222,0.12747242935262185,0.125476442112459,0.002818962053657393,7.225415394811878e-07,0.0634557188651614,0.4682109658860306,0.21027064262735556,0.13185831116419466,0.10761681174890274,0.018514603008882018,7.294669947274497e-05
Flywheel,preprocess_Reading4.dat,0.7730899979345806,0.10884515521298578,0.11631100142288626,0.0017535122782381563,3.331513090141348e-07,0.08994002212866618,0.46885880119046675,0.2082991240768927,0.11032917342738749,0.10761419201281179,0.01490660270800933,5.208445576583239e-05
Flywheel,preprocess_Reading40.dat,0.7890784283221051,0.11634739777843763,0.09217100350659493,0.002402189396570433,9.809962918275675e-07,0.06867743166738391,0.538844882279246,0.17500393392829502,0.11526354851617263,0.08697096148888131,0.015177600963089987,6.164115693106821e-05
Flywheel,preprocess_Reading41.dat,0.7935571673379269,0.09924197353631975,0.10472787753267358,0.0024723977742468787,5.838188328711391e-07,0.07893331698621342,0.5538587724155659,0.15964160859808874,0.09964964000369707,0.09154568988761827,0.016308359364026623,6.261274479010604e-05
Flywheel,preprocess_Reading42.dat,0.7819960510557928,0.10281354105422867,0.11285593210013312,0.0023339127558064734,5.630340389352105e-07,0.07333693526745833,0.5365049033629505,0.17603545727337064,0.10246948044727354,0.09473812275899943,0.016849547268649442,6.555362129803617e-05
Flywheel,preprocess_Reading43.dat,0.819289747212427,0.08312847996264981,0.09540916512222093,0.0021720456215105813,5.620811914818914e-07,0.07412462531247282,0.5326349288626717,0.20226917723627008,0.0942741439567716,0.083056268417488,0.013582637797001217,5.821841732460818e-05
Flywheel,preprocess_Reading44.dat,0.8254480088706189,0.08226315748279299,0.08983979558173157,0.002448360617687946,6.774471685382101e-07,0.07323716030163241,0.564127413046616,0.18333260822103736,0.08786143391685068,0.07756017673888345,0.013822031023858369,5.9176751121788645e-05
Flywheel,preprocess_Reading45.dat,0.8250220026460556,0.08966334664656747,0.08308610761124653,0.0022279831466589634,5.599494713024673e-07,0.08800489938278726,0.5644482739947686,0.16884625878692752,0.09311474433991453,0.07265585790052599,0.012878478149632323,5.148744544382224e-05
Flywheel,preprocess_Reading46.dat,0.8055241846445856,0.09457525193567201,0.09756920469232302,0.002330756108215247,6.026192039978904e-07,0.07939062379776465,0.5487190720869883,0.17108734544448842,0.10204193993079351,0.08440781478936893,0.014284463279468449,6.874067112778314e-05
Flywheel,preprocess_Reading47.dat,0.8277819447124449,0.08922206549435001,0.08086892666808852,0.0021264479037725503,6.152213442983855e-07,0.08365473348144171,0.5498652864893825,0.19095606405337184,0.09182986528757849,0.07128484358057,0.01235447375310652,5.473335454899059e-05
Flywheel,preprocess_Reading48.dat,0.8084901016526415,0.10967336416469115,0.07950288942826944,0.0023330441487320703,6.006056660198892e-07,0.07484092167001401,0.5531142335971662,0.18966197764847864,0.10022343275453864,0.06997328127307986,0.01213006814202248,5.608491470028629e-05
Flywheel,preprocess_Reading49.dat,0.833358150266301,0.09271532735251566,0.0717037685213387,0.0022223296370362136,4.2422280848169926e-07,0.07172310226893537,0.5666343476638113,0.1930280658291579,0.09242186654635628,0.06435926944017492,0.011783108602703945,5.02396488601192e-05
Flywheel,preprocess_Reading5.dat,0.7156803281481348,0.13796324524468473,0.14418219606286,0.0021736739535529806,5.565907674664524e-07,0.04973374342456096,0.37125739590193785,0.28450225868492945,0.1455991945994579,0.13122430647827052,0.017616448354172413,6.66525566708946e-05
Flywheel,preprocess_Reading50.dat,0.8017042761806571,0.1100128355318215,0.08595352383358514,0.002328809861145428,5.545927910271687e-07,0.04997260072827117,0.4256837566062272,0.31855545558339865,0.11572207242148635,0.07752407715944351,0.012490890689687362,5.1146811485560424e-05
Flywheel,preprocess_Reading51.dat,0.8393158111847157,0.09235294201606566,0.06601369048461271,0.00231708644753256,4.6986707301062654e-07,0.0714312772007266,0.5111516228946485,0.25213414885112395,0.09592236087041281,0.058059580308465863,0.011255459298363867,4.555057625824107e-05
Flywheel,preprocess_Reading52.dat,0.8510294643723134,0.08461604434462301,0.06241391318280598,0.001940190114051593,3.879862060796593e-07,0.06692377699149148,0.496530359117542,0.28290963133908714,0.08876362803969205,0.055457781373991134,0.009335599136299715,7.922400189658701e-05
Flywheel,preprocess_Reading53.dat,0.8475409371678575,0.08818713193866053,0.06239502558715507,0.0018765462236761407,3.590826507580775e-07,0.07368879959075077,0.49307037084792227,0.27277215764866203,0.0930570445838369,0.05763751385260085,0.009732929400595097,4.118407563211963e-05
Flywheel,preprocess_Reading54.dat,0.8409668354044092,0.08077422846850132,0.0762967926757254,0.0019616273883860513,5.160629780742545e-07,0.060803433295544135,0.4969893601122748,0.26721537338225304,0.09494921876053392,0.0697851934365782,0.010211528305748584,4.589270706736925e-05
Flywheel,preprocess_Reading55.dat,0.857579907110114,0.07414164776952592,0.06641143998845406,0.0018666614247485973,3.437071572216296e-07,0.06960995112923059,0.5538995147189176,0.2291294888381714,0.07854058331292872,0.058891553393425417,0.009886213565551619,4.2695041774776404e-05
Flywheel,preprocess_Reading56.dat,0.8411240007315247,0.07485872146315277,0.08199108180590291,0.002025842551273248,3.534481464437965e-07,0.07030985335764849,0.5197965152953582,0.24202035320585566,0.08570289498185431,0.07142532312661186,0.010693055264424134,5.2004768247480164e-05
Flywheel,preprocess_Reading57.dat,0.819586285095916,0.10473308456411085,0.07399644274826606,0.0016838868646638634,3.007270431991023e-07,0.06866837613078192,0.5058334168003301,0.2376047452369972,0.1103192725170964,0.06779538630273135,0.009740988001896832,3.7815010166276766e-05
Flywheel,preprocess_Reading58.dat,0.8232366573860316,0.09324013928789615,0.08155330806996576,0.0019695265200019257,3.6873610447205914e-07,0.06165010095120537,0.4838695906180585,0.27034656799914225,0.10111787899226395,0.07250382839812645,0.01046980077824327,4.223226296031018e-05
Flywheel,preprocess_Reading59.dat,0.8315727283098755,0.08552481183697437,0.08066437679234555,0.0022377704504274944,3.126103770041824e-07,0.06340364808954337,0.5193436811301391,0.24012912521132795,0.0946182402046683,0.07012347883074502,0.012332140476530496,4.968605704599154e-05
Flywheel,preprocess_Reading6.dat,0.7326076988495356,0.12880961405805966,0.13637328161837012,0.0022088665753085654,5.38898725939247e-07,0.061011468398986794,0.42295688280398336,0.24341732705489308,0.1323879247845467,0.12487373669243446,0.015250251667964045,0.00010240859719143165
Flywheel,preprocess_Reading60.dat,0.8372305806907334,0.08613026464754957,0.0747791084117463,0.001859685757415044,3.6049255561612644e-07,0.07378682066031653,0.4971868552625981,0.2579522735400936,0.09282587869888102,0.06777717656604118,0.010430294426907398,4.070084516211252e-05
Flywheel,preprocess_Reading61.dat,0.8076676728461174,0.10022108686229837,0.08971800333021496,0.002392888372466845,3.4858890242054907e-07,0.06912090602396131,0.4755947559404693,0.2520423595198171,0.11221675074700882,0.07792669888807702,0.013047195552869355,5.133332779709405e-05
Flywheel,preprocess_Reading62.dat,0.8284558487083323,0.09316891409633446,0.0761286266683534,0.0022460060607299814,6.044662497426629e-07,0.06562083530245995,0.5308210362007397,0.22566689369674134,0.09862096948017111,0.0692289859075566,0.009977276532321102,6.40028800104872e-05
Flywheel,preprocess_Reading63.dat,0.777361518663788,0.11331090262386498,0.10679169903820283,0.0025353661167025563,5.13557441658024e-07,0.06452613261749245,0.4553545226594543,0.2549157495507796,0.11577954700598889,0.0947821686965577,0.014584801412499168,5.707805722792686e-05
Flywheel,preprocess_Reading64.dat,0.8201700045418953,0.09738861444108048,0.07989265634016746,0.002548418241163919,3.064356931039541e-07,0.06780510037831408,0.5059435847164588,0.24063763063299418,0.10353639616810671,0.07116842572702262,0.010859763647280862,4.9098729822857384e-05
Flywheel,preprocess_Reading65.dat,0.7909621575522575,0.10775243611596615,0.09861558059567833,0.002669480321805643,3.454142922765017e-07,0.06274304457680785,0.48186849896490025,0.2406431586434714,0.11272186650243039,0.08800200965916882,0.013965275788295992,5.614586492524734e-05
Flywheel,preprocess_Reading66.dat,0.7414727807631576,0.13006839491066038,0.12562418194820602,0.0028342621495465008,3.802284294182355e-07,0.05996025249016241,0.44414559527332886,0.23093620720285202,0.13948559848304443,0.11127058161457651,0.014144432844417435,5.733209161815829e-05
Flywheel,preprocess_Reading67.dat,0.744784025260213,0.12554376086547264,0.1262579338571056,0.0034137099282563602,5.700889525759627e-07,0.05555496911848638,0.44503468771223104,0.23783314644798104,0.12854886011049207,0.11389171158023428,0.01906419475281188,7.243027776325572e-05
Flywheel,preprocess_Reading68.dat,0.7256083187802856,0.12043602487816205,0.15046005873760115,0.003495098796493029,4.988074580394934e-07,0.050958621292397685,0.41989770054220527,0.2529696963356281,0.1257331883359999,0.1314756933218281,0.01889186194946783,7.323822247308301e-05
Flywheel,preprocess_Reading69.dat,0.7926944332347249,0.09394470384327148,0.11021390158327192,0.003146599378936999,3.619597946261257e-07,0.08365206395499429,0.5060831618560787,0.19877181608724434,0.0994525371478042,0.0969837239803649,0.014996934877010842,5.976209650269818e-05
Flywheel,preprocess_Reading7.dat,0.7086962003216998,0.14682928284093852,0.14203630576240484,0.002437776994496243,4.340804607973182e-07,0.062478529107547906,0.43412381483114243,0.2067036553289764,0.14911826015769503,0.12921780006707548,0.018284374141220874,7.356636634176517e-05
Flywheel,preprocess_Reading70.dat,0.7473871834500039,0.10752852392566602,0.14157207117518752,0.0035117692952696825,4.5215387289341584e-07,0.06472262281637861,0.4460210129648392,0.24223527629499791,0.11016667162522957,0.11858553131099758,0.01818866075667957,8.022423087766682e-05
Flywheel,preprocess_Reading71.dat,0.7221237036898948,0.1116476534045275,0.16230504592143666,0.003923183870142181,4.1311399899538047e-07,0.060736458606723484,0.4561854907987563,0.2075824631436228,0.12185274828425012,0.13253623381226948,0.021023571899749623,8.303345462826252e-05
Flywheel,preprocess_Reading72.dat,0.7325987268503285,0.10821399102551786,0.15540349884559806,0.0037833196859481805,4.635926073053921e-07,0.058431479532119454,0.4692807098287212,0.20364787152642833,0.11339752669440711,0.13281171165588398,0.022347796427100712,8.290433533920588e-05
Flywheel,preprocess_Reading73.dat,0.7845740929160949,0.09748580971377116,0.11437151040132273,0.003568089637180226,4.973316307600045e-07,0.06320160000957137,0.5024595482150481,0.209410207420475,0.10380389111850943,0.10486628540653513,0.016188027192718488,7.044063714268831e-05
Flywheel,preprocess_Reading74.dat,0.7412354813420345,0.10591958127096876,0.14904970909150314,0.0037947647203698353,4.6357512389063256e-07,0.06162926933116435,0.4489893853412562,0.23049766595971413,0.11468389196046674,0.12654245697344518,0.017580491352499814,7.683908145358239e-05
Flywheel,preprocess_Reading75.dat,0.7557989168464246,0.09558206941911701,0.14473846207878477,0.0038800635711449005,4.880845288858205e-07,0.05363624821454093,0.4741202063084743,0.22788763635741568,0.10248637218120693,0.12023704825359872,0.021552241735899747,8.024694886377361e-05
Flywheel,preprocess_Reading76.dat,0.626647986132629,0.17773160331629476,0.19290603667947426,0.002713961423681469,4.1244792060223226e-07,0.06869643271050846,0.4092705999030297,0.1571718832252236,0.15394042809393435,0.18374272085204987,0.027091389715014215,8.654550023969174e-05
Flywheel,preprocess_Reading77.dat,0.7054699074567894,0.13720949130576932,0.15465321333941728,0.0026669315005019337,4.5639752186879327e-07,0.06763804205792884,0.39182454468804095,0.24582080068864487,0.14080678864555696,0.1336191848710005,0.02021949218164376,7.11468671840962e-05
Flywheel,preprocess_Reading78.dat,0.7480598491577035,0.11900273159631805,0.13095650769798317,0.001980599985437395,3.115625578206201e-07,0.06425845041580028,0.42010787310420117,0.2515445080590986,0.1267783122924687,0.12067212449986667,0.016580540066439525,5.819156212517038e-05
Flywheel,preprocess_Reading79.dat,0.7046467601184245,0.13898652922060578,0.15415448482675906,0.002211763888287974,4.619459227121523e-07,0.053468746136798,0.37942094545314864,0.27220797789805534,0.13995890748945475,0.13586658811562816,0.018972206246705564,0.00010462866020970126
Flywheel,preprocess_Reading8.dat,0.6935228452309268,0.15891776887707668,0.14524250847266196,0.002316304683872711,5.727354618746744e-07,0.08645923230583799,0.44311104591816863,0.16912020830676305,0.15269554452319659,0.13140227621017875,0.017138149910839375,7.35428250155415e-05
Flywheel,preprocess_Reading80.dat,0.7275639028124455,0.12665611776195004,0.14354815266425155,0.0022313967308976146,4.300304552877167e-07,0.05979649763489726,0.38847518486560007,0.2630148449196007,0.1384405413426821,0.1323471361241524,0.017845127399721984,8.066771334561247e-05
Flywheel,preprocess_Reading81.dat,0.7507556489548023,0.12343196717571496,0.12369285065679893,0.0021190488542760025,4.843584078588004e-07,0.07051083419721531,0.38797685810500365,0.28637957262578934,0.13175898093421254,0.10867079752864521,0.014646185894407289,5.677071472660622e-05
Flywheel,preprocess_Reading82.dat,0.7406507247392177,0.12330973925150622,0.13393240445975338,0.0021066614601368714,4.7008938599664246e-07,0.0637628849268874,0.40055272194598973,0.26718911173727583,0.13803157376692937,0.11547401387210184,0.0149247556871814,6.493806363434528e-05
Flywheel,preprocess_Reading83.dat,0.7621364303867699,0.1168682529310683,0.11880645743625105,0.0021883301201530473,5.291257576032883e-07,0.06683990820063385,0.4119935593629229,0.26881053037638064,0.1305934060438951,0.10842252484768819,0.013274669385242683,6.540178323665878e-05
Flywheel,preprocess_Reading84.dat,0.7643906056890816,0.11790266741855086,0.1154321484695785,0.0022740100818321326,5.683409566461198e-07,0.0793034250642954,0.44825588185282234,0.2287359728518218,0.12589151552272262,0.10332927504685811,0.01442288152311057,6.10481383689591e-05
Flywheel,preprocess_Reading85.dat,0.7249038485408399,0.14101038052049855,0.13154446343220022,0.0025406005886983406,7.069177630678791e-07,0.06765191875437347,0.36774468335016636,0.2756595952719752,0.15557853178671374,0.11738805562304548,0.015911725772755046,6.548944097066383e-05
Flywheel,preprocess_Reading86.dat,0.7655376367055052,0.1166191064342706,0.11532003060908416,0.0025227477791430956,4.784719970199826e-07,0.06701625621897511,0.4060759090971731,0.2711421854238028,0.14152178369534632,0.10022164972700755,0.013964581089479964,5.763474821500293e-05
Flywheel,preprocess_Reading87.dat,0.755016077403644,0.12445117580057297,0.1180907710054069,0.0024412854094119137,6.903809643261499e-07,0.06398091352060367,0.38787469886478154,0.30277326319709597,0.13262787271098253,0.09927488439688034,0.013401937501743016,6.642980791308529e-05
Flywheel,preprocess_Reading88.dat,0.7115018892341143,0.16546132784488465,0.12046755208243608,0.0025686108354009765,6.200031642578645e-07,0.07181935740197498,0.44391419701849016,0.19820615149186868,0.15775472831586726,0.11112207216365534,0.01711320717048225,7.028643766129262e-05
Flywheel,preprocess_Reading89.dat,0.7539949135643496,0.13365283461830701,0.1098484922004331,0.0025032662296041166,4.9338730610769e-07,0.08207181020242127,0.48104982934542123,0.1879812498271772,0.13028532017728414,0.10325587701476582,0.01529290622285832,6.300721007198971e-05
Flywheel,preprocess_Reading9.dat,0.7230869585661861,0.14099999906089453,0.13381429078411952,0.002098294036411747,4.575523881358828e-07,0.07315382346304183,0.4554369732051466,0.18507300374079813,0.14644379603122284,0.1228524800854657,0.01697384621908393,6.607725524121863e-05
Flywheel,preprocess_Reading90.dat,0.7445425410212676,0.1388778383351809,0.11385214200943486,0.0027268151470645,6.6348705232114e-07,0.06483917673584992,0.44408364424005,0.2332645150252281,0.14149014708280366,0.10067908047282852,0.015564979031296484,7.84574119432779e-05
Flywheel,preprocess_Reading91.dat,0.7789480476865565,0.12001537743683847,0.09890170079406584,0.0021344166068795324,4.5747565964321895e-07,0.08011616379597623,0.47385451607853496,0.2208854692269086,0.12066191542549749,0.09089287133037283,0.013533964930831822,5.509921187806507e-05
Flywheel,preprocess_Reading92.dat,0.7960081882758419,0.11369559853013891,0.08795848828946802,0.0023371647008528277,5.602036983078214e-07,0.08607909573158512,0.5234916026791236,0.18217098199325668,0.11481901951578166,0.08047393234383306,0.012909704556998056,5.56631794218984e-05
Flywheel,preprocess_Reading93.dat,0.812490592892263,0.10128106169372238,0.08430382661956926,0.0019238482057719836,6.705886734580233e-07,0.08220656950399789,0.5436962718237248,0.18579690243883137,0.09966268304604924,0.0767690478414984,0.01181818596072389,5.0339385174187914e-05
Flywheel,preprocess_Reading94.dat,0.8045662345833582,0.10812459248015488,0.08518135997419386,0.002127183566635615,6.293956574507677e-07,0.08553686820101694,0.5435679274305588,0.17116926990884854,0.1092391367505135,0.07734512136194804,0.013085903095104589,5.5773252009664516e-05
Flywheel,preprocess_Reading95.dat,0.7228070203091822,0.15982413054598185,0.11419919879081673,0.0031688841713508682,7.661826684671434e-07,0.05487764948958089,0.40936872500385135,0.25271621680159756,0.15929830042064463,0.10638685586434089,0.017276929983781823,7.532243620252025e-05
Flywheel,preprocess_Reading96.dat,0.7494580774110976,0.13938995328213027,0.1083261617135262,0.0028252787253906894,5.288678553870613e-07,0.06842008386376369,0.4550281958276701,0.22584181168966824,0.13994698842799475,0.09422449125505948,0.016469320234088317,6.910870175538894e-05
Flywheel,preprocess_Reading97.dat,0.8190561521682655,0.09759874160137723,0.08108464881660457,0.0022596213839189585,8.360298336229355e-07,0.0797999060528197,0.5380510481542827,0.18714723753290788,0.10493312587421769,0.07692847543824277,0.013070289169976353,6.991777755281712e-05
Flywheel,preprocess_Reading98.dat,0.7797954057980678,0.11379073265068225,0.1037228556901892,0.002690313957758694,6.919033019251171e-07,0.07123864140385548,0.49231698112951516,0.21711940431823118,0.11145022663874592,0.09231439403152154,0.015481540182113935,7.881229601663832e-05
Flywheel,preprocess_Reading99.dat,0.7766916015088059,0.12058538453211265,0.09962874848311641,0.003093681652755204,5.838232101173766e-07,0.07405379443591271,0.5108260430909227,0.19139970075655308,0.11631627033565613,0.09176175038743532,0.015543256041280226,9.918495223982908e-05
LIV,preprocess_Reading1.dat,0.6928871045280507,0.17634313315547098,0.12962282348946,0.0011466409303793126,2.9789663923627897e-07,0.02088962862199085,0.19865199308466552,0.4466698436944524,0.19887637848050985,0.12348603603291425,0.01138293201960321,4.3188065863867116e-05
LIV,preprocess_Reading10.dat,0.7573467834888373,0.14804192290455467,0.09362205096703825,0.0009889277806758546,3.1485889375009406e-07,0.02599507783288699,0.2427473036350551,0.4450382649064904,0.19237509559174504,0.08689867860098059,0.0069146019599485254,3.09774728932959e-05
LIV,preprocess_Reading100.dat,0.7809042820415293,0.13739714727440247,0.08058080588513253,0.0011173217583808003,4.4304055476030035e-07,0.02554924552096011,0.21993107245730278,0.4876205468159167,0.18376273262893592,0.07553408649771091,0.007568344406885694,3.3971672287911495e-05
LIV,preprocess_Reading101.dat,0.8121944183495208,0.12527869541247066,0.06163714982436387,0.0008895053013628962,2.3111228166861048e-07,0.046333433834924664,0.2930972076386331,0.4272992383189135,0.1691662778015166,0.05900280904901111,0.005072082850707203,2.895050629383569e-05
LIV,preprocess_Reading102.dat,0.785395220045542,0.14909735507246127,0.06465753293319687,0.0008496357861709796,2.5616262852294707e-07,0.037988397328904924,0.2625172524762538,0.465462895716158,0.16829151073000292,0.06099963998608897,0.004706893408922637,3.341035366881197e-05
LIV,preprocess_Reading103.dat,0.803186996520996,0.13362260830526912,0.062445233516991674,0.0007448610718679948,3.005848751033362e-07,0.040296781895963585,0.3097968452170404,0.4209031402831287,0.16566937693359085,0.058239244501039546,0.005060607652437456,3.400351679945977e-05
LIV,preprocess_Reading104.dat,0.8012086145919375,0.12807302514441404,0.06985143314374848,0.0008666698141365993,2.5730576333876786e-07,0.03653354101880755,0.2843373216354948,0.44458945699198016,0.16483561298866398,0.06475192360878732,0.004925716678498312,2.642707776781738e-05
LIV,preprocess_Reading105.dat,0.8152161987001975,0.1265312965688331,0.057534809316571754,0.0007174249779291166,2.704364684132623e-07,0.027057354922513915,0.2352037470034922,0.5118631093210504,0.16276776963324205,0.058471575256474534,0.004614899464547127,2.1544398679731365e-05
LIV,preprocess_Reading106.dat,0.8254848298653582,0.11557720387193195,0.0581456717350629,0.0007920054549728084,2.8907267411587426e-07,0.03406140262474594,0.2804282322104518,0.45813466915948653,0.16297050903952406,0.059803843299583395,0.004579710433757906,2.1633232450250733e-05
LIV,preprocess_Reading107.dat,0.8206434871874829,0.11605448693016514,0.06243629215067001,0.0008654513485943508,2.823830873874952e-07,0.03089296829763019,0.2773108439918598,0.4608948480493368,0.16623551713320714,0.05967819658456086,0.004958470528911198,2.915541449395813e-05
LIV,preprocess_Reading108.dat,0.8128633661680353,0.12177587017058604,0.06449749251823866,0.0008629571105581693,3.140325820166536e-07,0.02743740560631769,0.2565705486342469,0.4792797358327507,0.16888191822581883,0.06279775878476057,0.0049801013950024915,5.253152110306183e-05
LIV,preprocess_Reading109.dat,0.8098151574948288,0.12206874962667542,0.06730838181644755,0.0008074090496335738,3.0201241459583565e-07,0.02823635596982868,0.2519566120314993,0.47337487428032243,0.17673485461943636,0.06465965967694058,0.005015231155318547,2.241226665417692e-05
LIV,preprocess_Reading11.dat,0.7111923269463979,0.1790749686773133,0.10839472485805858,0.0013375069850607418,4.725331694998182e-07,0.03535383452054627,0.28223918109120555,0.37007986043093477,0.19789363004327976,0.10614309712535375,0.008247993983685102,4.240280499481613e-05
LIV,preprocess_Reading110.dat,0.8014933548640418,0.12917020832714657,0.06843725846638174,0.0008988989894811126,2.793529486490888e-07,0.023160767395409232,0.21798488393271048,0.5166338537481273,0.17285371111245398,0.06442883949594362,0.004916628949156686,2.1315366198794946e-05
LIV,preprocess_Reading111.dat,0.7852592444739152,0.1260427091226953,0.08773444578252781,0.0009632439962323096,3.566246293179647e-07,0.032048220159603506,0.29828436683370474,0.4180217709423584,0.1638821590728942,0.08084652958018822,0.006884582370985152,3.237104026608092e-05
LIV,preprocess_Reading112.dat,0.7973436213402509,0.12594641753026656,0.07569030169822995,0.001019112642866648,5.467883857539841e-07,0.030743822023957833,0.3065865201776119,0.41739668031887933,0.17019761475803735,0.06928499870962831,0.005762108235650649,2.8255776234598e-05
LIV,preprocess_Reading113.dat,0.8016319868617772,0.12785930089612613,0.06964650724052485,0.0008618278860914219,3.7711548024425666e-07,0.029063942970950333,0.33182178098710075,0.4216144886461318,0.14818331119896144,0.06365516343898486,0.005633874445396005,2.7438312474935545e-05
LIV,preprocess_Reading114.dat,0.8518734595112097,0.08422857781173981,0.06292378604364682,0.0009738242360471088,3.523973564924135e-07,0.047278610309059735,0.4119729321074725,0.35695689434209427,0.11966341352290094,0.05825832192506988,0.005828212063712404,4.161572969016532e-05
LIV,preprocess_Reading115.dat,0.8204831368184616,0.10713811644068134,0.07139672530839958,0.0009817191040345627,3.0232842285274314e-07,0.02949115890513807,0.33105431768786686,0.42506945571015675,0.14355734541025436,0.0644995474118438,0.006298727494338701,2.9447380401361826e-05
LIV,preprocess_Reading116.dat,0.8025928880682275,0.11851510574191222,0.07792743065214504,0.0009641865770009953,3.8896071422829434e-07,0.029292214746981467,0.3188794919205077,0.4159132769355992,0.15832487998144285,0.07128500099168343,0.006272052635994981,3.3082787790297155e-05
LIV,preprocess_Reading117.dat,0.8236828610666547,0.10505135066299665,0.07051363130415032,0.0007519062699421036,2.506962558639976e-07,0.034962068838954405,0.3132198373392511,0.4323956192926131,0.14772000931300588,0.06557645074431896,0.006100655943257549,2.5358528599308876e-05
LIV,preprocess_Reading118.dat,0.8373328549852084,0.09773449028740878,0.0641409902390868,0.000791279235942148,3.8525235392571166e-07,0.025592658585196923,0.290294275690359,0.4701974742972761,0.14986597687548753,0.0585001873571388,0.005520839083874813,2.8588110666712195e-05
LIV,preprocess_Reading119.dat,0.8232928953416642,0.10270842768244336,0.07323154381704951,0.0007667503889391557,3.827699040604305e-07,0.03157857778994374,0.29744533900803366,0.4429883596557048,0.15452890485225315,0.06726628695379544,0.006164170023010619,2.8361717258594994e-05
LIV,preprocess_Reading12.dat,0.6984974002240824,0.19195253319265607,0.10830015365764746,0.0012493674032476015,5.455223664002701e-07,0.0265641377486408,0.25446323726485953,0.4032111096178044,0.2049238080311862,0.1033100997674059,0.007457609394715054,6.999817538808555e-05
LIV,preprocess_Reading120.dat,0.8065893361408694,0.11563468752246267,0.07703847494554178,0.0007372542231062485,2.4716802018817427e-07,0.02628726240038271,0.2756327995642343,0.4480211326398304,0.17149516220997196,0.07316019379637326,0.005379074310904985,2.437507830234974e-05
LIV,preprocess_Reading121.dat,0.7923195597205016,0.11386324816168561,0.09285250088358435,0.0009643780307181724,3.1320351001154347e-07,0.03085344564718487,0.30622102671308005,0.40591953287659543,0.1668036322783857,0.08300404572474972,0.007168471933491751,2.9844826512550235e-05
LIV,preprocess_Reading122.dat,0.8068507940847608,0.11144213889675285,0.08081089003582893,0.0008956805363040235,4.9644635346347e-07,0.023875404262377813,0.28705194164330566,0.4308896727731113,0.17066436688152425,0.08081072541925037,0.006678011255081301,2.9877765349226783e-05
LIV,preprocess_Reading123.dat,0.8019981224653405,0.11058512831712863,0.08661313020672472,0.0008033131808217253,3.0582998457959577e-07,0.029032526868015662,0.31597708596663515,0.39545164717547987,0.17679606164522824,0.07618354766102099,0.00652699473918051,3.213594443951443e-05
LIV,preprocess_Reading124.dat,0.8156300209869339,0.10344584516742794,0.08017488943385448,0.0007489846001474803,2.5981163605191687e-07,0.028667367608997536,0.292224802510226,0.4355734628979986,0.16312533476357693,0.07442926271933208,0.005949988193373022,2.978130649584308e-05
LIV,preprocess_Reading125.dat,0.7905251568317795,0.1177744009056895,0.09090944287006811,0.0007906735595280353,3.258329347768238e-07,0.027807283325329165,0.3009977003201259,0.41639730530683006,0.16778210939693164,0.08101898020356187,0.0059019714514618295,9.46499957594444e-05
LIV,preprocess_Reading126.dat,0.8094001409697642,0.11131800391000361,0.07855451954452154,0.0007271324990842552,2.0307662619899698e-07,0.029131789745950258,0.2583480720032576,0.43782370782521174,0.19596657498225326,0.07297528665070385,0.005729506135021482,2.5062657601744148e-05
LIV,preprocess_Reading127.dat,0.8086955629790552,0.1116717736971911,0.07880961752164552,0.0008228128775185576,2.329245897720438e-07,0.026103505654750277,0.25325426104968396,0.47264789496009024,0.16722324282559597,0.0752864061324086,0.0054595902574745905,2.509911999626663e-05
LIV,preprocess_Reading128.dat,0.806988439277537,0.1191641470078945,0.07284628045172485,0.0010008077229861545,3.2553985749179553e-07,0.04009262022540749,0.3148121457272559,0.39534853313835194,0.17858066538919756,0.06504611780674677,0.006085598095598901,3.431961744140564e-05
LIV,preprocess_Reading129.dat,0.8195555485790347,0.10039598929190625,0.07899704869860752,0.001051027748520381,3.8568193110993425e-07,0.040792471676966285,0.3596191526778879,0.3669663893344943,0.1574407593737695,0.06860340978100286,0.006547724587446864,3.0092568432217148e-05
LIV,preprocess_Reading13.dat,0.7182659419065628,0.19122273918257945,0.0893427880116903,0.0011681436722489876,3.872269186869795e-07,0.032503902788058654,0.26611160624038593,0.3994265158609699,0.20021595245990417,0.0945485699643553,0.007157147452842257,3.630523348382201e-05
LIV,preprocess_Reading130.dat,0.8196435064431811,0.10286273813266361,0.07657233553040167,0.0009210814255937886,3.384681598229985e-07,0.0389279055141151,0.32786222624846206,0.40346286275015547,0.15331952212385241,0.06998659081344501,0.006411314902622998,2.957764734703305e-05
LIV,preprocess_Reading131.dat,0.8395572485636001,0.0933812754822362,0.06596641607850796,0.0010942824382629609,7.774373930778295e-07,0.04273561297647191,0.3561731946017667,0.38392902958760633,0.14453043695497594,0.0658015056546765,0.006785037508148024,4.518271635462701e-05
LIV,preprocess_Reading132.dat,0.7876006478135452,0.098472696760635,0.112764693541071,0.0011616467842746237,3.151004740492123e-07,0.046725353908668964,0.3526260402446205,0.3351556829691055,0.15930348442691872,0.09701230877775033,0.009131910891878427,4.5218781057472855e-05
LIV,preprocess_Reading133.dat,0.7959036146757773,0.11417895550497213,0.0889294145501547,0.00098767111766069,3.44151435202388e-07,0.03883786910386262,0.2928017206291375,0.40625452166532844,0.17174928066064765,0.08358026553940867,0.0067464629093851244,2.987949223006242e-05
LIV,preprocess_Reading134.dat,0.778271478359752,0.12415242015892314,0.09664674569987228,0.00092893276758754,4.230138649512901e-07,0.02037222037311644,0.23106980478710534,0.45357922861796623,0.1978710972696117,0.09066363885559518,0.006413119336982789,3.089075962228729e-05
LIV,preprocess_Reading135.dat,0.7924372360703926,0.12435773817792384,0.08226390414221897,0.0009405678264237525,5.537830409350902e-07,0.027294737038994002,0.26122811288585135,0.42922409777453113,0.19829247336404723,0.07785027439826514,0.006066934769399529,4.3369768911650873e-05
LIV,preprocess_Reading136.dat,0.7753861635040333,0.12041425462646017,0.10339049303268844,0.0008088328640881682,2.559727299578071e-07,0.028092796899849278,0.2495424883255922,0.4421773000148437,0.1735149701942476,0.09969699056550702,0.006947536528553359,2.7917471406880823e-05
LIV,preprocess_Reading137.dat,0.764510197571924,0.13397365606135717,0.1008123119570091,0.0007036238523869324,2.105573229196919e-07,0.02297509868109111,0.19289232333431267,0.4764217544530026,0.21402790573976105,0.08777747770205648,0.005879543818544477,2.5896271231634867e-05
LIV,preprocess_Reading138.dat,0.7448117129556397,0.15188977086174343,0.1025700382818705,0.0007281468439067238,3.3105683955643047e-07,0.01644738651402513,0.1794010960872821,0.4823374299326313,0.21804996005320043,0.09890988122753748,0.004831393134296937,2.2853051026625457e-05
LIV,preprocess_Reading139.dat,0.7858979513221362,0.12295479627980545,0.09042479357756772,0.0007221673247033309,2.914957871835076e-07,0.018642285037229017,0.22409208609252892,0.4512842839861075,0.2171822813153549,0.08379401521572126,0.0049797010068431975,2.5347346215204478e-05
LIV,preprocess_Reading14.dat,0.7087692003226171,0.18692925397998672,0.10304717219810895,0.0012539178600302614,4.5563925701008724e-07,0.026777199953267102,0.28409325720959344,0.37653606041821897,0.20170214460243366,0.10337052888912848,0.007392857304423687,0.0001279516229347442
LIV,preprocess_Reading140.dat,0.769713840435938,0.1425055740790185,0.08702408329617962,0.0007563137415359104,1.8844732778209788e-07,0.020374797992207597,0.21553830250742773,0.4677845906948771,0.20761166038498924,0.08323057797079204,0.005437939541298085,2.213090840837148e-05
LIV,preprocess_Reading141.dat,0.778117829635171,0.1385709101253311,0.08247037394547324,0.0008405424839952039,3.438100293816126e-07,0.017923506378272794,0.21578616341754178,0.47450387806010313,0.20939993689999706,0.07653593098676072,0.005821100674792609,2.9483582531919473e-05
LIV,preprocess_Reading142.dat,0.7890998079145038,0.13176657038560127,0.07833259663042484,0.000800794344671356,2.307247986675313e-07,0.01636539078414665,0.1989075653783344,0.4840001100581587,0.2228648164104449,0.07139689445920322,0.006410329689544789,5.489322016754862e-05
LIV,preprocess_Reading143.dat,0.7674869356298087,0.1357040135425475,0.09580840300411245,0.001000148277659894,4.995458713138276e-07,0.019737512050453335,0.2405559953572175,0.4609586557241408,0.18136293674738602,0.09027518238903556,0.007076880126258712,3.2837605508168024e-05
LIV,preprocess_Reading144.dat,0.7913478278746199,0.12448341429011389,0.08340854774297679,0.0007599908342074399,2.192580821844812e-07,0.017756595368609834,0.22077045799163686,0.47255625266303986,0.20518151331789963,0.0770656211805687,0.006626302736548831,4.325674169636922e-05
LIV,preprocess_Reading145.dat,0.7620022700099929,0.14003626064397237,0.09705298745987166,0.0009081340598910482,3.478262723420933e-07,0.02352698686072523,0.2115239779728407,0.471697804491403,0.19704486558828832,0.08945192395493366,0.006722538333740996,3.190279806801607e-05
LIV,preprocess_Reading146.dat,0.748510204152621,0.15007053441739304,0.10051620621287884,0.0009027141066570543,3.4111044989387255e-07,0.028121971963388365,0.23853861432707638,0.4080715976370603,0.2250558153781908,0.09335989726314024,0.006802094365439709,5.000906570431406e-05
LIV,preprocess_Reading147.dat,0.7548669947213764,0.1429337538096635,0.10132397022566399,0.0008750197514948308,2.614918012885103e-07,0.02517189849203308,0.2296579455747052,0.4486300124839936,0.19646884872602305,0.0929619232734449,0.007078299969258785,3.1071480541524956e-05
LIV,preprocess_Reading148.dat,0.7466124266612717,0.15386745483793524,0.09856744470004479,0.0009524330926197549,2.4070812870769754e-07,0.024491014333817472,0.2494040843176294,0.4165348013578708,0.20484171150401556,0.09840426958158383,0.006294863202857164,2.925570222582019e-05
LIV,preprocess_Reading149.dat,0.7233181745306929,0.16133389534818054,0.1143329537849409,0.0010146092304704729,3.6710571510257556e-07,0.020274684098159582,0.21703872932759236,0.41957261541367424,0.222594560156401,0.11347565857806992,0.007013249661542004,3.0502764560777512e-05
LIV,preprocess_Reading15.dat,0.7219242307553575,0.18526000463715636,0.09171035038540333,0.0011050055287268603,4.0869335619543436e-07,0.021384605236452053,0.2612829818539182,0.4189455773779591,0.19554957415686852,0.09645396041462759,0.0063451865064169805,3.8114453757369415e-05
LIV,preprocess_Reading150.dat,0.7303764468614676,0.15438950262703952,0.11444411454440484,0.0007897092591187642,2.2670796918005688e-07,0.022557083766187584,0.23567894258591915,0.39968172179453604,0.21732073053319187,0.11708272986734505,0.007636760020360897,4.20314324594375e-05
LIV,preprocess_Reading151.dat,0.7112075951618778,0.1507590816111859,0.13633383900979273,0.0016989270381494689,5.5717899413341e-07,0.033974152270691886,0.25644957621640185,0.39050766805131637,0.17491583091824062,0.13110646156481062,0.012987331724213673,5.8979254324881466e-05
LIV,preprocess_Reading152.dat,0.7165786907577755,0.14409090291354068,0.13754084717295084,0.0017890021171085566,5.570386242208322e-07,0.026266989166336602,0.25240284898539334,0.40959436477631483,0.17543440987418502,0.12478026014506906,0.011468001104153882,5.3125948547293056e-05
LIV,preprocess_Reading153.dat,0.735377258818015,0.143445022113721,0.11929692235300533,0.0018801239687089605,6.727465498130299e-07,0.023937053151150876,0.25843222616295203,0.42310524664468335,0.16904352740445558,0.1151198020276096,0.010303886653416194,5.8257955732318984e-05
LIV,preprocess_Reading154.dat,0.7734316316108011,0.13124497094320958,0.09416172626940213,0.0011612403436544918,4.308329326333375e-07,0.020897414215114825,0.2582463208281031,0.457895240679548,0.16103980618570674,0.09324483158417833,0.008632034726973957,4.4351780374843246e-05
LIV,preprocess_Reading155.dat,0.7608478483286841,0.12794929376572373,0.10991347042296706,0.0012890114762715264,3.7600635337741183e-07,0.024214539057829682,0.23600744605579477,0.46645863128713727,0.16487141583130635,0.09848589724011056,0.009866420323913471,9.565020390785265e-05
LIV,preprocess_Reading156.dat,0.7970754830462536,0.11783061890820616,0.08409759908692618,0.0009959073182382516,3.9164037585004395e-07,0.02666404769437262,0.2820543644878834,0.4548312325679824,0.1451255132378332,0.08493512335720495,0.006354872403003074,3.484625172039413e-05
LIV,preprocess_Reading157.dat,0.7413571565828742,0.15477022383765485,0.10234253791579648,0.0015296553848083638,4.262788659071338e-07,0.02703812045726935,0.2791987242471747,0.4076458929810691,0.1799603661265045,0.09769432995731941,0.008419104926823753,4.346130383911425e-05
LIV,preprocess_Reading158.dat,0.7500412690843387,0.15596402789794864,0.0926128240709898,0.001381530482333847,3.4846438913706144e-07,0.028307273870858574,0.289441974594991,0.4094379954591547,0.17366412559150832,0.09140280097006068,0.007709571201074174,3.6258312352700776e-05
LIV,preprocess_Reading159.dat,0.7473574653216665,0.15854008368422717,0.09273908001560317,0.001362938278125765,4.3270037764120484e-07,0.027958104718899385,0.28630446561879874,0.4002428978892501,0.17959838483658758,0.09744657805028019,0.008410622412737498,3.894647344643163e-05
LIV,preprocess_Reading16.dat,0.8203814483166166,0.10928413990709827,0.06934641638246189,0.0009876552146967639,3.4017912635801375e-07,0.031039234031278444,0.325719854651422,0.42909479515754206,0.1458977206709246,0.06223483496977851,0.005984921087233648,2.863943182064044e-05
LIV,preprocess_Reading160.dat,0.757537745932573,0.1462531941381092,0.0949301398336499,0.0012784854991917715,4.345964761524749e-07,0.01952558517364885,0.26969201306321866,0.44031303526191784,0.1724937979795813,0.09050504213976802,0.0074255674682549505,4.4958913610482486e-05
LIV,preprocess_Reading161.dat,0.7437512490747045,0.16727735436427915,0.08780279260690209,0.0011682474804790514,3.564736352424339e-07,0.02346392255961078,0.2469729742809154,0.44115407954226316,0.19138866816698136,0.09022166068203856,0.006759974561842852,3.87202063477926e-05
LIV,preprocess_Reading162.dat,0.7559408031106606,0.15402480145842853,0.08884451749680491,0.001189573344194643,3.045899115345905e-07,0.021352351728371924,0.25572859138934295,0.44673393799075706,0.1876016831448233,0.08194810066286302,0.006598543639081824,3.679144475999742e-05
LIV,preprocess_Reading163.dat,0.7690741988084777,0.1441865092673407,0.08566799050714499,0.0010709914749920837,3.0994204419046815e-07,0.020217194263246537,0.24581960581534484,0.4724017695280843,0.1730468405222089,0.0820899113218277,0.006391787424136223,3.2891125151461196e-05
LIV,preprocess_Reading164.dat,0.7928519825243011,0.13060630531794357,0.07570591666671626,0.0008355201335110005,2.7535752826936016e-07,0.025965753547808286,0.24330081354101005,0.4856447931507951,0.1653490637601009,0.07438721818124015,0.005270311188538409,8.204663050724856e-05
LIV,preprocess_Reading165.dat,0.8094967617190798,0.11767215937300776,0.0720072909978122,0.0008235458722842767,2.420378159313248e-07,0.023655315556297265,0.25106774461241255,0.5006928490229597,0.151433386248538,0.06803929176469573,0.005077081124694457,3.43316704023612e-05
LIV,preprocess_Reading166.dat,0.7717682611908143,0.14739208514066857,0.07981327587777451,0.0010260595454341685,3.1824530842101334e-07,0.021339702712356613,0.23161047563741174,0.48856824810588,0.17569629813507665,0.0769864220620409,0.005772578802554916,2.62745446790568e-05
LIV,preprocess_Reading167.dat,0.7700902522790404,0.1537836059575938,0.0750692312882417,0.0010566124167033302,2.980584208977907e-07,0.02499645257259971,0.25748640655761773,0.46314334793750966,0.16920800187692975,0.0793309986394413,0.00580747108498356,2.732133091831972e-05
LIV,preprocess_Reading168.dat,0.7833326700855081,0.14810933059516337,0.06766093501060189,0.0008968183036197698,2.460051066423548e-07,0.019583336791223767,0.2327465267127295,0.5047078216530881,0.16704062946835604,0.07014471766408234,0.005729263073197897,4.770463732224287e-05
LIV,preprocess_Reading169.dat,0.7839313929473162,0.13989144152893287,0.07515357616813144,0.0010232377291461035,3.516264733135063e-07,0.033317336408726674,0.26290834923754103,0.4514898254480733,0.16663622143146892,0.07925362542494102,0.006356922473945389,3.7719575303719156e-05
LIV,preprocess_Reading17.dat,0.7890162410710991,0.1296712002265503,0.08018828388085794,0.0011238453586117315,4.294628809356186e-07,0.029044749844246393,0.27398582346778344,0.45398916003680045,0.16252643157578459,0.07403510932626389,0.006382194159512238,3.65315896091238e-05
LIV,preprocess_Reading170.dat,0.7996074230855984,0.12455528540729902,0.07477640482875726,0.0010605243190076688,3.6235933778972895e-07,0.03133298379547389,0.2943308248173371,0.4395985996194571,0.15276511699638134,0.07631683759980372,0.005626490523671709,2.914664787519819e-05
LIV,preprocess_Reading171.dat,0.7933749576314518,0.1180845088668482,0.08738000507088847,0.0011599964614706847,5.319693407640753e-07,0.02863796549513228,0.2773152412902002,0.45704610104205684,0.14528668263975342,0.08521993395201695,0.006444492184134417,4.958339670588513e-05
LIV,preprocess_Reading172.dat,0.7890182874840312,0.1277542588708775,0.08241772024950014,0.0008093115277232396,4.2186786810832413e-07,0.029064431185455104,0.2785356755380693,0.45422477870490835,0.1562613499650724,0.07594743259201506,0.005935617636922,3.071437755772285e-05
LIV,preprocess_Reading173.dat,0.8318469275437582,0.11344773484583519,0.05393669116501072,0.0007683696036221651,2.7684177389548864e-07,0.041740494263658036,0.33432837386688774,0.42342476038788907,0.14425231209181896,0.05156249492442755,0.004662617673517823,2.8946791800848602e-05
LIV,preprocess_Reading174.dat,0.8318671379199927,0.1156655822881524,0.051793973865202826,0.0006730456884806717,2.6023817160613205e-07,0.040555496104257224,0.34536593971295537,0.40825385323545277,0.1494670750539872,0.05215132316323203,0.004184907983434404,2.140474668082076e-05
LIV,preprocess_Reading175.dat,0.8016215389361862,0.1392431000025956,0.05833640736961958,0.0007986441300757055,3.095615230834637e-07,0.030369113259895195,0.2597766938953737,0.4834857258119114,0.16764620413018916,0.054571853609267994,0.004121491307463897,2.8917985898610344e-05
LIV,preprocess_Reading176.dat,0.8090705281383979,0.13073022815983343,0.059356871021254136,0.0008420690847972957,3.0359571723358296e-07,0.03602973135602455,0.2873108711798466,0.4606377235530486,0.15284801032660517,0.058335333521779664,0.004813027927173277,2.530213552208741e-05
LIV,preprocess_Reading177.dat,0.805649708334075,0.13703850305734983,0.0564638415027717,0.0008477069624462793,2.401433569467602e-07,0.030524430722870956,0.24992927705421086,0.4813038147308103,0.1778646563919794,0.0561254718271094,0.004225586834823936,2.67624381951209e-05
LIV,preprocess_Reading178.dat,0.7965808693743939,0.13369129230789142,0.06868666779177426,0.0010407707875148143,3.9973842570322e-07,0.04066107530175964,0.32961125830070576,0.41335494855568483,0.14372797419401692,0.06675274263173037,0.0058648910224059145,2.710999369659121e-05
LIV,preprocess_Reading179.dat,0.8230987088071815,0.1202681474191382,0.055805744635663436,0.0008270991568933517,2.9998112372657625e-07,0.04126105059220336,0.3226381166617394,0.4317945759945711,0.14464922676699557,0.05525139056454196,0.0043834118065547755,2.222761339389493e-05
LIV,preprocess_Reading18.dat,0.765661628382834,0.1359137631235696,0.09720013144170024,0.0012241161123021484,3.6093959389319895e-07,0.031309287207817546,0.27711232120397433,0.43148496223495914,0.1615847733588403,0.09178308605023194,0.006685074304311766,4.04956398650736e-05
LIV,preprocess_Reading180.dat,0.8153324615873994,0.10980892568440584,0.07377204201798984,0.0010861983257971434,3.723844076394565e-07,0.0312007181475238,0.3080072103145348,0.44878589241121214,0.1404655492491638,0.06569235083142229,0.005821029287866609,2.7249758276652002e-05
LIV,preprocess_Reading181.dat,0.7853085171211069,0.13692151727773794,0.07687617727097695,0.000893429072681736,3.5925749639980577e-07,0.03196291824227709,0.2780268539762036,0.4541201121716798,0.1617466728067791,0.06870132151479096,0.005404829062735619,3.72922255339475e-05
LIV,preprocess_Reading182.dat,0.7916195827652436,0.1263153182761678,0.08117828279641723,0.0008864539498895593,3.6221228145926987e-07,0.02639743559641706,0.2722267601859662,0.44506890033637087,0.1719525432742105,0.07909531328123338,0.005215168187742022,4.3879138059869294e-05
LIV,preprocess_Reading183.dat,0.8093355080593304,0.12434734241965358,0.06534341355075117,0.0009733172380653844,4.187321995828673e-07,0.03390728957086597,0.28768387725686223,0.44537064230974704,0.16386102821938248,0.0642181362177371,0.0049327871024714455,2.6239322933636365e-05
LIV,preprocess_Reading184.dat,0.8231839005665921,0.10725162292705838,0.06874335743536814,0.0008208506009518176,2.684700294799251e-07,0.03295870195115022,0.27401727031921164,0.47149836607849643,0.1521910459234928,0.06410391314138118,0.005194997722672202,3.5704863595559534e-05
LIV,preprocess_Reading185.dat,0.8262313061810828,0.10626137168371413,0.066750431571567,0.0007565579183189576,3.3264531717905383e-07,0.02954836996567442,0.262794917246169,0.4670731524163481,0.17253453041881447,0.06256922415916852,0.005457087374176521,2.2718419648941605e-05
LIV,preprocess_Reading186.dat,0.8257748449070912,0.10970297176050517,0.0636169394125977,0.0009049841043424238,2.598154636809392e-07,0.035800032863987745,0.29479675186835136,0.43122895405922623,0.17588989999209523,0.057014924807459615,0.005227624056642599,4.1812352237569027e-05
LIV,preprocess_Reading187.dat,0.8139375184702672,0.12228629868544692,0.0629973970385447,0.0007785366382743966,2.4916746680066405e-07,0.03188200909446738,0.26338054555690105,0.44660983976013574,0.19406681329181974,0.05886239621590572,0.005166185150044014,3.2210930726495086e-05
LIV,preprocess_Reading188.dat,0.8053044905883603,0.12054200057826796,0.07318334474936536,0.0009697285274095855,4.3555659658422743e-07,0.02917223745781428,0.30498057227975145,0.42181184646565817,0.1673232525754785,0.07094933453246427,0.005734744908385347,2.801178044791276e-05
LIV,preprocess_Reading189.dat,0.8106636396172401,0.11306485081878548,0.07539691573368794,0.0008742739618054336,3.1986848107113283e-07,0.03074655114965728,0.30344848675811,0.41735255456287695,0.1749314850474354,0.06735433190200461,0.0060958153986562,7.077518125944078e-05
LIV,preprocess_Reading19.dat,0.7877106246450719,0.12380605081354275,0.08745736350964714,0.0010256246413441904,3.363903940885664e-07,0.024206171631648413,0.25286651272587884,0.48022251782235004,0.15847877653771703,0.07797597912068166,0.00621588153676628,3.4160624957768504e-05
LIV,preprocess_Reading190.dat,0.8058967981153209,0.12054903745876815,0.07265218122994592,0.0009016851779799916,2.980179851320895e-07,0.03615825771878066,0.3147939049410043,0.4032127888353903,0.17044789237104724,0.0693038931271453,0.006052929712529222,3.0333294103003618e-05
LIV,preprocess_Reading191.dat,0.7934595830701849,0.12335084315121282,0.08222619075653095,0.000963035752217735,3.4726985373570704e-07,0.0318849216427667,0.2955728438201981,0.4173123734329551,0.16989643801697404,0.07900890859053684,0.006292948866067949,3.156563050125717e-05
LIV,preprocess_Reading192.dat,0.8165679334077499,0.11389902476551556,0.06870553998539049,0.0008270240440719042,4.777972720471884e-07,0.04282194409404098,0.33580071091611313,0.40274555333348294,0.14634455679745184,0.06685219994163506,0.005403854287845089,3.1180629431007406e-05
LIV,preprocess_Reading193.dat,0.8074221844025075,0.1241963741206615,0.06743404310948446,0.0009470920743728058,3.062929735694441e-07,0.03144964345064934,0.27002130854756334,0.4554490133760752,0.17280587274987735,0.06492207004129914,0.00532306868381072,2.902315072488666e-05
LIV,preprocess_Reading194.dat,0.828606881422541,0.10736136705895531,0.06327617572060464,0.0007553385559699824,2.3724192895303796e-07,0.029071307194040278,0.23846069483854127,0.500439147097401,0.1685479396864576,0.058707480813898094,0.004751420486049829,2.2009883611939008e-05
LIV,preprocess_Reading195.dat,0.8048217288361118,0.12804486644441695,0.06613133531458362,0.0010017798378077053,2.895670800828725e-07,0.028902418042963184,0.28215081538172987,0.458961202800631,0.16022150921058445,0.06395249828236846,0.005782025750484366,2.9530531238534523e-05
LIV,preprocess_Reading196.dat,0.7978648105274657,0.1211282523681271,0.08012560785887801,0.0008810046768700008,3.245686594130807e-07,0.027691472947669472,0.2712200558693199,0.4621031895187197,0.16066590507141207,0.07171080844713645,0.006573063689217953,3.550445652444016e-05
LIV,preprocess_Reading197.dat,0.8139647325826653,0.1178614056210375,0.06744626952155261,0.0007273328877674106,2.5938697741105274e-07,0.023897468253421993,0.2560488024898167,0.4745470823981936,0.17810542056744152,0.061670652252038625,0.005698538616439972,3.203542264739515e-05
LIV,preprocess_Reading198.dat,0.8192489530090689,0.10972987549309893,0.0702683911281302,0.0007525818439990049,1.9852570298933527e-07,0.03604901316455912,0.32778654983199895,0.3931767907574823,0.17363403936907112,0.06271776726270237,0.006601597790896046,3.4241823290031384e-05
LIV,preprocess_Reading199.dat,0.8136306772363379,0.11315061805793808,0.0725181594590498,0.0007002751629239846,2.7008375034435097e-07,0.03049908502556921,0.2917877065942906,0.44220584446046185,0.16387154581424884,0.0655039904675732,0.006105091204778122,2.6736433078210676e-05
LIV,preprocess_Reading2.dat,0.714699125040747,0.15377014096379887,0.13047356121688816,0.0010568444025100912,3.283760559296034e-07,0.02342637092312058,0.228820304418797,0.43343264360254957,0.18668718954093444,0.1177383449983951,0.009818608474491017,7.653804171236103e-05
LIV,preprocess_Reading20.dat,0.7573881825147291,0.1454013627956572,0.09619395207915014,0.0010161717557212399,3.308547423420514e-07,0.02695278019344788,0.26601859293002084,0.4431702911661898,0.17026816761855765,0.08597042697833406,0.007588721223305043,3.1019890144735166e-05
LIV,preprocess_Reading200.dat,0.7892900980543055,0.13051004895467466,0.07942101126059042,0.0007785884754580644,2.532549716109788e-07,0.029084124708431254,0.30120052734964947,0.4193314128201562,0.17242673454139057,0.07192916976030266,0.005978447627867524,4.9583192202439155e-05
LIV,preprocess_Reading201.dat,0.7912761939327578,0.11701829076137252,0.09084913354950347,0.0008560956169212506,2.861394449713604e-07,0.027589136666921817,0.3092987697268884,0.40309884059442436,0.17569005293475756,0.0773939497802824,0.006901743430729362,2.7506865996142408e-05
LIV,preprocess_Reading202.dat,0.8001450826334451,0.12758273485305024,0.07097260178726175,0.0012987428467191252,8.378795237964892e-07,0.027214729807128496,0.3052107206660397,0.4103488094803537,0.1813318159289977,0.06970893423909945,0.006144004991745471,4.098488663534992e-05
LIV,preprocess_Reading203.dat,0.8000643004772393,0.11880360281567921,0.08036171847574412,0.0007701557877909131,2.224435462064735e-07,0.02604819373795427,0.261099524485504,0.44650131762605866,0.18371989690334162,0.076954524982226,0.005643736347441327,3.280591747410842e-05
LIV,preprocess_Reading204.dat,0.7833146462369606,0.11142491879722018,0.10446601688198569,0.0007941608527148357,2.572311187766365e-07,0.021645668113833377,0.23834780806799694,0.45198094518366894,0.19105935266068844,0.09017516802746324,0.006762767338885085,2.8290607463993372e-05
LIV,preprocess_Reading205.dat,0.7674733123374402,0.1327881153989322,0.09889385206976356,0.0008443590488494927,3.611450146519131e-07,0.021751242169017193,0.20404083330657652,0.4826621139657865,0.19198529038545506,0.09373009171550048,0.005799713844834329,3.07146128297539e-05
LIV,preprocess_Reading206.dat,0.7941325975120549,0.12823503754234022,0.07676302049008547,0.0008688445951157681,4.998604036231141e-07,0.025277356175762433,0.22839250235955522,0.4733748240884054,0.19399479266486674,0.07365468572161664,0.005274265237067277,3.157375272631592e-05
LIV,preprocess_Reading207.dat,0.785996632712725,0.12000457914777721,0.09326914008113542,0.0007294515697820194,1.9648858036704843e-07,0.026985913332214336,0.2261206481251546,0.454880483028172,0.20449936976553357,0.08185699223163445,0.0056302153816107205,2.6378135680345987e-05
LIV,preprocess_Reading208.dat,0.7927917900660385,0.12895305464609932,0.07758164267015104,0.0006732830249580863,2.2959275308671022e-07,0.026220677538697803,0.21684571911587575,0.4672988366322434,0.20907927694560324,0.07554445613968692,0.004984110495674239,2.6923132218568128e-05
LIV,preprocess_Reading209.dat,0.8273945547567954,0.11409386643153613,0.057479279651536916,0.001031550587174608,7.485729569226785e-07,0.02822793237009512,0.2706349157211044,0.46006101034005387,0.17719901927334966,0.05855821040467344,0.0052906858696129865,2.8226021110570456e-05
LIV,preprocess_Reading21.dat,0.7998259095887642,0.1292064405718655,0.0701466965560796,0.0008206364739497979,3.1680934088288974e-07,0.030984709956693866,0.28805006216804724,0.45279071648883135,0.15792563549821434,0.06456651705059947,0.005655586722707888,2.6772114905761064e-05
LIV,preprocess_Reading210.dat,0.7874311521494948,0.1345727608143195,0.07728171599301406,0.0007140741169555172,2.9692621627290945e-07,0.022196490572850808,0.21743733196046605,0.464723386255435,0.211475918766628,0.07852432396054158,0.005616464927944561,2.6083556133995437e-05
LIV,preprocess_Reading211.dat,0.788228512623428,0.12639001149237553,0.08449356968429729,0.0008875233276303254,3.828722690171319e-07,0.020377512146432176,0.2319428917970911,0.4615998627169274,0.20423825648090524,0.07568753930912248,0.006128501952468726,2.5435597052862387e-05
LIV,preprocess_Reading212.dat,0.7993895675165145,0.12268407476906265,0.077102049063871,0.0008239467730243041,3.6187752768716235e-07,0.021344992544516442,0.21304418785402388,0.491997988130866,0.1919087921293759,0.0756804576007663,0.005998686019356941,2.4895721094508752e-05
LIV,preprocess_Reading213.dat,0.797657256433502,0.13000325529501425,0.07161784084858096,0.0007212983344592052,3.490884435006254e-07,0.03126528997398316,0.23178463490457546,0.46959775286103167,0.1930118805364986,0.0683494827197459,0.005952289478596144,3.8669525569061394e-05
LIV,preprocess_Reading214.dat,0.7791159144595105,0.14194083085109957,0.07813346503213191,0.0008095652308917927,2.2442636631241953e-07,0.021803501497371893,0.23743345058737847,0.4645759399202412,0.1927748783962349,0.07793920055808179,0.005428527174728822,4.450186596296484e-05
LIV,preprocess_Reading215.dat,0.7782012645152127,0.1355696005930754,0.0854497831384979,0.000779070770263392,2.809829505557051e-07,0.023083613509877414,0.20396600694932124,0.49128799245555316,0.1892610293761163,0.08698718947379772,0.005383153927495053,3.101430783932486e-05
LIV,preprocess_Reading216.dat,0.7099002894091663,0.163457777121767,0.1256659213009384,0.000975740583097632,2.715850305736234e-07,0.019950270002252645,0.19835452397373768,0.4546554219811025,0.2080742073968813,0.11161644563243292,0.007309070577500299,4.0060436092752044e-05
LIV,preprocess_Reading217.dat,0.7383334236859661,0.15876820849239254,0.1021272853189515,0.0007708573954822198,2.2510720768953581e-07,0.027020023417463016,0.19300126050888627,0.4585115727399836,0.22749069112635512,0.08829941958514231,0.005651908553417186,2.512406875255984e-05
LIV,preprocess_Reading218.dat,0.7593601252762616,0.15243201376977897,0.0875120592939295,0.0006956150727072178,1.8658732275052382e-07,0.019669503981914152,0.19498240509537154,0.47210434449166927,0.22084206454511146,0.08637286494193921,0.005977791416262568,5.102552773158503e-05
LIV,preprocess_Reading219.dat,0.7308952492092088,0.16888620595908152,0.09944434941630174,0.0007739557654413245,2.3964996662187877e-07,0.01871056034231331,0.20831392984670566,0.41537515165837746,0.2486677976702169,0.10234150509963007,0.006556988222850459,3.4067159906050306e-05
LIV,preprocess_Reading22.dat,0.7930215523168871,0.1343895047078849,0.07167220050979071,0.0009164877492098535,2.5471622743074867e-07,0.029227010898468995,0.28990086740441007,0.45404286052768034,0.15726895148248227,0.06341932915342118,0.006109776172111379,3.120436142571063e-05
LIV,preprocess_Reading220.dat,0.7832552412293451,0.13750422130771933,0.07860519933679404,0.000635114674527143,2.23451614532154e-07,0.027595780439262946,0.22750106068123951,0.4446108294897631,0.21744938306009287,0.07747087229596465,0.005346984544871771,2.5089488805152685e-05
LIV,preprocess_Reading221.dat,0.7538596242294205,0.15476628600312645,0.09050593023568843,0.0008678605603295641,2.989714349449277e-07,0.028378462708382995,0.24000725639745135,0.4264921572627699,0.21098315518493233,0.08753686371328383,0.006562640985867552,3.946374731222853e-05
LIV,preprocess_Reading222.dat,0.7505594067400984,0.14716868401598535,0.10140844042080822,0.0008632049698843576,2.6385322375063955e-07,0.027464783022431726,0.2308355199669473,0.4302704352318442,0.20923215338737844,0.09458958823864452,0.007565622976950753,4.189717580307994e-05
LIV,preprocess_Reading223.dat,0.7585807285651665,0.14715276156710552,0.09346621757605543,0.0008000767800869371,2.155115857596419e-07,0.02469685124187462,0.20720953651579965,0.4625364817629801,0.20871182815961184,0.09070777813919972,0.006110238858754709,2.728532177924784e-05
LIV,preprocess_Reading224.dat,0.7370291728250304,0.16043133663297982,0.10175520428247004,0.00078402692590152,2.593336181299175e-07,0.025279161746453612,0.23071798331591567,0.4155771787034006,0.22438895760222027,0.09738114155207997,0.006614173416058142,4.140366387178015e-05
LIV,preprocess_Reading225.dat,0.7411484178668809,0.15092096706972355,0.10714326584534006,0.000787129475477724,2.1974257762759293e-07,0.030303284958394638,0.24086173507058697,0.41481904716606827,0.20866590533461432,0.09786546459698901,0.007455120702953387,2.9442170393346605e-05
LIV,preprocess_Reading23.dat,0.7711355788931298,0.149223249885967,0.07873433402397428,0.0009065181176623666,3.1907926668592623e-07,0.027123857033466325,0.27127950443457993,0.4531515954737724,0.16385914278667313,0.0774195995904986,0.00712480565917767,4.1495021831976184e-05
LIV,preprocess_Reading24.dat,0.7765125958606336,0.13978120252413798,0.0826997019635272,0.001006142227535892,3.574241654753812e-07,0.027591301525024755,0.2837727414073622,0.4424345919035605,0.1617903163081407,0.07769378663232158,0.006677523277705316,3.973894588520003e-05
LIV,preprocess_Reading25.dat,0.7739681840681697,0.15258609229827813,0.07247533014491454,0.0009700873274446557,3.0616119270643704e-07,0.03214939841272903,0.28712629377940735,0.42267488601828956,0.17978754648119227,0.0713273009819256,0.006898953205819691,3.562112063648363e-05
LIV,preprocess_Reading26.dat,0.7723636923679474,0.1450533845775761,0.08153417260937262,0.001048249625714432,5.008193896096117e-07,0.0341809710251787,0.2774696209560686,0.43316142730147233,0.17311258274903185,0.07445594783251826,0.007582209989066792,3.724014666334776e-05
LIV,preprocess_Reading27.dat,0.7566640141254953,0.15965731682109477,0.08271870683529763,0.0009596009311697489,3.6128694284357864e-07,0.030693218623326322,0.24319958273697456,0.45484602051040224,0.18529505647576527,0.07878267541833145,0.007142989307823789,4.04569273761975e-05
LIV,preprocess_Reading28.dat,0.7950925262298733,0.13511582979251793,0.06892582397538999,0.0008654822093817357,3.377928369074156e-07,0.04079105552624331,0.32555095095165926,0.40089745751759537,0.16077238493561755,0.06581540970030016,0.0061415647766138795,3.117659197036394e-05
LIV,preprocess_Reading29.dat,0.8233065826004263,0.11178027066333475,0.06389973431284726,0.001012940736580655,4.716868109252715e-07,0.03510143399790702,0.32672583198845995,0.4268143871364489,0.14496536976186508,0.060343599920966065,0.006017219619180303,3.215757517256485e-05
LIV,preprocess_Reading3.dat,0.6906656804409721,0.15890543605663696,0.14923821281339283,0.0011903059934305655,3.6469556748728915e-07,0.023949195531625653,0.21823383346886788,0.43684438662757935,0.17560073297719225,0.1338294091068732,0.011497829377457728,4.461291040399704e-05
LIV,preprocess_Reading30.dat,0.8076757519390992,0.11328339868744937,0.07804811030718715,0.0009923511625283508,3.8790373585151663e-07,0.037652506269702506,0.3109972088520865,0.428399704494883,0.1449122707887201,0.07182468113765285,0.006181797987566502,3.1830469388618453e-05
LIV,preprocess_Reading31.dat,0.8111579740112863,0.11554226729762031,0.07250516321174422,0.0007943062578190594,2.892215300611798e-07,0.03337265962715825,0.3070116497497883,0.42891612527117895,0.15965345198075004,0.06565220425246786,0.005368625086313615,2.528403234293601e-05
LIV,preprocess_Reading32.dat,0.8409902995259916,0.10554199853812027,0.05276746821146932,0.0007000015481296493,2.321762894227851e-07,0.03994669980027233,0.3420489494745592,0.4242958748403974,0.13905893969369626,0.04978493909735987,0.004843675593237118,2.0921500477880098e-05
LIV,preprocess_Reading33.dat,0.8159440067696246,0.11671235383477688,0.06658566495337451,0.0007577014717939303,2.729704302698045e-07,0.03777041560882484,0.2987357688338986,0.414013317852461,0.18144041999248056,0.06279980327669117,0.0051644939566675725,7.578047897646416e-05
LIV,preprocess_Reading34.dat,0.7939241931310853,0.12518391181377003,0.08007562486931002,0.0008159647238268056,3.054620078954635e-07,0.02974735189104981,0.25629410013392395,0.46235881798253087,0.1757704675493019,0.07028863447784328,0.005516603870703792,2.4024094646466556e-05
LIV,preprocess_Reading35.dat,0.8021189528736623,0.12160036149120333,0.07546128292259652,0.0008191710950791964,2.316174586842423e-07,0.032364854669894,0.2785770500537925,0.4433787855479789,0.166601896680722,0.07322115757661557,0.005827163224864777,2.90922461323552e-05
LIV,preprocess_Reading36.dat,0.781951494346764,0.12764491766001046,0.08947278467403605,0.0009304918303754312,3.114888141835181e-07,0.022394426351212096,0.25884869646999803,0.4581131375025463,0.17556370616547612,0.07845959047256972,0.006592207612528362,2.8235425669421992e-05
LIV,preprocess_Reading37.dat,0.7724969507700485,0.13191340061291523,0.09465630223162114,0.0009330755506322688,2.708347827541599e-07,0.03498686853592036,0.32084097264623984,0.3869032831793533,0.1669708497639184,0.08323462273403935,0.007017537692242595,4.5865448286152186e-05
LIV,preprocess_Reading38.dat,0.774838592936045,0.13924108869015087,0.08498804630278363,0.0009319827891728247,2.8928184759720035e-07,0.02668228918716399,0.29086174191495795,0.416386808288434,0.17957881427188258,0.08026978913194832,0.006180526069180268,4.003113643273625e-05
LIV,preprocess_Reading39.dat,0.7752639486596979,0.1370306942567179,0.08673935607999901,0.0009656801516265855,3.208519586077711e-07,0.030415548650193754,0.3003615425042468,0.4239307720651999,0.16151491176233854,0.07755682287229748,0.006181692753763909,3.8709391959382565e-05
LIV,preprocess_Reading4.dat,0.6643570271195677,0.18332280237378934,0.15091449470269586,0.001405151911755322,5.238921917796545e-07,0.019839319180072437,0.2509960084382713,0.37974173409009915,0.19586105032660828,0.1426857192489713,0.010827003882799054,4.916483317852741e-05
LIV,preprocess_Reading40.dat,0.765517624603926,0.14800772281494842,0.08546465433088718,0.0010096147166492877,3.835335890737736e-07,0.028821097009728232,0.28109468955551864,0.41971254759321514,0.1816952454145332,0.08109698048888617,0.007514104180376688,6.533575774212994e-05
LIV,preprocess_Reading41.dat,0.7850438288326083,0.12772629980787148,0.08617591623167876,0.0010536670089706665,2.881188707940985e-07,0.028451419060538125,0.29768870093645106,0.43879396468727866,0.15048142474841086,0.07738658568705174,0.007168915391489952,2.8989488779693e-05
LIV,preprocess_Reading42.dat,0.7897770754248604,0.1282599451797744,0.08101094788252544,0.0009517253527825662,3.061600571856978e-07,0.025971855022585838,0.2771645034784009,0.44671428436549543,0.16843993841247124,0.07495149209096229,0.006727641016538885,3.0285613545409372e-05
LIV,preprocess_Reading43.dat,0.7926017395833124,0.11972134309571274,0.08669584137673872,0.0009807510722568593,3.2487197933953686e-07,0.035958591893254455,0.3330372087540202,0.3982280354753615,0.14875790686858675,0.07679585795972543,0.007118732005815933,0.00010366704323594469
LIV,preprocess_Reading44.dat,0.7909890292446411,0.12218382754744443,0.08582550706217328,0.0010012448279670002,3.9131777423630775e-07,0.040036380946312594,0.32478028174336665,0.3877342437025303,0.16212697535646026,0.07935541805465302,0.005936402605830926,3.0297590846357583e-05
LIV,preprocess_Reading45.dat,0.833687940615242,0.09585435874191833,0.06946239663757586,0.000994914568564016,3.8943670006970797e-07,0.04503147929151025,0.3693940751617404,0.3901326444723905,0.12783246795740835,0.06076771895773628,0.006797388897534487,4.422526167985054e-05
LIV,preprocess_Reading46.dat,0.8012145238286461,0.12149527505563716,0.07633940212229648,0.0009504893662107879,3.096272095338694e-07,0.030197866224371067,0.279565385606153,0.4356866941348125,0.17915267897862788,0.06914821862224312,0.006149131949381738,0.00010002448441035257
LIV,preprocess_Reading47.dat,0.8238255753244995,0.10296660754657493,0.0722127943817101,0.0009946540216866973,3.6872552869342153e-07,0.038263950316948354,0.37169915213180543,0.36502350445044784,0.1526307443226941,0.06618713515935667,0.006158822690280514,3.669092846722183e-05
LIV,preprocess_Reading48.dat,0.807109885147142,0.1113411023617215,0.08054815009446611,0.0010005321285945965,3.3026807564923165e-07,0.038483587918332,0.325753636104925,0.38894309190655085,0.16756645824719688,0.072458218721232,0.006747566542084847,4.744055967845991e-05
LIV,preprocess_Reading49.dat,0.775693215455824,0.12289400217654586,0.100438358877886,0.0009740069465048914,4.165432392010033e-07,0.04080919083938008,0.32864561019207655,0.3588507555065141,0.17346974958419367,0.09091950984288151,0.007273947375678551,3.1236659275700415e-05
LIV,preprocess_Reading5.dat,0.70205407827947,0.15987655082219698,0.13678436428616414,0.0012846391739900933,3.6743817878159486e-07,0.020830762702455225,0.24541654024595397,0.4170855702127526,0.18080745298635356,0.12554608707420284,0.010268365247244771,4.522153103721617e-05
LIV,preprocess_Reading50.dat,0.7771242591899679,0.12649053086026504,0.09543344245098348,0.0009514154038188379,3.5209496467222216e-07,0.041005004384058526,0.3048499049342976,0.3679041258791264,0.19720772149485133,0.082771122720927,0.006230555347917447,3.156523882173531e-05
LIV,preprocess_Reading51.dat,0.790865654656957,0.11892367415512586,0.08939027142776594,0.0008201018993478039,2.978608031682397e-07,0.026158925077975074,0.22601786673574867,0.4607791955294093,0.19950195223995273,0.081789113559817,0.005723931791568627,2.901506552860137e-05
LIV,preprocess_Reading52.dat,0.7521750334629018,0.14623516834582828,0.10074492746569695,0.0008444976187804074,3.731067925579905e-07,0.02237861448376219,0.22157717498847004,0.4376032410996305,0.21551048997084657,0.09662641641457502,0.006268879072336945,3.518397037858286e-05
LIV,preprocess_Reading53.dat,0.7591045483450964,0.13597716749561517,0.103994986578755,0.0009229619779302993,3.3560260317297125e-07,0.02001347595184657,0.23117673133820937,0.4622511108199874,0.19361070433110303,0.08687423833345208,0.006045446937175299,2.829228822639609e-05
LIV,preprocess_Reading54.dat,0.7471167107793422,0.14224811767615686,0.10973650894209748,0.0008983495600547541,3.130423486707316e-07,0.025236791226924744,0.25674088852107496,0.40415254462900374,0.2118730413436246,0.09507895296364416,0.006885178018183297,3.260329754439518e-05
LIV,preprocess_Reading55.dat,0.755935232920365,0.13580642480260305,0.10737919334607231,0.0008788463000849219,3.026308749573189e-07,0.019412396166258138,0.24700208870411547,0.42325150340364187,0.20816795150242373,0.09569901457547403,0.006410304790173279,5.674085791343018e-05
LIV,preprocess_Reading56.dat,0.7943823934097364,0.12200628711687281,0.08286448030040731,0.0007465524715264751,2.8670145708040003e-07,0.019851632314811143,0.23455342192366546,0.45987849797515157,0.20011852632389046,0.07983967616468084,0.005723311582780169,3.4933715020422495e-05
LIV,preprocess_Reading57.dat,0.7820156115254072,0.1340150262854737,0.08314070285069955,0.0008284089380614712,2.504003580590958e-07,0.02106844154436959,0.24989546212918873,0.4509648412244141,0.19655485793818592,0.07582891958929017,0.0056578155171654616,2.9662057386022944e-05
LIV,preprocess_Reading58.dat,0.8163035423156165,0.11743922714408521,0.06537907604482113,0.000877733814725038,4.2068075211744155e-07,0.027453861943955854,0.27481746837837157,0.4321373390235185,0.19350995429850945,0.06677399133298587,0.005272709726556879,3.4675296101927546e-05
LIV,preprocess_Reading59.dat,0.7817055457966857,0.14687426408174556,0.07053528996425265,0.0008844922635041473,4.0789381190613863e-07,0.017463923183396245,0.22571825771763018,0.45160741914128205,0.22797740066057304,0.07145428783921441,0.00574902475641777,2.9686701486409908e-05
LIV,preprocess_Reading6.dat,0.7353212098488502,0.15301919884004214,0.1103218852737847,0.0013372670783878943,4.389589351755e-07,0.0301373478572509,0.27797529874255855,0.4111910840694948,0.1774976186609222,0.09545831682983018,0.007703177888059921,3.715595188332111e-05
LIV,preprocess_Reading60.dat,0.8186417356397838,0.11117762177162654,0.06944009013112065,0.0007403096814467942,2.4277602215640916e-07,0.025862516170983143,0.2184072736371642,0.5023102655558418,0.18490792997501,0.06340001251395105,0.00508828861747471,2.371352957493355e-05
LIV,preprocess_Reading61.dat,0.8009739477668725,0.1261206116072169,0.07215422498790733,0.0007509575584018831,2.580796014388714e-07,0.022716642115599393,0.2361351571042759,0.47522700117721106,0.1888053926374285,0.07148754563859665,0.005591498306173062,3.6763020715584874e-05
LIV,preprocess_Reading62.dat,0.7991238927013966,0.12436272293562523,0.07551620805126824,0.0009965487949890148,6.275167208732592e-07,0.027260847490835873,0.22985952075747718,0.4711092339921889,0.1909023652369134,0.07479892014891082,0.006010171007515587,5.89413661583564e-05
LIV,preprocess_Reading63.dat,0.8192648997129723,0.1122465577281274,0.06765996447275432,0.0008282723413681203,3.057447778618493e-07,0.022898922643169225,0.2084663885203481,0.5032652947582044,0.19609189242197206,0.06317285947905006,0.006075997583711905,2.8644593544300496e-05
LIV,preprocess_Reading64.dat,0.79849321142717,0.11853370763018412,0.08200796495501222,0.0009648395242581683,2.764633754802594e-07,0.03380760314294767,0.27238026971462764,0.44485050773908674,0.166231060295153,0.07597475137034415,0.006728338353940067,2.746938390065794e-05
LIV,preprocess_Reading65.dat,0.7988173750401486,0.11341990543388508,0.08687823956704378,0.0008840705693477971,4.0938957497642504e-07,0.031173556965879687,0.28502205200569225,0.40633936881721006,0.18843447429649482,0.08198399618274722,0.007017318467188565,2.923326478751124e-05
LIV,preprocess_Reading66.dat,0.7557059331619331,0.14066287479728576,0.1028127558019895,0.0008181424923539576,2.9374643749138963e-07,0.021057781459414653,0.19161234854074893,0.4601722500479377,0.2290427321114945,0.0917513509068793,0.0063150122023523545,4.8524731172363274e-05
LIV,preprocess_Reading67.dat,0.7542597909055441,0.13595980215560863,0.10890436355163939,0.0008757922750049035,2.511122030206244e-07,0.02705269697372842,0.21899709839437786,0.43773944740969434,0.21081960301245714,0.09849916823482188,0.006851831591988775,4.015438293153859e-05
LIV,preprocess_Reading68.dat,0.7919625196666296,0.12367945217755173,0.0835472617624771,0.0008104433431612466,3.230501803390868e-07,0.028161149657894784,0.24423248674264347,0.4516017927094486,0.19689311664298415,0.07316846266336251,0.005914449299130372,2.8542284536091383e-05
LIV,preprocess_Reading69.dat,0.7653784339334819,0.1361797395378125,0.09753686917749109,0.0009047180322725481,2.393189419118494e-07,0.026465737371805378,0.23433027401482248,0.4458927310241939,0.1988667611896493,0.08767022806223873,0.006745386205785294,2.888213150501732e-05
LIV,preprocess_Reading7.dat,0.6635811058197119,0.1964313004933802,0.13835226298947745,0.0016348822672082838,4.4843022212170186e-07,0.02302672118613147,0.2571001180537069,0.37987736042376147,0.200467719668592,0.12965575626957865,0.009828267762559139,4.40566356703039e-05
LIV,preprocess_Reading70.dat,0.7612837351705098,0.14168849290819122,0.09609861669366235,0.0009288572640456467,2.9796359082773383e-07,0.0237588508108431,0.2051127469966253,0.4665376874739131,0.2095059301664386,0.08797820257118286,0.007069031609591849,3.7550371405032256e-05
LIV,preprocess_Reading71.dat,0.7722752300843121,0.14175449925984995,0.08525945916084288,0.000710562239624812,2.492553704402874e-07,0.02815195351179066,0.2273132143089998,0.450375564484813,0.20673308411741148,0.08167053358548436,0.005732891490753926,2.2758500746729575e-05
LIV,preprocess_Reading72.dat,0.7741751234544609,0.13305433433692423,0.09194807960459214,0.000822226927953662,2.3567606895649015e-07,0.02946262232544354,0.29633854921510266,0.4017171067690471,0.17445338024203458,0.09069485823727282,0.007306516324345233,2.6966886754133944e-05
LIV,preprocess_Reading73.dat,0.7493712682013607,0.14700110358485613,0.1027529621245139,0.0008743709781071085,2.9511116203315084e-07,0.02603557065423571,0.2605844233234951,0.42402318824023294,0.18604991543296392,0.09614843199289658,0.007115827600823827,4.26427553519243e-05
LIV,preprocess_Reading74.dat,0.7299538613453431,0.15512339964227595,0.11393021621131051,0.0009921970504340315,3.257506363587129e-07,0.03233860012083062,0.2825138047779841,0.3793661417378331,0.18811633781811385,0.10974014335101928,0.007890601089381383,3.437110483772715e-05
LIV,preprocess_Reading75.dat,0.7041573684397319,0.16883525272935385,0.1260917706896446,0.0009152130992296009,3.9504203994461194e-07,0.03064707104346107,0.26271198421427394,0.3938030651488071,0.19658763765350926,0.10861864095042154,0.007596854853689423,3.474613583769591e-05
LIV,preprocess_Reading76.dat,0.6362224537980612,0.18874558175334658,0.17335120600488577,0.00168014249873414,6.159449722381096e-07,0.014954839524270172,0.20413405595266565,0.39103783099284245,0.20720574512117498,0.1685575221572312,0.014055520139205684,5.448611260979143e-05
LIV,preprocess_Reading77.dat,0.662388029952578,0.17592300435467495,0.15996291202080473,0.001725625720943872,4.2795099844136953e-07,0.030706181338133003,0.23396103943550745,0.3730614352331829,0.19316557836672688,0.15642782196755625,0.012629122648702371,4.8821010191000955e-05
LIV,preprocess_Reading78.dat,0.7096081991080275,0.15887071442267775,0.12992064046154006,0.001600055016366431,3.909913882136966e-07,0.026630467162808733,0.24561071560473044,0.41079451837409076,0.18470335158862664,0.1211884357860733,0.011017916228207953,5.4595255462278076e-05
LIV,preprocess_Reading79.dat,0.7158898588964863,0.15607788043960388,0.12660731116379037,0.0014245387363874084,4.1076373190023513e-07,0.028669999761882774,0.2637592782015648,0.40036044284885675,0.17457062034338927,0.1219976459461148,0.010595048779500349,4.6964118691268503e-05
LIV,preprocess_Reading8.dat,0.667113126164286,0.17876501441099454,0.15263488319841484,0.0014865145349312553,4.6169137345395466e-07,0.021482253753484795,0.2647561251680136,0.36407948762591524,0.20671974551023645,0.13289050878137373,0.010019424487323469,5.245467365278442e-05
LIV,preprocess_Reading80.dat,0.719748820461332,0.15484322674833695,0.12410405506603184,0.0013034493513006077,4.4837299841918576e-07,0.01874939475860355,0.2394915850517834,0.44409121218839415,0.170068583029647,0.1168782020544726,0.010672524326480087,4.849859061914382e-05
LIV,preprocess_Reading81.dat,0.7077663687089115,0.16089245942935837,0.12997713629131394,0.0013635698897856046,4.656806306635766e-07,0.023233949684466713,0.28065452043901473,0.37289776605756586,0.19695139789860952,0.11672972383005094,0.009488426827201581,4.4215263090697966e-05
LIV,preprocess_Reading82.dat,0.6723211234001866,0.1825709277677092,0.14352155550168277,0.0015860389343633312,3.543960580666393e-07,0.017406930413318384,0.24452066732570407,0.39123400114181717,0.20643822653918426,0.13084591246678315,0.009510909082746842,4.335303044623088e-05
LIV,preprocess_Reading83.dat,0.6656779356680046,0.19193267575034018,0.14089397726793526,0.0014949523493173647,4.589644025422609e-07,0.019561625602719578,0.25128392197945976,0.3821050522444884,0.20560460061533586,0.13125086371160277,0.010150389177852454,4.354666854139681e-05
LIV,preprocess_Reading84.dat,0.6761814980655115,0.1916569009549033,0.13061886126274538,0.0015421790400300056,5.606768099062664e-07,0.02773163333340378,0.2432853972114114,0.3963041544578634,0.20537291251737994,0.11746487834146503,0.009774160135390451,6.686400308603604e-05
LIV,preprocess_Reading85.dat,0.703715519151892,0.19232657083169388,0.10283324351733844,0.001124348022889177,3.1847618663873565e-07,0.01807297349316389,0.25152470325760673,0.4250092974976913,0.19507970911882022,0.10305882085700636,0.00722294703121144,3.154874449986384e-05
LIV,preprocess_Reading86.dat,0.7215802079480866,0.16523113899303066,0.11195375018261948,0.0012345793959740144,3.234802891577233e-07,0.018387715250211233,0.21079963036871296,0.4529980121694767,0.21072485742887329,0.10011656194253277,0.006939943727111395,3.3279113081555e-05
LIV,preprocess_Reading87.dat,0.7539465756946706,0.1488676189335908,0.09609063965426103,0.001094810971122175,3.547463553450548e-07,0.019500701258245438,0.24526657155168194,0.45829830025638846,0.17958260212880778,0.09115387875634333,0.006150111552061728,4.783449647139298e-05
LIV,preprocess_Reading88.dat,0.7482806953632477,0.157109415275129,0.09322765528922251,0.0013816970858338737,5.369865667770946e-07,0.021053008135758933,0.22408280257697558,0.4653934789012389,0.19121616712651238,0.09184613733946742,0.0063748910598942195,3.351486015257595e-05
LIV,preprocess_Reading89.dat,0.7621906051893012,0.14740398969677723,0.08934957193786588,0.0010553829872047625,4.501888509278161e-07,0.030899237475115558,0.2653608673836043,0.4374646803242859,0.1803333240976441,0.0801286776096862,0.005777344023039312,3.586908662463979e-05
LIV,preprocess_Reading9.dat,0.7141872179446715,0.16446317712715472,0.11992001177156608,0.0014291001908389122,4.929657689543896e-07,0.02418560438880871,0.2787411750591682,0.3925867690128628,0.1810757469774599,0.11477295178588749,0.008597694214200835,4.005856161196982e-05
LIV,preprocess_Reading90.dat,0.7952559970239196,0.13148698209960066,0.07240301771109481,0.0008536894370359628,3.1372834932957537e-07,0.028794022547844095,0.2557018561566502,0.4803746493016974,0.16012370962202196,0.06990067843170585,0.005074131978051267,3.095196202929248e-05
LIV,preprocess_Reading91.dat,0.8113586352013428,0.11276767589117702,0.0748765188667157,0.0009968427646190373,3.2727614538131183e-07,0.02637412925528999,0.2557946470425481,0.49795326818018415,0.14601302738135294,0.06816453729591604,0.005662472846619794,3.791799808895456e-05
LIV,preprocess_Reading92.dat,0.7660771673375791,0.14992173671783454,0.0827133824368071,0.0012871380351966411,5.754725824989128e-07,0.02404888920843822,0.24798300552669078,0.4600882046850309,0.17420512926881862,0.08719171278663056,0.0064233998210126856,5.9658703378187045e-05
LIV,preprocess_Reading93.dat,0.7805690894213081,0.12992140179706005,0.08850459756440202,0.0010045143184410884,3.9689878860411916e-07,0.02274468023327735,0.26042611992592374,0.45957184068045454,0.16964553322865178,0.08188003843215083,0.005703434232183125,2.8353267358719224e-05
LIV,preprocess_Reading94.dat,0.7707707587764517,0.15418275601400275,0.07389912482024966,0.001146815933923331,5.444553724490924e-07,0.026984760191414856,0.26290579206111553,0.44375950172341716,0.1826696293898863,0.07728540227460318,0.0063554118369455416,3.9502522617482706e-05
LIV,preprocess_Reading95.dat,0.7958679485719963,0.1341920142541997,0.0689036883942063,0.0010359994820802682,3.492975176073569e-07,0.027686967662038386,0.2675259775567621,0.469844642647389,0.15541025399743116,0.07412954957191902,0.005372382726005444,3.0225838455105573e-05
LIV,preprocess_Reading96.dat,0.7928288672645892,0.14308270664860884,0.06341209283364431,0.0006760652806823493,2.6797247529850136e-07,0.023933304265983037,0.25374909053013955,0.48049861822859763,0.174958688665119,0.061900404887844984,0.004922304106771853,3.7589315544118235e-05
LIV,preprocess_Reading97.dat,0.7971953576928273,0.13837022203790006,0.06367537377061426,0.0007587097375068278,3.3676115160519694e-07,0.023067291977489367,0.2453629319582724,0.4949498371198876,0.17166883776757075,0.05986727364666263,0.005031229914020589,5.2597616096635546e-05
LIV,preprocess_Reading98.dat,0.7947756640191229,0.13969093964427676,0.06477235160300722,0.0007607304474481971,3.142861448980556e-07,0.021392559033665572,0.24885896307829272,0.4896488703201697,0.17218827010608614,0.06270249094571986,0.005184753869075074,2.4092646991058177e-05
LIV,preprocess_Reading99.dat,0.8020003084030509,0.13578543041590432,0.06138634047030454,0.0008274882857201273,4.3242502003202674e-07,0.03404550351096118,0.30204590489121125,0.43075327120951046,0.1646354342056329,0.06373805108520499,0.004710722040606365,7.111305687281013e-05
LOV,preprocess_Reading1.dat,0.7031099022067457,0.1433844948626826,0.15130308279239818,0.0022020177997583213,5.023384152818573e-07,0.04071669636799959,0.30353582628781367,0.3397923692619192,0.1518886120204086,0.14781172379976312,0.016185174878728118,6.959738336768257e-05
LOV,preprocess_Reading10.dat,0.830113858440237,0.10725096625461607,0.06103834686659989,0.0015964279531427087,4.0048540432524393e-07,0.025883387097213568,0.23625022334920845,0.522625934347402,0.1463518966555983,0.06258831924290338,0.006262624680425358,3.7614627248886074e-05
LOV,preprocess_Reading100.dat,0.7575946280535218,0.14369460434124406,0.0973590163060335,0.001351330226098965,4.21073101494181e-07,0.02784956017139323,0.23808711264207413,0.4555219389114553,0.17886401064361876,0.09300538273226465,0.0066354406975471895,3.655420164672172e-05
LOV,preprocess_Reading101.dat,0.7231108610968164,0.17258700868036186,0.10280487443506511,0.0014967975473041272,4.582404525738691e-07,0.03001783940506433,0.2578521612396898,0.3975054853644659,0.21242214355394282,0.0948548382916694,0.007310652196109602,3.687994905814443e-05
LOV,preprocess_Reading102.dat,0.7283440229668301,0.17130277181577475,0.09913755223210964,0.0012153672259270676,2.8575935830576633e-07,0.031727484119566426,0.23650070644767843,0.42694909473654197,0.2008671057443351,0.09728972518001365,0.006629223700168966,3.666007169538162e-05
LOV,preprocess_Reading103.dat,0.7181366268512258,0.17999567286797874,0.1003897796675126,0.0014775893578662773,3.312554165327e-07,0.02222290203893732,0.22267722204555138,0.4351854787203221,0.22310519566464207,0.08931038494755132,0.007458275889510913,4.054069348492494e-05
LOV,preprocess_Reading104.dat,0.7240060400284037,0.18232542315255856,0.09225018526894734,0.0014180171649481,3.3438514215437273e-07,0.02569393313547444,0.2388337325591515,0.423164760194483,0.21414582672755328,0.09108011267611212,0.00703998541250767,4.164929471808397e-05
LOV,preprocess_Reading105.dat,0.7092887361806676,0.19119644994316065,0.09791114269537714,0.0016033054738064463,3.6570698825814096e-07,0.029876216365727123,0.2565985071085722,0.3921316157279204,0.21742585677430257,0.09641994424677344,0.007500927474763476,4.693230194087081e-05
LOV,preprocess_Reading106.dat,0.7160039956450842,0.18784133126729569,0.09470474850637939,0.001449516979276022,4.07601964774534e-07,0.03559557854517075,0.295343593191855,0.3598284486382386,0.20402615260359294,0.09766938346222001,0.0074974633838511264,3.938017507166724e-05
LOV,preprocess_Reading107.dat,0.6949638610576258,0.19257755188687425,0.11080845893863418,0.0016495128121739703,6.153046919120764e-07,0.02792015564771158,0.270179182071489,0.36824936094539057,0.21867360382740533,0.1070775534530199,0.007855698041259518,4.444601372404871e-05
LOV,preprocess_Reading108.dat,0.709857903489991,0.18038045615034154,0.10804057051315362,0.0017206183911057185,4.5145540807944884e-07,0.030017264566258063,0.28839138420879656,0.3601188932250993,0.21717634580612377,0.096506938706354,0.0077401298859132986,4.9043601454973016e-05
LOV,preprocess_Reading109.dat,0.733163326302639,0.175893314118098,0.08951679509581184,0.001426146467895303,4.1801555591392034e-07,0.03133671400385352,0.3354463454085696,0.34067499252432926,0.1930539798205242,0.092390332548736,0.0070598262440707904,3.780944991663763e-05
LOV,preprocess_Reading11.dat,0.8416228463535272,0.09927399499128878,0.05758758677819816,0.0015150650003989737,5.06876586857968e-07,0.03720050051718409,0.2776254142711181,0.48208974101133956,0.14257541416631833,0.055026879313674774,0.005403027455216461,7.902326514858434e-05
LOV,preprocess_Reading110.dat,0.7290134933644064,0.1669009494648276,0.10251464323753683,0.0015704103240101284,5.036092189704275e-07,0.035248821395618746,0.35734746535465717,0.3079289881502304,0.18961818012409665,0.10182086397039686,0.007983255455133885,5.24255498662406e-05
LOV,preprocess_Reading111.dat,0.6474927855026781,0.2293331664168981,0.12135199365142439,0.001821463660528471,5.907684709923186e-07,0.02706529229098679,0.26515466971067025,0.3226909068785509,0.2661817714071247,0.11000285923245154,0.00885554950998764,4.895097022806813e-05
LOV,preprocess_Reading112.dat,0.6947901643778982,0.1998425206122983,0.10338831491614363,0.001978539783692772,4.60309967259261e-07,0.036308098892120486,0.31759177435451275,0.3166233079425891,0.2204795685369927,0.09955530754544588,0.009384469912408037,5.7472815931124316e-05
LOV,preprocess_Reading113.dat,0.6919464657947797,0.22584144106042578,0.08050901921263434,0.0017025689616522487,5.04970508058161e-07,0.031033799684539707,0.3145146151575087,0.32922315890233506,0.23076995622650934,0.08642557609915823,0.007987663376426946,4.523055352206608e-05
LOV,preprocess_Reading114.dat,0.6253961650030603,0.2662323474349603,0.1064198183039955,0.0019510866581058282,5.825998779552532e-07,0.03181874440982178,0.2927577109339711,0.2846169928114257,0.2753897520433249,0.10744745271425712,0.007904250019371424,6.509706782792449e-05
LOV,preprocess_Reading115.dat,0.6477436327521949,0.25680246920451355,0.09347898116481049,0.0019742093083502388,7.075701307079696e-07,0.030755099710334056,0.3154935385622235,0.28600024981976063,0.2620669043487006,0.09754920184588933,0.00806731450660128,6.769120649070882e-05
LOV,preprocess_Reading116.dat,0.6383902183473883,0.22601070043027374,0.13355495724535793,0.0020435251107917968,5.988661882035769e-07,0.03459495922191909,0.3140470961048189,0.28184196197851297,0.23135379258430486,0.12823677112139045,0.009875497100903885,4.992188814973036e-05
LOV,preprocess_Reading117.dat,0.6801300027054522,0.2059330955737092,0.11149071093793993,0.0024456267651933963,5.640177054282479e-07,0.03065461225038785,0.30581879019907643,0.32368190929945956,0.228904928452788,0.10070266594022112,0.010177120127180419,5.997373088649878e-05
LOV,preprocess_Reading118.dat,0.6748999982248706,0.22494933869965558,0.09797176566483923,0.0021781114161099364,7.859945246028771e-07,0.04043693882224296,0.34595950500296724,0.2936662218723515,0.2212933245887456,0.08819018082927674,0.010383003494429218,7.082538998684384e-05
LOV,preprocess_Reading119.dat,0.6568137327422487,0.22914720823938062,0.11160507952711131,0.0024333932823790774,5.862088801530863e-07,0.034117582988825654,0.3125031074800118,0.30587463233143497,0.23771634112298765,0.09946276519888826,0.010251494933744843,7.407594410679083e-05
LOV,preprocess_Reading12.dat,0.8698506604860792,0.08483237900574078,0.044022910981137996,0.0012936991286841284,3.50398357799705e-07,0.03521845929724844,0.27185594433729243,0.5139180200239105,0.12809161991743845,0.04621398747019314,0.004652306510423991,4.966244349303251e-05
LOV,preprocess_Reading120.dat,0.5558055103289601,0.28155834045454436,0.15999541362580996,0.002639903592241908,8.319984436571087e-07,0.02191875845864321,0.24734543536911474,0.3081318758892194,0.27764645438858065,0.12970151802628327,0.01517217216179823,8.378570636050867e-05
LOV,preprocess_Reading121.dat,0.6373238514548307,0.22683454935218025,0.1335787240970841,0.002262242054690315,6.330412143756172e-07,0.04029877960422208,0.31215864718645714,0.281134888626809,0.23492083534740268,0.12096785364554101,0.010462970060840905,5.602552872714293e-05
LOV,preprocess_Reading122.dat,0.6401975143656566,0.2476633003159948,0.11004946377151972,0.0020889722584653825,7.492883634660139e-07,0.031066613438968934,0.29564110117119025,0.31190618760856487,0.24439342128438707,0.10727774960479676,0.009653895560700267,6.1031331391867824e-05
LOV,preprocess_Reading123.dat,0.6312265201250221,0.22922512698771552,0.13693834207599748,0.0026094452049832996,5.656062814379252e-07,0.03554942768838753,0.3186566440845721,0.2737530470366649,0.23939065334955748,0.12061330353005058,0.011953236403895057,8.368790687234279e-05
LOV,preprocess_Reading124.dat,0.6222430470864928,0.23622626557731605,0.13935426331909623,0.002175905536019452,5.18481075419895e-07,0.027197259875186335,0.28841695917352483,0.3036824676804568,0.21890267616910392,0.15032451471561065,0.011414145269242733,6.197711687471813e-05
LOV,preprocess_Reading125.dat,0.6257074933627617,0.24291457817019463,0.12920371574777684,0.0021736598207162607,5.528985507254289e-07,0.054476198324714564,0.3086530326728885,0.27370041293582253,0.2357094510823173,0.11741369995522372,0.009991827664490914,5.5377364542428025e-05
LOV,preprocess_Reading126.dat,0.5491531694553854,0.272897760931107,0.1754580726059715,0.002490561301804239,4.357057318592615e-07,0.01924139793488367,0.23270926377086318,0.29894737361749285,0.27710695274133446,0.159019123362851,0.012909334564252707,6.655400832217463e-05
LOV,preprocess_Reading127.dat,0.589164979440423,0.27452807515523264,0.1332398525128788,0.0030666631341759,4.2975728966516774e-07,0.026372372784839043,0.26116438145489573,0.3047040599418126,0.26224846017023595,0.13231993461354868,0.013120929831213001,6.986120345499997e-05
LOV,preprocess_Reading128.dat,0.6331546152383528,0.2340515787200564,0.13028600555779585,0.002507141021483662,6.594623113040084e-07,0.03391477551242726,0.28572777118508697,0.309094006340584,0.23527468797156526,0.12326935006037756,0.01262732237280486,9.20865571539704e-05
LOV,preprocess_Reading129.dat,0.6150259710199145,0.22790931372662035,0.15464483335206813,0.0024193548959492114,5.270054477156692e-07,0.025380814756588335,0.25495400215381825,0.3214284313188137,0.2486056884208054,0.1382571477650328,0.01131721933433849,5.669625060304838e-05
LOV,preprocess_Reading13.dat,0.8494465714351879,0.09511871657540771,0.05410629075129526,0.0013280576612694226,3.6357683952214785e-07,0.030947504040416636,0.26349424078254186,0.5036318109001713,0.14351994507677873,0.052869235152341945,0.005489229653673551,4.803439407567309e-05
LOV,preprocess_Reading130.dat,0.6317087751628078,0.22316675612118786,0.1428826070200633,0.0022413668619063057,4.948340347843641e-07,0.03594874339415716,0.26383162459423615,0.32054949091891066,0.23533325428677623,0.13130250790001316,0.012959170613799082,7.520829210761529e-05
LOV,preprocess_Reading131.dat,0.6679648722707101,0.20683872237874545,0.1223966231488457,0.002799233324531076,5.488771677149185e-07,0.037599490258712454,0.30209185428719526,0.32961646793231925,0.20239913507171803,0.11456558716368383,0.013646558697530285,8.090658884111248e-05
LOV,preprocess_Reading132.dat,0.6577872138047421,0.1958284061267391,0.1429568244026422,0.003426728343203193,8.27322673133648e-07,0.036437654007773095,0.29747255647165416,0.3199971063556673,0.19908263156589956,0.1312192488678763,0.01569141221867033,9.939051245921076e-05
LOV,preprocess_Reading133.dat,0.5960271349251458,0.253301409099508,0.14756784087967575,0.003103037102268988,5.779934013998789e-07,0.02560362658194754,0.23542775642818659,0.33390294482493693,0.25059915767245394,0.13967417048881625,0.014721738143497098,7.060586016160327e-05
LOV,preprocess_Reading134.dat,0.6426018720539233,0.1965088407983549,0.1579163637541565,0.002972396414534634,5.269790307192903e-07,0.03772874882963869,0.28631058028251727,0.31055121815792863,0.21234553488830077,0.1367244080638406,0.016253315927771288,8.619385000274411e-05
LOV,preprocess_Reading135.dat,0.6834361130161988,0.18491953150386198,0.1283876792804641,0.0032560511723501995,6.25027125044006e-07,0.03673018122326213,0.29734389165279823,0.3406779284736003,0.19821157195174247,0.11251778132913623,0.014444204493400522,7.444087606033811e-05
LOV,preprocess_Reading136.dat,0.6597319944793035,0.1947158362090216,0.1420404597564464,0.0035110013223337215,7.082328944975053e-07,0.037204946816513325,0.2870969910262046,0.3377638533306367,0.1985194152923417,0.12394598432893372,0.015381215491477885,8.759371389209821e-05
LOV,preprocess_Reading137.dat,0.6500785713178381,0.19405190686129448,0.15291030919013743,0.0029584530679960482,7.595627341235577e-07,0.032378453890678574,0.2686012936439194,0.3353060186637451,0.20445132472545882,0.14201093306730153,0.017160945479574075,9.103052932241534e-05
LOV,preprocess_Reading138.dat,0.6586101380917102,0.2010675193664259,0.13715330204554144,0.003168114059690395,9.264366321417334e-07,0.04356331015240598,0.2871404435487931,0.3292978851256849,0.20341983667266011,0.12141573575383849,0.015047669673193816,0.00011511907342370095
LOV,preprocess_Reading139.dat,0.6751698645181952,0.1809727387845314,0.14120679452660687,0.002649916159728069,6.860109385132365e-07,0.04335823936009032,0.33307626432924875,0.29125402701448067,0.20051632554967147,0.11785074174692746,0.013877325327085433,6.707667249606573e-05
LOV,preprocess_Reading14.dat,0.8677341003160092,0.07956365086970023,0.05137897670827519,0.0013228137534914146,4.5835252390471803e-07,0.03730794779898764,0.293332597240029,0.4797582166695779,0.13429159081197783,0.04962584716881043,0.005648226841689712,3.557346892745735e-05
LOV,preprocess_Reading140.dat,0.6471141188638344,0.19959760988380945,0.1507989067397052,0.002488552811558049,8.117010926718634e-07,0.026120243603107756,0.26143043269462185,0.3434661241454097,0.21787451615563186,0.13581689705702515,0.015225008289693458,6.677805451011885e-05
LOV,preprocess_Reading141.dat,0.6624080556939784,0.19880761011035214,0.1361339114253825,0.002649825732429405,5.970378573175034e-07,0.0359623578123812,0.28124854576978964,0.34832024679710216,0.20249173174146337,0.11661420511177248,0.01529116126417632,7.175150331481201e-05
LOV,preprocess_Reading142.dat,0.6188756265384917,0.18812531742028002,0.18968097508914286,0.0033174702797207686,6.106723644355078e-07,0.0346627111129384,0.28864787557652105,0.2922525292151246,0.20348702941800337,0.15913664953141204,0.02168732641904404,0.00012587872695660004
LOV,preprocess_Reading143.dat,0.6328102360161943,0.20528750023060502,0.15955905591311556,0.002342697504075313,5.103360097458907e-07,0.03408570161341597,0.2522145831496387,0.3419207940578238,0.2200540229098204,0.13521655388487266,0.016403550368504636,0.00010479401592391585
LOV,preprocess_Reading144.dat,0.6872403566757499,0.1819400395648963,0.12836378958958897,0.00245530556632376,5.086034408184333e-07,0.03790481719511756,0.30874815083369694,0.32964429354492913,0.19535026791199303,0.11502868456052896,0.013263566811697774,6.0219142036647235e-05
LOV,preprocess_Reading145.dat,0.6331689169039727,0.20163493006959762,0.16199990181250992,0.0031956954587453023,5.5575517449251e-07,0.03403142056803188,0.27554404911874103,0.3200216328080266,0.20916404702212707,0.1437829453185069,0.017369270888411625,8.663427615492453e-05
LOV,preprocess_Reading146.dat,0.6381670776805246,0.21754341085647366,0.14162127269667307,0.002667733977980533,5.047883483323281e-07,0.034753310036548295,0.26572305817759984,0.32343534032284543,0.23647287582059895,0.12482940910055368,0.01468677225020623,9.923429164762979e-05
LOV,preprocess_Reading147.dat,0.640429838388874,0.1919259225649687,0.16460556146487026,0.0030380820107740853,5.955705127108677e-07,0.02774545597480546,0.27120675937275485,0.32567572158315633,0.2165232036348129,0.13741028889527057,0.021351961940195105,8.66085990048295e-05
LOV,preprocess_Reading148.dat,0.6915610742869143,0.19251274626813566,0.11375305707695191,0.002172594510362167,5.278576359781374e-07,0.044476904397396114,0.3139998236128279,0.33183801540726027,0.19865617809653702,0.09837860677003746,0.012588515014954726,6.19567009864501e-05
LOV,preprocess_Reading149.dat,0.6475621427898206,0.18946484960638987,0.16001791551260588,0.0029543864547602614,7.056364233574879e-07,0.02910847848039738,0.2721584748628013,0.34880257114969754,0.1947579670284254,0.1376064371502224,0.01748961188389061,7.64594445654368e-05
LOV,preprocess_Reading15.dat,0.8801349063008339,0.07302841708347944,0.04555913803228083,0.0012772248094865333,3.1377391896120617e-07,0.04238212320286175,0.3102814810115069,0.4789026647876793,0.11867570938027217,0.044738206178261235,0.00499078942897878,2.902601043991898e-05
LOV,preprocess_Reading150.dat,0.5979165767367942,0.22068727587309206,0.17819765314820268,0.0031979715712082335,5.226707027436546e-07,0.03174528614616399,0.2520464725349007,0.31290074221884323,0.22940128210011104,0.1533162894020586,0.02050328742536579,8.664017255654007e-05
LOV,preprocess_Reading151.dat,0.6520728029011358,0.16745749013937264,0.17715491617684792,0.003313648841255595,1.1419413882106232e-06,0.04625983634259507,0.3603794022825632,0.24336039634939793,0.17315126077672338,0.1566890110472398,0.020023094179557572,0.00013699902192308074
LOV,preprocess_Reading152.dat,0.7231810412931583,0.1447662995464779,0.1294224383421606,0.002629656928207507,5.638899957347078e-07,0.036045854832783185,0.333295335049371,0.3349275148563649,0.16910490270802983,0.11434100856469169,0.012212603439669789,7.27805490897147e-05
LOV,preprocess_Reading153.dat,0.7118810497542368,0.14514700656833998,0.13990583228941988,0.0030654568763766876,6.545116267192448e-07,0.028276790898185994,0.2971338811667416,0.3634695728499723,0.16589871899137906,0.1317124425367428,0.013357382036283205,0.00015121152069497057
LOV,preprocess_Reading154.dat,0.723636648486581,0.1429748324264568,0.13021844229261129,0.003169157346019991,9.194483310708434e-07,0.03897628238276564,0.3423253597755311,0.3278970490066395,0.1702742987729487,0.10877861086117036,0.01165963538981544,8.876381112928054e-05
LOV,preprocess_Reading155.dat,0.7136726269102809,0.14766085827883843,0.13588542902659312,0.0027805258146175434,5.599696698394727e-07,0.03982029285649584,0.3188361596530193,0.33491775949063757,0.17634495819213802,0.11824640944316207,0.011755181151539283,7.923921300781582e-05
LOV,preprocess_Reading156.dat,0.7398157826931144,0.13262374932533244,0.12492574445488354,0.002634096771836421,6.26754833174201e-07,0.05093659863265646,0.3628030872517912,0.30010975718010446,0.16114208715995043,0.11278161539990925,0.012139755440674712,8.709893491346133e-05
LOV,preprocess_Reading157.dat,0.7518927799710016,0.12382282602243054,0.1218252728643851,0.0024585207431604902,6.003990219977269e-07,0.04847070335353063,0.36373021583392423,0.32660510557958505,0.1412550828213903,0.10745542001727726,0.012417193139291013,6.627925500142397e-05
LOV,preprocess_Reading158.dat,0.7482096167229612,0.12548360260583968,0.12396608310827703,0.002340000754832472,6.968080892910906e-07,0.0437053766349727,0.37327090449429123,0.3182663882093918,0.14685352399230298,0.10765087669311744,0.010188457042995954,6.447293292778232e-05
LOV,preprocess_Reading159.dat,0.7319974959368778,0.1278133888955641,0.1376428070078578,0.0025458451128067628,4.6304689324824483e-07,0.03579085265389274,0.3088466346728473,0.36400270120955697,0.15741816697587857,0.12205630467046073,0.011819524767341457,6.581505002225593e-05
LOV,preprocess_Reading16.dat,0.8499763902661813,0.09281313587203782,0.056033144271107865,0.0011768999881234224,4.2960254945770417e-07,0.03649835252030432,0.31209656792213714,0.4497500992590109,0.14208361095224795,0.05449778192664662,0.005039452950139888,3.413446951339444e-05
LOV,preprocess_Reading160.dat,0.7550481907165434,0.11850273132256874,0.12436174165915746,0.0020869124850334767,4.238166969080114e-07,0.04094100433133512,0.35822775022469616,0.33867505154572936,0.1473130300369478,0.10512353064899749,0.009660901486678284,5.873172561564546e-05
LOV,preprocess_Reading161.dat,0.8190326604674837,0.10168637066387555,0.07753543179675246,0.0017452711595909052,2.6591229727241744e-07,0.05249919245782627,0.4348220951942791,0.3122039030543732,0.12142801250523068,0.07130174267601666,0.007682299119380939,6.275499289332827e-05
LOV,preprocess_Reading162.dat,0.8386658347700527,0.09620457111894558,0.06370019395831025,0.0014291532537296053,2.4689896171611343e-07,0.0457817723993238,0.39420936487938213,0.3705818479446492,0.1180879095326707,0.06467841860921768,0.006623464157898431,3.7222476858059174e-05
LOV,preprocess_Reading163.dat,0.8190259009887589,0.09973920863407608,0.07931202919798575,0.0019224191083022013,4.4207087730498633e-07,0.050061515534350134,0.4151262934913202,0.3242272998953886,0.13289612731446043,0.07012817303044752,0.00751961855204299,4.09721819900838e-05
LOV,preprocess_Reading164.dat,0.8214477349090301,0.10127994565439438,0.07556273185427685,0.0017092599132651817,3.276690334415664e-07,0.05130256865869608,0.39777537632787974,0.33906412414361964,0.13367603366425268,0.07061036219013855,0.00750631288973818,6.522212567517717e-05
LOV,preprocess_Reading165.dat,0.8333540356739004,0.09478205671086157,0.07023732522143024,0.0016263665454152043,2.1584839261817532e-07,0.052153303789610715,0.40891529677549887,0.33927231091355803,0.12526013725278712,0.06715314286714437,0.007206028220912777,3.9780180488004705e-05
LOV,preprocess_Reading166.dat,0.833162214352679,0.10410740979900329,0.061195927157026445,0.001534206098699227,2.425925923475403e-07,0.05070362996722385,0.3866750340302363,0.35983007054330657,0.13734194162547406,0.05852003392597766,0.006887274802533773,4.2015105248029825e-05
LOV,preprocess_Reading167.dat,0.8240024873298201,0.1087151159703682,0.06558613356789328,0.0016960088295021895,2.543024163594669e-07,0.038782114912410195,0.324646628183924,0.4160141314579732,0.14634694708132234,0.0670230957883988,0.007148444523604475,3.863805236700536e-05
LOV,preprocess_Reading168.dat,0.7926284584533206,0.13111235604410904,0.07401545127678996,0.002242920884915506,8.133408647475608e-07,0.038288659283253056,0.3239963655729006,0.39206168565290134,0.16663115319155045,0.07055775715253879,0.008392529790424966,7.184935643084558e-05
LOV,preprocess_Reading169.dat,0.7961202281053228,0.12936387373652938,0.07246443059868853,0.002050334917215971,1.1326422435364624e-06,0.03905236197636953,0.3402390687401125,0.3827481044348919,0.1606214702220117,0.06920189369922566,0.008064703433640732,7.239749374803124e-05
LOV,preprocess_Reading17.dat,0.8185476580961851,0.1142001019308331,0.06607959314051987,0.0011723247722487463,3.220602132230554e-07,0.03466775921882878,0.28332991781537686,0.44525470641904463,0.16533518634827654,0.06628703513546398,0.005066467311676018,5.8927751333372945e-05
LOV,preprocess_Reading170.dat,0.7827381963785159,0.13356056887487108,0.08124173350504284,0.002457632430645156,1.8688109251331582e-06,0.03273116081193661,0.3212150107333415,0.37828969773863536,0.17785890541981847,0.08134871285395621,0.008445838410307518,0.00011067403200413164
LOV,preprocess_Reading171.dat,0.7783386719218487,0.13282157144654075,0.08683261952170838,0.0020058730205947243,1.2640893075020876e-06,0.035640354859025496,0.3150213367661393,0.39242249050115463,0.16523822285175863,0.08272825367451511,0.008861364356051726,8.797699135522825e-05
LOV,preprocess_Reading172.dat,0.7979863426854986,0.12466131076242841,0.0757105228292095,0.0016415520383159256,2.7168454763591717e-07,0.03676446598560931,0.33907610950872696,0.39534999307874,0.14824054456818206,0.07311482086807744,0.0074012574088676095,5.2808581796647046e-05
LOV,preprocess_Reading173.dat,0.8343901587709076,0.09958179543851248,0.06469888168270543,0.0013288723506012469,2.917572731876319e-07,0.04213570659424159,0.36708816522360793,0.38181338602782633,0.14109040553822813,0.061313741526372464,0.0065192617166939405,3.9333373029685345e-05
LOV,preprocess_Reading174.dat,0.8336399474525806,0.10304098214122104,0.061815264407554554,0.0015035947520056843,2.1124663839156652e-07,0.044563650316978815,0.3582948316532429,0.3812799907108483,0.15108356079759722,0.05841691828060319,0.006317261987061041,4.3786253668647655e-05
LOV,preprocess_Reading175.dat,0.8216809311524215,0.11540561549235755,0.06143275521673818,0.0014804734904882415,2.2464799441956807e-07,0.03467868422207627,0.3416770695152331,0.40627282388541053,0.1511173567865861,0.06027646915270411,0.005937271283085835,4.032515490417239e-05
LOV,preprocess_Reading176.dat,0.8257811646912577,0.11745581500778675,0.055422907188753305,0.0013399169787780025,1.9613342427374326e-07,0.03686757578957544,0.3541560873932551,0.39226130219520783,0.15634588497950297,0.05457456074984479,0.005763407578289627,3.118131432425342e-05
LOV,preprocess_Reading177.dat,0.8179771660139505,0.11887635412241473,0.06177832955614779,0.0013679842113113033,1.660961755585695e-07,0.0330688027149859,0.31927446638446244,0.4148102921626957,0.16323083580206943,0.06316755563448596,0.006417931098580351,3.011620272002497e-05
LOV,preprocess_Reading178.dat,0.7979228096272845,0.13864446790755303,0.06199990303358036,0.0014326230889321482,1.9634265004529175e-07,0.03098935904752701,0.29473140144770427,0.4210717749561469,0.18518439280108717,0.06142087014353886,0.006569314776704554,3.288682729131459e-05
LOV,preprocess_Reading179.dat,0.796401432817109,0.13520400446517275,0.0667860899169467,0.0016082611741185773,2.1162665292976194e-07,0.031467088892210573,0.29066787095696706,0.42316508267775715,0.1806150517489111,0.06663318729261708,0.007407365224653972,4.4353206883069914e-05
LOV,preprocess_Reading18.dat,0.8233268619457078,0.10917347831225935,0.06621198020142262,0.0012872809640599007,3.985765502750933e-07,0.03176330580096709,0.26881000451747405,0.4662336806829816,0.16216951353103726,0.0655885469347416,0.005392533686144646,4.2414846653726014e-05
LOV,preprocess_Reading180.dat,0.7630546130669136,0.16328714586342397,0.07199659067939376,0.0016613469196176875,3.0347065086268816e-07,0.02928430243655085,0.24458944025206913,0.4322696414611949,0.21395237230979106,0.0732105626147595,0.006661801971767834,3.1878953866927206e-05
LOV,preprocess_Reading181.dat,0.7491526420651213,0.17357569040998191,0.075769926847442,0.001501514450389386,2.2622706556711445e-07,0.033798291071766386,0.2889322903018011,0.39505568804850627,0.20211237830446002,0.07337158045247705,0.006696752765890493,3.301905509875303e-05
LOV,preprocess_Reading182.dat,0.7353955238721942,0.18562399392819592,0.07710125247512511,0.0018789801432493407,2.4958123540654116e-07,0.031073731410994978,0.26694197556544574,0.3890041069971762,0.22567942453890177,0.07982241788714965,0.007432458314719232,4.5885285612411e-05
LOV,preprocess_Reading183.dat,0.7132962925638455,0.18580841582008775,0.09902302363009964,0.0018720162992818966,2.516866853434485e-07,0.036448111728852525,0.2760212067945619,0.34789597977805936,0.2360959514793009,0.09452483279485757,0.008971803016320971,4.211440804688406e-05
LOV,preprocess_Reading184.dat,0.7422240824626464,0.17375176109284396,0.08215453654545969,0.001869369120836563,2.507782135248439e-07,0.0314395912186627,0.2805018160177468,0.3923687113626828,0.20671267129630244,0.08200041177033256,0.006944663306839435,3.2135027433232874e-05
LOV,preprocess_Reading185.dat,0.732321980247451,0.17862317829034277,0.08720136347040254,0.001853209026097379,2.689657063173873e-07,0.03182187338447144,0.3091647031621946,0.3504649823362505,0.21941052759798435,0.08111907636336929,0.007967297708336703,5.153944739323108e-05
LOV,preprocess_Reading186.dat,0.7378543474192669,0.17070076157599137,0.08944612767995105,0.0019985031906247825,2.6013416590148526e-07,0.044578163083835005,0.3414893770127449,0.3187530356548103,0.20072911230157767,0.08622791153661752,0.008182384467539845,4.0015942874753035e-05
LOV,preprocess_Reading187.dat,0.7077904580514331,0.1961072402737441,0.09399465066868105,0.002107396073556087,2.5493258564549085e-07,0.02963941173511505,0.2766613410417689,0.3615225412219913,0.2315055875436887,0.09210011120469333,0.008528950845086359,4.205640765638293e-05
LOV,preprocess_Reading188.dat,0.7180230119757645,0.19518631602968076,0.08504938655164873,0.0017410565954749577,2.2884743136865808e-07,0.03445723097359333,0.2986734330260755,0.3468165716861337,0.2314631733423784,0.08054605130249247,0.008003969744075476,3.956992525097877e-05
LOV,preprocess_Reading189.dat,0.7166513384875097,0.19303382051088006,0.08851764400811164,0.0017969587395826642,2.3825391573518888e-07,0.03219147665956732,0.30071009637059304,0.3404176849765706,0.23239921154218715,0.08560304381053611,0.008637502110038626,4.09845305073135e-05
LOV,preprocess_Reading19.dat,0.8155271755719175,0.11590139729498988,0.06737609765906646,0.0011950698049833764,2.5966904275117557e-07,0.02418251703719401,0.229710650576457,0.5023382169211401,0.17297220766468677,0.06550190959239365,0.00526153760714232,3.2960600986046223e-05
LOV,preprocess_Reading190.dat,0.6853177395938913,0.22150616021828695,0.09110173651568088,0.002074106888994934,2.5678314608969e-07,0.031262197441160794,0.2533862351679109,0.37042796249855464,0.24816937358474037,0.08721833720251662,0.009492875185665233,4.301891945138831e-05
LOV,preprocess_Reading191.dat,0.6789703097816657,0.2167875729050425,0.10222547926388027,0.0020162793632302134,3.5868618138022066e-07,0.03050505083705312,0.24340606025953138,0.3778880448215697,0.24639625351565586,0.0926852494442652,0.009074304658079319,4.503646384538251e-05
LOV,preprocess_Reading192.dat,0.6633467386192625,0.23443360498434465,0.10008411713218562,0.0021352310143507194,3.0824985649657405e-07,0.03036099610208427,0.23829149355034848,0.37375014628565983,0.24386391837061466,0.10457421065800716,0.009110853080919563,4.8381952366134024e-05
LOV,preprocess_Reading193.dat,0.6615642165645191,0.2321831838847275,0.10373942651424854,0.0025128699910322455,3.030454723477046e-07,0.03274626077669487,0.2647080877868471,0.32135343839758834,0.2579556602933028,0.11408336502733178,0.009105516208236535,4.767150999839482e-05
LOV,preprocess_Reading194.dat,0.6575157076806961,0.22842825619306584,0.11138514077385696,0.002670601726794566,2.9362558642145166e-07,0.024806083470437994,0.21316669594595924,0.3813662683753853,0.25418207459330355,0.11553412389213913,0.010892005550545624,5.2748172229313694e-05
LOV,preprocess_Reading195.dat,0.6733578833344773,0.2199475967629902,0.1042711091071879,0.002423119096269797,2.9169907471447825e-07,0.02669140437637439,0.21502860676246144,0.3787202351284998,0.2617843357258788,0.10699661604284887,0.010575475342557287,0.00020332662137952199
LOV,preprocess_Reading196.dat,0.6945212406502432,0.2064685011680591,0.0966805145260299,0.002329455315075303,2.8834059265486534e-07,0.029087266665264934,0.24385206398525175,0.369844341978356,0.2447837626459099,0.10236068174091527,0.01002924739154502,4.263559275713958e-05
LOV,preprocess_Reading197.dat,0.6454211660434234,0.23840427259324948,0.11406078851680522,0.00211349737123858,2.754752836111953e-07,0.02654979463866303,0.2423538291370462,0.3566072461794013,0.25947516171827406,0.1054225874166661,0.009549109068982512,4.227184096683189e-05
LOV,preprocess_Reading198.dat,0.6486533347652518,0.22340105314758293,0.12528005976239467,0.0026650896116157236,4.6271315476444755e-07,0.026843852095329926,0.23468347853329388,0.34916649753419543,0.25670039940509815,0.12132892800690788,0.011214651205004368,6.219322017044319e-05
LOV,preprocess_Reading199.dat,0.6232915245497926,0.25534583269044964,0.11887173452323224,0.002490636984843832,2.712516817046481e-07,0.026733785845765447,0.23945903478887426,0.34182503465370495,0.2646558536565287,0.11590475911200458,0.011372523532785658,4.9008410336314036e-05
LOV,preprocess_Reading2.dat,0.7319886795845275,0.13899482946031658,0.1270623566651323,0.001953663455250825,4.708347730227544e-07,0.03750538916155431,0.27981852219388265,0.39225245350129634,0.15745932314902836,0.11908716393416996,0.013814331814990814,6.281624507771109e-05
LOV,preprocess_Reading20.dat,0.8241310731088191,0.10794162461994428,0.06685535900922195,0.0010716957598019758,2.4750221264110626e-07,0.03380851402804187,0.2442163977251566,0.4855231569955041,0.16920556498625003,0.062112188457012045,0.0051106762270122005,2.3501581023406316e-05
LOV,preprocess_Reading200.dat,0.6697893757155454,0.21313490086534653,0.1145741359424231,0.002501318333529913,2.6914315527538915e-07,0.03167194302618976,0.26528556383949076,0.3377569422744202,0.243350103245292,0.11063679897507284,0.011229925203941888,6.87234355925922e-05
LOV,preprocess_Reading201.dat,0.6499731887223961,0.22415856632879866,0.12312410828343806,0.0027437944771410527,3.421882261266378e-07,0.033964006932332806,0.26710568193103856,0.3218135804020875,0.2542293786571848,0.11132778611121867,0.011508609449993221,5.095651614435095e-05
LOV,preprocess_Reading202.dat,0.6553601190046996,0.24387223961351082,0.09846485017354421,0.002302549327406234,2.4188083895285173e-07,0.03953029518721346,0.28675137885378266,0.3078658823451969,0.26000940495992475,0.09618927609462559,0.009606129858999567,4.7632700257041156e-05
LOV,preprocess_Reading203.dat,0.6651278569975916,0.22101199887357023,0.11114812165128063,0.0027116900191441564,3.32458413550412e-07,0.033739568132065044,0.27287796317345303,0.33538329897344527,0.24685046870699234,0.10096093635469186,0.010141925960696933,4.583869865565194e-05
LOV,preprocess_Reading204.dat,0.673681541243388,0.20576839937476749,0.11778292190310415,0.0027667978337892456,3.3964495095298e-07,0.03158151902024084,0.2766794025806294,0.3443658832304998,0.23018887865432458,0.10554711010400988,0.01158643037851668,5.0776031778726355e-05
LOV,preprocess_Reading205.dat,0.6461095224253908,0.21841571978734547,0.13258071575634614,0.0028937389115838486,3.031193338047128e-07,0.03710541018858382,0.29789263097073937,0.3043171756038113,0.22787693077919677,0.12015521988684609,0.012599167485498955,5.3465085323905165e-05
LOV,preprocess_Reading206.dat,0.629004963407293,0.24595625882380434,0.12197204538168897,0.0030663488066889843,3.8358052467049126e-07,0.032310881551350125,0.25928974115805825,0.33063947314342096,0.2534269839914596,0.11280908244306638,0.011455652330397973,6.818538224690764e-05
LOV,preprocess_Reading207.dat,0.6433625183780525,0.24711985574132725,0.10710254561324976,0.0024147500781822647,3.30189188523801e-07,0.030595922182026617,0.26848660864862145,0.337237902718822,0.2502434468907229,0.10410039919222498,0.00927510936054222,6.061100703989963e-05
LOV,preprocess_Reading208.dat,0.6366512416374418,0.22541458333787076,0.13507521646507978,0.0028586140123636524,3.445472437539896e-07,0.03542751193668227,0.2782437267737435,0.32218282776136437,0.2335935244440351,0.11948217018002978,0.011017537452835763,5.270145130935931e-05
LOV,preprocess_Reading209.dat,0.6798337491391855,0.201895982030375,0.11533334589482835,0.0029366072963596095,3.1563925138606165e-07,0.036387320098482376,0.3222661576264251,0.32098496211204547,0.20576980303095221,0.10263220599587267,0.01190484182617759,5.470931004458223e-05
LOV,preprocess_Reading21.dat,0.8021341778780783,0.11545840942300184,0.08119231913234157,0.0012148155403234663,2.780262549592037e-07,0.027927164388329803,0.2351256111811731,0.4810183490215931,0.17424152947659946,0.07587668142893854,0.0057795973696874205,3.1067133678712e-05
LOV,preprocess_Reading210.dat,0.6673232637675404,0.2080292879991034,0.12108327138820839,0.0035637656735720015,4.111715758727755e-07,0.037109754148877384,0.30977001593407083,0.32284285102854615,0.21074946407115788,0.10727786654299705,0.012187119569233221,6.29287051173422e-05
LOV,preprocess_Reading211.dat,0.5992609812483806,0.2553666895516794,0.14259230626631753,0.0027796814757832583,3.4145783920141695e-07,0.030932482844040807,0.25696425115675675,0.30985649560846273,0.2575567679215919,0.13291143113993467,0.011711591513645361,6.697981556768137e-05
LOV,preprocess_Reading212.dat,0.6173182856235657,0.25866928911415193,0.12093525619443884,0.003076890123981446,2.7894386186021253e-07,0.030651586651496598,0.2606001807639579,0.33839592117947664,0.24987716023695092,0.10961110339259152,0.010809384621778599,5.466315374781835e-05
LOV,preprocess_Reading213.dat,0.6191219177767682,0.2528379567497758,0.12495982675082737,0.003079949710421772,3.490122067220288e-07,0.0351288178088779,0.2882675270585053,0.2953514013273353,0.25912364610754096,0.1105352501771688,0.011545088642136523,4.82688784353281e-05
LOV,preprocess_Reading214.dat,0.6579886184433055,0.21083619837762907,0.12798836172371653,0.0031863408477848182,4.806075641528179e-07,0.03351634952745004,0.2695753567552064,0.3449084134504917,0.21487765348029814,0.12541636413409643,0.011655122260352029,5.0740392105277025e-05
LOV,preprocess_Reading215.dat,0.6370405394622719,0.22005328296196586,0.13943063756183455,0.003475213677705569,3.263362222055215e-07,0.028441105709683046,0.28376330805140626,0.3344279803569456,0.2299299825558365,0.11082765784107533,0.012515984328677697,9.398115637566699e-05
LOV,preprocess_Reading216.dat,0.6560964096363194,0.20900576948976193,0.1323383615138293,0.002559139900110075,3.194599793880115e-07,0.0379908990366287,0.2882746064770969,0.32345582709778453,0.22029062281431835,0.11889628028392543,0.010978261936433174,0.00011350235381300328
LOV,preprocess_Reading217.dat,0.6857134819151259,0.18546637705084656,0.12569348897482735,0.0031263801884596197,2.718707405332924e-07,0.04013732278035341,0.33881037501472466,0.30672475574181857,0.19517476745839044,0.1072833104806403,0.011815133818673036,5.433470539971288e-05
LOV,preprocess_Reading218.dat,0.6887635800666931,0.18953495169317097,0.11849812975924888,0.0032029907797264004,3.47701160633838e-07,0.031771504986212035,0.30645886641946696,0.3351493511017776,0.21098198138421792,0.10311598610123822,0.012472160720713768,5.014928637328847e-05
LOV,preprocess_Reading219.dat,0.6330539723899524,0.20494170316458094,0.15900206429000616,0.003001941804187356,3.183512730345466e-07,0.02878006188370783,0.2842483514930712,0.32021596881776304,0.22659858438264371,0.12754706522511297,0.012559482960897496,5.048523680390323e-05
LOV,preprocess_Reading22.dat,0.7647802713869899,0.13726788059582679,0.09671975458728498,0.0012318173432109116,2.7608668745660717e-07,0.026716244567264177,0.2198085931590684,0.4649378499858619,0.19107410070249597,0.09105965008264583,0.00637431874283655,2.9242759827384695e-05
LOV,preprocess_Reading220.dat,0.6020866978357848,0.24336787516298977,0.15179304165455265,0.0027519986976254807,3.86649047266323e-07,0.025144951972453006,0.24203809968727752,0.33810346495072313,0.24073969072241408,0.14142585546848513,0.012499072280113181,4.8864918533850256e-05
LOV,preprocess_Reading221.dat,0.6592746823914246,0.19943642954580118,0.13819772706022002,0.0030908794477835697,2.8155477065233953e-07,0.025992226110709685,0.2748067842621464,0.34687234244979637,0.20435485416366417,0.13189456240770683,0.01601887809705183,6.0352508924798456e-05
LOV,preprocess_Reading222.dat,0.6068192453398424,0.21652777261593636,0.1733145628627151,0.003337963795729571,4.55385776366661e-07,0.03473608594274632,0.27899596278631034,0.2956099773276651,0.22519486965795868,0.1482417274832943,0.01714736059142909,7.40162105962649e-05
LOV,preprocess_Reading223.dat,0.6590619001072965,0.18890555309626184,0.1485467538322828,0.0034854505167107273,3.424474479477261e-07,0.04144678647563981,0.3251794404216298,0.2711387906387244,0.20620794343119328,0.13924938834438777,0.01670367907957108,7.397160885390069e-05
LOV,preprocess_Reading224.dat,0.6267014003670167,0.18910156120139363,0.18054924961101393,0.0036471735045161893,6.153160596217099e-07,0.0430657777026145,0.3233004889456858,0.23651837833516592,0.21394783940549586,0.1659362473941599,0.017163775641046562,6.749257583145191e-05
LOV,preprocess_Reading225.dat,0.6503358664622061,0.18543603406254155,0.16075504877957164,0.0034725862827115154,4.6441296932351855e-07,0.03934728265097146,0.34622016757615354,0.25872940685535045,0.20013515491057396,0.1385609904963927,0.016933789173401242,7.320833715659414e-05
LOV,preprocess_Reading23.dat,0.7404601081738862,0.15613049494763798,0.10205077584085867,0.0013582829497282688,3.3808788903309347e-07,0.02554318105757927,0.23166791629829114,0.43419050075749854,0.20491825840468952,0.09681072669821228,0.006832870727124017,3.6546056605248475e-05
LOV,preprocess_Reading24.dat,0.785762608157315,0.12433546893040041,0.08872914343281266,0.0011723554191597678,4.2406031243138607e-07,0.027421329193689448,0.25760269832665506,0.4510324003229632,0.1764255561078487,0.08157579889171965,0.005889334574644749,5.2882582479157334e-05
LOV,preprocess_Reading25.dat,0.7501725240613212,0.14473138945099087,0.10380424123570049,0.0012914955206651977,3.497313222974343e-07,0.02743660729808319,0.25641264636742117,0.42699838106491417,0.1880442740283568,0.09422518808882425,0.0068513756224123385,3.15275299878345e-05
LOV,preprocess_Reading26.dat,0.7324176336920691,0.16923787288612255,0.09697485906549892,0.0013691851097866613,4.4924652291897295e-07,0.03271007263687639,0.259625982516582,0.39951743711501575,0.20370713833802914,0.09761304839465196,0.006644504467638822,0.0001818165312060434
LOV,preprocess_Reading27.dat,0.701999392774832,0.1885963622901606,0.10784813448922505,0.0015556393407793404,4.711050030914294e-07,0.030434296033857753,0.2398106969520579,0.40084441773752527,0.22454147365838714,0.09717526495341046,0.007147676981822665,4.6173682939040646e-05
LOV,preprocess_Reading28.dat,0.7136983236774972,0.1779293255784774,0.10660727810880212,0.0017645223995833292,5.502356398844344e-07,0.039415243519860726,0.2801377605263589,0.36692325133036524,0.20588961295267413,0.10049682541238635,0.007091669561265588,4.563669708912672e-05
LOV,preprocess_Reading29.dat,0.7096623070924417,0.1809108952057219,0.1076690042631238,0.0017572789747290014,5.144639837154094e-07,0.04881606593913185,0.32098321912461286,0.31799809346611513,0.20556952748746551,0.09928347969379578,0.007304867671489778,4.474661738884125e-05
LOV,preprocess_Reading3.dat,0.7990454718544865,0.11673696457797693,0.08228071170822668,0.0019364199335373282,4.3192577273877546e-07,0.044701468493179915,0.326996783631241,0.3987469801279563,0.14026301610156616,0.08131373599525495,0.007934505885711556,4.3509765090130105e-05
LOV,preprocess_Reading30.dat,0.7128512961843441,0.1868645076265068,0.09853263630952268,0.0017510868476477927,4.7303197864215026e-07,0.04534433249418632,0.3212940497434839,0.32139160989737925,0.2006545661832053,0.10428320996880196,0.006988799053263414,4.3432659680079815e-05
LOV,preprocess_Reading31.dat,0.7354869833304015,0.17502304385411044,0.08792583497246405,0.0015635429307083422,5.949123157669228e-07,0.04878995930127667,0.3840092648686953,0.27732179766158044,0.19299441489266114,0.08924543303069545,0.007558359956750664,8.077028834042094e-05
LOV,preprocess_Reading32.dat,0.6719708145745347,0.21723996860209327,0.10909338841934561,0.0016953944692709153,4.339347554652353e-07,0.041478862419617506,0.32005048618328824,0.30070969399938036,0.2204369987514422,0.10884678271575489,0.008430460921339672,4.671500917729143e-05
LOV,preprocess_Reading33.dat,0.6852812328710491,0.21638152028281166,0.09659066885015383,0.001745806978920568,7.710170647685423e-07,0.03616728220143755,0.31013910988951643,0.31434476185369997,0.23722607130644394,0.09387786503004136,0.008145494535841288,9.94151830192626e-05
LOV,preprocess_Reading34.dat,0.7050522130365869,0.19873618228525597,0.09445084170090143,0.001760132080754973,6.308965007940883e-07,0.041585311740639876,0.32880317647577784,0.3162013944976937,0.21579466839623393,0.08876084305395233,0.008803720416902255,5.0885418800170106e-05
LOV,preprocess_Reading35.dat,0.6969386482432124,0.2076902083581138,0.09346845174029653,0.0019020353956472709,6.562627299082241e-07,0.048524399177728016,0.3122565739200128,0.31038223166204476,0.21938640071039942,0.10026868496258964,0.009114725858791637,6.698370843381605e-05
LOV,preprocess_Reading36.dat,0.6491564311052366,0.2552929914965601,0.09369096615209634,0.0018589518799416614,6.593661652575454e-07,0.0353785607135245,0.2995659965351403,0.30314333786946723,0.25446168257869406,0.09909890216312668,0.008304598733328668,4.6921406718520035e-05
LOV,preprocess_Reading37.dat,0.6423275482362223,0.2567530712170189,0.09876285193841648,0.0021559215038398907,6.071045024769099e-07,0.031291950884287295,0.27902898130560866,0.32266793219986595,0.26251029335693515,0.09509059702449828,0.009359257239805963,5.0987988998534054e-05
LOV,preprocess_Reading38.dat,0.6820678731203762,0.22531466947711049,0.09068613049322935,0.0019306012184147848,7.256908693206813e-07,0.03539006203046914,0.32750044769286357,0.3080770593244886,0.23032727920726193,0.09029248823617385,0.008357603503069863,5.5060005673005005e-05
LOV,preprocess_Reading39.dat,0.6693857201160587,0.22797848084695527,0.10052385514447629,0.0021111616264157403,7.822660941830565e-07,0.03580720284487735,0.3218824932112855,0.29684959256483834,0.23651623665511506,0.09975512027288305,0.009124505759222181,6.48486917784895e-05
LOV,preprocess_Reading4.dat,0.8057737799659426,0.1161768982638977,0.07654282268918251,0.0015061707291928578,3.283517840460887e-07,0.039142939062766474,0.2728495717863594,0.45495223298199117,0.14773651460066217,0.07853849905613776,0.006733065646044509,4.7176866038433984e-05
LOV,preprocess_Reading40.dat,0.6207599656545223,0.27033568681912096,0.10656359763567627,0.0023401719089222125,5.779817582110394e-07,0.03148726682760658,0.27540187650578796,0.3030981733845297,0.27169743613171005,0.10851336276656205,0.009674804844736923,0.00012707953906649776
LOV,preprocess_Reading41.dat,0.6533208038748656,0.2532661718744015,0.09110082934349632,0.0023113448972259167,8.500100106864207e-07,0.04084266982567369,0.31548599758115875,0.29657031008834134,0.2456708614318258,0.0916177689540758,0.009751321482845956,6.107063607871514e-05
LOV,preprocess_Reading42.dat,0.6495860934376053,0.25046687572862647,0.09805599132598845,0.0018904568686703787,5.826391091657834e-07,0.043878247541104476,0.31938155174883387,0.2856618782108012,0.24854041438438546,0.09219978052302537,0.010276637831306518,6.148976054312744e-05
LOV,preprocess_Reading43.dat,0.6348502994673675,0.2622711955785379,0.1004381812106302,0.0024397372883228166,5.864551416287042e-07,0.03327218800481821,0.30571686023030475,0.30527272299882463,0.2503689286826845,0.09544947413504996,0.009856156438153562,6.366951016438813e-05
LOV,preprocess_Reading44.dat,0.6931763798237162,0.21597944757096296,0.08867564170581917,0.0021677179730942233,8.129264074539973e-07,0.047708350727464155,0.3706272047655066,0.2708012245886574,0.21938533073936844,0.0821175837613024,0.009281410332702153,7.889508499873216e-05
LOV,preprocess_Reading45.dat,0.6818797794569559,0.2235268359674083,0.09252286059462127,0.002069848551666647,6.754293479450977e-07,0.04532932763097411,0.37433966618111425,0.2687613715830542,0.2201953153321434,0.08237210104259526,0.008946678752192232,5.553947792635867e-05
LOV,preprocess_Reading46.dat,0.6634920022873207,0.22654884309177561,0.10716051969855588,0.0027978543441121826,7.805782356574489e-07,0.045403901714174105,0.34034825912200545,0.279411260478642,0.22362943938489993,0.09997777448809594,0.01116682482112622,6.25399910562259e-05
LOV,preprocess_Reading47.dat,0.6731426041020884,0.22851852728897235,0.09601078898190597,0.002327093698312618,9.859287205962408e-07,0.03831632302124126,0.32792319384246027,0.3144594344639969,0.21812059633015293,0.08987079647024081,0.011228236444029347,8.141942787839966e-05
LOV,preprocess_Reading48.dat,0.6971850532441956,0.21138258743192784,0.08907508479579616,0.0023564689242360428,8.05603844627954e-07,0.04780944163923843,0.35022593212287634,0.2899233832345193,0.21679800213245287,0.08498038358588868,0.01018812713856186,7.473014646241132e-05
LOV,preprocess_Reading49.dat,0.6819434373362111,0.22259924312325705,0.09259936127929536,0.002857404396793484,5.538644429898665e-07,0.04239878873093367,0.330236743602529,0.3087268503871577,0.2207890175955275,0.08670874153185092,0.0110549050475643,8.495310443682704e-05
LOV,preprocess_Reading5.dat,0.8291994533220652,0.10614810045715702,0.0629799053951177,0.0016721770119932757,3.638136669735537e-07,0.046219076648279886,0.3111991688498588,0.43008323406359644,0.14078595105568323,0.0651480359062528,0.0065268007376203885,3.773273870842817e-05
LOV,preprocess_Reading50.dat,0.686375963131014,0.20782858789517822,0.10344174637724075,0.0023530857982774936,6.167982894917513e-07,0.04731720499701337,0.352192905835507,0.29077778204158977,0.20564855453331427,0.09227924296022365,0.011672817967934634,0.00011149166441733618
LOV,preprocess_Reading51.dat,0.7172064355164661,0.20337555084411366,0.07697541341536207,0.0024419476266114796,6.525974466085732e-07,0.0475194332587674,0.37117969854963495,0.2943721486701094,0.20014142524427098,0.07715928375483316,0.009563266466180474,6.474405620343462e-05
LOV,preprocess_Reading52.dat,0.6335945696160801,0.22944701864611258,0.13405653264586948,0.0029012524122117964,6.266797260229652e-07,0.04185077294142107,0.32189527815273705,0.27370026173091155,0.22869272426122997,0.11887864912995222,0.014896227704577686,8.608607917050833e-05
LOV,preprocess_Reading53.dat,0.6509174455350785,0.23200866852799737,0.11435336488707977,0.002719729366937676,7.916829067877878e-07,0.03774923898624688,0.30044265206079923,0.3136068852338098,0.23094504062329166,0.10632948383240208,0.01085749671981651,6.92025436336892e-05
LOV,preprocess_Reading54.dat,0.6583798491681512,0.2238441331986299,0.11516238151637262,0.002612869999386289,7.66117459945195e-07,0.033037280326171085,0.2995816095371911,0.3120023707027427,0.23592113151858976,0.10808922306296119,0.01129845971281655,6.992513952749669e-05
LOV,preprocess_Reading55.dat,0.6617593910661261,0.2243303763137189,0.11089346936437885,0.003015915931467029,8.47324309066457e-07,0.04701614110891764,0.30689582762693546,0.3013858059289741,0.2300733449576941,0.10161897994738116,0.012935311968631182,7.458846146642358e-05
LOV,preprocess_Reading56.dat,0.6463689153203395,0.2211034593664466,0.12952376224335466,0.0030029356748576337,9.273950017360306e-07,0.034913526448474314,0.2810092758465761,0.33111071447512,0.22882353606603423,0.11052513630649509,0.013539418337597428,7.839251970292935e-05
LOV,preprocess_Reading57.dat,0.613203026024193,0.23398036330638816,0.14942567193646875,0.0033903374652431806,6.012677070428372e-07,0.042688511501981434,0.28825504983193134,0.28451605724058,0.23176203918383464,0.13504983650656346,0.017644253787046635,8.425194806248586e-05
LOV,preprocess_Reading58.dat,0.683575454616514,0.19170674431824658,0.12142152846916678,0.003295513601922216,7.589941506765193e-07,0.038989161548653874,0.3300740013339876,0.30659088357361713,0.19726800244735848,0.11179471779277564,0.015206723914991054,7.650938861623524e-05
LOV,preprocess_Reading59.dat,0.638545895832722,0.20688552715895273,0.1517544194902255,0.002813492241357469,6.652767424305457e-07,0.036027844084125085,0.31603102190159,0.29287205842531255,0.20747342297212654,0.13278407215482443,0.014740564452627251,7.101600939398677e-05
LOV,preprocess_Reading6.dat,0.8367950033385543,0.1060259245959167,0.055607375504348876,0.0015712527806541904,4.4378052610626264e-07,0.03375059752521533,0.26989512591669224,0.4879693257575793,0.14273800476666387,0.059868894732361455,0.005727843667964818,5.0207633522829e-05
LOV,preprocess_Reading60.dat,0.6375214295110022,0.22597416108819843,0.13307233596842388,0.003431331062057515,7.423703179145206e-07,0.03514702434831866,0.3138713313989723,0.2879537530454191,0.22861514099069974,0.11932591459914439,0.014973417612168,0.00011341800527796591
LOV,preprocess_Reading61.dat,0.6443322024549482,0.2035891696985582,0.14940520568495952,0.0026728965110170487,5.256505169157218e-07,0.044264505113916615,0.32709456636782214,0.28336627942051074,0.19883623077263823,0.13039882758866875,0.015962581392449694,7.700934399387021e-05
LOV,preprocess_Reading62.dat,0.6420190213550856,0.203366551108692,0.15193599700505747,0.0026777237423496474,7.067888151709267e-07,0.03743803607075691,0.2838980379523791,0.3176714357780754,0.2174818866385412,0.12800239490230084,0.015426494095324135,8.171456262238111e-05
LOV,preprocess_Reading63.dat,0.6266567877344081,0.20760360730769095,0.162776832152634,0.0029622822324235467,4.90572843375553e-07,0.03160309103318802,0.2614919682483839,0.3217927964775868,0.22971283310100532,0.13966356271033617,0.015667820202775188,6.79282267245484e-05
LOV,preprocess_Reading64.dat,0.6709311849778203,0.184699272824227,0.14154758616586813,0.0028213392384126854,6.167936718900656e-07,0.0378513333021568,0.32252084613881216,0.31552279755459856,0.18903483956123396,0.11983245761591078,0.015173271347736944,6.445447955097668e-05
LOV,preprocess_Reading65.dat,0.6141834701896443,0.23272596591331926,0.15023111575479278,0.002858726010239059,7.221320045105847e-07,0.029161296972705628,0.24529983470073882,0.3438695712862092,0.2320602066603726,0.133990864844813,0.015544456182374022,7.376935278657459e-05
LOV,preprocess_Reading66.dat,0.707718990499258,0.16929173469676162,0.12068936526629262,0.002299259605705875,6.499319820320325e-07,0.035531017938606156,0.3142091620146992,0.3337286763920861,0.18910626096764224,0.11313269841966436,0.014228279773853039,6.390449344871715e-05
LOV,preprocess_Reading67.dat,0.6599789554161738,0.17419998553715543,0.1633880125589716,0.0024324780010815485,5.684866173641842e-07,0.03129905154367423,0.2839847685620073,0.33377542568504165,0.19789101093415287,0.13615466985840735,0.016825335770343685,6.973764637284009e-05
LOV,preprocess_Reading68.dat,0.6865812994988785,0.18684575435544468,0.1238090392281154,0.0027632377339795802,6.691835818572305e-07,0.037253988738699124,0.31271566162982,0.3279272762243391,0.19523835275733964,0.11128098273262263,0.015503603932456327,8.013398472329915e-05
LOV,preprocess_Reading69.dat,0.6623032302825662,0.20198463969490968,0.13266285233013997,0.003048213454031256,1.064238353004945e-06,0.03251706457432116,0.3001556693143422,0.3391857058572794,0.1990130855773096,0.11438592890157678,0.014671821381200678,7.072439397010132e-05
LOV,preprocess_Reading7.dat,0.8439154041187703,0.09415136569392704,0.06039121161982545,0.001541584214352089,4.3435312510139305e-07,0.038218872784168946,0.30914191707481276,0.4584404080547796,0.12527053434275703,0.06326479118045378,0.005629360177239087,3.411638578880445e-05
LOV,preprocess_Reading70.dat,0.6644229859746912,0.19383747590455347,0.13900995601886423,0.002729041582495544,5.405193953154799e-07,0.033395781513811486,0.3017300640700051,0.33278278862761645,0.19500080281897586,0.12079150745825146,0.016221335683912392,7.771982742726583e-05
LOV,preprocess_Reading71.dat,0.6836870171490872,0.18679820258208718,0.1272654360029278,0.002248823113909549,5.211519884184003e-07,0.04232199035072492,0.3085416102737983,0.32362302853023184,0.19712764840779873,0.11550282281326237,0.01281886820470812,6.403141947598276e-05
LOV,preprocess_Reading72.dat,0.6263518356632154,0.21144378671194725,0.1597206962208557,0.002482942835133544,7.38568848108694e-07,0.03545648588236412,0.27710266180221216,0.32459770518753756,0.20296472468406462,0.14378437562427968,0.016016498921909504,7.754789763230622e-05
LOV,preprocess_Reading73.dat,0.6594936376311689,0.2045813766903947,0.13361178164870072,0.002312693274183105,5.107555527496812e-07,0.03390349524212671,0.3057450248383059,0.3206341162951166,0.2069273636745149,0.1208138858628214,0.011917738880403308,5.837520671134363e-05
LOV,preprocess_Reading74.dat,0.6700405300344789,0.18829908153586467,0.13923192974328494,0.0024278798472505384,5.788391209188016e-07,0.041401998433191776,0.3190079226515889,0.300830178475356,0.20692532259777388,0.11847009096373307,0.013303059068799994,6.14278095564766e-05
LOV,preprocess_Reading75.dat,0.7190999153952649,0.15002812123105363,0.12795382569698974,0.0029175267812520944,6.10895439862892e-07,0.04970916901384317,0.34869375668889285,0.31324516662220325,0.17044793530684985,0.10615550030933556,0.011689756979578388,5.8715079297064415e-05
LOV,preprocess_Reading76.dat,0.7303380909592515,0.1348117530170911,0.13295531546628087,0.001894435122834937,4.054345413994357e-07,0.035456246745321336,0.2819057872977731,0.3948478679450376,0.15187352015883437,0.1227816853288224,0.013083240664695274,5.1651859515921656e-05
LOV,preprocess_Reading77.dat,0.7248486421637966,0.14045894807229403,0.13228599558288962,0.002406049152522578,3.650284969874343e-07,0.037675136227383665,0.268679792782485,0.3940364461976075,0.1601946433999868,0.12475715161988898,0.014588987551984277,6.784222066377182e-05
LOV,preprocess_Reading78.dat,0.772087261493581,0.13176393119315252,0.09433002596139606,0.0018182963597756984,4.849920950650544e-07,0.044933802953920486,0.30607562086197676,0.392227436373537,0.1582063813141574,0.0893151270237275,0.009188418987041355,5.3212485639272616e-05
LOV,preprocess_Reading79.dat,0.7808161596706954,0.1302455553159666,0.08741218764488677,0.0015257248257535025,3.7254269764605375e-07,0.03815765585941478,0.27417907179921513,0.4335774141158225,0.15844342883394733,0.08759555813067615,0.008002477856818733,4.4393404105344524e-05
LOV,preprocess_Reading8.dat,0.8435038621048975,0.09755817918999643,0.05731785526853883,0.0016196711186165472,4.3231795074308816e-07,0.02654243028503845,0.23781672423314573,0.5415449144025175,0.13039238551277385,0.05763785477638763,0.006026919167481557,3.877162265525079e-05
LOV,preprocess_Reading80.dat,0.8036890262596089,0.11496027314113041,0.07959078539163532,0.0017594380874122633,4.771202131757887e-07,0.027156843458509924,0.26216097894433155,0.4788250224143033,0.1420551294993342,0.08195946255197739,0.007798405780910913,4.4157350632721565e-05
LOV,preprocess_Reading81.dat,0.831972669717566,0.10479060985077274,0.061877517028149594,0.0013588039880301171,3.9941548146249516e-07,0.02868608161068761,0.25634560462549466,0.5022460593499539,0.13888409840473478,0.06747906145823308,0.006318915338979946,4.017921191600895e-05
LOV,preprocess_Reading82.dat,0.8497506708765564,0.09246890201627977,0.05631820729696526,0.0014618227977856476,3.97012413185886e-07,0.03543352669706722,0.2941985109069412,0.4824333146428012,0.12393512322462776,0.05783213102341111,0.0061284947965402105,3.889870861132818e-05
LOV,preprocess_Reading83.dat,0.851348249326334,0.09470963886548663,0.05247645031223946,0.0014650070350963912,6.544608435772305e-07,0.030041070495139707,0.25388189892842566,0.5289571380672923,0.12699674487942625,0.054450165036497786,0.005638359694285688,3.462289893273001e-05
LOV,preprocess_Reading84.dat,0.8463438639315685,0.09626925574746742,0.05575041060535318,0.0016360487482010916,4.209674095889445e-07,0.033613806838374526,0.25594162230684725,0.5196086799627222,0.1274840053765216,0.05777604166164209,0.0055448698230403,3.097403085208468e-05
LOV,preprocess_Reading85.dat,0.8216278405481615,0.11275105734236304,0.06388631529225351,0.0017343892810144758,3.9753620736224047e-07,0.032658515720891394,0.2663277544120844,0.4778405525724364,0.14990091058135827,0.06688685103711067,0.006349426173887603,3.59895022312575e-05
LOV,preprocess_Reading86.dat,0.8305306693337423,0.10962243576399976,0.05850057250321749,0.0013458981617123496,4.2423732821236666e-07,0.029426222576307903,0.25209829909352865,0.4984892969035683,0.15494562106795037,0.059246559601348614,0.005761673635840549,3.2327121455737615e-05
LOV,preprocess_Reading87.dat,0.8642553101183903,0.08282247737852629,0.051163815855007094,0.0017580048853675697,3.9176270831194157e-07,0.03126338263523191,0.2705455105073647,0.5069327458453856,0.13413854978370884,0.051324690990308175,0.00574234539561364,5.2774842387124594e-05
LOV,preprocess_Reading88.dat,0.8582876860944075,0.085308619064033,0.05492461745418563,0.0014786699160937089,4.0747128013094364e-07,0.030070159289987894,0.2732859698810247,0.5019898907608251,0.13585526240423365,0.05275692096188364,0.00599787572340223,4.392097864272181e-05
LOV,preprocess_Reading89.dat,0.8502466507508115,0.0957805330377262,0.05272795496998509,0.0012444391106227284,4.2213085451218426e-07,0.03790924261326488,0.268171295588917,0.4921260933119492,0.14551706056862546,0.050877842110405296,0.005355291044339184,4.317476249898419e-05
LOV,preprocess_Reading9.dat,0.8225706067209203,0.11357438779403414,0.06214574551679186,0.0017087647056348338,4.952626187881454e-07,0.03133794618828159,0.2529674285691743,0.4898924698909645,0.1548026965072627,0.06503592756025033,0.00591859988467003,4.493139939658871e-05
LOV,preprocess_Reading90.dat,0.857263539261749,0.08912511738187484,0.05238328807069164,0.0012276453643298424,4.0992135459636286e-07,0.03569138158721301,0.283874281180386,0.4793175220441619,0.14324164288005536,0.05276658325836887,0.005073476111109244,3.511293870547047e-05
LOV,preprocess_Reading91.dat,0.8550540361952598,0.08759662884035162,0.05624455553203989,0.001104479629753242,2.99802595438256e-07,0.036275165984820334,0.30529951731894006,0.4573489367657008,0.14323887695324142,0.052979282399366986,0.004831921726793253,2.6298851137347045e-05
LOV,preprocess_Reading92.dat,0.8322173485348151,0.10093329578316035,0.06570573933305854,0.0011432415603395594,3.7478862672265286e-07,0.029897149984824727,0.2833179983510316,0.46585167633639524,0.15570057810007876,0.06011381213672787,0.00508724669068373,3.1538400258170577e-05
LOV,preprocess_Reading93.dat,0.8256439599519231,0.10703903802462675,0.06603426805359267,0.0012824158420597814,3.1812779771062656e-07,0.02985984985817833,0.26828682027906264,0.4753973825579804,0.15867508941262157,0.06231032056937575,0.005438795534795382,3.174178798596748e-05
LOV,preprocess_Reading94.dat,0.8140117425218093,0.11783187745227318,0.06704732887473203,0.0011087882985238824,2.628526618659091e-07,0.028563095025087717,0.23039124345800294,0.5013698652579834,0.1733829086061112,0.061386599317871535,0.004863862949569462,4.2425385373755125e-05
LOV,preprocess_Reading95.dat,0.7897602884680697,0.12924406472210428,0.07988600473451671,0.0011093410064025033,3.010689067892314e-07,0.022821400402661614,0.21402077762128308,0.49437806077352714,0.18563488905532913,0.07789182755620941,0.005224581357487748,2.8463233501904246e-05
LOV,preprocess_Reading96.dat,0.7731855989151619,0.13809854662667412,0.08756029404730221,0.001155212739952637,3.476709090881675e-07,0.022865945898450132,0.1978325141975336,0.48900952900832284,0.2006732685252565,0.08325571032170266,0.006310314440260245,5.271760847401465e-05
LOV,preprocess_Reading97.dat,0.7353491123008516,0.16406070231309533,0.09931098365290988,0.0012788145289334535,3.872042095832723e-07,0.01940559074035033,0.20092268840217886,0.4763798593731949,0.19763651987814457,0.09926719114334082,0.006325524311845948,6.262615094492143e-05
LOV,preprocess_Reading98.dat,0.7712013357361128,0.13988366202123453,0.0876715642127273,0.0012430936474568026,3.443824685344365e-07,0.025999919179786182,0.21818436028415084,0.47891299345338717,0.1911652800123094,0.07937219577587187,0.006325307167378057,3.9944127116588444e-05
LOV,preprocess_Reading99.dat,0.7431543158184164,0.1544069223838425,0.10103614780803596,0.0014022463596015842,3.6763010336775886e-07,0.024136614279508077,0.22082797539021637,0.45234653954126686,0.19861308719889323,0.096642084285809,0.0073946811646913545,3.9018139614926585e-05
NRV,preprocess_Reading1.dat,0.6089688981490249,0.19191478702997758,0.196912434025387,0.002203458037836644,4.227577739544545e-07,0.016175845746439585,0.22940340531934417,0.36148546111289914,0.20439980028594568,0.16453765347823923,0.02389861066606114,9.922339107105706e-05
NRV,preprocess_Reading10.dat,0.634428171172299,0.190928936759145,0.17278033920620964,0.001862158732105032,3.941302413677878e-07,0.03063632427989599,0.25763810747831695,0.34939457369219684,0.20227586603994457,0.14678097546559835,0.013221289884705435,5.286315934189669e-05
NRV,preprocess_Reading100.dat,0.7414892558040562,0.1583964583841281,0.09920790301264079,0.0009061277511943504,2.550479804636664e-07,0.03189772645776068,0.2723763446085337,0.41497729121439636,0.18683093492850572,0.0836826327054469,0.010185377620279133,4.969246507764828e-05
NRV,preprocess_Reading101.dat,0.7723449053512865,0.14455830821633933,0.08185282272702714,0.001243725072603687,2.386327434604017e-07,0.03500655353844905,0.2804700702215926,0.43472460912062244,0.1656820868538977,0.07467280131900107,0.00938553783876097,5.834110767612383e-05
NRV,preprocess_Reading102.dat,0.7937651438221618,0.13218628619413558,0.0727785637484066,0.0012696208796962197,3.853555999463313e-07,0.03837328702352435,0.317849886729149,0.415346295117843,0.14875052725460097,0.0701714748756787,0.009469717758789084,3.8811240414886375e-05
NRV,preprocess_Reading103.dat,0.7960078753600568,0.13357151183739546,0.06897380859039691,0.0014458350187196674,9.691934312343342e-07,0.040465602773145995,0.34296783613708715,0.3864678296271485,0.15156555265486288,0.06981455462688928,0.008679942445628126,3.8681735238150606e-05
NRV,preprocess_Reading104.dat,0.768634825744314,0.1414065756964428,0.08890197586639959,0.0010563962994944937,2.263933491150303e-07,0.04387968502260165,0.33195729300626947,0.37498192081380527,0.15812025533438268,0.0807758485868473,0.010251050612418919,3.394662367479182e-05
NRV,preprocess_Reading105.dat,0.7514618382703051,0.14566113990540935,0.10188317743465765,0.000993620847670392,2.235419575141564e-07,0.04769405513368027,0.32903914938720136,0.34046730180079865,0.1747023770959546,0.09710971801464298,0.010937788105502977,4.9610462219247775e-05
NRV,preprocess_Reading106.dat,0.7815328172138113,0.13665374097577662,0.08079698776660035,0.001016229422153629,2.2462165813907822e-07,0.043477130656128425,0.300970526630407,0.40286735113586053,0.16859977949812247,0.07510654296988566,0.008938284721767338,4.0384387828501205e-05
NRV,preprocess_Reading107.dat,0.7294384368781802,0.16258304439900342,0.10692848530707556,0.0010498705269487883,1.6288879227277768e-07,0.04084614237390619,0.3101095135052396,0.3468165362343987,0.19337933903876847,0.09835660118190999,0.010438627247954264,5.3240417822951203e-05
NRV,preprocess_Reading108.dat,0.7231666450342074,0.16836610115910747,0.10720000822964264,0.0012670390832181663,2.0649382435384655e-07,0.03736732585432376,0.30405287036708606,0.3533826181216525,0.19853125042319505,0.09616009495767915,0.01046750396060001,3.833631546341006e-05
NRV,preprocess_Reading109.dat,0.7172602106532612,0.1657758603415367,0.11577581007490793,0.0011879101830242944,2.087472699147161e-07,0.038388420015763904,0.2906079540103523,0.35240478193250996,0.20538232969209144,0.10223679429069596,0.010944064208239037,3.5655850347484914e-05
NRV,preprocess_Reading11.dat,0.6263796313421442,0.18980480061190436,0.181873918771227,0.0019413006347223088,3.4864000195466895e-07,0.024363816862074433,0.2479279682369496,0.32926962464231935,0.2360175139124506,0.14875925493694403,0.013608013849789073,5.38075594730579e-05
NRV,preprocess_Reading110.dat,0.7565385921374942,0.16020188297848847,0.08180810445849918,0.0014506514797689835,7.689457490640361e-07,0.040130284653824046,0.3222343231055864,0.362718809569019,0.18479455159302322,0.07995942911123242,0.010122058030761287,4.054393655355832e-05
NRV,preprocess_Reading111.dat,0.7435715443778425,0.16668185526638324,0.08858709193792488,0.0011592710860751116,2.3733177458637362e-07,0.043443898177087895,0.2950195664125391,0.3727460674410083,0.18512728099808304,0.09431045777597917,0.009251101487181739,0.00010162770812066701
NRV,preprocess_Reading112.dat,0.7623803723600371,0.14709281930062398,0.089492965316456,0.0010336408208196273,2.022020632385621e-07,0.04025079265517752,0.3004305369540153,0.3938573114217018,0.17620777695993678,0.07927413756437676,0.00992848233348696,5.096211130488261e-05
NRV,preprocess_Reading113.dat,0.780984010665652,0.13953350500691064,0.07823100171024433,0.0012510654568456973,4.171603472362614e-07,0.04026852822874309,0.34548782801438704,0.3596241792321481,0.17515647329199138,0.07030483181106112,0.009124093781090314,3.406564057910199e-05
NRV,preprocess_Reading114.dat,0.79301293502079,0.12925464687681504,0.07664340826808091,0.001088542320476468,4.6751383753258687e-07,0.03966714322174151,0.2824030707869018,0.4412022788884564,0.1535323877944346,0.07406410188255859,0.009094339027022556,3.667839888443973e-05
NRV,preprocess_Reading115.dat,0.7552096413500086,0.16175042779148444,0.08202449371431839,0.0010152095143611168,2.2762982761659617e-07,0.038332467185209815,0.2649037217320312,0.42106350612786086,0.19520491028225692,0.0723820005229642,0.008084297721058628,2.9096428618343746e-05
NRV,preprocess_Reading116.dat,0.7697826117547583,0.14318134071229183,0.08573437866882319,0.0013014595039021462,2.0936022441051315e-07,0.051638258636242454,0.34696949023476326,0.34164817374014833,0.17409033112074124,0.07601027592244926,0.009595974938156311,4.749540749917121e-05
NRV,preprocess_Reading117.dat,0.7798373656650888,0.14701689725022224,0.07185391961802508,0.0012915831029842082,2.3436367985684852e-07,0.043642625214248984,0.31235914710223905,0.4037658602750802,0.16164659008109555,0.06942734996125918,0.009124662649909326,3.376471616780959e-05
NRV,preprocess_Reading118.dat,0.7994937477458559,0.12814127758887398,0.07106304623988767,0.001301565829909441,3.625954731824868e-07,0.045191337687210176,0.3361207820559428,0.3812259388746072,0.15853168413568386,0.06883562440444632,0.010059486172535347,3.514666957420518e-05
NRV,preprocess_Reading119.dat,0.8026456108378833,0.12318916405396026,0.07280157330906441,0.0013633538144484578,2.9798464349016736e-07,0.05254891407618475,0.3714919015542834,0.3401957041324916,0.15461612327547614,0.07222760453392425,0.008889009644156768,3.0742783483002717e-05
NRV,preprocess_Reading12.dat,0.7015318839875042,0.1718255792827187,0.12474473107831699,0.001897410589515355,3.9506194474325437e-07,0.027390173046257692,0.27550169614962206,0.3724764156321959,0.2028115408879739,0.10845830245381684,0.013301396651819366,6.047517831409491e-05
NRV,preprocess_Reading120.dat,0.8077742877437383,0.1206789249030477,0.07059524904452577,0.0009513586200340433,1.7968865436500225e-07,0.041187050444313894,0.3333698734411018,0.3868278780570656,0.16556858455274467,0.06375913987886306,0.009255456476367168,3.201714954384822e-05
NRV,preprocess_Reading121.dat,0.8004432971312835,0.1249483711507169,0.07346562018621236,0.0011424494888101185,2.6204297712442775e-07,0.04795231780094184,0.3611665203279099,0.3607487771474513,0.15536435944082644,0.06563707982106898,0.009095814245452128,3.513121634952804e-05
NRV,preprocess_Reading122.dat,0.7718450079887694,0.14923485130582084,0.07758111455049953,0.0013386146923451746,4.114625651241356e-07,0.0518553164551133,0.3450309164222959,0.3457406551569737,0.17275736128735136,0.07576938584887032,0.008781927022426774,6.443780696849298e-05
NRV,preprocess_Reading123.dat,0.766608421688086,0.1480640477169004,0.08422938698677943,0.0010979425878320363,2.0102040221384523e-07,0.05319602892647383,0.32872944977548996,0.35011795175428806,0.17997343467191418,0.08000809724362697,0.00794759143772902,2.7446190477936945e-05
NRV,preprocess_Reading124.dat,0.7613112599443858,0.15823627370324156,0.07934417476351668,0.0011081307637365242,1.6082511924632612e-07,0.04688450361017606,0.3023200629024042,0.37277397993723743,0.1922625442821292,0.07657284728804771,0.009154547347008891,3.151463299671618e-05
NRV,preprocess_Reading125.dat,0.7399779208440107,0.1652546854780106,0.09348864671491211,0.0012785813333545067,1.6562971225831558e-07,0.04688816702192853,0.2932396383161295,0.3591456795770353,0.20708079753079056,0.08436373253379893,0.009234749958133441,4.7235062183854065e-05
NRV,preprocess_Reading126.dat,0.7362311290391803,0.14663795859648884,0.11580280976557025,0.0013279007342880931,2.0186447228776513e-07,0.04012806148705587,0.25691463799909847,0.40542970752917157,0.18369055062075398,0.10399530161305755,0.009774003913953371,6.773683690924615e-05
NRV,preprocess_Reading127.dat,0.7245039742913625,0.15974171776243956,0.11434507228209272,0.0014090461425731002,1.8952153237524064e-07,0.03576385013215505,0.2485247084166657,0.3884655888030927,0.21127118570980288,0.10640697741759707,0.009526334400584011,4.135512010270324e-05
NRV,preprocess_Reading128.dat,0.7199941142020905,0.15830143005362662,0.12041328356531361,0.0012909724079989823,1.9977097012622172e-07,0.03110981931904718,0.2547087675966501,0.38497823348262067,0.20610749298434305,0.11225619543460129,0.010801516547358631,3.7974635379198954e-05
NRV,preprocess_Reading129.dat,0.7546633474624019,0.15082972745425868,0.09334733867000171,0.001159312822125271,2.735912127702514e-07,0.03294327421210413,0.25057701716312764,0.4210869888662691,0.20128652934340016,0.0855106542117262,0.008558840667885913,3.669553548687092e-05
NRV,preprocess_Reading13.dat,0.6940394395795384,0.17724574572043372,0.1266970370107037,0.002017311225298215,4.6646402585335663e-07,0.03331351793874886,0.2941421681251319,0.35498841177668194,0.18423560989710067,0.11980143304787588,0.013432300844837623,8.655836962292768e-05
NRV,preprocess_Reading130.dat,0.7507168902471355,0.15142303416226857,0.09667374690779189,0.0011860953692299243,2.333135740111533e-07,0.04595542494100452,0.2942108354391682,0.37476754862003625,0.1875154358204426,0.08713326984812154,0.010368609917583977,4.887541364280547e-05
NRV,preprocess_Reading131.dat,0.79003961269838,0.12350814605208173,0.08522245865504208,0.0012294840632145138,2.9853128152750057e-07,0.04572813278896607,0.3253771290943255,0.3689295130737751,0.171614089649342,0.07611832493358754,0.012188052427142116,4.475803286170439e-05
NRV,preprocess_Reading132.dat,0.7885390969508818,0.1191617895557523,0.09076556828406279,0.0015333430082881182,2.0220101486400844e-07,0.04829771235408331,0.3412096506048496,0.35886763997025084,0.16095586448104143,0.07808907849256763,0.012527397473151293,5.265662405592493e-05
NRV,preprocess_Reading133.dat,0.7949258551367022,0.12192621244237224,0.08187987327481543,0.001267794089657293,2.6505645253762257e-07,0.04811620412527148,0.3311463881829892,0.3661259052975878,0.1727407266295774,0.07035179162508746,0.011400620592238859,0.00011836354724802693
NRV,preprocess_Reading134.dat,0.7711937822286791,0.1313115201672337,0.09627477365770205,0.0012197473107375262,1.7663564751112351e-07,0.04102098776980869,0.3088290260719157,0.3731097929347253,0.17403140921297863,0.09355878934490934,0.009418454223593086,3.154044206923659e-05
NRV,preprocess_Reading135.dat,0.7826773218600485,0.12282994319941387,0.09320604082241433,0.001286323771480195,3.703466432922839e-07,0.03536433395737353,0.2845513858985714,0.38835952672843,0.19315260658515665,0.08833639836588908,0.010202976628700953,3.277183587829675e-05
NRV,preprocess_Reading136.dat,0.7564082020007188,0.11763845081761926,0.12471093095812344,0.0012422245540315863,1.9166950677991387e-07,0.03195359533428654,0.26074107471000263,0.41626292246965857,0.18580415206895187,0.09567994640137686,0.009524852224019538,3.345679170394572e-05
NRV,preprocess_Reading137.dat,0.7757296125869287,0.11541289605037229,0.10768115366720105,0.0011759547903339817,3.829051642011537e-07,0.03164598425514373,0.2592812304012891,0.4246621617291549,0.1771563182223214,0.09769463864389633,0.00952740939544011,3.225735275467607e-05
NRV,preprocess_Reading138.dat,0.7580939920983323,0.1377265494266003,0.10305713046169156,0.0011221547606792414,1.732526964433792e-07,0.03174173245901556,0.26260172166674994,0.41590284404721634,0.18703163850229154,0.09433143000056958,0.008363262013727302,2.737131042980642e-05
NRV,preprocess_Reading139.dat,0.7697542386278006,0.12394479176256784,0.1051000796786077,0.0012007685155597681,1.214154641135759e-07,0.031318692843776884,0.24844971594223575,0.43219873940490483,0.17919726426170127,0.09878051816268812,0.010023184558605236,3.1884826087904816e-05
NRV,preprocess_Reading14.dat,0.7571090131515712,0.14709443215992585,0.09468858521301066,0.0011076742576111738,2.952178811807757e-07,0.033427489062838274,0.2749497496913396,0.4129057218845834,0.1780178156178117,0.09026321442273003,0.010393415644028072,4.259367666894924e-05
NRV,preprocess_Reading140.dat,0.7529792175324539,0.1369274163600049,0.10886272723218324,0.0012305011499086477,1.3772544902083342e-07,0.03176355999876797,0.24895157024149617,0.42154672935564436,0.18323031111708052,0.10582880632959793,0.008650100398655606,2.8922558757367508e-05
NRV,preprocess_Reading141.dat,0.7588485293082609,0.12658432334205394,0.11330152854258567,0.0012653369896532716,2.8181744595257406e-07,0.03932076694447574,0.26970458518542734,0.3932304198554487,0.18445083374446739,0.10491306219896639,0.00835258609034061,2.7745980873703677e-05
NRV,preprocess_Reading142.dat,0.7475548540278554,0.1359850813879134,0.11518260763489677,0.0012772927418015253,1.6420753267407187e-07,0.045468811602001606,0.30582217386599425,0.35401709739579734,0.18050964346594522,0.1044357228693404,0.009713249701211575,3.330109970951886e-05
NRV,preprocess_Reading143.dat,0.7411019103874679,0.13202196402851335,0.12564152002846476,0.001234358296915579,2.472586382628904e-07,0.03570309008509646,0.2894402584757471,0.3795816527527935,0.18345781974520742,0.1029203920591684,0.008864125860706418,3.266102128075718e-05
NRV,preprocess_Reading144.dat,0.709557140853766,0.15170611412994087,0.13751603469990942,0.0012205441306579324,1.6618572616460512e-07,0.03281304645461154,0.2607016194862256,0.36483014324355756,0.21357617559382647,0.11825111131284707,0.00979764201614334,3.0261892788353615e-05
NRV,preprocess_Reading145.dat,0.7115234753540611,0.14073829970728874,0.14644344187822486,0.001294554914001192,2.281464240017361e-07,0.03288365872835243,0.259609952282526,0.380259970313014,0.18932457443741207,0.12698051375828948,0.010900921849061126,4.040863134490559e-05
NRV,preprocess_Reading146.dat,0.7368169293243101,0.145557782667741,0.11668848317431149,0.0009366532565547214,1.5157708261578217e-07,0.025484844846486592,0.24889403200928667,0.40849147328673857,0.20373409575769172,0.10470260274223779,0.00866546975601206,2.7481601546578046e-05
NRV,preprocess_Reading147.dat,0.7523203345668884,0.1388857982652694,0.10773804293329954,0.0010556647385189034,1.5949602359224e-07,0.029417344512398885,0.25249481478441,0.4094823193136909,0.20079285990281043,0.09766953597699587,0.01010547252391573,3.7652985778146095e-05
NRV,preprocess_Reading148.dat,0.7286573731013729,0.16020077961750848,0.10978240328378881,0.0013591295799685094,3.144173613238521e-07,0.025810147989353827,0.23596168270444354,0.422899645182334,0.20715151775654678,0.09994119358238787,0.008208383950005184,2.7428834928791336e-05
NRV,preprocess_Reading149.dat,0.7259665101914962,0.13335755230142865,0.13939816538447392,0.0012775952134825598,1.7690911876748e-07,0.035863426988712595,0.2621603423831084,0.38201180617365327,0.19411058962985833,0.11701827960799548,0.008808004673492966,2.7550543178842036e-05
NRV,preprocess_Reading15.dat,0.7282468699044523,0.15516756895495198,0.11547730724878295,0.0011079335550195715,3.20336793250352e-07,0.02500948179682658,0.23869423353774602,0.4456977551069424,0.1812867250033707,0.09772775720400266,0.011545333965050157,3.8713386061422793e-05
NRV,preprocess_Reading150.dat,0.7071321938493632,0.14477193572512834,0.14654974222324663,0.0015459679622650147,1.6023999690558722e-07,0.028311136547353247,0.23475493112897625,0.39468837001341706,0.19328103402730223,0.13993316151181837,0.009002156792633184,2.9209978499666595e-05
NRV,preprocess_Reading151.dat,0.6482778930487286,0.14823167099945353,0.20195995759698976,0.0015301850831814317,2.932716468211109e-07,0.02145534192854228,0.23082503926264814,0.39794148314635586,0.1634793643876584,0.16532823221826376,0.020908724062836195,6.181499369540027e-05
NRV,preprocess_Reading152.dat,0.6963987483120448,0.1512247746292268,0.151137160423874,0.0012390673464992145,2.4928835509035766e-07,0.016853363847771446,0.2246624438373105,0.4272002967284352,0.17177202657841265,0.1433639736795058,0.016098495738112197,4.9399590452094105e-05
NRV,preprocess_Reading153.dat,0.7114785587941184,0.1550806630569616,0.1319453646546589,0.0014951170245813294,2.964696798482729e-07,0.024758491886525402,0.2561564680977526,0.41132319188937416,0.16798266902961406,0.12628243783106144,0.013448055457876185,4.868580779614497e-05
NRV,preprocess_Reading154.dat,0.7150940072679742,0.16716170958639115,0.11656511871613634,0.0011789606665867222,2.0376291148820487e-07,0.017809041085715186,0.22201286242425583,0.4531924361662168,0.18063926541719053,0.11405737522193334,0.012242374220301224,4.664546438721379e-05
NRV,preprocess_Reading155.dat,0.7408127204355308,0.13988366727607607,0.11823737324767443,0.0010660214620302948,2.1757868842556145e-07,0.02015260672014156,0.23855765716087265,0.4455432838782455,0.17372847910947115,0.11138974659488142,0.01059364256171,3.4583974677809265e-05
NRV,preprocess_Reading156.dat,0.7421442285801565,0.13960522047352267,0.11719050681675462,0.001059809931026502,2.341985399128255e-07,0.027242547791864694,0.2536902787371783,0.44042177635795576,0.15593723406011412,0.11174214656163753,0.010925730507929646,4.028598331970854e-05
NRV,preprocess_Reading157.dat,0.7452971715069129,0.13581727431484872,0.11764885992121793,0.001236409179458705,2.850775619250864e-07,0.026293655022624107,0.2746901679621358,0.4283603401596313,0.15043405112233188,0.10978927646259644,0.010390194596082623,4.231467459769622e-05
NRV,preprocess_Reading158.dat,0.7301172262846043,0.15177858192259616,0.11662181623850013,0.0014820103334854794,3.6522081386576124e-07,0.028923742640218426,0.25092131021644165,0.4208148583685336,0.18544226737256136,0.10262826740232657,0.011227510946648004,4.204305327030938e-05
NRV,preprocess_Reading159.dat,0.7583098633548441,0.13319519557648613,0.10725504105486414,0.0012396120981867731,2.8791561868622505e-07,0.029099849028512693,0.24020805701744868,0.439978349871802,0.18613735854511698,0.09472021641388013,0.00982057647804016,3.559264519942241e-05
NRV,preprocess_Reading16.dat,0.6722505491289997,0.2029734059715259,0.12288434507521936,0.001891369079592937,3.3074466196512885e-07,0.0314422570184686,0.26254731382078367,0.36153558315836126,0.224438625918358,0.10627534091724261,0.01369700909967412,6.387006711173412e-05
NRV,preprocess_Reading160.dat,0.7243506125682335,0.15111256504219456,0.12307676920281731,0.0014596493435069548,4.03843247786843e-07,0.026060055282088844,0.26124432535040176,0.40224046962214394,0.1866537992853341,0.11219172854564875,0.011544352240241522,6.526967414103746e-05
NRV,preprocess_Reading161.dat,0.710868485604018,0.1526048982477455,0.1350702686362793,0.0014559618609944524,3.8565096279404125e-07,0.029389746665638882,0.2529585263520671,0.39411019768327976,0.19886473668728033,0.11267766005957976,0.011919103440878105,8.002911127589505e-05
NRV,preprocess_Reading162.dat,0.7457376009027449,0.13519149307554948,0.11746575020935607,0.0016047597056687523,3.9610668085667053e-07,0.048330166672276145,0.2992196889527445,0.36383863940003164,0.1711974384315289,0.10606872665455742,0.011217718230799855,0.00012762165806141007
NRV,preprocess_Reading163.dat,0.7580532747781762,0.14047526033460622,0.09961470724150923,0.0018564343224734153,3.233232347704951e-07,0.037631464423304874,0.3023503595780265,0.4010288011987326,0.15766491898768048,0.09120456201455984,0.010080744387646782,3.914941004887696e-05
NRV,preprocess_Reading164.dat,0.7682001759677181,0.13327661946728805,0.0971066442072919,0.0014162904391142278,2.6991858751769874e-07,0.046806328361436805,0.31793703943648155,0.38457051409782483,0.15613838987817802,0.08423539043604543,0.010258020807152131,5.43169828811227e-05
NRV,preprocess_Reading165.dat,0.7545272182778608,0.14277166728153187,0.10139136553396985,0.0013094234537803233,3.254528571798007e-07,0.029696156675982712,0.2706772402738379,0.4357058503028481,0.16206884874975985,0.09309315854474308,0.008707797555762304,5.094789706599386e-05
NRV,preprocess_Reading166.dat,0.773251463994672,0.1278824440362094,0.09765864667700036,0.001207177925131223,2.6736698693297134e-07,0.0321171870561506,0.28579842116412457,0.436889960421202,0.15326927060612427,0.08279228984569874,0.009101721016810655,3.1149889889099566e-05
NRV,preprocess_Reading167.dat,0.7606781446462912,0.1461720569731917,0.09186768426455594,0.0012818137697012217,3.0034625953318124e-07,0.03207895095349594,0.26729705734882503,0.43647010984185514,0.16580843726636513,0.08924110651706511,0.009071930832292309,3.240724010144237e-05
NRV,preprocess_Reading168.dat,0.7575104221677091,0.14684367769766354,0.0945732773446427,0.0010723652132159042,2.5757676857835524e-07,0.02869409872674869,0.28141078219306687,0.43524982938328044,0.15637938152731795,0.08980603608230803,0.008427092053970719,3.2780033307256165e-05
NRV,preprocess_Reading169.dat,0.7514020581095985,0.14235288737309248,0.10495693633823343,0.0012877965384720971,3.216406035846855e-07,0.030521275980281554,0.2797557958983585,0.4271785159498814,0.15490247567054452,0.09814528183403227,0.009456336912339915,4.0317754561636454e-05
NRV,preprocess_Reading17.dat,0.714841207420984,0.16957552406912424,0.11415392389628531,0.0014290578840407404,2.8672956572508814e-07,0.036686289269599465,0.2896138810453511,0.3755618981660683,0.1872758246040746,0.09962615426492334,0.011191577310588221,4.437533939494172e-05
NRV,preprocess_Reading170.dat,0.7378786959914865,0.1542801112996753,0.10655098248340367,0.0012899727881631247,2.3743727109807425e-07,0.03100682817752838,0.2842846486906428,0.3881607442988583,0.19201742021264423,0.09462637264773277,0.009867245029860248,3.674094273340409e-05
NRV,preprocess_Reading171.dat,0.6872910086116574,0.1775260032119571,0.13342889103155386,0.001753785710853203,3.1143397882379185e-07,0.028570159668786115,0.2546080626123455,0.37824430598860725,0.2168836531478343,0.11119843600203767,0.010456579028574357,3.8803551814651984e-05
NRV,preprocess_Reading172.dat,0.7452215285576156,0.14773287046358416,0.10549626113044898,0.0015490734294807092,2.664188703777496e-07,0.02948492114982435,0.28150941224850984,0.407640879320763,0.18221368132055318,0.08862881909956415,0.010477762392751406,4.4524468034256976e-05
NRV,preprocess_Reading173.dat,0.7727886027689806,0.1453289470326011,0.08045891459478284,0.0014232295752881759,3.060283472224122e-07,0.026888058951523075,0.2932689219915868,0.43369677042737664,0.16361387516397705,0.07393181256544906,0.008568859497712585,3.170140237482638e-05
NRV,preprocess_Reading174.dat,0.7202550303097074,0.16710333812649936,0.11134048212647814,0.0013007658879952539,3.835493198071325e-07,0.03160000659126864,0.3030496320489541,0.3660270243085356,0.18502928740219918,0.10419789900156522,0.010056838734250789,3.931191322639508e-05
NRV,preprocess_Reading175.dat,0.7409560668138443,0.16169986859396016,0.09614856069017423,0.0011952865217950645,2.1738022633384957e-07,0.03850614886468869,0.27780654318167713,0.40535960435018314,0.17697222322079492,0.0916270048110194,0.009673448906162663,5.502666547399578e-05
NRV,preprocess_Reading176.dat,0.7990664112803046,0.12555397750669078,0.07414268253245035,0.0012365399017973892,3.887787570499911e-07,0.03997803457754968,0.3370674069288489,0.3949787468025708,0.149199657970219,0.07050182092584519,0.008243081809073152,3.1250985893185735e-05
NRV,preprocess_Reading177.dat,0.7139934689442973,0.16885625902294277,0.11571818023204311,0.0014314099461284447,6.818545883238475e-07,0.03776812257605732,0.30914578832124157,0.33764234555997885,0.19084112707999587,0.1140083146359957,0.010511669543645057,8.26322830858052e-05
NRV,preprocess_Reading178.dat,0.7329932204654815,0.15749787470144144,0.10832192677250206,0.0011867352809312131,2.4277964345970954e-07,0.04021272466907258,0.3152969839980491,0.3510512079210418,0.1806368809368124,0.10367988452490581,0.0090924549092338,2.9863040884476504e-05
NRV,preprocess_Reading179.dat,0.7649259906252894,0.1473245120218127,0.08686584901635763,0.0008834056282158311,2.42708324280033e-07,0.043388047691217145,0.3108666192222786,0.3712049282707273,0.1815435060736854,0.08474592126955804,0.008223805414187914,2.7172058345542217e-05
NRV,preprocess_Reading18.dat,0.6885913084950536,0.17863696015264688,0.13114455868481975,0.0016268170293054379,3.5563817457378374e-07,0.02977834597047855,0.2841188161421711,0.3585088224728696,0.20034084817323147,0.11441015548165656,0.012719830928892733,0.00012318083069993136
NRV,preprocess_Reading180.dat,0.7504697393949191,0.1531705602722854,0.09541810739841014,0.000941320777772333,2.721566132579045e-07,0.039634723623197254,0.28450600544791105,0.39621002483762896,0.18651457467483967,0.08512611385388517,0.007980744240678675,2.7813321859057946e-05
NRV,preprocess_Reading181.dat,0.7557480493675586,0.1394255139041782,0.10384316454003048,0.0009830504821061342,2.2170612678417299e-07,0.04073257377747532,0.3033331134645719,0.38517664021363257,0.1687094140896514,0.09325876118925205,0.008757461586076673,3.20356793400239e-05
NRV,preprocess_Reading182.dat,0.7028478008689514,0.179639788866785,0.11635936385181966,0.0011527993270028633,2.470854410979155e-07,0.03326347576095379,0.2634933078917777,0.3914896072189191,0.19188699170000736,0.11048534983807655,0.00934592293960959,3.534465065590857e-05
NRV,preprocess_Reading183.dat,0.7167520545889801,0.1680863417926567,0.11417534890008504,0.0009860782270051088,1.7649127292028936e-07,0.031825323526822796,0.2632768790620712,0.40311726316064633,0.19095406908931148,0.10107380210917605,0.009720428153224436,3.2234898747691846e-05
NRV,preprocess_Reading184.dat,0.7214914473719742,0.16469745158241747,0.11283907900777623,0.0009718097825506715,2.1225528153175143e-07,0.030874557035465842,0.23721167745492724,0.4270876367279951,0.1933735540726034,0.10323215146262565,0.008189227172518252,3.119607386431563e-05
NRV,preprocess_Reading185.dat,0.7147719795093093,0.1685649365694309,0.11565870117729583,0.001004198235574538,1.8450838939950707e-07,0.03402054319206245,0.2510565504808965,0.3887658242170075,0.20818938957928432,0.10853123637099792,0.009383260904920265,5.319525483106564e-05
NRV,preprocess_Reading186.dat,0.7704590013988845,0.14695637586331595,0.0815143955620868,0.0010699098735056458,3.173022073894559e-07,0.045115267698087866,0.2937103106305455,0.4068025414641862,0.17202649179288937,0.0743655207126886,0.00795201060510132,2.7857096501146793e-05
NRV,preprocess_Reading187.dat,0.7616110179916225,0.15196013099990105,0.0853096711625664,0.0011186675756366762,5.12270273485827e-07,0.04216975436991791,0.2976337221214188,0.3951758615941576,0.17612999664908394,0.08026635422585636,0.008592514712025287,3.1796327540089295e-05
NRV,preprocess_Reading188.dat,0.7781354915376572,0.13726892982082492,0.08339058329736171,0.0012047621447905344,2.331993656578399e-07,0.04254001979316118,0.29788237503018367,0.3897325089981138,0.1838591514982833,0.07640351078844508,0.009549265627099977,3.316826471301252e-05
NRV,preprocess_Reading189.dat,0.8199291852739553,0.115239867896885,0.06387483533504541,0.0009559137969255374,1.9769718861522705e-07,0.055079396318310964,0.38719333539799494,0.33518926981004743,0.15598800011577652,0.05868244088620561,0.00783983524724993,2.7722224414707364e-05
NRV,preprocess_Reading19.dat,0.7226546992744062,0.1673434248442298,0.10839549452803829,0.0016058306604583362,5.506928675224501e-07,0.03389552900111858,0.31915507055831416,0.3504336815170871,0.1776000713405028,0.10659826121510603,0.012273257753373025,4.412861449827213e-05
NRV,preprocess_Reading190.dat,0.7901807593082665,0.13253963657280857,0.07628292873537923,0.000996474510199022,2.0087334666883814e-07,0.0523588487319704,0.3583423932430348,0.34478007752710155,0.16393978700457956,0.07294282433076002,0.007581962248083266,5.410691447041794e-05
NRV,preprocess_Reading191.dat,0.7975155361933308,0.12739647543740706,0.07396820301035839,0.001119527212222085,2.581466815777698e-07,0.05478724959148712,0.3520103701010453,0.35455466851614004,0.16452939689696838,0.06704988593284125,0.0070142459683246354,5.4182993193238655e-05
NRV,preprocess_Reading192.dat,0.8146741146146245,0.11982060225905414,0.06446504554001602,0.0010400579648587246,1.7962144632062033e-07,0.061864065817033,0.37747758190919484,0.3422604834485075,0.14988655292196637,0.06116851073712274,0.00731738209017941,2.5423075996305407e-05
NRV,preprocess_Reading193.dat,0.78864163992079,0.12845606321385056,0.0819479532760895,0.0009540907798234802,2.528094463712991e-07,0.05230942580525998,0.35750899102404327,0.33706766299890883,0.1715915865477607,0.07158532665239606,0.009895469082172514,4.1537889458752886e-05
NRV,preprocess_Reading194.dat,0.8094682162243192,0.11495152858171297,0.07461762371460715,0.0009624594118638654,1.7206749683718045e-07,0.05436577980861931,0.37157752276462663,0.3382345630713902,0.15679049716796883,0.06952831507915629,0.00947157655041977,3.174555781906743e-05
NRV,preprocess_Reading195.dat,0.7819295274879337,0.11735225797593227,0.09959753191676783,0.001120513688051933,1.6893131450525793e-07,0.057929554009068254,0.3766713097378988,0.3198869647161317,0.15070863267945522,0.08417658898980432,0.010589494700868859,3.7455166772823524e-05
NRV,preprocess_Reading196.dat,0.7605851126439819,0.14379745897554125,0.09437915702384912,0.001238088461265304,1.8289536217614277e-07,0.04935365784591878,0.31469868812584195,0.37555577637945203,0.16195044827520352,0.08831203867589753,0.010095539303963673,3.3851393722353275e-05
NRV,preprocess_Reading197.dat,0.7668880442365297,0.1413715917187519,0.09060091771557136,0.0011392530767215061,1.932524254979571e-07,0.04417937437196171,0.31376183891360143,0.3838745271746497,0.1603626888408723,0.08786497404471465,0.00992385649749032,3.274015671011445e-05
NRV,preprocess_Reading198.dat,0.7541112386823747,0.15155823181028547,0.09317081141813613,0.001159438895310425,2.79193893527257e-07,0.04619190787433687,0.3073256111025246,0.3790217510194334,0.17580194651902828,0.08124447182510003,0.010358923037352395,5.538862222442588e-05
NRV,preprocess_Reading199.dat,0.7630539147112539,0.143374435585694,0.0923731391254995,0.0011982389761146612,2.7160143813141467e-07,0.04441509750840722,0.29907368499778486,0.37977454978188213,0.1818466879252752,0.08441245618335537,0.010441929475453252,3.559412784193739e-05
NRV,preprocess_Reading2.dat,0.6172042062316404,0.19255586552551066,0.18782492085585656,0.002414534835841625,4.7255115096036434e-07,0.015972723961942433,0.20871671788980975,0.39477970672379453,0.20504380452333162,0.15545977313911452,0.019934596461172988,9.267730083404856e-05
NRV,preprocess_Reading20.dat,0.7051454916665201,0.17042156925520277,0.12290736199629282,0.0015252613466976669,3.157352869835883e-07,0.029823086924680987,0.2722300007593588,0.38860406692284394,0.1877040644645377,0.10871627907654907,0.012876797189194504,4.570466283505844e-05
NRV,preprocess_Reading200.dat,0.7513885883200839,0.16289505361875448,0.08453123071804432,0.0011848408862424698,2.864568746425537e-07,0.04646880622143747,0.30449567945775413,0.3569350709698558,0.19304980722092646,0.0904632591741306,0.008525652144231139,6.172481166447224e-05
NRV,preprocess_Reading201.dat,0.7252506715617999,0.16927492552185094,0.1043913677230085,0.001082871966936271,1.6322640455723266e-07,0.048829119944676154,0.29340222155291523,0.34386610804544954,0.21283901249751253,0.09160231457185704,0.009410069384747023,5.1154002842348154e-05
NRV,preprocess_Reading202.dat,0.7784265635844071,0.14102384894300418,0.07912035004312423,0.0014290047799182437,2.326495461506069e-07,0.04757945945608998,0.3360050272111702,0.3622049160270959,0.17232614447586855,0.07198946834080394,0.009849369958509286,4.5614530461953294e-05
NRV,preprocess_Reading203.dat,0.7854873022212038,0.13470625393429997,0.07860399816714998,0.0012021819702704069,2.6370707603051527e-07,0.04686716909112793,0.31580863703028206,0.38220289184124917,0.17487607060156385,0.07078947823809045,0.00941877296741353,3.69802302730009e-05
NRV,preprocess_Reading204.dat,0.7149429871155182,0.16829059993626097,0.115516907718009,0.0012493133300928445,1.9190011914397784e-07,0.04519883656256102,0.3082562962354553,0.3389318688320724,0.19363189318552118,0.10304128251325063,0.010905033795432478,3.4788875707024594e-05
NRV,preprocess_Reading205.dat,0.7043334342012082,0.1754235525751109,0.11898964428561101,0.0012530169741947674,3.519638753259929e-07,0.04484233865466722,0.27285975878926216,0.35471052011517407,0.19961541693012247,0.1189406476216115,0.008979196677581739,5.2121211580818266e-05
NRV,preprocess_Reading206.dat,0.7014060331878909,0.15843299400489502,0.13875716736815746,0.0014036314653087382,1.7397374783567953e-07,0.043455065723710294,0.25203068442126636,0.3728603523011155,0.20695343501662897,0.1135017073272235,0.011162633439133535,3.612177092190082e-05
NRV,preprocess_Reading207.dat,0.7103303864051519,0.1625000164414954,0.1258385396451191,0.001330824846365185,2.3266186836459622e-07,0.043911290974734424,0.263289345869008,0.37236058846684816,0.201330660678644,0.1083922410545227,0.010679831997927249,3.604095831532844e-05
NRV,preprocess_Reading208.dat,0.7267200962826761,0.1576781039261116,0.11442311441001413,0.001178503658827637,1.817223709165716e-07,0.03866818837737792,0.23052966083810517,0.4106097210647063,0.21117839350069229,0.09822058427823381,0.010756101340799002,3.7350600085598095e-05
NRV,preprocess_Reading209.dat,0.7017155266654979,0.1517836796999355,0.14516894990741208,0.0013316544081422043,1.893190123971095e-07,0.04241435191247978,0.32071798859322526,0.30999806130685587,0.18133957000669473,0.13213777993937922,0.013350347308254159,4.1900933110990834e-05
NRV,preprocess_Reading21.dat,0.7259690154231301,0.1668680510466485,0.10559318650193901,0.0015692375774757415,5.094508065935293e-07,0.03153812623027601,0.2920617833371813,0.392785246239812,0.1790242231534646,0.09327161120273829,0.011230901629774704,8.81082067532934e-05
NRV,preprocess_Reading210.dat,0.7331264807557631,0.14304182521176304,0.12245693746297295,0.0013744617488371412,2.948206636419785e-07,0.0388640890781842,0.28605309738982443,0.37620052076867544,0.17936124583229354,0.10871289740695074,0.010760582393322666,4.756713074894689e-05
NRV,preprocess_Reading211.dat,0.7188810605265896,0.1485303043418897,0.13125025419472752,0.001338184858439924,1.9607835323742455e-07,0.0440601033388931,0.29341770604176587,0.33664048226815857,0.20070677686125646,0.11396183446285507,0.011166547630933665,4.654939613731167e-05
NRV,preprocess_Reading212.dat,0.7383827999446502,0.13983904469488007,0.12043931370577068,0.0013386648686764813,1.767860226087616e-07,0.0381730072198609,0.2835255470987516,0.35228245576452716,0.20328219568789707,0.11120536681906071,0.011493991861304963,3.74355485977795e-05
NRV,preprocess_Reading213.dat,0.7191961771683588,0.12946967064120715,0.14985990575520364,0.0014740331367162991,2.1329851394474563e-07,0.041356399778599263,0.2716019830313301,0.3723030504888651,0.1733277767786248,0.12962294158810958,0.011742846872901846,4.500146156922909e-05
NRV,preprocess_Reading214.dat,0.7254664643021136,0.1283253973008442,0.14466044072589657,0.001547455875624735,2.417955208268206e-07,0.03456604925578501,0.26822518571744036,0.37497149083983505,0.18298616951948807,0.12727636364739928,0.011932249294086145,4.2491725966225886e-05
NRV,preprocess_Reading215.dat,0.749489211050169,0.1306441965772293,0.11857236395236767,0.0012940726796882122,1.5574054577615319e-07,0.023650154147372465,0.21407769855092768,0.4371501211720509,0.20406308508026783,0.10873740515436862,0.012272019871506069,4.951602350646918e-05
NRV,preprocess_Reading216.dat,0.7730200899863781,0.10937095558617688,0.11593224856204784,0.0016765255573602648,1.8030803688931779e-07,0.03212323138826015,0.2910486257257086,0.39354287382436515,0.17028043737423068,0.09986830863054441,0.013092126238629835,4.439681826110498e-05
NRV,preprocess_Reading217.dat,0.7401799425725173,0.11864582671319293,0.13962030758736918,0.0015537204986033409,2.0262831731014987e-07,0.03281316757289921,0.2712663939968251,0.37365284448158137,0.18771018092875227,0.12195610128760562,0.012556816111593112,4.449562074345269e-05
NRV,preprocess_Reading218.dat,0.7384532317110956,0.14083961009317783,0.11909024376273049,0.0016167466392462166,1.6779374988035132e-07,0.02893517767317602,0.26360719962142615,0.3848926166413566,0.20879012562744395,0.10193855309162862,0.01176826433415116,6.806301081745385e-05
NRV,preprocess_Reading219.dat,0.757894592476851,0.1267078868453923,0.11399563080202375,0.0014016386543199337,2.512214128549686e-07,0.03259811959945766,0.2525115202785732,0.40743761716507004,0.1908201714699038,0.1047306703127775,0.011832142080985094,6.975909323280623e-05
NRV,preprocess_Reading22.dat,0.7006704895723486,0.17466762713259906,0.12337358886134334,0.0012879921088064976,3.023249025362973e-07,0.031938509330721794,0.25333530497817175,0.41426257656068843,0.1781022807477662,0.10870587149398032,0.013579779938285309,7.567695038612342e-05
NRV,preprocess_Reading220.dat,0.7658245126001102,0.11779549383598723,0.1147357911414735,0.0016440583641207905,1.440583083663813e-07,0.034379840200041444,0.28220451300825133,0.3995214165668732,0.16961466212685702,0.10193960024267895,0.01229762226588468,4.234558941333968e-05
NRV,preprocess_Reading221.dat,0.7392458801281863,0.12667776563791122,0.13243100145017794,0.001645116514584191,2.362691406576671e-07,0.039716188333984076,0.3000024140339948,0.36011436058192353,0.17558863635693708,0.1127030878567021,0.011837896002101268,3.741683435717772e-05
NRV,preprocess_Reading222.dat,0.7649712178166257,0.12519950112275513,0.10848848559222907,0.001340593645340833,2.0182304929293355e-07,0.03756059960957544,0.28994459280981927,0.38588776188514967,0.1766167288412324,0.0974882576497529,0.012463295029344304,3.876417512596063e-05
NRV,preprocess_Reading223.dat,0.7369304579344262,0.12696122678239138,0.13459085928352363,0.0015171245132637363,3.3148639503301185e-07,0.037952789129739435,0.300588830138388,0.3581996922013853,0.17793946143365555,0.11250767650155927,0.012693412642741358,0.00011813795253094324
NRV,preprocess_Reading224.dat,0.7454027247430024,0.1254035280159133,0.12776170135284173,0.0014318166063548399,2.2928188784449594e-07,0.039510376944619056,0.32418513265100374,0.352746783311714,0.17157049653169348,0.10261040872306795,0.009338940012255938,3.786182564601294e-05
NRV,preprocess_Reading225.dat,0.6864950692429049,0.1623035868521668,0.14952025811579914,0.0016808439198700894,2.418692591849306e-07,0.03374732389663264,0.300069419359326,0.3387570952893772,0.1780191277994948,0.13889473314601136,0.010471807938234696,4.049257092348664e-05
NRV,preprocess_Reading23.dat,0.7137599051803062,0.16776419766329626,0.11727881233511087,0.001196811575873982,2.7324541274948505e-07,0.03556755802224469,0.32177872678532615,0.3452780011481164,0.18130247434791555,0.10415956368534404,0.011875656732815829,3.80192782372826e-05
NRV,preprocess_Reading24.dat,0.7696620061558325,0.14145907886336845,0.08774428626499346,0.0011342191100115072,4.0960579387430853e-07,0.037441146479303286,0.32156537703304444,0.3946422339451364,0.15927459765359617,0.07730641150648361,0.009732437832216239,3.779555021979346e-05
NRV,preprocess_Reading25.dat,0.7614786501908334,0.13806613957004082,0.09942838959235695,0.0010265597171417824,2.6092962748776955e-07,0.04100560723519195,0.3422319336621638,0.35533837606344254,0.16368716046447895,0.08807325000942319,0.009630733662967971,3.293890233173619e-05
NRV,preprocess_Reading26.dat,0.74073208138274,0.15614468250647237,0.10202796973088268,0.0010950243015267602,2.420783780761275e-07,0.0398833714818696,0.29937971679454617,0.39539996462183885,0.16561179950261692,0.08889598102000597,0.010789475652157455,3.969092696512273e-05
NRV,preprocess_Reading27.dat,0.7323033108016316,0.1628981130262321,0.10378481363010061,0.0010135508621648033,2.1167987096109796e-07,0.03765378689263562,0.3150564983298955,0.3622558955856784,0.18324335463755742,0.09190802982524121,0.009837849844661605,4.4584884330153484e-05
NRV,preprocess_Reading28.dat,0.7579056179121029,0.14763170485047378,0.0933521289483111,0.0011103059697204019,2.423193919574798e-07,0.045011169277727706,0.33216684635077726,0.3576253072861408,0.1754785682160353,0.07930786678450774,0.010375275125045045,3.4966959765949526e-05
NRV,preprocess_Reading29.dat,0.7654345583043085,0.14124687846866008,0.09216195338417899,0.0011564113238321514,1.9851902026255065e-07,0.037468875024705986,0.29675771302842757,0.4079568122917561,0.16282518503598942,0.08386797351641563,0.011084156107492865,3.928499521252895e-05
NRV,preprocess_Reading3.dat,0.6740511831241128,0.16615159947865812,0.15750147625947372,0.0022952385093652815,5.026283900511755e-07,0.018719509976576933,0.22375806457511282,0.4049454482348531,0.19026161721140755,0.1467172585252469,0.015527121014100306,7.098046270235241e-05
NRV,preprocess_Reading30.dat,0.7477989677345709,0.1530177882231748,0.09811374217470208,0.0010691863962809915,3.154712713245853e-07,0.03739780360111475,0.2841233310926877,0.40880675617742823,0.16419892480226214,0.09469928712937745,0.010709295416715081,6.460178041462527e-05
NRV,preprocess_Reading31.dat,0.777424554690365,0.1297893138344325,0.09197987099936943,0.0008059737369217776,2.8673891128032424e-07,0.04612829070252427,0.3396732803522887,0.36919672385554325,0.1520088405690823,0.08192766560129316,0.011029968731667547,3.523018760083935e-05
NRV,preprocess_Reading32.dat,0.7857929866978058,0.1353772395271147,0.07793569910897825,0.0008938618409351307,2.1282516590377861e-07,0.042741186924801756,0.33643845232275726,0.377193162246857,0.1652273962278729,0.06875145038943721,0.009617431226818438,3.0920661455393986e-05
NRV,preprocess_Reading33.dat,0.7512046269259002,0.15596387483593027,0.09162523348900756,0.0012060341873299984,2.3056183200771938e-07,0.04652333607163193,0.2952020594756478,0.3832873908573034,0.18264832068446218,0.08142636543722154,0.010874219718145204,3.830775558788749e-05
NRV,preprocess_Reading34.dat,0.7530734013353895,0.15602979296361105,0.0898678085658164,0.0010287672492419657,2.298859411578853e-07,0.046271213906074235,0.30988199442649006,0.35966810876277505,0.1887902159882046,0.08462421675096425,0.010710578253436846,5.3671912054906556e-05
NRV,preprocess_Reading35.dat,0.7142766147266523,0.1709507236551051,0.1134651678889792,0.001307097871806505,3.9585745664033974e-07,0.040282077900750245,0.3149133285326281,0.3394342760840177,0.18686853753992666,0.10558602879001691,0.012863432209917442,5.2318942742974184e-05
NRV,preprocess_Reading36.dat,0.7431420832718272,0.16972523838113615,0.08598599410228658,0.0011463985286445815,2.857161053096439e-07,0.035138765049520786,0.2730897750974395,0.3833646679842816,0.21731090439775158,0.0812637696348084,0.009787996531852005,4.412130434616457e-05
NRV,preprocess_Reading37.dat,0.7089058998857711,0.18208072407400794,0.10793932767287129,0.001073829068818049,2.1929853150643248e-07,0.0332754499461541,0.2817562261444559,0.37930927421573474,0.20046677969430823,0.09439349264700823,0.010765007594132403,3.376975820646399e-05
NRV,preprocess_Reading38.dat,0.7420543266735264,0.17140166449007804,0.08560517859802025,0.0009386185166986512,2.1172167659864798e-07,0.04596139673638776,0.33542545036580723,0.3597719541845598,0.18206053454569657,0.06853347986797576,0.008220035974348304,2.714832522464094e-05
NRV,preprocess_Reading39.dat,0.7413947660070818,0.17178752425273575,0.08579313140593937,0.0010243279528299612,2.5038141317757187e-07,0.03177953721290547,0.2670085108830435,0.4085455325347087,0.2064005467059077,0.0773458145187303,0.008878292577329075,4.176556737542252e-05
NRV,preprocess_Reading4.dat,0.6760317698738971,0.1742517128759389,0.14767249049935352,0.0020435374795284202,4.892712819963233e-07,0.019554031783660268,0.2328789490410906,0.3973085887210795,0.20609496803004926,0.1297305020684694,0.014365799293273154,6.716106237790566e-05
NRV,preprocess_Reading40.dat,0.7406619548427327,0.169394963821904,0.08877513495140399,0.0011676823982810158,2.6398567810153994e-07,0.034180352577020436,0.2802539533734276,0.40755230199325554,0.18958577191077128,0.07948176653452915,0.00890914860205791,3.670500893797058e-05
NRV,preprocess_Reading41.dat,0.7219495547611181,0.1756297665671494,0.10130031893138547,0.0011201207017240418,2.3903862288130933e-07,0.0412238657595616,0.29103607960356404,0.37112847970801827,0.19035883565101716,0.09624557421115751,0.009964357677623272,4.280738905817106e-05
NRV,preprocess_Reading42.dat,0.7021941677602047,0.18939025067569135,0.107243383886752,0.0011719748852199957,2.227921321103111e-07,0.03701865860504523,0.3097892899432925,0.338013002899978,0.21122875534247715,0.093472665190936,0.010442816412886977,3.481160538422248e-05
NRV,preprocess_Reading43.dat,0.717548081781681,0.18015814203517894,0.10098513288212946,0.0013084009918903716,2.4230912039090855e-07,0.038799649603064416,0.30050365637619364,0.3488246692987543,0.2123429018006276,0.0883886576518925,0.011100466380780777,3.999888868681212e-05
NRV,preprocess_Reading44.dat,0.7484045996681524,0.15956785637531629,0.09088302183761261,0.0011442747607420863,2.473581765852989e-07,0.042222863759090776,0.3103284149310529,0.37750071449570144,0.17300421765755497,0.08724469262396302,0.009666979655687026,3.2116876949950295e-05
NRV,preprocess_Reading45.dat,0.7812097250616319,0.13608501506031612,0.08142332400479461,0.0012815471400741123,3.887331831763049e-07,0.04107312894425571,0.34462747397370475,0.36963957607371867,0.15683086539419552,0.07828764257666451,0.009507606726993637,3.3706310467199535e-05
NRV,preprocess_Reading46.dat,0.7679540102105467,0.14069570260836398,0.08996240923349402,0.0013876239334738487,2.540141215671577e-07,0.0401308610915592,0.3263163279912833,0.3846145465698198,0.15389701590336977,0.08329686374629247,0.0117066620301615,3.772266751389295e-05
NRV,preprocess_Reading47.dat,0.7609718469634289,0.15077975893129741,0.08686176248433788,0.0013863014318234842,3.3018911238749876e-07,0.04034167658724827,0.3354060789731824,0.3587529335728718,0.17686607228184545,0.07807376479738398,0.010524302208295713,3.517157917244762e-05
NRV,preprocess_Reading48.dat,0.743203725934939,0.1570328145980691,0.09813141709544061,0.001631827841569742,2.1452998156715768e-07,0.044276229148656844,0.3494516021128503,0.3329435779105742,0.17172321703740884,0.08879821184103634,0.012765706775418127,4.145517405529542e-05
NRV,preprocess_Reading49.dat,0.7325243391085621,0.16165538549443037,0.10439040229252615,0.0014296758776373474,1.9722684405349676e-07,0.038154746542990996,0.281903546982753,0.37168138817637564,0.19825877353466012,0.09773378056631116,0.012226855530961306,4.0908665947829835e-05
NRV,preprocess_Reading5.dat,0.687479351699207,0.16760446636894225,0.14306390467872285,0.001851956174300273,3.2107882760801364e-07,0.020894546703075566,0.22667279015367423,0.4184946462464802,0.19774241059575143,0.12345993345516802,0.012658478764160033,7.719408169058173e-05
NRV,preprocess_Reading50.dat,0.7191812052591189,0.16531580924579978,0.11414360406247133,0.0013590510110296165,3.3042158017864764e-07,0.043266878443428025,0.3172479904002596,0.3293956575832542,0.18952479311636136,0.10911343625484768,0.011383608227048847,6.763597480039016e-05
NRV,preprocess_Reading51.dat,0.7115176348325563,0.15964894843441932,0.12720668341615016,0.0016265515500106485,1.8176686396659625e-07,0.0431311573255696,0.2743568684121614,0.3656074897164343,0.18950342695211017,0.11308328969531442,0.01427327235906015,4.449553934996026e-05
NRV,preprocess_Reading52.dat,0.7215745816999398,0.14139557392214974,0.13512860958246153,0.0019009469414029679,2.8785404590432576e-07,0.035871617942095625,0.2609230571542018,0.3795692897955344,0.1849283705320035,0.12413567903409957,0.014526020727778909,4.596481428617195e-05
NRV,preprocess_Reading53.dat,0.726925893355011,0.14899814371117762,0.12268454522819666,0.0013912343116191978,1.8339399551555247e-07,0.031453683671006726,0.24931351068565033,0.4075115369292769,0.18411076066221652,0.11512489531215846,0.012414723852514622,7.08888871765254e-05
NRV,preprocess_Reading54.dat,0.717026099214449,0.14864119541021298,0.13255843507381712,0.001773800241000371,4.700605206344278e-07,0.03507283614096051,0.2781533990430614,0.3652707656659637,0.1889734428219029,0.11900469207305531,0.013479272108020003,4.5592147036196105e-05
NRV,preprocess_Reading55.dat,0.712460235303496,0.15269046888600374,0.13327441459940134,0.001574608590469353,2.7262062964592384e-07,0.03510542736401878,0.261359542896935,0.392709479927068,0.1743702392819242,0.12317214612607215,0.013237472434867979,4.5691969113764864e-05
NRV,preprocess_Reading56.dat,0.7180555267304206,0.1478758891579085,0.1324210145189497,0.001647407368207685,1.6222451352394577e-07,0.03207082012305736,0.25980802313366436,0.38831624126994924,0.19967085005177057,0.10699288809225417,0.013097872911530143,4.330441777430921e-05
NRV,preprocess_Reading57.dat,0.7290408677791189,0.15261751111073066,0.11714531989918826,0.0011961535237956416,1.476871664451254e-07,0.03755861176804112,0.2650632016777557,0.3786585225004394,0.19806194991084475,0.10796727950871779,0.012632225549589073,5.820908461206924e-05
NRV,preprocess_Reading58.dat,0.7188950135932407,0.15187203104157762,0.12787447903836296,0.0013583234700046362,1.5285681409844745e-07,0.04183029778800536,0.2771310588801936,0.3622832252873216,0.19884354116511435,0.10822995102607713,0.011641305299905811,4.0620553382034174e-05
NRV,preprocess_Reading59.dat,0.7412098673068984,0.14357620514939673,0.11402415450000543,0.0011896269259670576,1.4611773231096622e-07,0.028183521851913217,0.24960164653880237,0.407699057447099,0.20265203167034188,0.1026888099260514,0.009138794274933302,3.613829085879789e-05
NRV,preprocess_Reading6.dat,0.6921855436823611,0.15863705229056202,0.14608811131062216,0.003088853347501012,4.393689538823178e-07,0.02207002152687592,0.22801021524603424,0.4218210729351105,0.17732888126969987,0.13476380402022656,0.01594014405995772,6.58609420952983e-05
NRV,preprocess_Reading60.dat,0.7333068312328548,0.14671071017762116,0.11874785615000415,0.0012343536554652802,2.48784054529754e-07,0.04633238033510611,0.33616738148459596,0.3049134191878162,0.185253762624688,0.1168103754485884,0.01046730490154546,5.537601765974512e-05
NRV,preprocess_Reading61.dat,0.708683193602191,0.15833152120874833,0.13168966355449033,0.0012954461247175959,1.7550985262877395e-07,0.03442781910239935,0.2624389074970572,0.3613317638948973,0.21766049120334816,0.11266799765533433,0.011426832673649924,4.618797331379721e-05
NRV,preprocess_Reading62.dat,0.7600221173068307,0.13498974161441962,0.10387977207504628,0.0011082147345308159,1.5426917274388229e-07,0.05592428781878355,0.3565661739898153,0.3170757295699252,0.16880916368152768,0.09184756892499596,0.009745528646224572,3.1547368727787156e-05
NRV,preprocess_Reading63.dat,0.7738546453127709,0.1226468534888512,0.10207684096002677,0.0014213751393233958,2.850990276595947e-07,0.05055258187524877,0.34843872130342685,0.3486085588445394,0.15336591617439221,0.08885203167934443,0.010102435822219404,7.975430082901524e-05
NRV,preprocess_Reading64.dat,0.7604278208411681,0.1306048600867299,0.10787505263720919,0.0010921192928108553,1.4714208205238786e-07,0.050790205658498205,0.32071606697315874,0.35022232745216514,0.1702450754064111,0.09632593874133463,0.011663895459670576,3.649030876156564e-05
NRV,preprocess_Reading65.dat,0.7618165102682001,0.12167116455631914,0.11512912546596901,0.0013830415774589537,1.5813205279202338e-07,0.04111615971014984,0.3043077259121104,0.3623685830701352,0.1787008048142369,0.10446652132197491,0.009008815193794307,3.138997759846001e-05
NRV,preprocess_Reading66.dat,0.7610195435107198,0.12199598663320334,0.11579947113867338,0.001184848799545455,1.499178578911464e-07,0.04700401507603871,0.3107501036255893,0.35256197987370597,0.1794319089253882,0.10015881170775653,0.010052240470600873,4.0940320920397425e-05
NRV,preprocess_Reading67.dat,0.7665732632685658,0.12315605950802612,0.1092456762495158,0.001024859882131067,1.4109176159658625e-07,0.03887994574322673,0.2920147746461085,0.38063768121667,0.1795341674825282,0.09948457929455252,0.00941775900470954,3.109261220456065e-05
NRV,preprocess_Reading68.dat,0.7215946386118345,0.1303188443751122,0.14674741899070198,0.0013388933681534004,2.046541979810084e-07,0.034591661995887195,0.2662035138266949,0.3752364285125704,0.19245456856806456,0.12207846831572211,0.00940398802240871,3.137075865220286e-05
NRV,preprocess_Reading69.dat,0.748658247285873,0.13143209818540616,0.1184940057222684,0.0014151301540921877,5.186523599791166e-07,0.03886421905617452,0.2792594136440863,0.36833853662090044,0.19397401135877812,0.11024888862798025,0.009277684376150966,3.724631592936386e-05
NRV,preprocess_Reading7.dat,0.6613772491118339,0.17613009214990133,0.15961609494102155,0.002876113172983661,4.5062425944394557e-07,0.017436194104666333,0.20499940453451662,0.4093154376393053,0.20532526475750928,0.14617858049542715,0.016677077381162777,6.804108741251804e-05
NRV,preprocess_Reading70.dat,0.7731773300998982,0.12804756876737056,0.09760927587507938,0.0011655889205716874,2.363370802090737e-07,0.04414238142375536,0.3090249092434756,0.3563531006908659,0.19043629169071188,0.0912619441148478,0.008751056581811877,3.031625453146751e-05
NRV,preprocess_Reading71.dat,0.7091071001769432,0.15214201887701653,0.13730481486732848,0.001445894260265728,1.718184458701687e-07,0.03673598215343464,0.2958264819072157,0.34042180219605694,0.1948176961744393,0.12200339995982894,0.010161402345011436,3.3235264013036825e-05
NRV,preprocess_Reading72.dat,0.7240420630916568,0.1416943537003235,0.13290456144284132,0.0013588590781084661,1.626870696571642e-07,0.03647233757249301,0.3051780887006395,0.3603506770283192,0.17363055660223736,0.11465669079696181,0.009669562105608912,4.208719373996838e-05
NRV,preprocess_Reading73.dat,0.7110037071640147,0.14559480711124467,0.1420197782009338,0.0013815210393801581,1.864844264642573e-07,0.04052504669836783,0.31996476706117455,0.3166666416616486,0.1834933014745062,0.12832524011803173,0.010964443123421616,6.055986284949847e-05
NRV,preprocess_Reading74.dat,0.6775917389893269,0.15884411419996625,0.16194860497544167,0.0016153260556907166,2.157795747432291e-07,0.02991017044967442,0.25559826401119345,0.36167354436369004,0.20178660573325538,0.13964435938136543,0.011351511884454603,3.554417636664618e-05
NRV,preprocess_Reading75.dat,0.7374648922960895,0.1404951962974858,0.1206984487222309,0.0013412614838134655,2.0120038061450817e-07,0.032776818627484924,0.29324600734092493,0.3703479607526176,0.18583745185250153,0.10639387877015252,0.011361211298844813,3.667135747361756e-05
NRV,preprocess_Reading76.dat,0.6418106177059975,0.17123226401492397,0.18520838907402046,0.0017483522590593672,3.769459989657367e-07,0.02182817086105866,0.22619172076592506,0.3681026807529063,0.19012972547409882,0.17513616901763437,0.018551968891362517,5.9564237014168485e-05
NRV,preprocess_Reading77.dat,0.6324993122962799,0.18376530588115572,0.1820345050244508,0.0017005481249438106,3.286731699236875e-07,0.023175313652058,0.23874416465383638,0.36145225942384096,0.1952954710647926,0.16414648885543848,0.017129205319786345,5.709703024732073e-05
NRV,preprocess_Reading78.dat,0.6711148175533386,0.18123405886724026,0.1460855853714104,0.0015652256185574476,3.1258945326156483e-07,0.025308061593664895,0.2676862502871899,0.35488733914286186,0.1975990682547541,0.13941911947983388,0.015049588586589807,5.057265510573144e-05
NRV,preprocess_Reading79.dat,0.6668864431058579,0.16875850426251301,0.16283015084566926,0.0015244829690693427,4.188168906978434e-07,0.025260156854641117,0.2721673240456624,0.3524073297938777,0.1878604825900414,0.14894154240497315,0.013311718994344756,5.144531645948938e-05
NRV,preprocess_Reading8.dat,0.6344780557719945,0.19651942877929748,0.16645807717866618,0.0025438180976743454,6.201723676282058e-07,0.022709761018607187,0.26101220742353975,0.3469760290689267,0.21825831655710853,0.13663264273856202,0.014329481885719796,8.156130753614954e-05
NRV,preprocess_Reading80.dat,0.714536776954201,0.15206398971547805,0.13174590027211228,0.0016529814881147578,3.515700940204986e-07,0.031115903743035165,0.28079589832578505,0.384451960266417,0.1648023364921152,0.1266939737524686,0.012088106197973195,5.1821222205820364e-05
NRV,preprocess_Reading81.dat,0.687503661959075,0.1701519780468185,0.14084338536784735,0.0015005625411965407,4.120850626715503e-07,0.022105547667833257,0.27964952520898584,0.3870893068197439,0.17517763278055976,0.12510733825070675,0.010821559101982089,4.9090170188429436e-05
NRV,preprocess_Reading82.dat,0.6955717712704315,0.16830308367657482,0.13472974469127247,0.0013951230644119418,2.7729730918611633e-07,0.024235616643788566,0.2818540431830952,0.3806846379810306,0.17834913958122844,0.12385562587625101,0.010970058168928421,5.0878565677623446e-05
NRV,preprocess_Reading83.dat,0.756043124771369,0.12485598835518064,0.1178248038033079,0.0012758042595328485,2.7881060942368925e-07,0.025760876583188794,0.2961685252275441,0.4191523355453867,0.14751704249095934,0.10074508719796865,0.010619653146476657,3.647980847570254e-05
NRV,preprocess_Reading84.dat,0.7270696404980065,0.15726072942903954,0.11436687689266573,0.0013022573516206636,4.958286675546315e-07,0.022849235417715445,0.25441332587701054,0.42949788344059175,0.18025701027435848,0.1030650506801674,0.009880680009844168,3.681430031217005e-05
NRV,preprocess_Reading85.dat,0.7014136279804293,0.1673935528746489,0.1296901254448213,0.0015023918927822336,3.018073182865492e-07,0.023517972629164517,0.24627115041267272,0.42714003627520813,0.1717766862166029,0.11957413530375549,0.01166366875718885,5.635040540731544e-05
NRV,preprocess_Reading86.dat,0.6998844855141899,0.16426643441835312,0.1345931449289677,0.0012556031389845078,3.319995047405475e-07,0.024341532069618168,0.2721716357398657,0.3883606415885136,0.18621268670435034,0.11764188967463982,0.011232905771555373,3.870845145723905e-05
NRV,preprocess_Reading87.dat,0.7024547245619986,0.16912295930366983,0.12686282754342387,0.0015592328774286326,2.5571347905469464e-07,0.026240610714722692,0.2481595907260853,0.40971183578357456,0.1857514546853531,0.11805194580459656,0.012038466017041094,4.60962686265766e-05
NRV,preprocess_Reading88.dat,0.7001891695652266,0.1791787206110465,0.11911788659204099,0.0015138598831958112,3.6334849016755313e-07,0.020283337356284997,0.22117373585440162,0.4398470503488725,0.20090183455563992,0.10673731104005955,0.011004945297241714,5.178554749970729e-05
NRV,preprocess_Reading89.dat,0.7399794529541179,0.14853998501528445,0.11035101963587403,0.0011292921102794065,2.5028444416489107e-07,0.026025591711313988,0.26732155937601665,0.43324311777731184,0.16292327223960978,0.10004607376068134,0.010403559003124029,3.682613194241555e-05
NRV,preprocess_Reading9.dat,0.6493074635451842,0.17537599068249396,0.17366924071472212,0.0016469506312681993,3.5442633144903526e-07,0.02433401325182808,0.2471378678850146,0.3539536335323864,0.22290673752142945,0.13950777973080508,0.012105897839164971,5.4070239371548396e-05
NRV,preprocess_Reading90.dat,0.7570747563977603,0.13328274524734698,0.1083603357060788,0.001281947245572685,2.1540324095965536e-07,0.03043324365296988,0.2545442355814721,0.44966391616887835,0.14927407884037786,0.10472784278920269,0.011299720356010049,5.696261108906797e-05
NRV,preprocess_Reading91.dat,0.7595241650339186,0.13430875210046914,0.10464188316566798,0.0015249703098941898,2.2939005025938996e-07,0.029711319586698898,0.2653077515537829,0.4466174381369674,0.15243333017896657,0.09631749079222167,0.009570308167358776,4.2361584003687345e-05
NRV,preprocess_Reading92.dat,0.7254022918294873,0.15787516898979084,0.11524318340183028,0.0014790385342530357,3.172446382783994e-07,0.03113740525824294,0.27044648011897815,0.4088006431092408,0.17489331736867827,0.10616342751834418,0.008528909019365887,2.9817607149743275e-05
NRV,preprocess_Reading93.dat,0.7344870401578467,0.1597790474813791,0.1046828022802783,0.0010509314372543334,1.7864324164459368e-07,0.030107082241935958,0.28355691083034296,0.4040099683842987,0.18907072015183374,0.08418264224173985,0.009038336010093195,3.434013975560299e-05
NRV,preprocess_Reading94.dat,0.7658903115679772,0.14465379864906924,0.08842064971575933,0.0010350380089401312,2.020582541655328e-07,0.02552491586150859,0.27787484362372106,0.4449122057686384,0.16210904982794652,0.08150452680727623,0.00802609736124058,4.836074966853008e-05
NRV,preprocess_Reading95.dat,0.8043337211287976,0.12438130331776882,0.07040020926469015,0.0008844906365276183,2.7565221553050965e-07,0.030921901220240626,0.2961882868202872,0.44286566774310415,0.15986934599992542,0.06257996301392678,0.007540433430361411,3.4401772154439e-05
NRV,preprocess_Reading96.dat,0.7663889708318583,0.13669634670784095,0.09576720065422473,0.0011472543759233904,2.2743015246416457e-07,0.030980243675638276,0.30708095298514443,0.40292394595115416,0.16722869822828107,0.08263148980223649,0.009123552421347356,3.111693619826412e-05
NRV,preprocess_Reading97.dat,0.8153474612079743,0.11144909764501282,0.07186847834918524,0.0013347239615109168,2.388363166796334e-07,0.029303549393218793,0.3066559353695307,0.4481994960873461,0.144444815051475,0.06336999823501509,0.007998316772877701,2.7889090536667786e-05
NRV,preprocess_Reading98.dat,0.7844815351081522,0.13500073067735321,0.07936366377213942,0.0011538270280752063,2.4341428003254057e-07,0.030377843167252554,0.3054445566871682,0.4260665255962149,0.16113017023720355,0.06890347994260561,0.008046710792710897,3.071357684432265e-05
NRV,preprocess_Reading99.dat,0.7478316245367143,0.16074821984870874,0.0903909035978954,0.0010289569635761632,2.9505310545122914e-07,0.029685138422406044,0.2666387040849616,0.4269960305850469,0.17946656270128922,0.08769335396717695,0.009476120564816528,4.408967430280264e-05
Piston,preprocess_Reading1.dat,0.6635782452740888,0.12773440129730054,0.20694840381868396,0.001738650817576485,2.9879235032736166e-07,0.0462090692064362,0.38275634582862555,0.23068249427930473,0.12687616863465698,0.18660891281993874,0.02676943446572382,9.757476531400638e-05
Piston,preprocess_Reading10.dat,0.80806694952018,0.09257565156044863,0.09779482292389209,0.001562071747127679,5.04248351527277e-07,0.056623542470959715,0.4098286372616252,0.31582155714460675,0.11974980676458294,0.08760528980159704,0.010176110485437989,0.00019505607119038538
Piston,preprocess_Reading100.dat,0.8666547618390741,0.07452558988640717,0.057750231610801034,0.001069097561500781,3.1910221663009837e-07,0.08004468449164216,0.49059231214504306,0.25638082695074677,0.11299450488785544,0.05445010728202656,0.005504511035638164,3.3053207047714426e-05
Piston,preprocess_Reading101.dat,0.8648178073441152,0.07271498868633672,0.061273660553796364,0.0011931721736899504,3.712420617200396e-07,0.07458672729355036,0.5223966911572913,0.2402808954812012,0.09905428522543475,0.05694269730096307,0.006646208470581009,9.249507097858812e-05
Piston,preprocess_Reading102.dat,0.8602162643439901,0.06905658619824893,0.06957352487127069,0.0011532846821142846,3.3990437597804195e-07,0.07095753583525236,0.48595718469477106,0.2642591869003265,0.11025727282232918,0.06158684134893301,0.006884948327800105,9.703007058774573e-05
Piston,preprocess_Reading103.dat,0.8587238938285594,0.06952415641142277,0.07064034949776891,0.0011112931037711624,3.0715847788470944e-07,0.06798680814597563,0.4916805191115104,0.2694437955537363,0.1054234330948028,0.05964013659530243,0.005793165882293515,3.214161637889352e-05
Piston,preprocess_Reading104.dat,0.86976677241567,0.07577603956856573,0.0533018701381404,0.0011549661937640592,3.516838598899099e-07,0.07068687180244873,0.5199645901854791,0.2508265045186723,0.10304417227655602,0.04922940997863559,0.006177463376935241,7.098786127315924e-05
Piston,preprocess_Reading105.dat,0.8731810322653695,0.06998355420886215,0.05569367123955539,0.001141417042059476,3.252441533450705e-07,0.07415551341339055,0.5131298914778691,0.25313107957995634,0.10202060818452056,0.05162515254102605,0.005893382424602342,4.437237863478096e-05
Piston,preprocess_Reading106.dat,0.8655360375288599,0.06945216391649946,0.06371666287277765,0.0012947743048023588,3.6137706061395023e-07,0.06524946265148783,0.520245774306837,0.24592566294855098,0.10512037851556767,0.057195707374624115,0.0062289393909712686,3.407481196098134e-05
Piston,preprocess_Reading107.dat,0.8727060077146787,0.06640971612006692,0.05979699354940369,0.0010869492597913068,3.333560596633897e-07,0.06740573373228372,0.5100831267593917,0.26440687504288907,0.09840751744114146,0.05339255692001188,0.0062697458162300065,3.444428805232904e-05
Piston,preprocess_Reading108.dat,0.8786768379944943,0.06291152560603497,0.05730929714938779,0.0011019405666824085,3.9868340088130974e-07,0.06637294995489391,0.5158985724173251,0.2641524389847208,0.09715974219886048,0.051053289619832166,0.005322814673406616,4.019215096116106e-05
Piston,preprocess_Reading109.dat,0.9015854498333441,0.052717023882283755,0.04477062336208425,0.0009266187955742746,2.8412671354701544e-07,0.07315085451969157,0.576441243425868,0.226728278140917,0.07585222934245141,0.04270828639869203,0.005089677319242137,2.9430853138084203e-05
Piston,preprocess_Reading11.dat,0.7881770707742739,0.09640138824878966,0.11365241849246652,0.0017687678623439004,3.5462212604530924e-07,0.05285790300186526,0.3787841492955479,0.3332029343786898,0.12453027609986213,0.0983559342787927,0.012205699358093835,6.310358714856518e-05
Piston,preprocess_Reading110.dat,0.8579977803484761,0.08076558388136952,0.06005709359609018,0.0011791804076214454,3.617664427412788e-07,0.05454840082663465,0.44579187745706594,0.31953742807070423,0.11451157568037516,0.0593703644870686,0.006200065634338499,4.028784381291135e-05
Piston,preprocess_Reading111.dat,0.8716783418175128,0.07072152916166922,0.05646983051010984,0.0011298835839659194,4.149267420796989e-07,0.06379390645370143,0.49082198647779585,0.2865222724530118,0.09978295515642926,0.0527904582196104,0.006252887110310384,3.553412914099328e-05
Piston,preprocess_Reading112.dat,0.8544498617359668,0.08211237472478478,0.06206164071577392,0.0013756738509992366,4.4897247526389995e-07,0.06049740931231088,0.4338980239349297,0.3304113725264225,0.10934406813531815,0.05879791731815519,0.007004148069845464,4.706070301812501e-05
Piston,preprocess_Reading113.dat,0.8457061944975943,0.08465356865712212,0.06829954641781891,0.0013402088231778146,4.81604286960007e-07,0.06291274089039306,0.4301820379705027,0.31865141805571456,0.11946525591302229,0.061961700303185235,0.006796621377601405,3.022548958077779e-05
Piston,preprocess_Reading114.dat,0.8662118549189382,0.07369604891468785,0.05896180402667156,0.0011298747251734008,4.174145292392771e-07,0.06412860821710513,0.41870585419288653,0.3457884450512004,0.11060316115457933,0.054701782266713045,0.006040909312074905,3.1239805440443694e-05
Piston,preprocess_Reading115.dat,0.8714420100398321,0.06729118302952143,0.060165688659279105,0.0011007784987915538,3.397725760930062e-07,0.06356014536090956,0.46095125747483223,0.3178050202997826,0.09736057301434611,0.05488718257448789,0.005389106537782236,4.6714737859150224e-05
Piston,preprocess_Reading116.dat,0.8710739946080398,0.06590901063634572,0.06173875176187497,0.0012778628833669608,3.801103724427411e-07,0.06070351384349049,0.49433576087077025,0.29032320368146963,0.09139412521090193,0.05701510881614304,0.006183525843076827,4.476173414768695e-05
Piston,preprocess_Reading117.dat,0.8573771392722966,0.07868643610660726,0.0628706535315457,0.0010653706364702606,4.0045308006352786e-07,0.060231052941238566,0.4409311575579938,0.32299424722977993,0.10946068500284781,0.06050163123812229,0.005846776552018382,3.444947799930698e-05
Piston,preprocess_Reading118.dat,0.8454156065288899,0.07683341569578225,0.07643581039979065,0.0013147411686342113,4.2620690298170694e-07,0.058701196827408306,0.44842657199980274,0.3161780196357443,0.0998023376729834,0.06989056422645812,0.006945510974689421,5.579866291376596e-05
Piston,preprocess_Reading119.dat,0.8730561668271403,0.06644896385892715,0.05934780614558774,0.0011466434737836073,4.1969456088808873e-07,0.06401082982932986,0.5314423000648916,0.25475498174261124,0.08998409521029734,0.05370646949546703,0.0060635719972949665,3.775166010793777e-05
Piston,preprocess_Reading12.dat,0.7825224663393348,0.11177786941399424,0.10389681024516986,0.0018024262378862452,4.2776361483067107e-07,0.06184590742403488,0.4169566282517825,0.28809583066373784,0.12668345138610215,0.0947484109013617,0.011613066544635273,5.670482834553916e-05
Piston,preprocess_Reading120.dat,0.8703340943464628,0.0701205939679354,0.058092565741290354,0.0014523592044315384,3.8673988008038985e-07,0.06606712608836286,0.5073295179515263,0.27326408209120034,0.09161089985600149,0.05545160998464504,0.0062436654530173994,3.309857524671974e-05
Piston,preprocess_Reading121.dat,0.8622190206616419,0.06937621706639693,0.06691570836270493,0.001488592599565305,4.6130969059675216e-07,0.0528156879035828,0.4980401796577794,0.2882369653130866,0.09560558144009569,0.058602792790347955,0.006665215436435771,3.3577458671801475e-05
Piston,preprocess_Reading122.dat,0.8472685424782447,0.07909542013688677,0.07193829799030475,0.0016970294707598975,7.099238037106364e-07,0.05882859532291867,0.45567352279300993,0.3056715352881685,0.10563681619244443,0.06623087445609328,0.007921625063196009,3.703088416924125e-05
Piston,preprocess_Reading123.dat,0.8645913346289874,0.07113771005218161,0.06288584957249134,0.0013846554444624554,4.503018772799891e-07,0.055667029280840594,0.4923986485632112,0.2837446836821723,0.10244720645566144,0.05935242775939219,0.006358607737117823,3.1396521604301556e-05
Piston,preprocess_Reading124.dat,0.8813184212587535,0.06846292525147826,0.04892134123493886,0.0012966781980567879,6.340567724350921e-07,0.06709212739197763,0.538147000198923,0.24902155992006864,0.09200886506315703,0.04777212282997759,0.005927079356501306,3.124523939494668e-05
Piston,preprocess_Reading125.dat,0.8822245383999483,0.06291061445674462,0.05386557861758129,0.0009988831055384659,3.854201873782118e-07,0.06471573182533345,0.5791454370749163,0.21555085440210875,0.08744964168333894,0.04780531609125333,0.005303744236436611,2.9274686612757184e-05
Piston,preprocess_Reading126.dat,0.8713636396674534,0.06883051890341757,0.05851581413693248,0.0012891850691220206,8.422230745723142e-07,0.06702846176210428,0.5340232389247037,0.24953844714192666,0.08579326563868353,0.05709792969868052,0.006478444957392663,4.02118765087995e-05
Piston,preprocess_Reading127.dat,0.8880708223631768,0.05794517452039676,0.052893501067135786,0.0010901249826836222,3.7706660684446977e-07,0.07702776446297277,0.5553807662614213,0.2302377954484553,0.08216674109820889,0.049355774813038364,0.005803007266450122,2.8150649453116547e-05
Piston,preprocess_Reading128.dat,0.8857318980366562,0.060552863531970466,0.052603848120327326,0.0011109489656790982,4.413453668216089e-07,0.06868152458098022,0.5734070088818577,0.22109632499662055,0.08064637704867315,0.050098489575889214,0.006041504414989539,2.877050098950384e-05
Piston,preprocess_Reading129.dat,0.8707554217757274,0.0661554235052821,0.06179851330410491,0.0012901319070185385,5.095078670100953e-07,0.06524354495205525,0.5780152616667116,0.20838751519275878,0.08622208517898151,0.05549720762709621,0.006577340318079665,5.704506431691932e-05
Piston,preprocess_Reading13.dat,0.780856615523523,0.10833493128519721,0.10919073488810403,0.0016173184969682712,3.998062075618698e-07,0.055293837641171344,0.4045037039877002,0.3005745859707133,0.1269024440215063,0.10075845867172946,0.011908869124522223,5.810058265733559e-05
Piston,preprocess_Reading130.dat,0.8525035637975703,0.07563290943427735,0.07041010592476789,0.001452930128879094,4.907145054690351e-07,0.06207625059170395,0.552448208261799,0.21592198455318076,0.0970622099890897,0.06448571414631955,0.007959669111117866,4.596334678917109e-05
Piston,preprocess_Reading131.dat,0.8764095734665889,0.06653427914462982,0.05597698658533851,0.0010785323272203082,6.284762224578278e-07,0.060861616091638274,0.5563817581146716,0.2255735580922954,0.09877821096587021,0.05235288940880313,0.006024359883622158,2.7607443099152095e-05
Piston,preprocess_Reading132.dat,0.885145467214129,0.06075668084357927,0.052974459319406135,0.0011230405994112596,3.5202347418587535e-07,0.05896641489909123,0.5754081372530172,0.22872556498794608,0.0817386793475961,0.0498326240997503,0.005304806983051227,2.3772429547887584e-05
Piston,preprocess_Reading133.dat,0.8832343681504399,0.06747601820908732,0.04816484576325797,0.001124431624377524,3.3625283733052155e-07,0.0643604746502771,0.5990861657224535,0.20005751608407796,0.08651955954554616,0.0447961273488743,0.005133988249753426,4.6168399017289136e-05
Piston,preprocess_Reading134.dat,0.8666470674367515,0.06865780847081036,0.06336648760141735,0.00132824245869373,3.940323270179416e-07,0.06328364911724,0.5193364702806276,0.257930649173978,0.09475203076992313,0.05792249951550988,0.006745367526825043,2.9333615896285854e-05
Piston,preprocess_Reading135.dat,0.8665611406021301,0.06965914849633224,0.06258696404173406,0.0011923067796424458,4.4008016109067843e-07,0.06026419187095523,0.5575726645586272,0.2325938336071243,0.08471845317091557,0.058232684068881435,0.0065858571136823635,3.2315609813913035e-05
Piston,preprocess_Reading136.dat,0.8771402651079225,0.06875941755829046,0.0530430583382431,0.0010568245192385745,4.344763053190975e-07,0.06813895672372647,0.6080493309946066,0.18467653851384333,0.0846834040337109,0.04873544575131131,0.005674692343053862,4.1631639747636134e-05
Piston,preprocess_Reading137.dat,0.9001321844164842,0.05627516554249525,0.042745995737449784,0.0008464077491914347,2.4655437926188384e-07,0.06514219459858869,0.6057249078462105,0.20843411897578393,0.0736869048227569,0.041847677923334735,0.005115588793301879,4.860704002335317e-05
Piston,preprocess_Reading138.dat,0.8767236209517958,0.06732114105634214,0.05484094685755709,0.0011138856134959032,4.0552080919162095e-07,0.07109679080402664,0.5819557769715552,0.20490394642616616,0.08637540430142725,0.05003453822251725,0.005586650269106372,4.689300520100103e-05
Piston,preprocess_Reading139.dat,0.8758846774544987,0.06379261647330438,0.05914912481020991,0.001173120227413131,4.610345738678443e-07,0.0747336982595798,0.6253686522599281,0.16306039397394811,0.07679194606888837,0.05380159530761724,0.0062097925226468065,3.392160739175045e-05
Piston,preprocess_Reading14.dat,0.810205135751868,0.09971987901221097,0.08876871658364469,0.0013059820113069133,2.866409694354144e-07,0.07528620402640197,0.43930079694162855,0.27334631198826953,0.12070526356406609,0.08062841095072462,0.010668050921428003,6.496160748100924e-05
Piston,preprocess_Reading140.dat,0.8934918047595973,0.052636387002262905,0.05292157367849758,0.0009498764689700718,3.5809067226790466e-07,0.08552451146121075,0.6331241191335595,0.1605454726622258,0.06653006459492211,0.04841632638699716,0.005813165830950656,4.633993013412291e-05
Piston,preprocess_Reading141.dat,0.872490414775995,0.06263461904664765,0.06361090661391934,0.0012636263922232664,4.331712149009051e-07,0.07165519119971875,0.6286838209493086,0.164434967741351,0.07011395312773598,0.059108014953781624,0.005974505689670447,2.9546338433473474e-05
Piston,preprocess_Reading142.dat,0.8550107662130598,0.07233927059459103,0.07138919537731028,0.0012603018017370614,4.6601330175951924e-07,0.08530968548896556,0.5651160589701045,0.18893043831469256,0.0896582741127984,0.06372554570053146,0.007228619648605704,3.137776430169729e-05
Piston,preprocess_Reading143.dat,0.8349585617301467,0.08684142355664884,0.07684431969563284,0.001355209629966522,4.853876052063906e-07,0.07083740379189013,0.549736939105335,0.1938789118344693,0.11030408600774341,0.06810266207927557,0.00711041621564488,2.9580965641569593e-05
Piston,preprocess_Reading144.dat,0.8587467551652018,0.07762157149259702,0.062465891627752096,0.001165383871951096,3.978424980114713e-07,0.07765996212269054,0.546422161027034,0.21237990000518428,0.09922695168610667,0.057973828221478015,0.006305887446055827,3.130949145071304e-05
Piston,preprocess_Reading145.dat,0.8539839191160382,0.07473288193839304,0.0700610942180792,0.0012216669519694201,4.3777552002743333e-07,0.07489028378814633,0.5277259127300487,0.23069119595958745,0.09310506945518021,0.0666505133607444,0.006904750317453729,3.2274388839238134e-05
Piston,preprocess_Reading146.dat,0.8539689532301095,0.07171991453283078,0.0730144577072011,0.0012963019936946508,3.725361639024104e-07,0.08216294360360173,0.5173594040432423,0.22634291387895714,0.09893353217585553,0.06718803114944707,0.007945926292467697,6.724885642846937e-05
Piston,preprocess_Reading147.dat,0.8440893203864639,0.08306570377278313,0.07147882945267091,0.001365580228959721,5.661591224873546e-07,0.07173605067603643,0.4995392279437332,0.2469731812146692,0.10654166463184268,0.06787387690712511,0.007265096748955483,7.090187763784432e-05
Piston,preprocess_Reading148.dat,0.8183898813550838,0.08711230007747338,0.09282055727380253,0.0016765726879318674,6.886057083668034e-07,0.06520081206930804,0.5319757443776346,0.2044302530738701,0.10654235932181925,0.08238930166289846,0.009425045002401327,3.6484492068046626e-05
Piston,preprocess_Reading149.dat,0.8346385734059313,0.08458004729620708,0.07925135449735839,0.0015293394527988882,6.853477043292978e-07,0.0644807274321639,0.4990054103169287,0.2445786491541125,0.10487744646431776,0.07791695561522555,0.009103638765303786,3.71722519479691e-05
Piston,preprocess_Reading15.dat,0.7916123746858046,0.09607043215441527,0.11026141547712844,0.002055378147219984,3.9953543161901616e-07,0.07669787381859669,0.5039984614817037,0.21337299239905824,0.10585275606100315,0.08774436182935147,0.012258424386135398,7.51300241513291e-05
Piston,preprocess_Reading150.dat,0.8483888654926088,0.07009037707148351,0.08009175367732348,0.001428546313305829,4.5744527852878735e-07,0.06946677199610544,0.5747628674291159,0.18503831138690793,0.08867200330437089,0.07377057628108084,0.008247244883140019,4.222471927899553e-05
Piston,preprocess_Reading151.dat,0.6822414964698433,0.1292269643343026,0.18637988948766823,0.00215126018386176,3.89524324133538e-07,0.059665285316718886,0.38297688283328796,0.23033531522158396,0.12872144231013521,0.1739449390612491,0.02426928973162084,8.684552540410648e-05
Piston,preprocess_Reading152.dat,0.6795992516376643,0.1263176630246875,0.19212809667031774,0.0019545878396463002,4.0082768418230276e-07,0.057212706811321914,0.38653725152645346,0.23658981182851685,0.12650400418710514,0.17016127203391648,0.022919132575990226,7.582103669592267e-05
Piston,preprocess_Reading153.dat,0.7136507865665546,0.1149713887121397,0.16945847026978983,0.0019187374252425413,6.170262734345748e-07,0.05035343744097612,0.38352367245299135,0.26219467337105656,0.1185226690054878,0.1629380328447308,0.022396513230276787,7.10016544805411e-05
Piston,preprocess_Reading154.dat,0.6663427186081713,0.12854493202208114,0.20315491551673076,0.001956902457191273,5.313958256697664e-07,0.0452162242797918,0.3663317977100998,0.24622190183905765,0.13037006081468042,0.18888273128956468,0.022898951583347763,7.83324834580227e-05
Piston,preprocess_Reading155.dat,0.7112828278749797,0.11461359345359044,0.17220359597135218,0.001899481473591987,5.012264859901417e-07,0.04954150414247618,0.40841770158278257,0.24988014138527523,0.11980976747736383,0.15267852710499666,0.019603862283033024,6.849602407246596e-05
Piston,preprocess_Reading156.dat,0.7515737322720262,0.10732026030186666,0.13941111026676956,0.0016944316284937405,4.6553084393360316e-07,0.05090281563822417,0.42933324100852766,0.2708173453251474,0.11025865646731023,0.12425331326692463,0.01437848361010089,5.614468376520415e-05
Piston,preprocess_Reading157.dat,0.7875445639154955,0.09557836964457499,0.11519186090161207,0.0016847873462363426,4.1819208106306387e-07,0.05310900217752601,0.4520175878314736,0.2791569525935538,0.10221822545031382,0.10133748964158297,0.01210592650800483,5.481579754507049e-05
Piston,preprocess_Reading158.dat,0.757805373446154,0.09633351466910024,0.14421156469173727,0.0016490430539270455,5.041390815965726e-07,0.044407349665987944,0.4381974709639626,0.26146940863557405,0.1116346702412273,0.1283364366878243,0.015891738921438782,6.292488398500025e-05
Piston,preprocess_Reading159.dat,0.771985653033733,0.09762310210416332,0.12869781339881411,0.001692954057762359,4.774055272149448e-07,0.054720667936195636,0.41642124322790913,0.2891584604280747,0.10908095090647534,0.11674626382641258,0.013809186434086927,6.322724084577262e-05
Piston,preprocess_Reading16.dat,0.7976942328099065,0.09439300980193206,0.1061287975243304,0.001783524561884584,4.3530194641649886e-07,0.07555058978821377,0.48669555267875286,0.2268887635570947,0.10502720721449733,0.09373625035387317,0.012042952516579015,5.868389098895735e-05
Piston,preprocess_Reading160.dat,0.784120034305587,0.10010208801346021,0.11419295505370776,0.0015845267521597732,3.9587508531984576e-07,0.05612860977032981,0.42895215589363195,0.28503968451184597,0.11611985737999542,0.10150854516237301,0.01220024204861264,5.090523321126733e-05
Piston,preprocess_Reading161.dat,0.7641367415477469,0.1050407301896497,0.1286335376827689,0.0021884619158133896,5.286640209246292e-07,0.05922897813640844,0.38576048693419646,0.3111922306382097,0.11747484031876834,0.11202815275633092,0.01423659421450877,7.87170015770647e-05
Piston,preprocess_Reading162.dat,0.774046496732641,0.10674781755041601,0.11720945381832737,0.0019956413844374465,5.905141782601505e-07,0.06175614587962463,0.3998268659831277,0.29185610021324393,0.1274075226993307,0.10648569367945972,0.012605497514490211,6.21740307230163e-05
Piston,preprocess_Reading163.dat,0.7819356457868203,0.09250801185338918,0.12392015929482626,0.0016355902133796168,5.928515848460543e-07,0.06030528450448941,0.4168974700301243,0.2902567182126364,0.11468447541963425,0.10573205506715425,0.012065782782982296,5.8213982979188945e-05
Piston,preprocess_Reading164.dat,0.8023340111038849,0.10212427129857274,0.09376773477541073,0.0017735028397656504,4.799823659002775e-07,0.05921601583769052,0.4493914815223561,0.2755387783437935,0.1194985537035789,0.08559744198765457,0.010697711261409198,6.001734351735624e-05
Piston,preprocess_Reading165.dat,0.8127040006431393,0.09285619881181786,0.09296107786799966,0.0014782613029454203,4.613740978255757e-07,0.07434992369747312,0.45310993606453404,0.2686772132886545,0.11146378725099945,0.08185165355563916,0.010494154001129954,5.3332141569850796e-05
Piston,preprocess_Reading166.dat,0.8134013404396171,0.09316562259265516,0.09169500300663058,0.0017374580750733986,5.758860239163972e-07,0.0592107571956199,0.4600562627999991,0.27547811286416035,0.11349343338511807,0.08090354535999603,0.010799836806514427,5.805158859209104e-05
Piston,preprocess_Reading167.dat,0.8148605784281191,0.09908260384048784,0.08435554245350653,0.0017005318153336252,7.434625530686141e-07,0.06290951226023357,0.40081180945888595,0.3247341522039281,0.12432155124651181,0.07757482472822941,0.009597317415491267,5.08326867199624e-05
Piston,preprocess_Reading168.dat,0.8354424202890959,0.08690166254684646,0.07603113586761782,0.0016242784561971808,5.02840242754295e-07,0.0705458635874605,0.46116827527842386,0.283846154782684,0.10652573663242136,0.06901272314152779,0.008852302825204201,4.894375227828737e-05
Piston,preprocess_Reading169.dat,0.831746997933935,0.0921626054196524,0.07468045442161877,0.001409608629777518,3.3359501624726945e-07,0.07865102385743546,0.4537125192439753,0.28196423379100605,0.10920910464034222,0.06757330913596808,0.008849036089409686,4.077324186330362e-05
Piston,preprocess_Reading17.dat,0.7911179353800435,0.09932374312794452,0.10780524635724632,0.0017526476903145152,4.2744445119288827e-07,0.0597843136241059,0.423147442974041,0.2923924469221625,0.12009252263202054,0.09331353090554839,0.011217655470666561,5.2087471455171314e-05
Piston,preprocess_Reading170.dat,0.860427389037361,0.07769318470052478,0.060576734962334525,0.0013022828582805242,4.084414992469304e-07,0.07959633902902195,0.48084178771701286,0.26917646597742256,0.10483137941746805,0.05717264542212395,0.008340923998852964,4.045843809763829e-05
Piston,preprocess_Reading171.dat,0.8484247016789731,0.08231094505201704,0.06801331848571573,0.0012506593499958794,3.754332984489274e-07,0.07968308278005395,0.4795852229478425,0.2678798277881597,0.10172118958160893,0.06330114172287966,0.007743050388516874,8.648479093835682e-05
Piston,preprocess_Reading172.dat,0.8463934187146099,0.07950332239781277,0.07252308198317449,0.001579807657215687,3.6924718709691e-07,0.08217363739849878,0.4904738729880528,0.25648778106380365,0.09544072334781281,0.06609157801584215,0.00929186179217191,4.0545393817856044e-05
Piston,preprocess_Reading173.dat,0.8498813538797303,0.07933792680028567,0.06954120172109611,0.0012392251202736873,2.924786144855454e-07,0.06753184454195003,0.4310686866877403,0.30931067382539557,0.12012336848477774,0.06411209106284134,0.0078037793306786184,4.95560666164458e-05
Piston,preprocess_Reading174.dat,0.8693317334770311,0.06788093231461999,0.06164813745694164,0.0011388442607889139,3.524906181762613e-07,0.07235875614939564,0.48284069704820903,0.28083650787615194,0.10100396514459607,0.055699551060037114,0.0072254579401010354,3.5064781509180004e-05
Piston,preprocess_Reading175.dat,0.8561560682961104,0.06837587448735193,0.07394578228032846,0.0015218444673334552,4.3046887557869896e-07,0.0853651365020279,0.5368102887961079,0.21752733029659158,0.08749250654028386,0.06423922931953129,0.008508712994200989,5.6795551256468534e-05
Piston,preprocess_Reading176.dat,0.8691410240743803,0.06445839933405245,0.06513739811456193,0.0012628466508510649,3.318261540374636e-07,0.07541835147375936,0.5278838125847428,0.2395854534043386,0.09188632002822411,0.05787002759338913,0.007321377864809649,3.46570507363934e-05
Piston,preprocess_Reading177.dat,0.8798375849164037,0.06404554439010908,0.05479198248904613,0.001324419539846049,4.686645950954678e-07,0.0795012880291456,0.5390184350515531,0.231542584818933,0.09210128976982992,0.051005943234009136,0.006793926042151513,3.653305437763936e-05
Piston,preprocess_Reading178.dat,0.8700868719823427,0.06380193118076885,0.0646445075634724,0.0014662895640049326,3.997094110964441e-07,0.06945422590966194,0.5271252633795278,0.24896765358454243,0.08923663226056301,0.05681417412272777,0.008347773226323272,5.4277516653719924e-05
Piston,preprocess_Reading179.dat,0.8514539868413921,0.06941657189575136,0.07748384843235244,0.001645172331662188,4.2049884200864055e-07,0.07453769040978031,0.5004259696125662,0.24355342514347988,0.10273309759003563,0.06919447435358368,0.009501735941977502,5.3606948576888704e-05
Piston,preprocess_Reading18.dat,0.80802645507499,0.09791887459595472,0.09238790345788744,0.0016664405265385026,3.263446296431432e-07,0.05901574117172375,0.43904734336196005,0.2917121726337866,0.11890200351588175,0.08135514940659662,0.009920172330233741,4.7417579817439656e-05
Piston,preprocess_Reading180.dat,0.8513442314364373,0.06995085872998594,0.07721089747389724,0.0014936329760562768,3.79383623004156e-07,0.06682429258237638,0.4737280751907853,0.279746356732938,0.1016469408214167,0.06869244560830576,0.00932003917022194,4.184989395599132e-05
Piston,preprocess_Reading181.dat,0.8484323012991558,0.07755116892224148,0.07232967803513925,0.0016864359426358472,4.1580082769991485e-07,0.06511459564786982,0.4595729948965796,0.293412171070039,0.10694309833389058,0.06668874709848646,0.008213617351655367,5.4775601478992186e-05
Piston,preprocess_Reading182.dat,0.8516927727886142,0.06998136500878724,0.07690407553117012,0.0014214327469097329,3.539245188663796e-07,0.06375201873835588,0.4668615123523747,0.2846544086724379,0.10616820378870744,0.06947387638052704,0.009044075370280751,4.590469731614655e-05
Piston,preprocess_Reading183.dat,0.8602794770146047,0.06853886589709558,0.0696839389917933,0.0014973773589430572,3.4073756329301746e-07,0.07064129136292556,0.47225424329205107,0.2841796979443054,0.10174535326863124,0.06279244800644143,0.008285396183833912,0.00010156994181118002
Piston,preprocess_Reading184.dat,0.869978500357931,0.06534913232589788,0.06320465796473126,0.001467318033068318,3.9131837141567857e-07,0.06427179330834666,0.41505777246758185,0.3450440324187986,0.11133904168834562,0.056785295665581506,0.007465231647728302,3.683280361755424e-05
Piston,preprocess_Reading185.dat,0.8763735853306931,0.06267814639616552,0.05984082604852167,0.0011071262251307328,3.1599948904088556e-07,0.06029574796373226,0.4069754833401401,0.36128958565791786,0.1101024407799628,0.05452389673373803,0.0067812955810091155,3.154994349979109e-05
Piston,preprocess_Reading186.dat,0.8857702948731172,0.06334893419545898,0.049707370293170496,0.0011729157846838236,4.848535692285448e-07,0.05879564970665483,0.39784741565898474,0.38066503331373375,0.1105015778944514,0.046763532236432495,0.00539269440104326,3.4096788699346914e-05
Piston,preprocess_Reading187.dat,0.890042649512541,0.06438975430885507,0.0447254746857033,0.0008418385562860672,2.829366147003769e-07,0.05310235454985361,0.3709402717105998,0.41340062461755483,0.11335541566708081,0.043913992654261776,0.005261623754499591,2.5717046149507523e-05
Piston,preprocess_Reading188.dat,0.8824243650845794,0.06258871087166082,0.05399009645940677,0.0009965531623990255,2.7442195411410866e-07,0.04419115623206664,0.37700067761261274,0.40911952933614737,0.11356765441104805,0.05058315335032041,0.005512448411473793,2.538064633100374e-05
Piston,preprocess_Reading189.dat,0.8804157312727792,0.06742088106687766,0.0512086052685667,0.0009544927577407508,2.896340355424763e-07,0.04541623419068605,0.34265909612166096,0.44351216370295926,0.11496125372027462,0.04796557569756941,0.005461336927341254,2.4339639508427735e-05
Piston,preprocess_Reading19.dat,0.8214803351352612,0.08857713180919483,0.08833162738276223,0.001610522794478949,3.8287830280860193e-07,0.07833404163502244,0.477800151800661,0.24921146371243788,0.10265793190304673,0.08088785472923772,0.01105709323636812,5.1462983226299934e-05
Piston,preprocess_Reading190.dat,0.8793610442940754,0.06844552616105652,0.05122913213301333,0.0009640012263264923,2.961855282173121e-07,0.05218947852804736,0.39834866978130096,0.3868751522718444,0.1089823599093334,0.0481801398374502,0.005399949815808266,2.4249856215551382e-05
Piston,preprocess_Reading191.dat,0.8770897782119188,0.07231544243888573,0.04961913979840456,0.0009753089734398402,3.3057735094140767e-07,0.05105567984518426,0.36896732524091536,0.4106312536926647,0.11654183415886504,0.047819780470471245,0.004956637961408762,2.7488630490760795e-05
Piston,preprocess_Reading192.dat,0.8751698716544901,0.07430768204288529,0.049473570540246044,0.0010485031802681388,3.7258211029710337e-07,0.04558570963592882,0.37885981235349053,0.40460830421064825,0.11830251093297212,0.047267921856425164,0.005344961887224604,3.0779123310480206e-05
Piston,preprocess_Reading193.dat,0.8732619552379653,0.07258528067842948,0.052867653699547795,0.0012847716418550614,3.3874220233052906e-07,0.03870375238333309,0.3908640695089844,0.4131604717916157,0.10316175629262098,0.04806782398354273,0.006012308524159706,2.9817515743358752e-05
Piston,preprocess_Reading194.dat,0.8594409188508448,0.07428774018218734,0.0647575505243618,0.0015133882615530013,4.021810531392171e-07,0.03518374990475886,0.3367390497910706,0.4436305063693901,0.11895187337799519,0.05813376785123868,0.007327479033635118,3.357367191139236e-05
Piston,preprocess_Reading195.dat,0.880879035017444,0.06411415067603547,0.053548864041900845,0.0014575510946591452,3.9916996095545174e-07,0.05105624094838489,0.4497699183400632,0.34429246199847324,0.09858487008499123,0.04974119457437046,0.006517640278496594,3.767377522028689e-05
Piston,preprocess_Reading196.dat,0.8572914174945876,0.07519962977701751,0.06586146636322292,0.0016468348249865459,6.515401855745126e-07,0.06303276915763048,0.49121342827022063,0.27875739651095116,0.09835731195692753,0.06112268393913471,0.007477075115326352,3.933504980891553e-05
Piston,preprocess_Reading197.dat,0.8729214149663916,0.07229801505013614,0.053595033074218756,0.0011851175410510012,4.193682024601162e-07,0.057974178540951535,0.5110801535979799,0.2801778014541147,0.09551766582230652,0.04927545738054184,0.005944294066185082,3.0449137920456854e-05
Piston,preprocess_Reading198.dat,0.8534050489900491,0.08082198069981017,0.06436311912974527,0.0014091462478150805,7.049325804280463e-07,0.04676325167292717,0.5016380492057058,0.2823481516315054,0.10023441715801962,0.06116226781614136,0.0078118127418770784,4.204977382374981e-05
Piston,preprocess_Reading199.dat,0.8813756511964578,0.06706406844313775,0.050333093221241874,0.0012268694367486668,3.177024141201192e-07,0.053416182960703516,0.49319331759395846,0.30569380442276806,0.09368163567348958,0.04778114322237444,0.006203820707836419,3.0095418869570785e-05
Piston,preprocess_Reading2.dat,0.6772578046656911,0.12642239845437475,0.19458495996943373,0.0017345384397173995,2.9847078286677906e-07,0.04567641812019144,0.364968708419101,0.263942253055818,0.12652837433317823,0.17463846676051328,0.024168841662822977,7.693764837515313e-05
Piston,preprocess_Reading20.dat,0.8208293509455108,0.0908194517673016,0.08669050251665344,0.0016603303924455958,3.6437808863007894e-07,0.07663457118113905,0.4759391029216474,0.2523430176382214,0.1068871726383793,0.07710485348783466,0.011042753743900695,4.8528388877537804e-05
Piston,preprocess_Reading200.dat,0.8606061238207755,0.07931765005654128,0.05871204915600711,0.0013636643268585562,5.126398173392828e-07,0.04994336264327545,0.48386800915664513,0.30013986239988233,0.10366695981663866,0.05523253449446462,0.007097286460298882,5.1985028794992233e-05
Piston,preprocess_Reading201.dat,0.8618439207296955,0.07668859919495337,0.06019720767706931,0.0012698876358377528,3.8476244373581385e-07,0.04878362900940441,0.47188981376526207,0.3027005978407215,0.11198069509167333,0.05771092008827594,0.006897145106855816,3.719909780685417e-05
Piston,preprocess_Reading202.dat,0.8603883999672951,0.07939192039182374,0.058994523896157884,0.0012247173576304172,4.3838709303176457e-07,0.0524450654406977,0.5141350718546677,0.2688926028089671,0.10482668358658313,0.05290161342616725,0.0067593241276892885,3.963875522799816e-05
Piston,preprocess_Reading203.dat,0.8610193395143233,0.07380811957586701,0.06394730732623963,0.0012247592456039744,4.743379661649023e-07,0.054952859006201886,0.5051899174056906,0.27543551235212016,0.10016721535050388,0.05712145073327835,0.007091782186511291,4.1262965693907035e-05
Piston,preprocess_Reading204.dat,0.8745313235309089,0.07117006893090354,0.053154827903998704,0.0011434167225732588,3.629116154518512e-07,0.06547446026688299,0.5328126540381782,0.24467618835392063,0.09936908959344447,0.05146777680394456,0.006168493145365738,3.133779826327027e-05
Piston,preprocess_Reading205.dat,0.871219578794757,0.07066665814833574,0.05681896380468012,0.001294363892539669,4.3535968731341165e-07,0.0625500777084055,0.5241443505708955,0.25855284153956376,0.09553832301425466,0.05261896752693394,0.006566208020609863,2.9231619336766617e-05
Piston,preprocess_Reading206.dat,0.8678523583060727,0.07334103557969655,0.057592533668166905,0.0012136703398010846,4.021062628909466e-07,0.06538722561890166,0.5231229162934283,0.2529124038735901,0.09823714308624486,0.053676636777743696,0.006610096201857562,5.3578148233856804e-05
Piston,preprocess_Reading207.dat,0.8820373967527815,0.059511235438388384,0.057265923610933266,0.001185106765428095,3.374324690210229e-07,0.0683798908044235,0.5378586230924154,0.2471906563782262,0.08745975681888657,0.05274204194834252,0.006336349209318027,3.268174838771573e-05
Piston,preprocess_Reading208.dat,0.8793833325646727,0.06040201929797139,0.05902357629719809,0.0011906050413532947,4.667988044256419e-07,0.057450270811886646,0.5450323706187137,0.2521682730114,0.08493602335389334,0.05417603639266958,0.006207558318348507,2.9467493088489484e-05
Piston,preprocess_Reading209.dat,0.8774713135698553,0.06635723533065005,0.05508573024943404,0.0010854039419795252,3.1690808099944834e-07,0.052190996042144014,0.5349244208311486,0.26198593079936017,0.09339900319875401,0.05138458478357815,0.006087941133010644,2.712321200450663e-05
Piston,preprocess_Reading21.dat,0.8527759564151968,0.07807005515060232,0.0678625195436158,0.0012911236587183528,3.452318669120217e-07,0.09383065338098528,0.48420449513162833,0.2565730366115266,0.09703031869674186,0.06019209471347974,0.008102188897987203,6.721256765091559e-05
Piston,preprocess_Reading210.dat,0.8635794922351003,0.06403103651088214,0.07104184247466058,0.001347146722884812,4.820564717961103e-07,0.06547737385625962,0.5800634515100473,0.1977380504377269,0.0830419146457071,0.06591091511975047,0.007731988803621828,3.630562688685077e-05
Piston,preprocess_Reading211.dat,0.8582420936311091,0.07692204246294239,0.06365147864316117,0.001183888447460068,4.968153274154604e-07,0.06260718162051926,0.5516633915119461,0.22567220894402626,0.09273620858459114,0.060284747875332584,0.006998185047578436,3.8076416006084946e-05
Piston,preprocess_Reading212.dat,0.8475346426688357,0.08265561796966732,0.06856158318627015,0.0012477141762888707,4.419989377897725e-07,0.06302876202539372,0.513462000445034,0.25553333683968654,0.09874037110696768,0.06169801749614797,0.007496876559447349,4.06355273227026e-05
Piston,preprocess_Reading213.dat,0.8420138119389136,0.07145872318049737,0.08510962049011646,0.001417327863578054,5.165268943696067e-07,0.061815007499599915,0.5407958031403431,0.21628394900492248,0.09653175767238828,0.07578965287420183,0.0087477105829052,3.6119225639197645e-05
Piston,preprocess_Reading214.dat,0.8422556364035637,0.07247283364339124,0.08399055770796517,0.0012804546040836619,5.176409963205504e-07,0.07031187238281526,0.5663929170033386,0.19259648580160102,0.09078526754147061,0.0718704950228059,0.008010085133682185,3.2877114286280835e-05
Piston,preprocess_Reading215.dat,0.8562769627859229,0.06556367781262747,0.07683118279732142,0.0013277151368168874,4.6146731130996647e-07,0.06444803938474115,0.5603792994271268,0.21330481693699638,0.08438414110007993,0.06984905818360372,0.007601437480616631,3.320748683541481e-05
Piston,preprocess_Reading216.dat,0.8489653237476558,0.07127110826947457,0.07816623218007948,0.00159655909319092,7.767095992653909e-07,0.07391032607038396,0.5401087332298578,0.2143269662096328,0.0923395484661365,0.0707636318823144,0.008514562997711422,3.62311439631223e-05
Piston,preprocess_Reading217.dat,0.8486643862480724,0.06974162610290875,0.08037082700838123,0.0012227019897236074,4.5865091411668956e-07,0.06507697295864472,0.5760851259842307,0.1904348102461375,0.0884393195740666,0.0719498966823691,0.007974566728078104,3.9307826473320027e-05
Piston,preprocess_Reading218.dat,0.8461687689707718,0.06593956729887976,0.08657503461378198,0.0013160949502334367,5.341663331999632e-07,0.07198432335596593,0.5868035239529921,0.17651319771013976,0.07951964624468477,0.07644140767759272,0.008695820744505818,4.2080314118966525e-05
Piston,preprocess_Reading219.dat,0.8415204040843395,0.0697275511089799,0.08748444885797187,0.0012671423628405263,4.535858682260396e-07,0.06669763016122619,0.5881879606408965,0.16915211035535843,0.09124071652575877,0.07605456727304993,0.008633544681765646,3.347036194461166e-05
Piston,preprocess_Reading22.dat,0.8612400773043652,0.07393864445548841,0.06356406296874799,0.001256846712531328,3.685588669348288e-07,0.0866633039704954,0.5213528744884296,0.2356279405850568,0.09014579921957674,0.058418434658601186,0.007738104489609267,5.354258823098229e-05
Piston,preprocess_Reading220.dat,0.8547631305185003,0.0698389999029966,0.07398209540978548,0.0014149880220456713,7.861466717928624e-07,0.0698381335227212,0.5687494543622639,0.19689640864699984,0.08786820170948294,0.06843700452162409,0.008175292291276707,3.5504945631469055e-05
Piston,preprocess_Reading221.dat,0.851745224539371,0.06833079398509993,0.07845746151979034,0.0014660908022191548,4.2915351963750157e-07,0.0744338880575103,0.5316276755059465,0.22104444833861422,0.0924721952276756,0.07159948866187912,0.008788049964631178,3.425424374317533e-05
Piston,preprocess_Reading222.dat,0.8343408423308984,0.06672799694721784,0.09758414205586392,0.001346440355405338,5.783106143937202e-07,0.0693087206391916,0.5229336720869273,0.21924791636066102,0.09487615611140582,0.08363438243018835,0.009954892644255621,4.425972737016557e-05
Piston,preprocess_Reading223.dat,0.8455258052011796,0.07184614736695999,0.0812247165567845,0.0014028477870809783,4.830879949847474e-07,0.05981016797806359,0.5638616850559707,0.20439608524822556,0.09115561449108975,0.07248776104018283,0.008256722902336673,3.1963284130923635e-05
Piston,preprocess_Reading224.dat,0.8587990233202825,0.05791343500476362,0.08186983674645529,0.0014173145446299063,3.9038386857733896e-07,0.05785471678995026,0.6087693617974426,0.17903293354594377,0.07330351733035702,0.07166451333629797,0.0093405200111535,3.443718885494082e-05
Piston,preprocess_Reading225.dat,0.8372892535579399,0.08897384895739403,0.07216313397594162,0.0015729466069278118,8.169017966297762e-07,0.05892430246500015,0.49485362449838993,0.2584068160318366,0.11038486986580562,0.06986071099383354,0.007527224080778811,4.2452064355538286e-05
Piston,preprocess_Reading23.dat,0.8427835138580444,0.07386196062610752,0.0817313733093316,0.0016227513691103794,4.008374059738401e-07,0.0802966443529023,0.546300150090365,0.20677758372151808,0.08523886867543348,0.07036210143077751,0.010973074940258795,5.157678874458577e-05
Piston,preprocess_Reading24.dat,0.8567742996739922,0.06818468273197545,0.07373972570144867,0.0013009693150763365,3.2257750724924736e-07,0.08900347095805705,0.5501024177103585,0.20186817842533322,0.08535359295087498,0.06459049053891945,0.009038891693699336,4.2957722757344136e-05
Piston,preprocess_Reading25.dat,0.8612032059541479,0.07211349130669079,0.06536720049970585,0.001315607666970987,4.945724843416494e-07,0.08128422341165294,0.5431425071781202,0.2209922740955051,0.08672024405083072,0.05905181917901679,0.00876305937377642,4.587271109792611e-05
Piston,preprocess_Reading26.dat,0.8743442044682136,0.062480271310898124,0.0618502569570476,0.0013249298274295386,3.374364112461879e-07,0.08938154147749061,0.5619419719737521,0.20562610900255396,0.08048777742559171,0.054538455652309234,0.007981546898825688,4.259756947691901e-05
Piston,preprocess_Reading27.dat,0.8658617356216077,0.07289668010657116,0.06012176750252599,0.0011195708831233774,2.458861718462677e-07,0.07246792870359235,0.4988418250407211,0.26007082139207893,0.10571038831182446,0.05549474461206569,0.007376220296287661,3.8071643429685876e-05
Piston,preprocess_Reading28.dat,0.8783648250273669,0.06244384729134622,0.05807653577826829,0.001114489459344708,3.0244367386973426e-07,0.0798527736696013,0.5276642978024637,0.2419565284057252,0.08978840737295832,0.05373106805163107,0.0069750712396041345,3.185345801645613e-05
Piston,preprocess_Reading29.dat,0.8900600052615322,0.06028204971052421,0.048566065906333236,0.0010914493348117042,4.2978679879816626e-07,0.07650077771028559,0.5663416586992421,0.21928192552592535,0.08538581309032069,0.04605675276773965,0.006374706711188965,5.8365495297707044e-05
Piston,preprocess_Reading3.dat,0.6933957604571889,0.13197925738642893,0.17294992511820817,0.0016746257540622093,4.3128411180546715e-07,0.048483961637350734,0.3729454327648403,0.2628169676202196,0.13229339734773668,0.16295129879249226,0.02044428374101822,6.465809634212317e-05
Piston,preprocess_Reading30.dat,0.8548570693226522,0.07539363622570171,0.06850682632589146,0.0012421629271507735,3.0519860366748295e-07,0.06743551639757553,0.42378074257127774,0.3255528310410744,0.11362801801262741,0.06165698713984925,0.007908603166789277,3.730167080629359e-05
Piston,preprocess_Reading31.dat,0.8561968348566673,0.08150161584508747,0.06106124404318768,0.0012400210544517393,2.842006059284921e-07,0.07000445315628594,0.4513806887826682,0.2952542281462418,0.11700905431727748,0.05874302613188442,0.007573729168210591,3.4820297431719284e-05
Piston,preprocess_Reading32.dat,0.8738282277816377,0.06798147115732744,0.056976904161386,0.001213094619107581,3.022805413032152e-07,0.07494647540415017,0.5061664821192303,0.26460869163413786,0.09447561098436542,0.05352545266363425,0.006241565652142372,3.572154233965166e-05
Piston,preprocess_Reading33.dat,0.8714813186870684,0.06205228060896833,0.0651825316745174,0.001283560048950461,3.089804954913455e-07,0.0915392509980782,0.583230055157271,0.17773669338080672,0.08220962621986162,0.05715596889101487,0.008088421402067395,3.9983950900282716e-05
Piston,preprocess_Reading34.dat,0.8742277723653902,0.06498114924133015,0.05966551395711833,0.001125290326475707,2.741096854378505e-07,0.07440861345449588,0.5569959424370855,0.22308963156721318,0.08391655664020883,0.05356230000114507,0.007988522755016492,3.843314483491193e-05
Piston,preprocess_Reading35.dat,0.8659305692689222,0.06292669987239156,0.07006481277226248,0.0010775578855148193,3.6020090896309453e-07,0.07508038754106343,0.5271145919431112,0.24081785187479898,0.08765268320737081,0.06218968379772436,0.0071093927157511744,3.5408920180053055e-05
Piston,preprocess_Reading36.dat,0.8727038272797025,0.06109541167392417,0.06508436887191953,0.0011160353528647969,3.5682158903509055e-07,0.07134116370162115,0.4948690770686728,0.27087384603016057,0.09878560298919917,0.05643732013293084,0.00765308402764791,3.990604976757464e-05
Piston,preprocess_Reading37.dat,0.881152811267569,0.0636278362917718,0.05418567315396442,0.0010333354501916366,3.438365033029862e-07,0.056368300740915686,0.43962530027531516,0.3479253265699073,0.10150531596216615,0.04828087888926527,0.006262591606105258,3.22859563252073e-05
Piston,preprocess_Reading38.dat,0.8684666388544525,0.07414635332265028,0.05608314096846132,0.001303240485844036,6.263685919969721e-07,0.06962979779474582,0.5122312737532797,0.2572115161602967,0.100494172248567,0.053403116343974336,0.006994200101007043,3.592359812940155e-05
Piston,preprocess_Reading39.dat,0.876652396535094,0.06182451620160291,0.060174103795620604,0.0013486762430703267,3.072246122654806e-07,0.06908352403723976,0.5413775108238527,0.2415155088978632,0.08757006507610557,0.052932656746666626,0.007479596472744434,4.1137945527685596e-05
Piston,preprocess_Reading4.dat,0.7173169754392096,0.12378824059467547,0.15724664120359694,0.0016477354207541442,4.0734176381104007e-07,0.04961518377033385,0.39154792053926435,0.27314638948471,0.12608430606953272,0.14180329957600582,0.01773426302264394,6.863753750934763e-05
Piston,preprocess_Reading40.dat,0.8683117140504095,0.06026648608212758,0.0701965785821397,0.0012248586392745616,3.626460486856218e-07,0.06592365729749983,0.47893146934910735,0.2882219533799882,0.09755770298874705,0.06204798606294362,0.007283443810761883,3.378711095195564e-05
Piston,preprocess_Reading41.dat,0.8742662444321948,0.07086448128339114,0.05382475294616754,0.0010442304360245794,2.9090222192532897e-07,0.06521129667684157,0.47519261039479227,0.3043129327026985,0.09893723101754899,0.05009154284897081,0.006224019791046637,3.0366568101273828e-05
Piston,preprocess_Reading42.dat,0.8697088265136558,0.06863069163541904,0.060538354979830025,0.0011217691008311476,3.577702639712934e-07,0.06448419324546249,0.48286244715580984,0.2920095407857284,0.10050976433916509,0.05394481492252436,0.006152792712424749,3.644683888507888e-05
Piston,preprocess_Reading43.dat,0.863657895922092,0.07083152242320723,0.06423808961972205,0.0012720236612971756,4.683736815231732e-07,0.0786592783478971,0.5121313811917874,0.24413387135328068,0.09955506934560185,0.05791313927547435,0.007559037481234659,4.822300472402873e-05
Piston,preprocess_Reading44.dat,0.8852124418753519,0.05958817067626138,0.05415458172189831,0.00104451409346638,2.9163302197994705e-07,0.06515062331165324,0.559744193811744,0.23451336766772735,0.08561960487746163,0.048254927687127955,0.006649466306339702,6.781633794606457e-05
Piston,preprocess_Reading45.dat,0.8652849552685278,0.07229603286562361,0.06102623038684141,0.001392237390939145,5.440880680402648e-07,0.05658939983422792,0.47096642166772806,0.31098304731468446,0.09972854916318621,0.054639893088222,0.007058529980102599,3.4158951848762455e-05
Piston,preprocess_Reading46.dat,0.8744068987365938,0.0638631617865548,0.060521088214228295,0.001208285850994812,5.654116280104824e-07,0.0680022522456672,0.5436397945252539,0.23707920474733463,0.09038613163428978,0.05388421374512631,0.006970906721397189,3.7496380931206265e-05
Piston,preprocess_Reading47.dat,0.8568965164883352,0.07107368776596557,0.07079537374256029,0.0012339430883118096,4.789148271116921e-07,0.06936612036915978,0.5087399081056276,0.2506176836199921,0.09898420872249128,0.06408277117256186,0.00816925844635204,4.0049563815456144e-05
Piston,preprocess_Reading48.dat,0.8823978976781455,0.056912993475562265,0.05938202930365685,0.001306600314315075,4.792283202701757e-07,0.06369555490152663,0.537804718787239,0.25284413320264637,0.0866026116263471,0.05209152609376721,0.0069246478072730365,3.68075812005417e-05
Piston,preprocess_Reading49.dat,0.8798035840653038,0.06713559022039181,0.05186390871075459,0.0011964243037947016,4.926997550982605e-07,0.06423931538551801,0.4859907928384402,0.294219906898863,0.10143208584780412,0.048125789844598234,0.005964611758190132,2.7497426586305906e-05
Piston,preprocess_Reading5.dat,0.7773780391961055,0.09758790956109493,0.12367880834807174,0.0013548585208540275,3.843738736084564e-07,0.05230307100710706,0.44505847931936704,0.26843711190593517,0.1070333193051874,0.11300693081975338,0.014105244598361353,5.584304428849382e-05
Piston,preprocess_Reading50.dat,0.8759007968440313,0.0672955930157436,0.05571581374927871,0.0010874445982339488,3.5179271246556286e-07,0.05372860439666859,0.46161413470674795,0.3245823870988608,0.1026331187298359,0.051217752964077816,0.006193334568625265,3.0667535183428664e-05
Piston,preprocess_Reading51.dat,0.8697008173304629,0.07073984257639958,0.05854539873715625,0.0010136189983030043,3.223576781668282e-07,0.04966691519608435,0.4089364532612802,0.36657066344815176,0.1165051525244642,0.052423384467854287,0.005856192360580159,4.123874158494239e-05
Piston,preprocess_Reading52.dat,0.8728779601913266,0.07357772682566907,0.05205786827216656,0.0014855631289117078,8.81581926271419e-07,0.05693011829783775,0.4567740326648791,0.3253728962426779,0.10411817261624198,0.04997966278391966,0.006759616604672122,6.550078977159333e-05
Piston,preprocess_Reading53.dat,0.8851045175680108,0.0549731180584432,0.058666697813616116,0.0012553302791905403,3.362807394176533e-07,0.05719297585619196,0.5118583648637439,0.28640436467361247,0.08504599445983525,0.05331130144482291,0.006159757710798002,2.724099099553663e-05
Piston,preprocess_Reading54.dat,0.8892722725991135,0.06254597043157538,0.047198324299975905,0.000983158318849821,2.74350485582996e-07,0.0562341942982328,0.5105089423144014,0.29020474982692535,0.09475420645537116,0.04289644796495347,0.005378406177679291,2.3052962436677892e-05
Piston,preprocess_Reading55.dat,0.8737713926656442,0.0694172163739622,0.055869770901082694,0.0009413057063920974,3.1435291886780934e-07,0.051887091302033464,0.5028127122925786,0.2910743898750389,0.09518299273202853,0.053313617182792226,0.005705109619136185,2.4086996392030823e-05
Piston,preprocess_Reading56.dat,0.8638078457400626,0.06999061574514276,0.06501259926369278,0.0011885114719247846,4.277791769931259e-07,0.05208224045415064,0.4899430071485353,0.3023438936007837,0.08853595585699407,0.06017074598550554,0.006893957604846812,3.019934918407625e-05
Piston,preprocess_Reading57.dat,0.8667705216888091,0.0814760834780701,0.05080482562313625,0.0009480361293900272,5.330805945903903e-07,0.052334160366065266,0.432097061172285,0.3533632383633957,0.10264447485185466,0.05364059842042254,0.005894931857590774,2.5534968385919925e-05
Piston,preprocess_Reading58.dat,0.8514899126342925,0.09015066173124267,0.057342605301189495,0.0010164373600156122,3.8297325963951656e-07,0.04679489875426594,0.4304882904627237,0.34406164959307134,0.11753272841727487,0.05495613709613378,0.006137043589782626,2.9252086747966304e-05
Piston,preprocess_Reading59.dat,0.8693348157871277,0.06500576036416832,0.06466798662311204,0.0009910961316404625,3.410939514946432e-07,0.061930483783180654,0.48014200012356334,0.3055847794893412,0.08882904435552745,0.05749289221452001,0.005991689371974657,2.9110661892430873e-05
Piston,preprocess_Reading6.dat,0.7885796501642995,0.09584201751193254,0.11422889371975162,0.0013490942615349704,3.443424812922349e-07,0.04208092422715706,0.43356120605589965,0.30331654719370466,0.10537835632089072,0.10389718819742554,0.011713346903177643,5.2431101744926354e-05
Piston,preprocess_Reading60.dat,0.8764826209693471,0.06625633492841128,0.056267237459607974,0.0009934370413669086,3.696012664218089e-07,0.05607166253711724,0.5050505771239459,0.2906988201636374,0.08957702726796173,0.0525900316867701,0.0059861696177342045,2.571160283363245e-05
Piston,preprocess_Reading61.dat,0.8723831232594995,0.06545703481142791,0.06124792229982715,0.0009115490729835281,3.705562618623782e-07,0.05710778699348722,0.4988386814958231,0.28509506859295697,0.09549061940786167,0.057661937163422876,0.005772747260652179,3.315908579592579e-05
Piston,preprocess_Reading62.dat,0.8731893291660454,0.06310495116785743,0.06266207342168562,0.001043235476830362,4.1076758132202936e-07,0.05498061961918855,0.5032719180842439,0.2881170020827221,0.09180627991022342,0.05475595358100616,0.006987779180799503,8.044754181626615e-05
Piston,preprocess_Reading63.dat,0.850870692023252,0.0777245196644417,0.07037910826317142,0.001025408412691444,2.716364433508146e-07,0.06034850143211359,0.4746283361553788,0.29612007242635663,0.09493252358226134,0.06718163256871726,0.006749903782574545,3.9030052598006866e-05
Piston,preprocess_Reading64.dat,0.878157785929402,0.06270275804066405,0.05813494251005271,0.0010041751109403925,3.384089409002659e-07,0.07411433466396332,0.5675484962238289,0.2145058722338646,0.08356078423597174,0.054302713838945846,0.005927891227061143,3.99075763644155e-05
Piston,preprocess_Reading65.dat,0.8647475389898924,0.06951532285741817,0.06476897680667001,0.0009678228311790003,3.3851484032329756e-07,0.0676654072048375,0.5131109524913925,0.2657923594033215,0.0894841663575083,0.05784143081379806,0.006078908310249831,2.6775418892268956e-05
Piston,preprocess_Reading66.dat,0.8504393403153913,0.08138109624740487,0.06709371663414847,0.001085486178366545,3.606246887910847e-07,0.06611716919569542,0.4991846814497255,0.26573406795220816,0.09859214386445551,0.06412486357048554,0.006219007254685299,2.8066712744446903e-05
Piston,preprocess_Reading67.dat,0.8598839093261088,0.07405404517159607,0.06489492029847482,0.0011667481566528558,3.7704716744639303e-07,0.06575797631976153,0.5149077787446074,0.25890763534907574,0.09137553744553029,0.062337690323177784,0.006680237957752255,3.314386009518045e-05
Piston,preprocess_Reading68.dat,0.8657870112590695,0.06748441399022502,0.06567124156243798,0.0010570449486908486,2.8823957631967134e-07,0.06193036633261791,0.5084032415856079,0.279053541913626,0.08231566777204997,0.06196481833620707,0.006254414817942491,7.794924194854783e-05
Piston,preprocess_Reading69.dat,0.8622252795458148,0.07028922951857482,0.06634488130969461,0.0011401646878042985,4.44938111542838e-07,0.06457180961945432,0.536410797918394,0.2378520621691195,0.09207314306935326,0.062120800560402915,0.006936416404426906,3.497025884899873e-05
Piston,preprocess_Reading7.dat,0.7783918105084008,0.10371882216569225,0.116552853998094,0.0013361565555574338,3.567722553403482e-07,0.04250444125023542,0.43848323449686694,0.28439727007695564,0.11254314335209971,0.11032568984880774,0.011693525361012326,5.269561402211761e-05
Piston,preprocess_Reading70.dat,0.8581324621338332,0.06941195545472761,0.07116767621749956,0.0012875035397444253,4.026541952676783e-07,0.06591938656702281,0.5394770058671743,0.2373083543450739,0.08503444421963674,0.06497172271094906,0.007258190128803161,3.089616134014146e-05
Piston,preprocess_Reading71.dat,0.8539332800505045,0.07227435962611584,0.07263456644098551,0.0011573844511939884,4.0943120018684334e-07,0.06411547296684005,0.5691094820073914,0.2019506010874602,0.0914845368201256,0.06622791659139657,0.0070812825413749106,3.070798541139974e-05
Piston,preprocess_Reading72.dat,0.8570149155134265,0.07012923936550705,0.07170569952122505,0.0011497361813075809,4.0941853410390797e-07,0.07264697762430133,0.5373502961174167,0.21651528646670157,0.10020408442499418,0.06575864225950591,0.0074919872813373894,3.2725825742929155e-05
Piston,preprocess_Reading73.dat,0.8352419755702174,0.07646267717565734,0.08705004531870579,0.0012448477676674106,4.5416775194400926e-07,0.07561106655514596,0.5597714860713775,0.17802528228303538,0.10047006859253796,0.07760239335333138,0.008469367016949676,5.0336127622253376e-05
Piston,preprocess_Reading74.dat,0.8370864003496891,0.08041708736349414,0.08111083795125802,0.0013852364472120358,4.3788834671649045e-07,0.07412866214212677,0.5510640241214823,0.19862215034745734,0.09440277811120641,0.07389940949421339,0.007852492784947098,3.0482998566694824e-05
Piston,preprocess_Reading75.dat,0.8271356568541857,0.07982762408981386,0.09109370242295134,0.0019422915279509966,7.251050981812043e-07,0.06869247239594968,0.5197014624216703,0.2180977906955423,0.09838051966757402,0.08435310563026063,0.01073255917267818,4.2090016325022895e-05
Piston,preprocess_Reading76.dat,0.617688513962266,0.1483976284346959,0.2318434418230067,0.0020700528824572767,3.6289757432069344e-07,0.04295744555994557,0.33532291711978307,0.23180759798750433,0.14242170115630254,0.21528690072828238,0.032097108867236344,0.00010632858094571084
Piston,preprocess_Reading77.dat,0.697021185739082,0.12485714427214914,0.17647724308719326,0.0016440568984373216,3.7000313835131656e-07,0.05852259447493384,0.37190782484175183,0.25776049196115736,0.12466207855951325,0.16331272174363182,0.023755940392907862,7.834802610424618e-05
Piston,preprocess_Reading78.dat,0.7276225910756171,0.11695246925371175,0.1537285066151278,0.001695989971308407,4.430842350206591e-07,0.05027480700563705,0.3929364096120322,0.2780933062441774,0.11798262024370651,0.14154988782289293,0.019089587657921805,7.338141363193809e-05
Piston,preprocess_Reading79.dat,0.6978795411537723,0.1263325712021366,0.1740681020430219,0.0017194133313476797,3.7226972143482847e-07,0.04633399259002367,0.4064456027210189,0.24213738151873035,0.12699194982862258,0.1593332260575816,0.01869168393613521,6.616334788775567e-05
Piston,preprocess_Reading8.dat,0.7784590704630403,0.0997624000040234,0.12011564708245583,0.0016624375069889212,4.449434915693913e-07,0.04444654725172758,0.42624627421216627,0.29593035392903794,0.11149281767813973,0.10923358881457322,0.012589122725012395,6.129538934268854e-05
Piston,preprocess_Reading80.dat,0.7271620781538768,0.12983413109292127,0.14131738883964404,0.0016859656139622539,4.3629959546840617e-07,0.04732224905971342,0.4188826686688115,0.2568012293620671,0.13109245163158534,0.13127446996352413,0.014570226429084832,5.670488521352692e-05
Piston,preprocess_Reading81.dat,0.7569337561869288,0.11827729464093739,0.1229827615348581,0.001805780639999016,4.0699727657395693e-07,0.05900260667607878,0.42762256517148584,0.26038553802685743,0.1254742554435462,0.11581475328069628,0.01164762158061413,5.265982072151862e-05
Piston,preprocess_Reading82.dat,0.7853914238027034,0.09970804718952754,0.1132367587012266,0.0016633602328047078,4.100737377849074e-07,0.048268717383308325,0.4221209004806063,0.28956314213769585,0.12119081380278267,0.10662844606525368,0.012178513146228686,4.946698412431217e-05
Piston,preprocess_Reading83.dat,0.8048337609934627,0.10022146859434279,0.09324073889505648,0.0017034531610785675,5.78356059576531e-07,0.06912122220663412,0.44097432129910885,0.2667714443614236,0.12477340720417356,0.0874994366523235,0.010808132676467597,5.203559986896023e-05
Piston,preprocess_Reading84.dat,0.7958923128336226,0.1091760202337378,0.09356094604872514,0.00137037210257395,3.4878134048406834e-07,0.057793723936739566,0.4634937471604703,0.2627437471098803,0.12254252297650875,0.0845005765561949,0.008877173220806063,4.8509039400234546e-05
Piston,preprocess_Reading85.dat,0.7878659675496776,0.10843455899850558,0.10173090449846757,0.0019681855295339617,3.8342381538328145e-07,0.06945410239050619,0.46051575046382254,0.23758359357787887,0.12911782931150526,0.09263090777801071,0.010648886532458272,4.8929945818189406e-05
Piston,preprocess_Reading86.dat,0.7858838862046449,0.11649145135255293,0.09575598016791255,0.0018682553350914467,4.2693979841193387e-07,0.06315564990659636,0.44700220385051226,0.26199668085526123,0.12978090347110216,0.08818362496295032,0.009826279991949096,5.465696162861477e-05
Piston,preprocess_Reading87.dat,0.8100559663410853,0.10432887639886726,0.08369974368377386,0.0019149872425028025,4.263337707955226e-07,0.06888409804900072,0.45453773481767,0.2590962083540386,0.12821192816393795,0.07927969550370309,0.009940597396229697,4.9737715420001684e-05
Piston,preprocess_Reading88.dat,0.8280758954483721,0.08936648993227131,0.08102746746738514,0.0015298443751315715,3.027768398065423e-07,0.0653696261370257,0.41376145214726423,0.3178770299909563,0.12082454029189928,0.0734373657459703,0.00866890482504627,6.108086183784576e-05
Piston,preprocess_Reading89.dat,0.7926614477433309,0.11419106129134911,0.09137449723184081,0.0017726473877999196,3.463456792371861e-07,0.05932189227709359,0.38472226962747363,0.31725517494451483,0.14403055206924564,0.08495633468758412,0.009665810756028612,4.7965638059676e-05
Piston,preprocess_Reading9.dat,0.7666259932636339,0.1039838824293354,0.1277820200138968,0.0016076914092775878,4.1288385635373556e-07,0.04759471330938864,0.41026813746849067,0.2957476480451181,0.11831525547617228,0.11463924604148575,0.013368231052946166,6.676860639836584e-05
Piston,preprocess_Reading90.dat,0.8203021839544472,0.10344314710224928,0.07486389587316444,0.0013905168588485713,2.562112904604467e-07,0.06757190306297711,0.42500616425560855,0.3075063524195139,0.12226847740119974,0.06924308407461513,0.00836529042141325,3.8728364672346186e-05
Piston,preprocess_Reading91.dat,0.8236832607690296,0.09753462164839986,0.07723582865739886,0.0015459549062245912,3.3401894700853017e-07,0.07736785098869903,0.43547371201927043,0.28360299829575875,0.12153246994968896,0.07321678820411538,0.008715368443090678,9.081209937684426e-05
Piston,preprocess_Reading92.dat,0.8315606026853951,0.09258490235931371,0.07444129788966486,0.0014128836929258274,3.1337270055090415e-07,0.07068330333271328,0.44946694076191085,0.2890046692947623,0.11505097132850951,0.06759877142717145,0.00814223979107567,5.310406385672881e-05
Piston,preprocess_Reading93.dat,0.8299210742752825,0.09134225011246348,0.07723343657548493,0.0015029030016978453,3.3603507105959814e-07,0.07516373160981416,0.4710300031012292,0.2649564607352026,0.11011677925161764,0.07039397640208679,0.00829940504154835,3.964385850132161e-05
Piston,preprocess_Reading94.dat,0.824125993958171,0.09050590794933577,0.0838098121186909,0.0015578945669364617,3.9140686593285845e-07,0.07063870932721407,0.4444401662604756,0.2876287394965287,0.11536389905589006,0.07316683521107412,0.008709222903508198,5.242774530926118e-05
Piston,preprocess_Reading95.dat,0.8472667062061373,0.0823313788668499,0.06879718759616851,0.0016044468207053256,2.8051013886931e-07,0.0821830270048194,0.45624605460860634,0.28868456885487964,0.10322572145014922,0.062071135656800114,0.007553490428058032,3.60019966872427e-05
Piston,preprocess_Reading96.dat,0.8427393491184013,0.08560669705602562,0.07024831777616204,0.0014051826995629237,4.5334984824915696e-07,0.08160349507709068,0.46414391579846986,0.2832154262912231,0.1019123924344132,0.06101990700552231,0.008023450139701028,8.14132535796748e-05
Piston,preprocess_Reading97.dat,0.8567084050155125,0.07830842979473641,0.0637139146552422,0.0012689601600276367,2.903744812939562e-07,0.0850295377124789,0.488930660063614,0.25528672950073633,0.10285376524644241,0.060646947096846406,0.0072142426414567385,3.811773842504329e-05
Piston,preprocess_Reading98.dat,0.8607964919094097,0.07776638491805382,0.06014447345920978,0.0012923693652074444,2.8034811951256796e-07,0.08855791030682425,0.5278694604667222,0.22496590692315532,0.0973301141944123,0.054327107576049714,0.0069116407104620435,3.7859822374215964e-05
Piston,preprocess_Reading99.dat,0.8533296599566654,0.08157788760522201,0.06390297526827483,0.0011889683909971599,5.08778840789713e-07,0.06928714432191833,0.4816612392945632,0.2694053301637953,0.11465551353137576,0.05862987041487977,0.006325324527802645,3.557774566482806e-05
Riderbelt,preprocess_Reading1.dat,0.4545167538585372,0.23038586103216746,0.3123575158152659,0.002739403675231407,4.6561879799538583e-07,0.019931916405005797,0.17962694434058304,0.2514418803045673,0.2504096542728948,0.26939018148998256,0.029104660058336628,9.476312862989664e-05
Riderbelt,preprocess_Reading10.dat,0.5535914269939641,0.22095717572227905,0.22271933198360996,0.002731530483207176,5.348169397599325e-07,0.02447698250681872,0.22472738752310514,0.2922784084322774,0.23661091957605232,0.20592502078375954,0.01591514683694224,6.61343410444401e-05
Riderbelt,preprocess_Reading100.dat,0.630790402725269,0.18364259121739404,0.18235595374656952,0.0032106468891838886,4.0542158351278343e-07,0.0394586581353068,0.27523689360173664,0.28979682469715845,0.20308312163344916,0.17642022031209972,0.015939397301451025,6.48843187982877e-05
Riderbelt,preprocess_Reading101.dat,0.667413650711653,0.16969667256995877,0.1600591232200266,0.0028300972414751877,4.562568865095139e-07,0.04265859503453528,0.3115919282692179,0.27656008491052736,0.19665994077843463,0.1581759893243338,0.014293128535169319,6.033314778174862e-05
Riderbelt,preprocess_Reading102.dat,0.6478692202725701,0.1780099340238983,0.17079695029961872,0.0033234486942253956,4.467096874940275e-07,0.0373964952103678,0.26628924529100034,0.3152806812605163,0.2089208476399809,0.15653923749908585,0.015514565545036848,5.892755401194312e-05
Riderbelt,preprocess_Reading103.dat,0.6557422576370214,0.17014026858417608,0.17143284591023408,0.0026842444089698295,3.834595985312694e-07,0.055783936223149276,0.3061477742250378,0.2776250061508231,0.19335241331841213,0.15167602511922312,0.015353328460806448,6.151650254816339e-05
Riderbelt,preprocess_Reading104.dat,0.663761056293138,0.17899188779021094,0.15457840937757958,0.0026681906673309544,4.558717404817086e-07,0.035461057099091337,0.25264923537950557,0.35208574947640886,0.20156138109904562,0.14212316779243162,0.016057203501212446,6.220565230460653e-05
Riderbelt,preprocess_Reading105.dat,0.6857906806143661,0.1694728194659452,0.14245990396068314,0.0022762460295084846,3.499294970555035e-07,0.04341710781238743,0.31228646046094977,0.2965057965362383,0.19530904550500042,0.13744199703824572,0.014972087474015346,6.750517316296075e-05
Riderbelt,preprocess_Reading106.dat,0.6979499351469236,0.1565343640434543,0.14268294163836584,0.002832303419152633,4.557521036916812e-07,0.045202000191799034,0.3174445620534783,0.298334215310651,0.17977011395358103,0.14301296607667183,0.0161776392818371,5.8503131981668764e-05
Riderbelt,preprocess_Reading107.dat,0.6561925481932893,0.170168051148426,0.17093874846570672,0.0027003494604684822,3.027321095803509e-07,0.042622138697618446,0.27418505506984747,0.30996401282882396,0.1904635669962163,0.16683816795765613,0.015866165621655905,6.089282818181692e-05
Riderbelt,preprocess_Reading108.dat,0.6725791286582073,0.17405374929264744,0.15085654911333646,0.0025102711990244784,3.017367844695916e-07,0.034767023999744344,0.27391520446820855,0.3226812627912795,0.2072801453160796,0.14752138367757361,0.01377851538147779,5.646436563652149e-05
Riderbelt,preprocess_Reading109.dat,0.6622278621642828,0.173301128539636,0.16197873754016803,0.0024920100799599807,2.6167595313264545e-07,0.04030451224499566,0.26425510159175963,0.32916899780479975,0.2054945072800826,0.14525421198970104,0.015461829101353533,6.0839987307713786e-05
Riderbelt,preprocess_Reading11.dat,0.5798953440340805,0.21694322928867493,0.20032589076826784,0.002835042309633862,4.935993429025949e-07,0.02605674885500487,0.23886754664417834,0.3066658772976567,0.2372935295656238,0.17480588829326058,0.016246650390400325,6.375895387554697e-05
Riderbelt,preprocess_Reading110.dat,0.6956842517028352,0.16044504756386826,0.14139569265651952,0.0024744131740286664,5.949027480648015e-07,0.038888086997556866,0.2991989152373873,0.3287769626794476,0.18570552447337801,0.13371932938075518,0.013659751344207329,5.14298872676371e-05
Riderbelt,preprocess_Reading111.dat,0.6712217897621385,0.1657669686680876,0.16038752877505724,0.002623263952528384,4.4884218842742774e-07,0.03710046842164546,0.28767126396081805,0.3126028736165601,0.18887092883535644,0.15854925964925448,0.015138970906299907,6.623461006558938e-05
Riderbelt,preprocess_Reading112.dat,0.6725237737185543,0.17123974066873623,0.1534770815399071,0.0027590739461621216,3.30126640109874e-07,0.04949169405535258,0.2923289783484148,0.30524538941836565,0.1893283651499719,0.1482420631184497,0.015308275028832074,5.523488061337851e-05
Riderbelt,preprocess_Reading113.dat,0.6964544529870471,0.15610448637462027,0.14493899586931697,0.0025017615161842892,3.0325283152693726e-07,0.04326284035051989,0.3086586226389165,0.29643419099557594,0.18618181095905859,0.1504111033908278,0.014997989866391616,5.3441798709598784e-05
Riderbelt,preprocess_Reading114.dat,0.6765183203552345,0.16408019673803734,0.15706126643577675,0.0023399416641307113,2.7480682086550405e-07,0.040132961624248675,0.2709872704974428,0.330420957396102,0.19234903708792617,0.15097192360899608,0.015084647290927986,5.320249435622764e-05
Riderbelt,preprocess_Reading115.dat,0.681695904870606,0.16132130674887774,0.15437956959842633,0.0026029549181499716,2.6386393986075195e-07,0.04239415740998795,0.28154482183148366,0.3210248185096335,0.20500369921464817,0.13396003686596175,0.016013954465701075,5.8511702583813654e-05
Riderbelt,preprocess_Reading116.dat,0.688681894382753,0.1637295081923541,0.14502214033917663,0.002566147382024359,3.097036917246109e-07,0.04610262780070558,0.30365598581281456,0.3040426689696128,0.1884731561526887,0.14425663231392588,0.013409097444035744,5.9831506216715434e-05
Riderbelt,preprocess_Reading117.dat,0.6640334852483263,0.16971182711848878,0.1640458816825777,0.002208536212235504,2.6973837190351353e-07,0.04574534802227175,0.31058342348904405,0.2814785635575495,0.1896215153737015,0.15751489215588552,0.015004092448398915,5.216495314873296e-05
Riderbelt,preprocess_Reading118.dat,0.6700249349771672,0.17326485017278914,0.1540169488787001,0.0026929470234745073,3.189478690308966e-07,0.04906732321680815,0.31794738703775033,0.2813822093625465,0.19081691036743742,0.14449327763492015,0.01621255420823148,8.03381723059813e-05
Riderbelt,preprocess_Reading119.dat,0.6512786238764926,0.18884194675584065,0.15745533106466816,0.002423830788489132,2.6751450937845034e-07,0.04094887438371772,0.29718582978587543,0.2868980345027524,0.19912573853351653,0.15958298340208385,0.016200497566705878,5.8041825348154094e-05
Riderbelt,preprocess_Reading12.dat,0.5834323140220768,0.21564924955361023,0.1981721036942095,0.002745957938095282,3.7479200829516617e-07,0.03281512704028479,0.24957253183839537,0.27672550309190164,0.22138407338875501,0.20276874072391993,0.016530613513871795,0.000203410402871415
Riderbelt,preprocess_Reading120.dat,0.6657865889116974,0.17471646309008046,0.15677610081478638,0.0027205844228026478,2.627606330992644e-07,0.060705576955310946,0.3520238638217257,0.2338113946583191,0.17729736757396725,0.15895674101809,0.017141648265716503,6.340770687065092e-05
Riderbelt,preprocess_Reading121.dat,0.6947544698911426,0.15430491282636122,0.14835410788547918,0.0025862075115842794,3.0188543279393013e-07,0.05411943289487601,0.36332762460836227,0.26102657433384574,0.17036057139687708,0.13599683550071792,0.015101310049952126,6.765121536891832e-05
Riderbelt,preprocess_Reading122.dat,0.6630583684210296,0.17438294048407396,0.15978338192693137,0.002775037774601344,2.713933638573395e-07,0.052864045669162724,0.33284871891997164,0.24335270574223272,0.2010362829065973,0.153245930294846,0.016570484715025608,8.183175216413718e-05
Riderbelt,preprocess_Reading123.dat,0.6143173200270396,0.1942882193711201,0.1885357606028485,0.00285843942644654,2.605725449660116e-07,0.04872369638511464,0.2946639625442458,0.2459042024724002,0.22293525374665885,0.17005914813772738,0.017629576031332587,8.41606825204575e-05
Riderbelt,preprocess_Reading124.dat,0.674549326240459,0.15066398992288035,0.1719545843362903,0.0028317880023937788,3.114979763377071e-07,0.04772094206407236,0.36654377111617553,0.24573478953735717,0.16359782035360973,0.15628795063045317,0.02005455047481304,6.017582351910241e-05
Riderbelt,preprocess_Reading125.dat,0.6361647178617725,0.1815925810327757,0.1794267210571236,0.0028156923204845324,2.8772784368634435e-07,0.056345615190005416,0.33833776135442534,0.21814972955260473,0.18495342765120776,0.1831881003992536,0.01896319421513885,6.217163736435549e-05
Riderbelt,preprocess_Reading126.dat,0.6471659406573975,0.18084305094242864,0.16880754227454714,0.003183164673933778,3.014516928552914e-07,0.05519229132066825,0.3633410468887276,0.22188007480834276,0.18065693451229642,0.16094328015858933,0.01792141118021916,6.496113115619818e-05
Riderbelt,preprocess_Reading127.dat,0.6135539589585904,0.2119257952737937,0.17124526780372784,0.003274667284653321,3.1067923474650565e-07,0.047785671047811215,0.30297218938700365,0.25251723272519233,0.20750730960703317,0.1716386088588136,0.017493659287699147,8.532908644704892e-05
Riderbelt,preprocess_Reading128.dat,0.6180409941444128,0.17795880400935707,0.20150929394689981,0.0024906652029251107,2.42696404982839e-07,0.05634815057413924,0.3388979026581078,0.2015677745002338,0.18390105429026396,0.20216884673045069,0.01705464611902908,6.162512777533404e-05
Riderbelt,preprocess_Reading129.dat,0.6339130394366688,0.19080954539616637,0.17245633303250377,0.00282080096513337,2.8116952787729675e-07,0.0528555313706709,0.32849647010726274,0.23893520388791478,0.2011157988446755,0.16247201294459418,0.016065574261405677,5.9408583476150965e-05
Riderbelt,preprocess_Reading13.dat,0.5954535996935513,0.21077167827150348,0.19038068344137793,0.003393105007556367,9.335860109851689e-07,0.027183983523729333,0.2599027453998624,0.27965163442208174,0.2231621217855906,0.19403268056034392,0.015983996350176638,8.283795821538312e-05
Riderbelt,preprocess_Reading130.dat,0.6975846614340329,0.14880191611614074,0.151072466548582,0.002540745934330209,2.0996691416594916e-07,0.06753160480813637,0.3805640927697323,0.23829784514575977,0.1561517345835806,0.1418345954879213,0.015569201204774789,5.0926000094891705e-05
Riderbelt,preprocess_Reading131.dat,0.6622893311568938,0.1732476360842623,0.16151633869481513,0.00294634534768328,3.487163457416556e-07,0.04319509990643282,0.32314290482819763,0.2712064364724126,0.19725312138098425,0.1488722016833162,0.016277675079468364,5.256064918796417e-05
Riderbelt,preprocess_Reading132.dat,0.6318388697353632,0.18893895098760508,0.17665458964648378,0.0025673143405857603,2.7528996217282817e-07,0.04186864533792369,0.2857573274240781,0.2759971087551233,0.21495245178108244,0.16523789088424617,0.016128481285103562,5.809453244280506e-05
Riderbelt,preprocess_Reading133.dat,0.5919689291643059,0.20657770323440974,0.1982508615094228,0.003202176230967379,3.2986089426620957e-07,0.035478892740435856,0.27052794042806955,0.27032016565031547,0.2126558325337813,0.1918156308706997,0.019137292925854813,6.424485084323996e-05
Riderbelt,preprocess_Reading134.dat,0.6114676278564471,0.20785590708902144,0.17740853979206472,0.0032675944898475856,3.3077261893282464e-07,0.045449497234411704,0.2940299460537072,0.26098983766052947,0.20442658528534552,0.1770463539385941,0.017981298432683826,7.648139472821556e-05
Riderbelt,preprocess_Reading135.dat,0.6101437779827161,0.20021347703458758,0.1865254634370772,0.0031169741499064057,3.0739571285502356e-07,0.0379413746458133,0.2800975732884094,0.27071632363396964,0.2237660376026994,0.1691351607458901,0.018274994097799226,6.853598541899839e-05
Riderbelt,preprocess_Reading136.dat,0.6438384033726954,0.16857272456658137,0.18482002948155682,0.002768557512318323,2.8506684816726545e-07,0.05802142688348009,0.3448736685802716,0.2356165644360782,0.18181110466944103,0.16292508175898268,0.016676286021375216,7.586765037121833e-05
Riderbelt,preprocess_Reading137.dat,0.6595137145860636,0.17607506919952925,0.16151344611494797,0.002897520122258021,2.4997720136219857e-07,0.04465541015938898,0.2992224831793815,0.2843387349560812,0.20132486083953535,0.1542740469327587,0.016132413127733957,5.20508051203397e-05
Riderbelt,preprocess_Reading138.dat,0.6698677913298282,0.16934622158837168,0.15808937023757447,0.0026961681932430705,4.48650982393551e-07,0.05529215035873947,0.33897172444566054,0.2511459552665763,0.1829256942403332,0.1560642541910893,0.015544150126371685,5.607137122952705e-05
Riderbelt,preprocess_Reading139.dat,0.6308647925439996,0.17678328710965627,0.18964677556823956,0.002704874614416749,2.7016368793586406e-07,0.048363245352700826,0.31035881976044843,0.2508766679103811,0.19873987594082665,0.17527807483208277,0.016326370098092034,5.694610546810339e-05
Riderbelt,preprocess_Reading14.dat,0.5156057715522606,0.23800229864696051,0.24327284896922358,0.0031186781596701935,4.026718850660429e-07,0.02507029597979868,0.2184100041176901,0.25722713741173714,0.25822768262899637,0.22381590102537985,0.017184158449801392,6.48203865966055e-05
Riderbelt,preprocess_Reading140.dat,0.6212395727845177,0.18830759770491703,0.1875942782436962,0.0028581891870553544,3.620798138268563e-07,0.046775457812644985,0.2765536794039906,0.2689021871695432,0.2183089204255803,0.1742777838220217,0.01512862781491079,5.3343551308409495e-05
Riderbelt,preprocess_Reading141.dat,0.607315299929057,0.18495661517916637,0.20447334372687023,0.003254477022210264,2.6414269605769906e-07,0.04317127657132554,0.30538822906178126,0.2345511645927748,0.2022249078846308,0.19563773647042484,0.018963411368252085,6.327405081074078e-05
Riderbelt,preprocess_Reading142.dat,0.6082615689017169,0.1871674971135442,0.20097423966145517,0.0035960362000639675,6.581232196064026e-07,0.04134225498807352,0.2974608209383517,0.24596424488640423,0.21447832257293364,0.18143469843496798,0.0192465476364237,7.311054284535134e-05
Riderbelt,preprocess_Reading143.dat,0.5677043853685615,0.1701704771644175,0.2592390065940787,0.0028856820196284543,4.488533140062907e-07,0.045109714221905406,0.26192452807347777,0.23124346590447586,0.20575534096673417,0.23800275784878727,0.01790333669247397,6.085629214562395e-05
Riderbelt,preprocess_Reading144.dat,0.5630130828121782,0.20382475547398124,0.2300743895312313,0.003087539594000625,2.3258860857418294e-07,0.030605847046821302,0.2358794956898837,0.25750736349131237,0.2553034558147894,0.20295554373260286,0.017691307899833413,5.698632475680108e-05
Riderbelt,preprocess_Reading145.dat,0.5787906385440428,0.18984271750860374,0.22853761023136787,0.0028288087380885624,2.2497789705831387e-07,0.03302773630451797,0.25685014705738307,0.26982368485534614,0.2184462432964622,0.20371875825981944,0.018074937244938905,5.8492981532278904e-05
Riderbelt,preprocess_Reading146.dat,0.5851953057832878,0.19107731865753017,0.22083971701231747,0.002887323220475386,3.353263891930168e-07,0.035831602148491154,0.22078208613651637,0.3069887738878134,0.2306611727852871,0.19080484306145473,0.014879417440138558,5.2104540298712415e-05
Riderbelt,preprocess_Reading147.dat,0.540858990017447,0.19916115246660618,0.2569854120370551,0.0029942153153509183,2.3016354089536546e-07,0.02666114588435653,0.21828917458699726,0.27028283250816765,0.240890557321391,0.22633695144436816,0.017477429984821453,6.190826989795727e-05
Riderbelt,preprocess_Reading148.dat,0.5963523404172411,0.1868767413838957,0.21393707615950203,0.0028333961767153947,4.458626457510157e-07,0.029939509712992283,0.22206947021251763,0.3030051634861435,0.2373754994412978,0.19171018873450174,0.01583690215052211,6.326626202498758e-05
Riderbelt,preprocess_Reading149.dat,0.5513492768426393,0.1868858847448597,0.2583188176425962,0.0034455709441250787,4.498257795645682e-07,0.03384731544664069,0.24133489434066951,0.2492602175680109,0.22186022552791412,0.23512948850357945,0.01850051675002584,6.734186315940755e-05
Riderbelt,preprocess_Reading15.dat,0.5755585228492474,0.2280682029571766,0.19356571458578478,0.0028070756981374177,4.839096540356486e-07,0.03245571529323659,0.2784452117946453,0.26299332309999507,0.22979845018738193,0.18050252979798678,0.01573328992485867,7.147990189554514e-05
Riderbelt,preprocess_Reading150.dat,0.5422787538425607,0.17221430427644,0.28270263605068113,0.002803896646798128,4.0918352013835995e-07,0.042341085483733686,0.266849881571606,0.21419813233637655,0.22262491605683016,0.2362858069180473,0.017638723010514498,6.14546228918425e-05
Riderbelt,preprocess_Reading151.dat,0.5593877303543063,0.22183301327875016,0.21385439423297384,0.004924183412417318,6.787215524543498e-07,0.017594949427195136,0.21173401524684976,0.3086772084874864,0.23201547936943928,0.2094956996754502,0.020396470356989393,8.617743658984292e-05
Riderbelt,preprocess_Reading152.dat,0.6163887722748246,0.18861369028041777,0.19137527088118703,0.0036217832639977724,4.832995727100165e-07,0.020930052297154007,0.23472413574389575,0.34023043300037076,0.20783694823025023,0.18045240881108712,0.01575599611923639,7.002579800573335e-05
Riderbelt,preprocess_Reading153.dat,0.6448188138269151,0.17195177646092183,0.18017065365934065,0.003058224614556615,5.31438265923359e-07,0.03204776780652586,0.27093753140650984,0.31523105250790173,0.20319617302663345,0.16393433331795176,0.014537710538765203,0.00011543139571200487
Riderbelt,preprocess_Reading154.dat,0.672442221110748,0.16296246000610504,0.16257713527688333,0.0020178349934232118,3.486128404942694e-07,0.0255788148627371,0.2547548208654838,0.37398429828741186,0.18039194174822917,0.15266274699273857,0.012570895869716096,5.6481373683468646e-05
Riderbelt,preprocess_Reading155.dat,0.6185017829228335,0.1866943137697647,0.1916431277438446,0.003160220489105662,5.550744514573074e-07,0.024779163758339728,0.24438541137240283,0.3364480233846464,0.2088347311603906,0.1690106254477345,0.016473703951487895,6.834092499790978e-05
Riderbelt,preprocess_Reading156.dat,0.6324206827665865,0.18576070035216388,0.17954742499882628,0.002270579498976612,6.123834466461655e-07,0.026324415781397603,0.2545470940969943,0.3442320417459191,0.1937404779766644,0.1680550017190764,0.013038701060923244,6.226761902492034e-05
Riderbelt,preprocess_Reading157.dat,0.5745861997426172,0.2057342075750176,0.21760860202246646,0.002070400525374577,5.901345244712612e-07,0.020146772196309955,0.20701555261330795,0.34308472733752887,0.2289291719891128,0.18698410950510455,0.013789196779484888,5.04695791508439e-05
Riderbelt,preprocess_Reading158.dat,0.5682470919120218,0.2179638363485664,0.2109836880750109,0.0028048099762889456,5.736881120870348e-07,0.0208048660732768,0.21621091315650515,0.3158796513581797,0.23828452898596927,0.19296803347662816,0.015733789175997097,0.00011821777344399781
Riderbelt,preprocess_Reading159.dat,0.5842451726671931,0.21503126431489628,0.19792946939494593,0.00279351635436422,5.772686004865964e-07,0.0225315849297586,0.24531829469835265,0.30528841097538223,0.22710391026463755,0.1838197400209532,0.015878376900855386,5.9682210060431135e-05
Riderbelt,preprocess_Reading16.dat,0.5708062296178402,0.21823132836425466,0.20756686128316681,0.0033951638533148624,4.1688142344194917e-07,0.033785320774879966,0.27998581090268165,0.2549807104240752,0.21403200341004358,0.2000407637181974,0.017107638797521182,6.775197260096507e-05
Riderbelt,preprocess_Reading160.dat,0.6000788202693192,0.20472430491477214,0.1925477932420543,0.002648559768700348,5.218051539659927e-07,0.027764627685567065,0.2599475294879506,0.3052690735715448,0.22348117604185372,0.1691868758632091,0.014257758222525866,9.295912734891129e-05
Riderbelt,preprocess_Reading161.dat,0.5683032054885456,0.22417998589197635,0.20454487821029468,0.0029713649783226956,5.654308605374202e-07,0.025139795995362434,0.24683374677281122,0.290948172478081,0.24466290438471636,0.17548476235491625,0.016867255111880728,6.336290223197703e-05
Riderbelt,preprocess_Reading162.dat,0.561682084766562,0.22598905205694966,0.20925612592155615,0.0030720845265916176,6.527283406494019e-07,0.02352850668551779,0.2464425379021556,0.2833027353182479,0.23808175111695626,0.1905968198943043,0.017980744122274732,6.690496054346006e-05
Riderbelt,preprocess_Reading163.dat,0.5664505568848012,0.22203624282760476,0.2085621349829647,0.0029505428196229134,5.224850064468325e-07,0.028534249296825697,0.2612207574496763,0.2632071550467704,0.24530392123457304,0.18495165454352433,0.01671700630259797,6.525612603230051e-05
Riderbelt,preprocess_Reading164.dat,0.5833303386913087,0.21570111265073028,0.19800994987600215,0.0029580897290202857,5.090529386077413e-07,0.03476626686729588,0.2886050785989971,0.24247369783837253,0.23011547153212925,0.18672494467479434,0.01724977457146396,6.476591694693247e-05
Riderbelt,preprocess_Reading165.dat,0.6141465809147718,0.20917336385224755,0.1736182816808605,0.0030612935991375227,4.799529826309052e-07,0.03312957127796526,0.2809038784201084,0.2880011336872032,0.2240800118948113,0.15743133350170102,0.01639105740081387,6.301381739674922e-05
Riderbelt,preprocess_Reading166.dat,0.6077847627867036,0.20767673545315413,0.18162724100191524,0.00291045711324494,8.036449822891636e-07,0.03827647344214974,0.29707607521817003,0.25514761816559933,0.22697808549013684,0.16718475489495568,0.0152752534277747,6.173936121358653e-05
Riderbelt,preprocess_Reading167.dat,0.6013793792881025,0.21103145911119067,0.18438923107536828,0.0031994427221979523,4.878031402922977e-07,0.033988274197528576,0.26562164973056757,0.2886367136944733,0.22846975335356204,0.16682811287286253,0.016394503841572768,6.099230943329625e-05
Riderbelt,preprocess_Reading168.dat,0.5819534964728675,0.21636233170736002,0.19838537481775478,0.0032982304000281743,5.66601989384681e-07,0.029387004321641267,0.27916557879852244,0.2701168836437965,0.2203345132257619,0.18372928260469973,0.017196919093598186,6.981831198011725e-05
Riderbelt,preprocess_Reading169.dat,0.64355714344083,0.19351470221258335,0.16024964788653745,0.0026780362950273267,4.701650219516392e-07,0.03404022092322132,0.30703166528517073,0.28502078101731865,0.20887160673893265,0.15116529827856215,0.013817883929601819,5.254382719267467e-05
Riderbelt,preprocess_Reading17.dat,0.5612048206598774,0.20558847996946983,0.23011570714539234,0.003090547282960866,4.449422995816453e-07,0.03912514420927114,0.28727544876785516,0.23836908107617621,0.20925194895466662,0.20885314733554022,0.017060752179693064,6.447747679756409e-05
Riderbelt,preprocess_Reading170.dat,0.6080966864731484,0.19624436348571575,0.19293099224399538,0.002727446728736466,5.11068403989923e-07,0.0416804540617268,0.31882860350196485,0.24205489631518595,0.21099659476389335,0.1709980356293941,0.015377947483665786,6.346824416925091e-05
Riderbelt,preprocess_Reading171.dat,0.6314605612358278,0.18881072077005892,0.17720897070837047,0.002519323804522049,4.234812208766261e-07,0.036211242838768476,0.3205188288128615,0.27181258981991085,0.1983538046967997,0.1586164378647724,0.014430510915490302,5.65850513968519e-05
Riderbelt,preprocess_Reading172.dat,0.6035763056880936,0.21198676186294158,0.18169358898965154,0.002742919965140573,4.2349417272695034e-07,0.03768133009608056,0.3071303702361979,0.2575030970135556,0.2151650485788473,0.16617748739382668,0.016284923685954075,5.774299553788799e-05
Riderbelt,preprocess_Reading173.dat,0.5639272481489664,0.2101408588192762,0.22292977747016085,0.003001717595378469,3.9796621808858017e-07,0.03128120822669414,0.25788278680732096,0.2748258064197254,0.23184725748441465,0.18522268009556608,0.018866319149311632,7.394181696689527e-05
Riderbelt,preprocess_Reading174.dat,0.563848188620642,0.2192479175307881,0.21369662749788598,0.0032067849471095096,4.814035744696021e-07,0.033535383082002754,0.28546665378335206,0.2557676394153013,0.2172174033218466,0.1874977423795698,0.0204344226653977,8.075535253000432e-05
Riderbelt,preprocess_Reading175.dat,0.6084852400585573,0.20532332777480675,0.18278000107175887,0.0034107496046456884,6.814902311947295e-07,0.03407384304239204,0.306025174386377,0.25987701829669374,0.21873299702230373,0.16376768716246357,0.017451813316737227,7.14667730326591e-05
Riderbelt,preprocess_Reading176.dat,0.5899942598148938,0.2125454724349368,0.19389132283999472,0.0035681319160455077,8.129941293142365e-07,0.02966685652558691,0.28244139305761073,0.2697424106176297,0.23214531235056465,0.16808835768028704,0.01784361895222806,7.205081609291036e-05
Riderbelt,preprocess_Reading177.dat,0.6254218211707989,0.18602453618092946,0.18585480109493394,0.0026982276753503825,6.138779873543572e-07,0.03693739577378282,0.33072753155728496,0.24242627510566161,0.21119724731230075,0.16325157332075876,0.015384001805518317,7.597512469285546e-05
Riderbelt,preprocess_Reading178.dat,0.6680484080224331,0.17077983834390048,0.1586907542274171,0.0024804913379206242,5.080683283980521e-07,0.047250930337144156,0.33750007721643793,0.2648169380552048,0.18842063682108545,0.1471346120294744,0.014822467695407557,5.433784524592866e-05
Riderbelt,preprocess_Reading179.dat,0.6583954514291869,0.18347636853319496,0.15564971120072352,0.002477911604757863,5.572321368498557e-07,0.044945197834830385,0.3281049416387142,0.27044634894101016,0.19853804667555075,0.14415504242609445,0.013757254373205944,5.3168110594097976e-05
Riderbelt,preprocess_Reading18.dat,0.5420111506916813,0.2126225726611427,0.24217725119602218,0.003188522561370611,5.028897832552692e-07,0.029765855042533478,0.2835957101831208,0.2251763318153798,0.2361773946267513,0.2060249690096781,0.019192904960758914,6.683436177767251e-05
Riderbelt,preprocess_Reading180.dat,0.6566677766708156,0.18209557360203146,0.15866977251870337,0.0025664747388263196,4.024696232922627e-07,0.04702727195997457,0.3410696613108532,0.24536228123437845,0.19232471385361374,0.15975533507787681,0.014391699080180221,6.90374831230106e-05
Riderbelt,preprocess_Reading181.dat,0.5805520320935097,0.23165836279982022,0.18500909917245933,0.0027800814036637446,4.2453054695054606e-07,0.03476532120930756,0.29461831809543426,0.25586418840757275,0.21856495977587434,0.18041984770191805,0.015690649940215986,7.67148696772422e-05
Riderbelt,preprocess_Reading182.dat,0.6166274470981856,0.2367131674996031,0.1436624579750184,0.002996491623548064,4.358036447139585e-07,0.04021239162749871,0.3510619979332035,0.22425677481472334,0.222661407659157,0.1480544212933567,0.013694007527021981,5.899914503871046e-05
Riderbelt,preprocess_Reading183.dat,0.6704537194174267,0.18350892689564527,0.14340223809157376,0.002634625431963066,4.901633912272404e-07,0.044962711318702796,0.3529344920143882,0.2544458922356243,0.20286937434215613,0.13104980968916152,0.013686445707787386,5.127469217960097e-05
Riderbelt,preprocess_Reading184.dat,0.713590845950049,0.1633233707647835,0.12080115965214423,0.0022842040856808255,4.195473422449136e-07,0.04432144070936651,0.36371920242730216,0.2858266449387002,0.17500848174072373,0.11897512731009117,0.012100608222802655,4.849465101352312e-05
Riderbelt,preprocess_Reading185.dat,0.6480732526668771,0.18453482457472112,0.16423614223696367,0.003155364982682779,4.155387553422628e-07,0.035873289313289064,0.2721134510555853,0.30889522059320335,0.20223897146721734,0.1636918168886099,0.017115712880154905,7.153780194008712e-05
Riderbelt,preprocess_Reading186.dat,0.6339170505569541,0.18986087308251554,0.17294276016486446,0.0032790090963154754,3.07099350441595e-07,0.04403292359810529,0.30123767779704597,0.2722614434882707,0.1925228858385567,0.1733685433045931,0.016506530589269302,6.999538415890367e-05
Riderbelt,preprocess_Reading187.dat,0.6374668155796525,0.17579276573630098,0.18405191196671028,0.002688247471413645,2.592459227074242e-07,0.043303361041966186,0.2817543367597136,0.2870844122484581,0.1807803013781187,0.18935147209098754,0.017670682530437246,5.54339503186848e-05
Riderbelt,preprocess_Reading188.dat,0.6328341134230417,0.19604079869327193,0.1687248995925018,0.0023999304987507926,2.5779243355318517e-07,0.0399615035624259,0.2796307003387637,0.2897062244264064,0.20512415139617432,0.16842214018918097,0.01710209568036269,5.318440668601175e-05
Riderbelt,preprocess_Reading189.dat,0.5907975905477248,0.21978223554890405,0.1865289720902144,0.002890944436490577,2.5737666607671066e-07,0.030971589256794118,0.2496509002145526,0.2963365811443432,0.21770538811650497,0.18743006919038127,0.017848634991435245,5.6837085988443265e-05
Riderbelt,preprocess_Reading19.dat,0.5340432683083425,0.2109809387983517,0.2510859078679441,0.003889382557384675,5.024679769544177e-07,0.027113325753584893,0.2567579458394349,0.24016667134344757,0.236140134654138,0.22014161742524344,0.019600093892416105,8.021109173481582e-05
Riderbelt,preprocess_Reading190.dat,0.6561529041566572,0.19622222008909496,0.14518101450790485,0.0024433936798702004,4.675664728422955e-07,0.036918722939493186,0.3021004833703628,0.28207767130921363,0.2133980455736144,0.15233949855211765,0.013108956260429083,5.662199476934453e-05
Riderbelt,preprocess_Reading191.dat,0.6346583162193642,0.19547164768713984,0.1669630458927311,0.002906671652563999,3.1854820068761996e-07,0.03883242722809314,0.28812053910397306,0.28619599380798383,0.2109117167610685,0.1601573477829918,0.01572846682293282,5.3508492957002966e-05
Riderbelt,preprocess_Reading192.dat,0.6655857753920459,0.18012248760171382,0.15174230051443155,0.002549187986455255,2.4850535346143943e-07,0.052182005327937625,0.34520462901686066,0.24130415977892447,0.18535955678774574,0.16042738340956797,0.015470523979295424,5.174169966806957e-05
Riderbelt,preprocess_Reading193.dat,0.6464311599668736,0.1875984174375279,0.16325277859759021,0.002717282785608437,3.6121239978462135e-07,0.0469890704702598,0.3293257225814,0.24966608616101132,0.20695420010376164,0.15186237615175838,0.01514775296256408,5.479156924484788e-05
Riderbelt,preprocess_Reading194.dat,0.6141667713529376,0.1907319217154135,0.1918726479765783,0.0032283671419886576,2.918130818951883e-07,0.03999181475876266,0.29974492462363705,0.2553900369134434,0.1938008642916801,0.1927083573078983,0.018299533743528464,6.44683610501264e-05
Riderbelt,preprocess_Reading195.dat,0.6169547529615896,0.2035087261075711,0.1766605034738721,0.0028755991213237505,4.1833564354131673e-07,0.04156166876038466,0.28709456859590526,0.2656735594955455,0.20928716974200468,0.1788171035672625,0.017495544279381773,7.038555951570102e-05
Riderbelt,preprocess_Reading196.dat,0.6557354857549403,0.16548919749345675,0.17599863508485747,0.0027763124583446495,3.6920840068023556e-07,0.05797114857309406,0.35552073885213914,0.24081799752975677,0.16445408373744452,0.163618573314787,0.017560364625247384,5.70933675311045e-05
Riderbelt,preprocess_Reading197.dat,0.6520724779491346,0.19150470165402367,0.15367549522800636,0.002747006401100293,3.1876773507075206e-07,0.04606168839211195,0.320925498174033,0.2638486631775292,0.19756360293421135,0.1554480823653995,0.01610181445624655,5.065050046843292e-05
Riderbelt,preprocess_Reading198.dat,0.6994864436781686,0.1447212399194636,0.15305100960409593,0.0027409726590619256,3.3413920986180953e-07,0.06897828244194838,0.38649467679665445,0.2376207882132102,0.14771082019804488,0.14330350613456308,0.01583993629385817,5.198992172092408e-05
Riderbelt,preprocess_Reading199.dat,0.6531672808086413,0.17191295960765096,0.17197774291406884,0.0029416601586262784,3.5651101224315793e-07,0.04354058327497017,0.33188618845121426,0.25672084014322377,0.18119685632415575,0.16829610271658207,0.018297345480068138,6.208360978596979e-05
Riderbelt,preprocess_Reading2.dat,0.6070594277359024,0.1870926304775073,0.20378861312374408,0.0020588939072337317,4.347556125690121e-07,0.018893413909648986,0.2065490599499262,0.35110399553412275,0.22169930500789212,0.185156843413727,0.01652932744858599,6.805473609704143e-05
Riderbelt,preprocess_Reading20.dat,0.5486569516611358,0.2201648196002139,0.22717175817288052,0.004005847763151254,6.228026184533788e-07,0.029404367824355886,0.263362552143825,0.24876068011619973,0.22121013494175407,0.21633920188531766,0.020827787458986537,9.527562956109253e-05
Riderbelt,preprocess_Reading200.dat,0.6659671635821464,0.17347799753249557,0.1578825350684632,0.0026719554489955492,3.483678992755029e-07,0.05493487651791474,0.37865482242799514,0.226977968587981,0.17644663229686577,0.14774407357880814,0.015185038146078399,5.6588444356852835e-05
Riderbelt,preprocess_Reading201.dat,0.6879888839729207,0.15717015822217478,0.15241202379846439,0.002428660285451279,2.737209889541988e-07,0.052747475757011955,0.3770738505957764,0.23076512845863095,0.17587387491611492,0.1468138616238526,0.01666807237384496,5.7736274768206496e-05
Riderbelt,preprocess_Reading202.dat,0.6412970367126671,0.1837936364969333,0.17235664963874842,0.002552241104767619,4.360468833146201e-07,0.04992863313503727,0.3170399763139818,0.24924468743398215,0.1954270808761669,0.17277811538522403,0.015523525564634915,5.7981290972985946e-05
Riderbelt,preprocess_Reading203.dat,0.6016488797109336,0.18028803544042935,0.21506984023196918,0.0029929246663685876,3.1995029909684475e-07,0.04070143782476695,0.30219393633920294,0.23702118862863872,0.19623364582656405,0.20439728914562424,0.019393447686036975,5.905454916594171e-05
Riderbelt,preprocess_Reading204.dat,0.6395046325527701,0.17177011552764065,0.1855144757417886,0.0032104854470485695,2.907307520372814e-07,0.04954342735559244,0.30795570083174534,0.26381361177618967,0.18051637507651647,0.17826532352478852,0.01984379716286722,6.176427230034399e-05
Riderbelt,preprocess_Reading205.dat,0.5732383702397246,0.2036354607584964,0.21992856727904744,0.003197299430952796,3.0229177897063854e-07,0.035513070791720044,0.24888675727989848,0.2712315558772986,0.22240594833734365,0.20088388262201126,0.021013595888324396,6.518920340355821e-05
Riderbelt,preprocess_Reading206.dat,0.6581881576098976,0.19190446064245367,0.1473086876706324,0.002598321802509604,3.722745067664812e-07,0.0566172621299102,0.3466510958374759,0.2474461578552233,0.19259214808941988,0.14236434517710964,0.014280467073441674,4.852383741939687e-05
Riderbelt,preprocess_Reading207.dat,0.6477738945546698,0.16266376653840972,0.1868470533095035,0.002714987325853014,2.9827156401118776e-07,0.04959671103130162,0.33593802416063956,0.24729554911431234,0.18030554203615204,0.1715010271877051,0.015310781104679334,5.236536520999862e-05
Riderbelt,preprocess_Reading208.dat,0.6320554556427364,0.16031410806546006,0.20508756807679923,0.002542566136298066,3.0207870623022756e-07,0.05305905622208466,0.31639297770498287,0.25030443107565303,0.19157044220333094,0.17442245109811047,0.014200432479418964,5.020921641898758e-05
Riderbelt,preprocess_Reading209.dat,0.6688039605546564,0.15941390976838793,0.1685277531068169,0.003254031066922387,3.4550321617648496e-07,0.05550469705968882,0.33436031768027086,0.26364760093023254,0.17896778971415142,0.15124681519879746,0.01621233303244445,6.044638441436527e-05
Riderbelt,preprocess_Reading21.dat,0.5520717421597582,0.20823253757882704,0.23574925617291057,0.003946037677520539,4.264109835714791e-07,0.034464553258465286,0.29499760909720824,0.21244598249797503,0.22943140527143135,0.20830251613379144,0.02028006031758836,7.78734235403168e-05
Riderbelt,preprocess_Reading210.dat,0.6657177107625323,0.15371111087096978,0.17784940103520017,0.002721415295040775,3.6203625694762595e-07,0.05737875573913676,0.3468766943150227,0.24379481875530457,0.17140696401433642,0.164088803914375,0.016398043459356696,5.5919802467925305e-05
Riderbelt,preprocess_Reading211.dat,0.6882566208312475,0.14025109639188268,0.16817786975932147,0.003314106511693563,3.0650585456967487e-07,0.05873803760627891,0.3575567859609736,0.24579055057141264,0.16566552333870596,0.1553651759320204,0.01682443951082347,5.94870797851035e-05
Riderbelt,preprocess_Reading212.dat,0.6164272130437035,0.18416174638581295,0.19656645037443893,0.002844344162048762,2.460339958119647e-07,0.05303729268644485,0.3094717185979121,0.24124820955176315,0.1906729228419085,0.18553130223161876,0.019974040717989864,6.451337236271608e-05
Riderbelt,preprocess_Reading213.dat,0.538142422531128,0.24708852799814526,0.21093937285885153,0.0038293787857904735,2.9782608474800945e-07,0.03390997071511519,0.2185491410837052,0.2616384908870317,0.2545703525692426,0.2100405629847659,0.021221478636727548,7.000312341189386e-05
Riderbelt,preprocess_Reading214.dat,0.5687297428294957,0.19797177622309511,0.22944665542393675,0.0038515063110002227,3.192124721863746e-07,0.03457702515361054,0.24986734925584322,0.2629430065641316,0.21711672240350705,0.21228534256307294,0.023128900725942956,8.165333389174372e-05
Riderbelt,preprocess_Reading215.dat,0.6240108644991474,0.1746693911282142,0.1983247095999344,0.002994773722191017,2.6105051317532283e-07,0.05583179318452896,0.3036373755886738,0.24015896941495354,0.2081556463304899,0.17484176943921512,0.0173136431126515,6.0802929487196166e-05
Riderbelt,preprocess_Reading216.dat,0.6194028893929238,0.17772381869036086,0.20028007809613363,0.002592927961507294,2.8585907438967647e-07,0.044331488310813995,0.2834639180602023,0.2696670580035664,0.2039018379025533,0.1836699111158973,0.014900659979286066,6.512662768064139e-05
Riderbelt,preprocess_Reading217.dat,0.6329602131131572,0.17897753223818474,0.18547885657856555,0.0025831117026594956,2.8636743301010457e-07,0.03372138409741421,0.27817616208115586,0.2940495763662548,0.21003896704839428,0.1683001674117684,0.015660609875357275,5.3133119655086594e-05
Riderbelt,preprocess_Reading218.dat,0.6177245480015148,0.19122302447347309,0.1883523576141447,0.002699728780467359,3.411304000197784e-07,0.0324636211696257,0.25944956318757106,0.3070365627539548,0.22101064448024396,0.16574722077073,0.014239529390806345,5.285824706803585e-05
Riderbelt,preprocess_Reading219.dat,0.591192800059403,0.19135655756739925,0.2145638841183101,0.0028863771402256764,3.8111466195849705e-07,0.034659311048321366,0.27759362661912834,0.2741540003814518,0.20574706493039704,0.1906246296197181,0.017158840298162795,6.252710282071886e-05
Riderbelt,preprocess_Reading22.dat,0.5451209075181507,0.20757804519416312,0.24373595752253097,0.003564698705573652,3.91059581599417e-07,0.032213890003165,0.26038805178549596,0.23733874281374545,0.23772022635488319,0.21167666069046018,0.02058565001131025,7.677834093999152e-05
Riderbelt,preprocess_Reading220.dat,0.5763643690288741,0.1847213386376931,0.23577552767580262,0.003138336620718597,4.280369116719319e-07,0.0307526799801721,0.23997346492645105,0.2826302387619626,0.21595709853290468,0.2109828738558314,0.01964036031226899,6.328363040926657e-05
Riderbelt,preprocess_Reading221.dat,0.5803915325908376,0.17055212868247818,0.2463129027141723,0.0027430957875661677,3.402249455147895e-07,0.03647623352526246,0.2687636375774714,0.23985282098995217,0.21490282618792242,0.22134360467799888,0.01860059131261084,6.02857287818047e-05
Riderbelt,preprocess_Reading222.dat,0.5711711342172189,0.1906683871530121,0.23467002229936618,0.00349016504270508,2.9128769767572177e-07,0.03457036268527523,0.2530138415405121,0.2572051623553504,0.2257091685427212,0.20947353654871692,0.019953917128981206,7.401119844278776e-05
Riderbelt,preprocess_Reading223.dat,0.51496989348526,0.19528304819256195,0.2871759658328097,0.002570793069813319,2.9941955528644594e-07,0.02017428322391529,0.19148033080917676,0.2778043477378708,0.23708885754863812,0.257280490384175,0.01611150556233553,6.0184733888537274e-05
Riderbelt,preprocess_Reading224.dat,0.5787397002665454,0.1661590778968055,0.2522055874682402,0.0028951725395804625,4.618288285607137e-07,0.03522153345699756,0.2604598868192544,0.25683321353721966,0.20373546389243874,0.2269722943743988,0.016701285658559644,7.632226113120431e-05
Riderbelt,preprocess_Reading225.dat,0.5746955370540217,0.17293344154817214,0.24941825449731042,0.002952424278302699,3.4262219321836514e-07,0.030254579159871817,0.2691380627729756,0.25654756400964396,0.21370808888282486,0.21118718441435883,0.019098258673444328,6.626208688070803e-05
Riderbelt,preprocess_Reading23.dat,0.6071041133410353,0.1895061669582423,0.20003071464315023,0.003358615304902679,3.897526692361879e-07,0.038450139211350244,0.320708398594219,0.24382479884533417,0.20079512741211017,0.17733499306761974,0.018820001376939094,6.654149242759092e-05
Riderbelt,preprocess_Reading24.dat,0.6336661932140396,0.19640221850653455,0.16642059833652967,0.0035105897604826926,4.0018241339541874e-07,0.035545246264739136,0.31050949090783814,0.276029600668619,0.20009064004181282,0.15889284892287878,0.01885761926010807,7.455393400415001e-05
Riderbelt,preprocess_Reading25.dat,0.6340162591632789,0.2004650013428558,0.16236048876308862,0.003157796574438082,4.5415633859583425e-07,0.041554887935011865,0.31382489793697993,0.2594898246163518,0.20532280333421343,0.16426004106033582,0.015480935306068023,6.660981103902739e-05
Riderbelt,preprocess_Reading26.dat,0.6888053965777493,0.1706801892785728,0.13740544275745042,0.003108476938416129,4.944478114787811e-07,0.053032905700702106,0.3485070364520228,0.25832007536778645,0.19698730011184837,0.12905133474363764,0.014034587994732664,6.675962926997562e-05
Riderbelt,preprocess_Reading27.dat,0.6495489609878422,0.18881869779719307,0.15870381756691695,0.0029281375224626677,3.8612558525245706e-07,0.04502032632403031,0.29605445044648443,0.2722467039655158,0.20297127009645613,0.16831886775116478,0.015327188305002544,6.11931113461217e-05
Riderbelt,preprocess_Reading28.dat,0.6714110434608822,0.1674812015551432,0.1575077846470414,0.0035992848042018066,6.8553273140861e-07,0.036857899071839194,0.2975114049013269,0.3083947308938476,0.19135834651308806,0.1511115297346344,0.014697358575385873,6.873030987813582e-05
Riderbelt,preprocess_Reading29.dat,0.6513361249991673,0.1773586115446999,0.1679698976777532,0.003334872917849789,4.928605299192499e-07,0.034939157833183965,0.27897264533688465,0.2996062237995268,0.20253969556105147,0.16748119048936555,0.0163993931876956,6.169379229195156e-05
Riderbelt,preprocess_Reading3.dat,0.5811922123884684,0.20036766827465013,0.21521714363213879,0.003222282620019931,6.93084722820172e-07,0.02419884050670982,0.23765738845224246,0.3059784787649564,0.211945207077858,0.20478079945359007,0.01536517061241983,7.411513222348985e-05
Riderbelt,preprocess_Reading30.dat,0.6393891972128035,0.1794759527762373,0.1769910019176422,0.004143482614417218,3.6547889978802216e-07,0.03460864337866122,0.26353938746248995,0.30718953700049023,0.21043907852800717,0.1669703370478323,0.017185051559227834,6.796502329132132e-05
Riderbelt,preprocess_Reading31.dat,0.6408952576830075,0.17355899049374565,0.18239010436734382,0.0031552036376569937,4.4381824601413174e-07,0.040056378141841,0.31836534200727223,0.262268987002983,0.18001406269302236,0.18044923562122223,0.018774970209139697,7.102432451938062e-05
Riderbelt,preprocess_Reading32.dat,0.6470445657218543,0.1697517490799978,0.18015269792564548,0.0030505419579482584,4.4531455410410973e-07,0.04765551418075004,0.30591654313697,0.2769251140363927,0.17267461320054603,0.17909296992924276,0.01766300605237667,7.223946372198457e-05
Riderbelt,preprocess_Reading33.dat,0.6359107103673807,0.1892293767426938,0.17147026358826475,0.003389031016738445,6.182849225777711e-07,0.03972847220816994,0.25922167675126706,0.31341790717259993,0.20739567537120737,0.16181033802374492,0.018359681088416947,6.624938459380266e-05
Riderbelt,preprocess_Reading34.dat,0.6263004042521202,0.19450308933743302,0.17585520175171174,0.0033408558892821607,4.4876945286673264e-07,0.036248427490903186,0.264266777632151,0.29583012317495344,0.2152878144647256,0.16969468447412617,0.01860588540770206,6.628735543845305e-05
Riderbelt,preprocess_Reading35.dat,0.6451986934944551,0.19066733277770756,0.16140276172030044,0.0027308793465361378,3.3266100093570675e-07,0.04425332401241218,0.2844527152246617,0.2975427241820732,0.20300467054418464,0.15402824663751818,0.01666191107806553,5.640832108452211e-05
Riderbelt,preprocess_Reading36.dat,0.6500421393253459,0.17449809204114244,0.17266424898256677,0.002795183847456249,3.3580348847806945e-07,0.04255571021178551,0.28593477405762047,0.29534783516067853,0.20469201299043907,0.15532222335929546,0.016086641341716286,6.080287846448713e-05
Riderbelt,preprocess_Reading37.dat,0.7318306594353776,0.13109266857178042,0.13440574921183163,0.0026705020328665137,4.2074814358805733e-07,0.05086320984619581,0.3546470456697197,0.30036205320536435,0.15315605417098768,0.12616469932335078,0.014750810986202841,5.612679817883744e-05
Riderbelt,preprocess_Reading38.dat,0.6818571099186411,0.1494551146003416,0.1660948836860284,0.002592605229138274,2.865658504975085e-07,0.04623412996345997,0.3137597150165724,0.29267257056121726,0.17663657072904554,0.15448528594435526,0.016157902662521668,5.382512282759341e-05
Riderbelt,preprocess_Reading39.dat,0.6474626905864022,0.16891007622175683,0.18111746781319618,0.002509460238873045,3.0513977179777735e-07,0.040815256763991115,0.30713469182275704,0.2735441654148019,0.18713591909045538,0.17319645396796376,0.01808116066391631,9.235227611465959e-05
Riderbelt,preprocess_Reading4.dat,0.6886815280600157,0.15969721194961886,0.14894195413083666,0.0026787138951138074,5.919644150067234e-07,0.023345166230663895,0.2759887136974587,0.36496917194526013,0.1875856420785888,0.1347327534644811,0.01331226810751388,6.628447603346657e-05
Riderbelt,preprocess_Reading40.dat,0.6541249551893825,0.164288524635721,0.17887813455316098,0.002708090449570473,2.9517216499953454e-07,0.044108573081524834,0.29027814310920846,0.2912272797113437,0.1850125756405444,0.17158932759558806,0.01772444966373802,5.965119805249041e-05
Riderbelt,preprocess_Reading41.dat,0.6671483677635075,0.15699569275084047,0.1725928153977526,0.003262591707941179,5.323799583620648e-07,0.04479195573847383,0.32454494590628485,0.26571392385955134,0.1711364875514768,0.17435014094292753,0.019398315790247794,6.423021103769474e-05
Riderbelt,preprocess_Reading42.dat,0.647093465436431,0.17525351386209717,0.17480928102267465,0.0028433933525594214,3.463262377306479e-07,0.05073741581271125,0.32320066429210637,0.24634874386876726,0.18392318969163382,0.17945657385538527,0.016257359600267033,7.605287912913151e-05
Riderbelt,preprocess_Reading43.dat,0.633618731368514,0.17066397757105156,0.19314815329082646,0.002568802306187007,3.3546342102916015e-07,0.0436515639652291,0.2953400950002082,0.27800753329917044,0.1824244975395676,0.18120716065126133,0.01930755492284879,6.159462171455606e-05
Riderbelt,preprocess_Reading44.dat,0.6920075775332682,0.15578445232666738,0.14971058878643187,0.0024970248535424386,3.565000898287796e-07,0.04427791745808518,0.3468493509117715,0.2758926350762205,0.17229745802665689,0.1453439722922497,0.015277603860675743,6.10623743405433e-05
Riderbelt,preprocess_Reading45.dat,0.6621509749727573,0.1701198679555349,0.16477174462494126,0.0029571287602931286,2.8368647336939037e-07,0.05821257020845706,0.3481857184146773,0.23785410170226542,0.18460065806565842,0.15309158557715571,0.01799647163635462,5.8894395431328383e-05
Riderbelt,preprocess_Reading46.dat,0.6924383112316668,0.16058777099632296,0.14407255474915495,0.002900950331302529,4.126915528182058e-07,0.05593065649475122,0.3773517830570198,0.24377915589573224,0.16994081454319962,0.13742230426158167,0.015519747649394924,5.5538098320308434e-05
Riderbelt,preprocess_Reading47.dat,0.6636249357320817,0.17668202698868563,0.15652250261723305,0.003170114658755906,4.20003243700899e-07,0.05657195190043169,0.34998714203685694,0.24259918519462573,0.17860791943506504,0.1551405116640452,0.01703364868610692,5.9641082868400395e-05
Riderbelt,preprocess_Reading48.dat,0.6756795312627593,0.1819609506703017,0.1396596634206785,0.002699510908260991,3.437379995370325e-07,0.05468093649061794,0.3527049021966959,0.26130400541801274,0.18311288569449347,0.13350066731087046,0.014644661853485267,5.194103582432229e-05
Riderbelt,preprocess_Reading49.dat,0.6993195555630509,0.15089226411644582,0.14703778528897776,0.0027500913929713855,3.036385539501967e-07,0.06013007572312133,0.3749270454303686,0.24044043037569304,0.1625303213072035,0.14558354283727395,0.016335065489897195,5.351883644234529e-05
Riderbelt,preprocess_Reading5.dat,0.718007489261362,0.14920953931111527,0.1308007628225787,0.001981826774875974,3.8183006818985577e-07,0.029516199170713343,0.25687042273700644,0.4119693274671807,0.16518538056623927,0.123839371757119,0.012556159722110589,6.313857963060223e-05
Riderbelt,preprocess_Reading50.dat,0.6946270473464435,0.14639044342348806,0.15602498819129285,0.002957246406583198,2.7463219232955895e-07,0.06344909460993535,0.3629000910423973,0.25408891644285686,0.14651374253873878,0.15449984081965884,0.018482943106070043,6.5371440342901e-05
Riderbelt,preprocess_Reading51.dat,0.653997578356464,0.16065163978791916,0.18279426453313824,0.0025561892073889267,3.281150896951242e-07,0.05281374554573813,0.32644217134640346,0.24706283836990642,0.18158394428098107,0.171910349282637,0.0201265396796537,6.04114946802082e-05
Riderbelt,preprocess_Reading52.dat,0.6073672700852843,0.1991381297654982,0.1904866199544001,0.003007652586300706,3.2760851663999954e-07,0.04899649333583091,0.29456072660547084,0.24965894183942333,0.21731156743978522,0.17042373588480744,0.01898703169267389,6.150320200860382e-05
Riderbelt,preprocess_Reading53.dat,0.6743533946810265,0.15035655653763935,0.172496291149726,0.002793453237905039,3.0439370322396247e-07,0.06412051439821803,0.3672511940084007,0.2233183036019261,0.15615536992121512,0.16797052221196201,0.02108536514811196,9.873071016610058e-05
Riderbelt,preprocess_Reading54.dat,0.6608609596852759,0.1704615174283475,0.16613889476122265,0.002538351558647283,2.7656650669423633e-07,0.05628166539116869,0.3490091535563595,0.2330993147089024,0.17825824368518217,0.1654869610510686,0.017808474805000658,5.618680231790385e-05
Riderbelt,preprocess_Reading55.dat,0.6807826243195436,0.15150647709852674,0.16493090222065068,0.0027797487690418943,2.4759223691962475e-07,0.06765831193490539,0.3894482246829428,0.20968620015824102,0.16383442374660906,0.1548121003892622,0.014503609181410434,5.7129906628884484e-05
Riderbelt,preprocess_Reading56.dat,0.6384321447547864,0.1725209576478357,0.18605479364881117,0.0029918508283975262,2.5312016906071946e-07,0.05500369469789429,0.3382104147870694,0.23825843684220485,0.18080919814715402,0.17161067626319187,0.016053530567238506,5.404869524717575e-05
Riderbelt,preprocess_Reading57.dat,0.685178479824726,0.1554976650328554,0.1565395503453038,0.002783593461431915,7.113356829088546e-07,0.06526012683717619,0.3641858137199702,0.2320301920834495,0.1690846625651819,0.15505713193829465,0.014331255687589634,5.081716833798621e-05
Riderbelt,preprocess_Reading58.dat,0.6819690688483963,0.14713252951584593,0.16813526924570557,0.0027622928023726054,8.395876793493661e-07,0.06600079988140736,0.3821702319078264,0.22723995859539237,0.16409409885920354,0.1460994122477766,0.014342895330260034,5.2603178133523954e-05
Riderbelt,preprocess_Reading59.dat,0.6029999207104122,0.187678610745173,0.20631800253775845,0.0030031320587770335,3.339478793430095e-07,0.04666414947858282,0.30227095203454496,0.24940519999428473,0.20589993818477903,0.17830317899049422,0.0173996400999781,5.694121733622717e-05
Riderbelt,preprocess_Reading6.dat,0.6564577101232203,0.18804232173098265,0.152281589783119,0.0032175574678457515,8.208948326055435e-07,0.027507264122997893,0.26750382275855505,0.3407870885770308,0.19066161822603575,0.16032351233009662,0.013126521759567132,9.017222571693855e-05
Riderbelt,preprocess_Reading60.dat,0.6451353816550339,0.16850699236665134,0.18262469913187845,0.003732661333766936,2.65512669315204e-07,0.05640489224649963,0.3138581545688854,0.26141680944759843,0.17413872519917226,0.17659136523266306,0.01753036279479383,5.9690510387443944e-05
Riderbelt,preprocess_Reading61.dat,0.6223640932218539,0.18822485257605936,0.18623994455698936,0.00317079112435265,3.185207446157001e-07,0.04508937951603744,0.28360816321277893,0.2835215293658942,0.19916614136530628,0.1698043449211417,0.018733203250060834,7.723836878064682e-05
Riderbelt,preprocess_Reading62.dat,0.621273232364736,0.18937574138735933,0.18641506520109796,0.0029356689402208983,2.9210658598531424e-07,0.03862604356626469,0.26502968825374146,0.29439764742970276,0.20970826551956928,0.17371048684986876,0.018469444109481977,5.8424271371206046e-05
Riderbelt,preprocess_Reading63.dat,0.5813756982593642,0.18101089209625126,0.23450622264385235,0.003106938818249968,2.4818228212604137e-07,0.047439252944827454,0.30208966874453486,0.22332130388365695,0.21309315357184289,0.1968114305999212,0.017190507300736152,5.468295448051482e-05
Riderbelt,preprocess_Reading64.dat,0.5490957636502204,0.22141546739443885,0.22660127441567499,0.0028872411845375923,2.533551279974384e-07,0.03195610021294561,0.2316901522465421,0.25526573858451795,0.2518279811927784,0.21358130298195768,0.01560872499175278,6.999978950532762e-05
Riderbelt,preprocess_Reading65.dat,0.5492347811123071,0.19836103389766607,0.24979490659510808,0.002609009531856375,2.688630623246442e-07,0.03629979358692819,0.23179511852367085,0.2685559123174941,0.22243282002280207,0.2250490739202311,0.0158114028090387,5.587881983503097e-05
Riderbelt,preprocess_Reading66.dat,0.5476571620036286,0.20179676545604586,0.2476246650785836,0.002921099467432079,3.079943099066831e-07,0.034236076777063626,0.21592936141677602,0.2686725671616072,0.2391392472814317,0.22506103293764093,0.016903929726745346,5.7784698735111255e-05
Riderbelt,preprocess_Reading67.dat,0.5886783200730056,0.1896593973500632,0.219377257512597,0.002284621748270944,4.033160634801032e-07,0.04050833268121194,0.26116826320146047,0.26876852646819255,0.22272489490137093,0.1931956757852178,0.013582796743497076,5.15102190492032e-05
Riderbelt,preprocess_Reading68.dat,0.5647119251219048,0.19863501901749675,0.2340050364104482,0.002647750127374136,2.6932277594959724e-07,0.031074833201538248,0.21700398056877707,0.27268987482910345,0.24546167499242386,0.21756925173281338,0.016147031088601455,5.33535867425044e-05
Riderbelt,preprocess_Reading69.dat,0.49695492032054916,0.21550281955422043,0.28445382661163554,0.0030881830863623842,2.504272323075183e-07,0.028051788765233024,0.23030155249660772,0.2355076484465329,0.24303697706520844,0.24393666442304474,0.019102250280669024,6.311852270415687e-05
Riderbelt,preprocess_Reading7.dat,0.5707619124403491,0.20479346946389584,0.22119054684238473,0.0032535727455058417,4.985078642487954e-07,0.029275315535199284,0.24019366791320804,0.301793924103989,0.23530177347291126,0.17662839380270218,0.016717263028499994,8.96621434902828e-05
Riderbelt,preprocess_Reading70.dat,0.5327632375348077,0.19364523234511588,0.2709424882684289,0.0026488103754709964,2.3147617632762192e-07,0.037868026225636356,0.2513825297749461,0.22704407609435245,0.23523174597590674,0.23102609236062271,0.017391864694614675,5.566487392108864e-05
Riderbelt,preprocess_Reading71.dat,0.5077529266340615,0.20201059201227106,0.2873495026604987,0.0028865560312406127,4.2266192797302116e-07,0.028337997075635026,0.21490285506493176,0.2401049915583809,0.259039931694182,0.2403234453076897,0.017224564378032988,6.621492114775519e-05
Riderbelt,preprocess_Reading72.dat,0.5234478116838275,0.2101651334543916,0.2630567614824172,0.003330021943895508,2.71435468300463e-07,0.03246775505468842,0.23643794693556663,0.2421753885575563,0.22318325094435443,0.24537385109599208,0.020255410364197667,0.00010639704764467249
Riderbelt,preprocess_Reading73.dat,0.5784880370422931,0.1978470622585868,0.22052387724507147,0.0031407536155982616,2.698384499017121e-07,0.03277481638954911,0.27255210653067946,0.2521305575197961,0.23244419384830528,0.1914733169057082,0.018566021960966482,5.8986844995341555e-05
Riderbelt,preprocess_Reading74.dat,0.5842547189037067,0.17311499646341927,0.23961583258051708,0.003014149535102331,3.0251725457616846e-07,0.03499272449631966,0.2745101596972917,0.2592333764104241,0.2062318410177879,0.20729831920794764,0.017664851842329233,6.872732789979286e-05
Riderbelt,preprocess_Reading75.dat,0.5036337500178827,0.1869915277814524,0.30631566975967,0.0030587807160847484,2.7172491030664157e-07,0.03051078380706909,0.23064847850590312,0.22214496031393582,0.22792861920329743,0.27086844245720676,0.01783243765769607,6.627805489164833e-05
Riderbelt,preprocess_Reading76.dat,0.5238958271432644,0.22867899291695093,0.24378941619808112,0.003634997376040392,7.66365663063442e-07,0.027390999182187015,0.22392152543679272,0.25708359758973504,0.2549872506796187,0.215852755013985,0.02066683526593577,9.703683174569731e-05
Riderbelt,preprocess_Reading77.dat,0.536593677604331,0.22182945964267425,0.23801537175896928,0.003560917490997956,5.735030275045191e-07,0.027516178874646875,0.2251657414583389,0.26905665075527135,0.24615670667269596,0.21232711077260266,0.019694745100556757,8.28663658875458e-05
Riderbelt,preprocess_Reading78.dat,0.6650686605633269,0.16835070363778418,0.16395296086044114,0.0026271068597751527,5.680786724901088e-07,0.027705753361108885,0.2698042490975206,0.3300333766110328,0.20239278198379246,0.15560572962180877,0.014388775731201509,6.93335935348219e-05
Riderbelt,preprocess_Reading79.dat,0.637262547718095,0.16829584549044577,0.19038079302836353,0.004060233832791487,5.799303043238448e-07,0.02877972168765777,0.27728957122575254,0.31529015024547224,0.19265530485128943,0.16946464836802938,0.016407617563551566,0.00011298605824700946
Riderbelt,preprocess_Reading8.dat,0.5936315090995695,0.20266190715057844,0.2005516942416715,0.003154335808397385,5.536997832242046e-07,0.02292508007330881,0.23063521636353515,0.31685434214587044,0.22400249892865218,0.1887232022378832,0.016784620116630542,7.504013411974661e-05
Riderbelt,preprocess_Reading80.dat,0.5843379162915602,0.18940183591989176,0.22310494613029602,0.003154812407242617,4.892510095395353e-07,0.023921621286589697,0.2302432169165668,0.331142700394629,0.19508429326148521,0.20345074797537285,0.016077547559125112,7.987260623125447e-05
Riderbelt,preprocess_Reading81.dat,0.6655686340914115,0.1669949151636553,0.16536488280003608,0.0020711119654911255,4.5597940594654576e-07,0.03226710376808982,0.2532817510024482,0.36512524789509576,0.1880252226389678,0.14893828190867056,0.01231398940187045,4.840338485743577e-05
Riderbelt,preprocess_Reading82.dat,0.6226413972750998,0.18659625324150278,0.18867095955550037,0.0020910407534107953,3.491744861660259e-07,0.030314052792138814,0.24979347562383186,0.3404446071626829,0.1937961564895672,0.17214324259125824,0.013454597097141564,5.3868243379431924e-05
Riderbelt,preprocess_Reading83.dat,0.6294464375961586,0.19199490913311087,0.1764008722379156,0.002157358023753568,4.230090613886118e-07,0.02971400423134272,0.2563057614895217,0.3277130447177421,0.21404347857732609,0.15761739556087556,0.0145437870589984,6.252836419341137e-05
Riderbelt,preprocess_Reading84.dat,0.6512831147534054,0.17481508988214717,0.1718911698181443,0.0020099738510627307,6.516952401529444e-07,0.028601723058169447,0.2649882393522966,0.33729740239282097,0.1882411131789646,0.16769540418278656,0.013117402855230971,5.871497973102386e-05
Riderbelt,preprocess_Reading85.dat,0.655875975824001,0.18750190986815904,0.1544362613736129,0.002185387010171234,4.6592405577860674e-07,0.026305150776387343,0.25559337660541953,0.3510576119826615,0.21527836383141424,0.13917012719844576,0.012545525367031369,4.984423864011896e-05
Riderbelt,preprocess_Reading86.dat,0.662703110592047,0.17721235483625114,0.15808439887811945,0.00199978057169261,3.5512188966097617e-07,0.028072968082477622,0.25477936050628525,0.3581881345352324,0.19759038909244414,0.1485843361263872,0.012739170417256434,4.564123991688056e-05
Riderbelt,preprocess_Reading87.dat,0.6842567675040683,0.16503633114981628,0.1486145893030034,0.002091846796615024,4.6524649729923097e-07,0.0326155912249127,0.2629461219393313,0.3622830342670047,0.1940907160947163,0.13526987033764765,0.012747909648802848,4.675648758457836e-05
Riderbelt,preprocess_Reading88.dat,0.6932202506265095,0.16107410482669055,0.1439277834282323,0.0017774708045952845,3.9031397242487804e-07,0.029029048955577116,0.28490800224244767,0.3583450912536939,0.18627260665825207,0.12969140690467656,0.011711113305479179,4.273067987361834e-05
Riderbelt,preprocess_Reading89.dat,0.6825913408201725,0.16102584552848512,0.15426231447291183,0.002120171640971385,3.275374591531382e-07,0.02783852337128359,0.27173452711761137,0.37021437638236593,0.17864930761652206,0.13858609364820074,0.01291297173230872,6.420013170771562e-05
Riderbelt,preprocess_Reading9.dat,0.5896628361684626,0.19458141749996116,0.21280702980132699,0.0029482703827095756,4.461475395673236e-07,0.021804946027766066,0.24259178490052355,0.29754356520992603,0.2393499579490864,0.18459932290397604,0.01404728173620595,6.314127251587961e-05
Riderbelt,preprocess_Reading90.dat,0.6267152522694215,0.18281259128923097,0.18813012047795458,0.002341642629380082,3.933340128214482e-07,0.02498506378145861,0.2558835561436691,0.3327401013036481,0.21411372079440305,0.15708991773831357,0.0151344724475415,5.316779096595417e-05
Riderbelt,preprocess_Reading91.dat,0.6309799037295629,0.19093869273120703,0.17574678671395966,0.002334296297712363,3.2052755813108524e-07,0.03214900948750228,0.2887038926828402,0.30709241064257903,0.20297571224070426,0.15519968830682873,0.013827776212417401,5.151042712816716e-05
Riderbelt,preprocess_Reading92.dat,0.6160397905500643,0.17365403282522748,0.20755842842733416,0.002747400509789026,3.4768758487139487e-07,0.03793141090884574,0.3025908010645695,0.26295082799212305,0.19871453229643707,0.18090041137524238,0.01685425228288247,5.7764079899641134e-05
Riderbelt,preprocess_Reading93.dat,0.5969333021144844,0.21278995538630538,0.18718137748581637,0.003094985600751256,3.794126426377657e-07,0.03594484452942533,0.2715314141419191,0.27317240992376546,0.23027161043463276,0.1735989708653014,0.015414283540210029,6.646656474599778e-05
Riderbelt,preprocess_Reading94.dat,0.565855628923432,0.23279770682635903,0.19634070648397092,0.005005411887603503,5.45878634784216e-07,0.030323958007645663,0.25733952503171403,0.25639966029415334,0.2420082860843106,0.19657615862538744,0.017260087666930775,9.232428985843903e-05
Riderbelt,preprocess_Reading95.dat,0.6103180263704123,0.19367755648005408,0.19216076056919204,0.0038430846597651528,5.719205764037813e-07,0.03373564629925303,0.28134608413053164,0.27861938594172364,0.19818696888197704,0.19143978730025202,0.0165982834640648,7.384398219782573e-05
Riderbelt,preprocess_Reading96.dat,0.577641431954293,0.20690799466606072,0.21116954872556132,0.004280290841035436,7.33813049494536e-07,0.03335085501022572,0.27125984727208896,0.267390354877444,0.21328867116793965,0.1942469028169941,0.020381844386301425,8.152446900631863e-05
Riderbelt,preprocess_Reading97.dat,0.5732292478555777,0.20300688721746,0.21969300356040078,0.004070270389426686,5.909771349563216e-07,0.02446873503673673,0.2577754844030746,0.28758019404077834,0.2200025985372196,0.18970678642384442,0.020382814615806582,8.338694253981077e-05
Riderbelt,preprocess_Reading98.dat,0.6085356011915121,0.1921368810390252,0.19537360943540558,0.0039533525941504,5.55739906563182e-07,0.04249837016100696,0.2957630094671683,0.25600449543673537,0.21018625586255274,0.17820045012547003,0.017274864934930724,7.255401213582632e-05
Riderbelt,preprocess_Reading99.dat,0.6291425167867098,0.19512763280214934,0.17269517787367117,0.0030341369623068984,5.355751626326528e-07,0.03973615167363585,0.28670608383151136,0.29478974504962413,0.19507006555429154,0.1695324391551067,0.014109712469227731,5.58022666027498e-05
