classe,arquivo,amostras,media,rms,desvio_padrao,potencia_total_welch,fracao_0_500,fracao_500_1000,fracao_1000_2000,fracao_2000_4000,fracao_4000_8000,wavelet_A6,wavelet_D6,wavelet_D5,wavelet_D4,wavelet_D3,wavelet_D2,wavelet_D1
Healthy,preprocess_Reading1.dat,50000,-0.01066617075354,0.28072378538408616,0.2805210802806569,0.07924662552322582,0.5269205550544762,0.24046443855572427,0.222848609967149,0.009765715470495146,6.809521552631696e-07,0.046047605031198535,0.25861737336198326,0.22127844718420075,0.21543673549995276,0.2135842889142195,0.0442536716661412,0.0007818783423040318
Healthy,preprocess_Reading2.dat,50000,-0.01687244311282,0.2748901402902142,0.27437184602684417,0.07245555386944268,0.563238081432608,0.25957154828621687,0.1685117058641768,0.00867802385798,6.405590183317152e-07,0.047942212550193215,0.2741518801806004,0.22774362758570219,0.2526494122981624,0.17129180397984595,0.025710062229257577,0.0005110011762382849
Healthy,preprocess_Reading3.dat,50000,-0.01209764966866,0.26843488607893473,0.26816214299692837,0.0711126766401182,0.5939960423901781,0.22685118646444913,0.17053619577434712,0.008615933094800325,6.422762252158237e-07,0.037789050587902065,0.26381357326105376,0.26717495223560495,0.2344807490278443,0.1702524122322883,0.025940384331277145,0.0005488783240293949
Healthy,preprocess_Reading4.dat,50000,-0.015104516710344601,0.25489937612285235,0.25445146005233743,0.06396931293174446,0.634169262375647,0.22322614061406845,0.1350290911866083,0.007574912757964429,5.93065711766772e-07,0.05066853313785171,0.2901160473497948,0.26661352421032425,0.23419127002898427,0.13890875104126627,0.019090216052836936,0.0004116581789417643
Healthy,preprocess_Reading5.dat,50000,-0.020795592770134,0.26480991975068807,0.2639921152604839,0.07199012875836387,0.7103717638122654,0.17116108188197654,0.11253572089471522,0.005930874943431304,5.584676115450892e-07,0.07554526825042755,0.4007440883247597,0.21753132055228983,0.17376114958111452,0.11670476165489393,0.015377533768376453,0.0003358778681380983
Healthy,preprocess_Reading6.dat,50000,-0.016295785397260003,0.2490398496131941,0.24850612482119788,0.06145170144551069,0.643687936633221,0.21409018525831722,0.1346191004469021,0.007602211396137009,5.662654225712905e-07,0.05786363618596161,0.3308951680416376,0.23756332249524023,0.2160630568116505,0.13964683844949918,0.01756654740821466,0.00040143060779622956
Healthy,preprocess_Reading7.dat,50000,-0.01571557811386,0.26275120412971653,0.26228079585849046,0.07094810355545475,0.6236011042404138,0.21629990472039326,0.15223327958030855,0.007865143323215444,5.681356689511127e-07,0.04321923705269181,0.28088202703412835,0.2679357336437704,0.23757202651860695,0.15156820933064444,0.01842537422250695,0.00039739219765102656
Healthy,preprocess_Reading8.dat,50000,-0.024305381772419997,0.25302903007842037,0.2518589654535313,0.06209284846235535,0.6058510500094375,0.24059700205886353,0.14648564575758052,0.007065675420744187,6.267533741960552e-07,0.035851497764258944,0.26534947114249846,0.2872716887432889,0.24251486562253285,0.15095899126480258,0.017664612233692235,0.00038887322892603116
Healthy,preprocess_Reading9.dat,50000,-0.0050024457001631994,0.25265339107335594,0.25260386291164094,0.0652334170923447,0.639440223098119,0.21801375751829208,0.13556380132280468,0.006981573786294935,6.44274489202065e-07,0.04711993061210418,0.29563181529322746,0.2712973918537648,0.22842699874370317,0.14079265143145617,0.01637097263642352,0.0003602394293207881
Healthy,preprocess_Reading10.dat,50000,0.0059401049969448,0.26968641986118036,0.269620993637673,0.0731367986258146,0.663626066005435,0.1920406040006312,0.13752151784327718,0.006811183343892069,6.288067644944092e-07,0.05796459117427159,0.3266701900626073,0.252076334201875,0.20818248807928968,0.13750219766213154,0.017242630270384238,0.00036156854944061046
Healthy,preprocess_Reading11.dat,50000,0.020728408355064003,0.2747256956909578,0.27394258697753887,0.07635830889979098,0.6257853157584224,0.21140730985792291,0.15552804273049256,0.007278734454107778,5.971990544351674e-07,0.03411579174618134,0.30549225565916033,0.26791230926638665,0.22615069595873788,0.14808962055061667,0.017841751182589873,0.00039757563632710375
Healthy,preprocess_Reading12.dat,50000,-0.006439929240799999,0.26144065179096704,0.26136132407121593,0.06775854681359852,0.6629847454901354,0.19181962633081576,0.13870637988600862,0.006488703819653697,5.444733865814874e-07,0.04180077778284807,0.3179543096369892,0.28262554987612865,0.21352549284217454,0.1277727766067536,0.01597527358364558,0.00034581967146040136
Healthy,preprocess_Reading13.dat,50000,-0.0021125754579068,0.25411676884036616,0.2541079873416079,0.06400561557708052,0.6227577434173011,0.2023541812655372,0.16782755819485087,0.007059873105642048,6.440166687871518e-07,0.03504047598490964,0.2949585421085193,0.26908917179649094,0.23219933676258328,0.1489112831621877,0.019378086654149432,0.00042310353115962657
Healthy,preprocess_Reading14.dat,50000,-0.035324696742406,0.24131549742995875,0.2387160134970536,0.05692593839770229,0.6468536863042612,0.1900733482300392,0.15629170173512288,0.006780622192803888,6.415377728118641e-07,0.047370362909250556,0.3093270878948128,0.2724292152730079,0.2151995173614543,0.13840241350054178,0.01693685593905888,0.0003345471218737519
Healthy,preprocess_Reading15.dat,50000,-0.017874263377451998,0.26041734870013294,0.25980320670215007,0.06553135093903303,0.6496640585630133,0.2053441173397417,0.13755572430443172,0.0074354705121566,6.292806567132222e-07,0.04791251734892636,0.31147836410776814,0.2699789008760912,0.21824946480645924,0.1345962872344283,0.01739990017273887,0.0003845654535877891
Healthy,preprocess_Reading16.dat,50000,-0.040802236691972,0.2459765982478453,0.24256888581702762,0.058792007327132675,0.7031482819806428,0.17499261654147963,0.1158646054930235,0.005993948537293445,5.474475606751414e-07,0.05141208040319922,0.34880607285742443,0.2798573253425779,0.19435191450074085,0.11002912366307556,0.015214918938308421,0.0003285642946736127
Healthy,preprocess_Reading17.dat,50000,-0.043000734219246,0.25840967501653694,0.2548067836592229,0.06466954936050466,0.6648489819615262,0.17772533130722235,0.1498422874983737,0.007582764842927155,6.343899507328815e-07,0.04129559364188979,0.31622504864289463,0.26795656469127466,0.21741562133353118,0.13829303454614544,0.018412326058758716,0.0004018110855055792
Healthy,preprocess_Reading18.dat,50000,-0.01018479360463,0.24253502974752061,0.2423210899485676,0.05961422954028101,0.6821912724829731,0.1734837809818514,0.13777257891944908,0.006551779876570929,5.877391555178614e-07,0.04942725342017492,0.3564067959311956,0.25917832462140394,0.19053600482888627,0.12838071450106656,0.015729683926414644,0.0003412227708580026
Healthy,preprocess_Reading19.dat,50000,-0.034667075277838,0.2695633898751722,0.2673249241142225,0.07104768890916087,0.6992209402942751,0.1710893085168792,0.12299980860510264,0.006689365261183966,5.773225590304633e-07,0.04581603041983244,0.33851912090539044,0.2809271138559851,0.20304652124319175,0.1159760790674298,0.015369252191730779,0.00034588231643964304
Healthy,preprocess_Reading20.dat,50000,-0.0023796538521919995,0.26562504164114925,0.26561438213019645,0.07064773815359894,0.6519554650963639,0.1884239580691387,0.15219808048146388,0.007421826185514931,6.701675183992936e-07,0.03633756803986825,0.31864092929115506,0.27463190363819734,0.21024635546839826,0.1410556964067724,0.018694458812792754,0.000393088342815943
Healthy,preprocess_Reading21.dat,50000,-0.039082509957444,0.2612123315645302,0.25827202631489987,0.06720108676383148,0.6877020766743273,0.178154050199244,0.12827965251185217,0.005863607499916453,6.131146602833874e-07,0.049001377983592595,0.3397217444200498,0.2812063917874703,0.19991007867971614,0.11475565095965795,0.015081004749861081,0.00032375141965216555
Healthy,preprocess_Reading22.dat,50000,-0.007436463060487,0.26018633028261295,0.2600800366869456,0.06811501892002932,0.6995476914013372,0.17241945644094536,0.12098256344033964,0.00704970257388923,5.86143488395777e-07,0.058126811999031976,0.3778368522580302,0.24464228493891774,0.19069173240521278,0.11182753389068303,0.016502748127770674,0.00037203638035360247
Healthy,preprocess_Reading23.dat,50000,0.043184235592404,0.2801749285464662,0.2768268635488926,0.07816122105680957,0.7119165416508103,0.16412674251152237,0.11660040522289367,0.007355726171227803,5.844435459737063e-07,0.05702621545652202,0.3510715968183264,0.2740637945465564,0.18779124428345834,0.11422130581975928,0.015475794826902459,0.00035004824847513646
Healthy,preprocess_Reading24.dat,50000,-0.0076913911357400005,0.2703702130839689,0.27026079002598175,0.07152512982542467,0.7104488350959813,0.16682764403512787,0.11601866285933576,0.006704296004587916,5.620049672335099e-07,0.05690608863499888,0.399339039225231,0.23476698481915736,0.18446634877507723,0.10854402502937201,0.01563913015778911,0.0003383833583744249
Healthy,preprocess_Reading25.dat,50000,-0.00911738666004,0.26307947350811933,0.262921438155584,0.06806789108545383,0.677435656617317,0.1815090009077987,0.1336343080729564,0.007420425347212512,6.090547156890977e-07,0.03833456898856936,0.32183117937854716,0.295922350154857,0.2049497996370105,0.12160981292047077,0.016991473264913088,0.0003608156556321194
Healthy,preprocess_Reading26.dat,50000,0.025488670408796002,0.23666910440441372,0.23529256822173336,0.05237622125614187,0.6772243585948402,0.18486317135375366,0.13104218417805552,0.006869555016988767,7.308563620030274e-07,0.04174825035015126,0.3093725670403506,0.30166191652852914,0.2074093735020361,0.12215890777350723,0.017285808771457686,0.0003631760339678322
Healthy,preprocess_Reading27.dat,50000,-0.05585472902764001,0.26213776533547695,0.2561180533666584,0.06727621699028286,0.6892408695078986,0.17973834335936123,0.1242656361857414,0.0067545484599835165,6.024870153047457e-07,0.04284248878274483,0.3470048467019282,0.2805327359048037,0.19623164349976518,0.1164209527262615,0.016617188833039795,0.00035014355145676504
Healthy,preprocess_Reading28.dat,50000,0.0196275428927204,0.2524842319274726,0.2517201758540626,0.06238714208989576,0.7007177920146813,0.1600184787043504,0.13297012459402677,0.006293040623956237,5.640629854129895e-07,0.04346869387099348,0.38356243664515427,0.25327626869759295,0.18023490361146866,0.123739900616861,0.01538842397399456,0.00032937258393495126
Healthy,preprocess_Reading29.dat,50000,0.01795238844688,0.2481712195397551,0.24752104144274614,0.0617464695933876,0.7098688913778952,0.17087025366595315,0.11370616636842637,0.005554102182402068,5.864053232318965e-07,0.0428689417477061,0.39712808892804313,0.24967976063768496,0.18718985720674275,0.10786568648203336,0.014955297877789361,0.0003123671200002839
Healthy,preprocess_Reading30.dat,50000,-0.00741187167724092,0.2604629794958009,0.260357500076472,0.06834762627010126,0.7142898469433149,0.1603202980635888,0.11891252050153005,0.0064767156852201515,6.188063459000238e-07,0.06179788243346368,0.3839892281664455,0.248043260149724,0.17657654066011744,0.11326560272819089,0.015989573240988757,0.0003379126210697132
Healthy,preprocess_Reading31.dat,50000,-0.014747894232812,0.24923790828684583,0.2488011948180715,0.06344521681242142,0.6855569276578826,0.18842966769276354,0.11862394113471163,0.007388903242152654,5.602724897208998e-07,0.04990915258621734,0.3750604657760342,0.24857079279268812,0.19148460861883573,0.11802564561864361,0.01659631139185001,0.00035302321573112323
Healthy,preprocess_Reading32.dat,50000,-0.009731037467780439,0.27594808476854404,0.2757764536671473,0.07635715197986269,0.68368883555025,0.1636238081445991,0.1462628548759008,0.006423924639021829,5.767902283457283e-07,0.05112312477777791,0.36841411854183503,0.2546336759465045,0.18038298019417603,0.12893261614587212,0.016173954449366753,0.0003395299444675609
Healthy,preprocess_Reading33.dat,50000,0.066315651130418,0.2467542758016652,0.23767605483420692,0.05784008673137884,0.7097260042131476,0.15969779751865099,0.12377326499953369,0.006802286922490349,6.463461773858929e-07,0.05739302467071185,0.3833497859898414,0.25563924648909886,0.17256633995151746,0.11466261308975698,0.016044709727248252,0.0003442800818252248
Healthy,preprocess_Reading34.dat,50000,0.0008504051701879999,0.2644565781299778,0.2644552108151087,0.07038951553407202,0.7431321372769033,0.15588988264668602,0.09501239745644817,0.0059650013119017025,5.813080607649617e-07,0.06574453158806794,0.3865712890672186,0.2624648035812131,0.1751444042810644,0.09584017192738488,0.013924302892964015,0.00031049666208713664
Healthy,preprocess_Reading35.dat,50000,0.044225834933578005,0.27345453299638756,0.2698545110623506,0.072006892969174,0.7245264757683534,0.1734769925428002,0.09630115414113223,0.005694724541684066,6.530060301050181e-07,0.07318740914675927,0.3982932849367974,0.23263704845724914,0.18476175892222366,0.09722218107921587,0.013595161415937753,0.00030315604181695236
Healthy,preprocess_Reading36.dat,50000,0.027011528123726,0.2652841643730705,0.26390540959885506,0.07161618502005711,0.6973157632313005,0.17341988581744724,0.12288119793720068,0.006382578831202527,5.741828491823298e-07,0.0703730215102207,0.38048788912243353,0.22725240754698933,0.19101960475420945,0.11491893183386817,0.015623051885306084,0.0003250933469726854
Healthy,preprocess_Reading37.dat,50000,0.019278667455588,0.2587836508110783,0.2580645479492426,0.0651954561718679,0.7129116075398534,0.16923143983380828,0.11038459385342198,0.007471718639056393,6.401338599589328e-07,0.05703679879809627,0.3807103798388052,0.2595566368785486,0.180421481921076,0.10629960945268938,0.015602945428924547,0.00037214768186016043
Healthy,preprocess_Reading38.dat,50000,0.009105841267016,0.24056935416480307,0.24039695883702514,0.058020667116923934,0.7183861275513793,0.1385006792867294,0.1373885109285379,0.005724047621802636,6.346115507876121e-07,0.07232800807739044,0.40048768926717837,0.23807438895522598,0.16169650973022012,0.11319701088966456,0.013918177600955818,0.00029821547936461506
Healthy,preprocess_Reading39.dat,50000,0.034809101273768,0.264907807786774,0.26261087771626473,0.06924661420009927,0.6914406047149061,0.18661664212648216,0.11473892617162029,0.007203125390894658,7.01596096604383e-07,0.0472463907409678,0.34915989111402995,0.2847527901636817,0.19325608128690863,0.10965975592119019,0.015581309467221213,0.00034378130600048833
Healthy,preprocess_Reading40.dat,50000,0.010600297044255299,0.2534534539649459,0.25323168646386746,0.06159815447885012,0.6909763469227569,0.18391714813537036,0.11764673896147654,0.007458998240483888,7.677399123219735e-07,0.06697940567232417,0.37374251784647977,0.2600991409758198,0.17756016235354352,0.10654316886395582,0.014750674053284405,0.00032493023459262497
Healthy,preprocess_Reading41.dat,50000,0.03260635865175,0.2682479540735058,0.26625887823713057,0.0704260109630802,0.6941511945709856,0.16419561037145963,0.13516002730283136,0.006492358370119482,8.093846039366877e-07,0.059967341103669435,0.3719938569439464,0.24631976433604505,0.1878263933517162,0.11795533564247444,0.0155863626989938,0.0003509459231546872
Healthy,preprocess_Reading42.dat,50000,-0.004613197151958,0.24594500115008427,0.24590173241104285,0.06087939629176629,0.7283641046547144,0.16019999432514134,0.10548789832107415,0.005947400220342199,6.024787280718106e-07,0.07961128345265388,0.3983347836346866,0.23549403607768946,0.17639543182663253,0.09634663657736094,0.013532149520921034,0.0002856789100556962
Healthy,preprocess_Reading43.dat,50000,-0.037831541925766,0.24069492790237587,0.23770322411244008,0.058562765319917165,0.7016335527550288,0.18044252740597314,0.11118394189356286,0.006739259037088626,7.189083467335673e-07,0.05755502116375878,0.3703192793557561,0.2507835375484214,0.2001021597901431,0.10623924774417885,0.014677903196413086,0.0003228512013286168
Healthy,preprocess_Reading44.dat,50000,0.01433931418266,0.2723169646807115,0.2719391720986272,0.07479090891460394,0.6950864105536373,0.17351087760878042,0.12436687304690046,0.007035024214318088,8.145763638416059e-07,0.0678670958653355,0.3683339019676822,0.24916498976181609,0.18298335554149445,0.11506883208171269,0.016230066999315115,0.00035175778264386753
Healthy,preprocess_Reading45.dat,50000,-0.025081035226490002,0.257115031454782,0.2558888060700606,0.06743926380052544,0.7095800143723693,0.17334323563658643,0.1097212843621991,0.007354479146609157,9.864822363057642e-07,0.056172535130002095,0.3836374455983855,0.2574893631167338,0.18007307473813072,0.1072468003490071,0.015036161718291153,0.00034461934944951804
Healthy,preprocess_Reading46.dat,50000,0.0034554130989700002,0.26404849072605663,0.2640258805023172,0.07209573168735837,0.6961659252686333,0.17310460251146492,0.12397521849632881,0.0067534717894598365,7.819341128448179e-07,0.054305591560402135,0.3590562137933773,0.2645365904348426,0.18610281372446114,0.11956262092116318,0.016082752403493293,0.00035341716226025614
Healthy,preprocess_Reading47.dat,50000,0.044386655664800004,0.2742692634824725,0.27065375240353196,0.07556177414654172,0.6295831721919456,0.19876552933391098,0.1639923252860612,0.007657967299213404,1.0058888686252342e-06,0.043660793951068345,0.3375021561065642,0.24365608078441583,0.2117238467764858,0.1450919861314572,0.017988918629395476,0.00037621762061295787
Healthy,preprocess_Reading48.dat,50000,0.019857854815231998,0.27394556126228,0.2732248819881578,0.07667155588588138,0.6888264292627919,0.18311671707150465,0.12054526962082865,0.007510848120801073,7.359240734635992e-07,0.057260373522102635,0.38147141600027523,0.2503798231706351,0.17634675146963105,0.11734095752385687,0.016832867211602716,0.0003678111018963779
Healthy,preprocess_Reading49.dat,50000,-0.0024960314946599997,0.26872526017954124,0.2687136678424449,0.0738046410140653,0.6429201872227114,0.1895617960727766,0.15932594785738605,0.008191146414581787,9.224325443584621e-07,0.03402465621691283,0.30661881819506415,0.2887371426365582,0.20470480280858916,0.14505542607100988,0.0204302132814623,0.0004289407904035478
Healthy,preprocess_Reading50.dat,50000,0.031832858602398,0.2651440651106948,0.26322622281342734,0.07030591464900132,0.6707878309774267,0.18779638221389988,0.13384112452052266,0.007573772142225493,8.901459254901331e-07,0.06175401269092868,0.3605729501937456,0.2456955264298054,0.18955088095876305,0.12592554069108225,0.016142489775698307,0.0003585992599763946
Healthy,preprocess_Reading51.dat,50000,-0.08826732654894641,0.26057019790532243,0.2451646530401978,0.06002527889759706,0.6791719562387545,0.1657679875286188,0.14747064767109666,0.007588525788048269,8.827734817907615e-07,0.05088436878888131,0.3494193813922283,0.2641606106197994,0.18332242135358331,0.13272243293591723,0.019092573878695434,0.00039821103089495986
Healthy,preprocess_Reading52.dat,50000,0.008615176217046001,0.27455455668082807,0.27441935670239315,0.07638861347115164,0.7176478601708608,0.1664322824198833,0.10902231886750746,0.006896714055256441,8.244864918791877e-07,0.05683482092582265,0.3758242953993916,0.2682765866985406,0.18100686520066747,0.1018324595168371,0.015881091698071614,0.00034388056066891496
Healthy,preprocess_Reading53.dat,50000,0.018232803972846,0.2342191433352112,0.23350839805875934,0.05428573143996927,0.6957665588041981,0.17370635686642943,0.1230333794066487,0.0074929384447117746,7.664780119282994e-07,0.06496983129658902,0.35940121768367067,0.26366306690488966,0.1790003432919679,0.11478432292116902,0.017816923172531952,0.0003642947291818419
Healthy,preprocess_Reading54.dat,50000,-0.004042967757424,0.2698486545957672,0.26981836631122447,0.0706180208665088,0.703985624046202,0.17047604948841993,0.11891341084975067,0.0066241127665813415,8.028490461848428e-07,0.06282876454478974,0.35181836618760376,0.26472793500565056,0.1952135128381098,0.10922387718245442,0.015836049159803686,0.0003514950815881739
Healthy,preprocess_Reading55.dat,50000,0.027640622270586,0.2690636258249536,0.2676401142253631,0.07147021134499632,0.7163239438090309,0.164652167809702,0.11316788372161085,0.005855314800573989,6.898590822686665e-07,0.07348697344536051,0.3853170033429917,0.24447587640268093,0.17365234660379075,0.10666552908021805,0.01609137010223889,0.00031090102271921934
Healthy,preprocess_Reading56.dat,50000,0.008095164999963999,0.2557944581780278,0.2556663316477439,0.06661505971741738,0.7267626022696138,0.16968280750027265,0.09774176704110235,0.005812101743893732,7.214451176225895e-07,0.07312430188678226,0.3808359605085053,0.24868163052060063,0.1819172254441778,0.10029616338094477,0.014837620806358974,0.00030709745263024464
Healthy,preprocess_Reading57.dat,50000,0.00737047276242,0.2766557339281116,0.2765575369548993,0.0776386470472456,0.6726035510022416,0.18584486881996684,0.1348284186688043,0.006722441241833371,7.20267153804867e-07,0.058275308510622605,0.33702667098484,0.2689557830492258,0.19179018851727933,0.12587573273180966,0.017731275432751794,0.00034504077347078624
Healthy,preprocess_Reading58.dat,50000,-0.02004048662898,0.2747724103247608,0.2740406108067788,0.07528504736102383,0.6987958652076085,0.1749906080373618,0.11925688737332552,0.006955931907827733,7.074738764991959e-07,0.0526374014975281,0.3701686696966638,0.26526066395660985,0.18238036198734286,0.11222091211188547,0.016994108902176626,0.00033788184779332854
Healthy,preprocess_Reading59.dat,50000,0.054159254936240006,0.2834714807686985,0.27824962805716374,0.07672401774495444,0.6980064457765047,0.15745940477730724,0.13711885945355642,0.007414519832254266,7.701603772544077e-07,0.045593813167895215,0.33881324741012886,0.2799410423127141,0.18978898854011256,0.12664754609564455,0.018829023493931587,0.0003863389795731069
Healthy,preprocess_Reading60.dat,50000,-0.035337029478276,0.25711543006576526,0.2546755558069029,0.06327133866588104,0.6836041605487684,0.18399853995840323,0.12510267261923355,0.007293897881497096,7.289920977326726e-07,0.056218362277515664,0.36669585752331396,0.25526168352851636,0.184645873866826,0.12035870421311787,0.016471263097402773,0.0003482554933073013
Healthy,preprocess_Reading61.dat,50000,-0.0026877604430419998,0.2583711559332705,0.2583571755575896,0.06744360756350842,0.694869422725573,0.17098940548052524,0.1274377862734976,0.006702661196035196,7.243243690401223e-07,0.060835369647214005,0.36176181120944023,0.25943186985227223,0.1812296838430637,0.11903158368106925,0.01735704847449504,0.00035263329244544165
Healthy,preprocess_Reading62.dat,50000,0.066079760408482,0.26682530568134855,0.25851346002926556,0.067339086526828,0.7192416660361265,0.1488938544301387,0.12468364335487467,0.007180114865788751,7.213130712022963e-07,0.06715979283284612,0.3437605534889826,0.29349603754251674,0.16143414888339755,0.11579156162922914,0.017994866954649573,0.00036303866837837087
Healthy,preprocess_Reading63.dat,50000,-0.01348172775924,0.27984836978667554,0.27952343924774115,0.07703298206628774,0.6974598587364393,0.1679089934745976,0.12611299920724683,0.00851722752822779,9.210534885094279e-07,0.06048444279125505,0.36612073913621523,0.25469425010337016,0.17444357134320848,0.12409287076085918,0.019762269420155933,0.00040185644493598706
Healthy,preprocess_Reading64.dat,50000,0.029512632307646,0.26781560538853083,0.2661845281452304,0.07223721461629548,0.7114623514470924,0.15305103244953794,0.1285808574587103,0.0069050424605851726,7.161840743183361e-07,0.05456427005838994,0.36041675680815627,0.27605027185485825,0.17150050470297026,0.11872351465961031,0.018384063321556177,0.0003606185944587921
Healthy,preprocess_Reading65.dat,50000,0.0325136942523,0.2555575237725411,0.2534807835770216,0.06108991476511759,0.7018817083628055,0.15665435307804892,0.1341523803735444,0.007310696528950792,8.616566503038452e-07,0.05520348985749194,0.3896627347102055,0.2422935161967953,0.16853300420446815,0.12208259104429485,0.021790396490060707,0.0004342674966835873
Healthy,preprocess_Reading66.dat,50000,0.008234047372432001,0.27593948346479813,0.2758166039213161,0.07698913611764817,0.6705220897691345,0.17839392794632047,0.14310943408135807,0.007973601057618459,9.471455683289996e-07,0.05118230390420066,0.328884608912337,0.27547990477005196,0.19160078982052417,0.1333880826869717,0.019078074881331526,0.0003862350245828776
Healthy,preprocess_Reading67.dat,50000,-0.0199188561947606,0.2648632031192795,0.2641131491132109,0.07140131584776827,0.7015088063385055,0.16019660480559372,0.13020176535196168,0.008091943157514513,8.803464245428629e-07,0.06781134549261099,0.3576550522085408,0.2500724270586607,0.1790387266245464,0.12533571559262197,0.019690528737067062,0.0003962042859518818
Healthy,preprocess_Reading68.dat,50000,0.0031504882779240006,0.2625904507387513,0.26257155071102284,0.06997586535997717,0.7231964547658859,0.14812502361508456,0.12104959848538328,0.007628272997527331,6.501361189483443e-07,0.06978729727556959,0.37732057958801335,0.25089962190309256,0.16402720526582648,0.11610410317167369,0.02143948751804461,0.00042170527777972633
Healthy,preprocess_Reading69.dat,50000,-0.01052638008564,0.24878151011584698,0.2485587155941508,0.06303869459253224,0.6972868725608594,0.16875296540712525,0.12613605238821315,0.007823349388931667,7.602548704982339e-07,0.058736866886030144,0.3484938171611697,0.27436249888722786,0.17873142910095483,0.11793934900210205,0.02131945715753086,0.0004165818049845424
Healthy,preprocess_Reading70.dat,50000,-0.03790485485814,0.26373098818189555,0.2609928276899242,0.06970643033550473,0.7329443316397625,0.15161399966415373,0.1076421219409068,0.007798888123888711,6.586312886126593e-07,0.06522917747477806,0.3860013172188794,0.26512688179238547,0.15969977623663875,0.10521378962523667,0.018355189846120775,0.0003738678059608294
Healthy,preprocess_Reading71.dat,50000,0.0017410534350280002,0.25206481832220534,0.252058805378314,0.06506527276247798,0.6791115847631435,0.18125309232180417,0.13118754949283548,0.008446898955603924,8.74466612757014e-07,0.060411750513073126,0.35467770513820124,0.25270060813635714,0.1867471674082262,0.12294156999100099,0.02208425676326494,0.0004369420498762438
Healthy,preprocess_Reading72.dat,50000,0.05405210541948201,0.26480432266376197,0.25922904775725847,0.06740846902569424,0.7114212700461613,0.16388442342347004,0.11659927891606675,0.008094278653144459,7.489611574625224e-07,0.05674284423975506,0.3757203497890789,0.2677158114742982,0.16691020521215047,0.11176165237604294,0.020717647158607935,0.0004314897500665806
Healthy,preprocess_Reading73.dat,50000,-0.017005996544451278,0.2526574910383434,0.2520845172939439,0.06559195145045896,0.7223812050105318,0.1497979214036271,0.12037418564989652,0.007445907032870664,7.809030739684105e-07,0.05969006940986341,0.3890997724043288,0.2516214226667224,0.1667815384615471,0.11348087854395922,0.01894205105872758,0.00038426745485134147
Healthy,preprocess_Reading74.dat,50000,0.0513403918336328,0.260028283634526,0.2549095377899512,0.06484585274848297,0.7058092256834559,0.16927511551634977,0.11652486739482691,0.0083900499200184,7.414853490620936e-07,0.049445176174242204,0.36497557143141746,0.2696865778569239,0.18269742313548765,0.11236288969760648,0.02041162909963738,0.00042073260468494437
Healthy,preprocess_Reading75.dat,50000,-0.025106145183978003,0.26034260013459476,0.2591292166445971,0.06937331170062255,0.7344407384199833,0.13724028940185926,0.12043006014283664,0.007888146149891717,7.658854291694517e-07,0.05474420410974053,0.3832898394508616,0.2721020177796849,0.155394706538107,0.11228069610407694,0.021772309458278877,0.00041622655925023034
Healthy,preprocess_Reading76.dat,50000,-0.034360163857774004,0.2714818175166784,0.26929863791305364,0.07174597947031675,0.5263717286276993,0.24387109391158296,0.22039741847615077,0.009359259270898652,4.997136681479078e-07,0.055894601327468936,0.28160115313488127,0.17517931474038212,0.22437183330910676,0.21264131881555173,0.049442866928188875,0.000868911744420433
Healthy,preprocess_Reading77.dat,50000,0.016222328663960003,0.26936750764277567,0.2688785789653004,0.07345810839591238,0.5656652002858908,0.2464134932730646,0.17960046117952785,0.00832023346300327,6.117985133612634e-07,0.054125057893909756,0.2739665556171263,0.20215150097500434,0.2477628822961544,0.18817584150656685,0.03320865194354065,0.0006095097676977268
Healthy,preprocess_Reading78.dat,50000,-0.033526402870784,0.25433117737390626,0.25211173732086184,0.06297552685278347,0.6447925991910181,0.19397343993330968,0.15319335531374936,0.008040046344907134,5.592170156210075e-07,0.06688551985371792,0.36130821633253224,0.19431778938309874,0.1989353673936154,0.15278411675203946,0.025280717734053108,0.00048827255094297103
Healthy,preprocess_Reading79.dat,50000,0.006647874227078,0.2530752007446497,0.25298787125118405,0.0646091804226746,0.6544442915745091,0.1933623444292295,0.145881286872527,0.006311535522070654,5.41601663681355e-07,0.06461147521473154,0.35063786033952554,0.21663290630203222,0.2008457862647271,0.1440591913703858,0.02276115860844296,0.00045162190015498953
Healthy,preprocess_Reading80.dat,50000,-0.020947072259378002,0.28155040313552393,0.28077010109613965,0.07845880975390788,0.6411123281873449,0.21260993934880779,0.13946642591479916,0.006810645540070714,6.610089776405398e-07,0.05940489213434076,0.33214588608913903,0.23959577230895535,0.20888617775728804,0.14030646858959572,0.019275143943642468,0.0003856591770385921
Healthy,preprocess_Reading81.dat,50000,-0.037740219065443996,0.2634742098154649,0.2607572340372859,0.06911476634996358,0.663572606660294,0.20517870592173687,0.12484360929142424,0.006404445641055205,6.324854895432775e-07,0.05861611096027068,0.3339786023496628,0.2413897109873829,0.2236891435079721,0.1252023365370608,0.01676170738373219,0.0003623882739184684
Healthy,preprocess_Reading82.dat,50000,1.713448051600011e-05,0.25063941814573093,0.2506394175600481,0.06311984127643844,0.646756803868522,0.20764301965263832,0.1378536774020981,0.007745872466743834,6.266099977899583e-07,0.05587512509892605,0.3209678655840852,0.2565604594701882,0.20684227235491354,0.1396550907114148,0.019687788357928837,0.00041139842254339144
Healthy,preprocess_Reading83.dat,50000,-0.0144193984945618,0.25535455605818447,0.25494711264638303,0.06404376691934877,0.6448109370077197,0.21346837237880942,0.1349313121135875,0.006788698606041823,6.798938412826899e-07,0.04223295252939254,0.28805186432669894,0.28543547370580785,0.235771329663721,0.13056599135919789,0.017554551745705752,0.0003878366694761509
Healthy,preprocess_Reading84.dat,50000,-0.012921858293248002,0.23425245156120142,0.23389578157949376,0.05627065273823402,0.6555040016676099,0.20604629701682275,0.13159619947518172,0.006852845499812154,6.563405733858943e-07,0.04430580934816882,0.30006115371641906,0.2790291885308408,0.2311322942590779,0.1291684354539917,0.015938152767898763,0.00036496592360319314
Healthy,preprocess_Reading85.dat,50000,0.014116115391899999,0.2744807660911308,0.2741175409203443,0.07536588125481627,0.6210584205525136,0.21711103756624053,0.15456190730024696,0.007268003726652951,6.308543461095338e-07,0.046139242945619316,0.2970201733570779,0.25782884293455427,0.22674429451714426,0.15353953489236477,0.0183322604498367,0.0003956509034027775
Healthy,preprocess_Reading86.dat,50000,0.04322197756265401,0.258398965850112,0.25475848603722856,0.06411576854220474,0.6715182871264626,0.1993503002202273,0.12206080712541538,0.0070699254220509995,6.801058438048575e-07,0.05066216966733876,0.30121011827376293,0.2855805261771034,0.22221800224905844,0.12361341615978155,0.016345103551823295,0.000370663921131768
Healthy,preprocess_Reading87.dat,50000,-0.008977366955400001,0.26075665713542084,0.2606020742875764,0.06867986124938555,0.6991291682930819,0.18123388688992942,0.11373375748529727,0.005902697433601976,4.898980892067785e-07,0.049982456833069996,0.36179562906018903,0.2665625321237567,0.1977370747110651,0.1091303410095559,0.014476442094483252,0.0003155241678800605
Healthy,preprocess_Reading88.dat,50000,-0.013810073089668,0.2607187188646537,0.2603527073945734,0.06938459054606573,0.7004284330647959,0.1800228606226087,0.11334036879721067,0.006207826245500812,5.112698837292943e-07,0.05857724446884297,0.36512284880340945,0.2528340276669557,0.20062703350865194,0.10851306733080818,0.014017356296489234,0.0003084219248425699
Healthy,preprocess_Reading89.dat,50000,0.011252932737940001,0.26498137668358795,0.2647423303779072,0.06907420361504452,0.6672819718057981,0.19389095426463174,0.13144577117465928,0.007380688039263262,6.147156476935744e-07,0.04079200752229409,0.3248903777811818,0.279636703508999,0.20803503973041051,0.12903071532745686,0.017231785551806524,0.00038337057785138654
Healthy,preprocess_Reading90.dat,50000,0.013988956148319999,0.2731785345876652,0.27282012547710727,0.07435757029049991,0.6826918435018351,0.1604528558866599,0.15065632948075552,0.006198370717150711,6.004135988655135e-07,0.04559204765798245,0.34812871706563187,0.26230594923639,0.19262504586164655,0.13463221030991948,0.01637937697701055,0.0003366528914192433
Healthy,preprocess_Reading91.dat,50000,0.029246674512198,0.25793239643147875,0.2562689079050814,0.06656277334637116,0.68166189526286,0.1733384889410793,0.13863680883579957,0.006362179760993412,6.271992674196629e-07,0.05217354743239409,0.35437378150551896,0.2620482741141308,0.18862975318235464,0.1252658903054737,0.017136019117823403,0.00037273434230445605
Healthy,preprocess_Reading92.dat,50000,0.012197323454800001,0.2796215219550982,0.27935536658712046,0.07859841836230794,0.6489970093350619,0.20825227703662172,0.13611192609474607,0.006638102222741469,6.853108289221052e-07,0.031197713184170386,0.3010784448935611,0.3013836050938465,0.223512180394504,0.12575661286440126,0.016696881317507017,0.00037456225200972114
Healthy,preprocess_Reading93.dat,50000,-0.004127768792879999,0.26261715566340116,0.26258471389920546,0.0686217316848023,0.7087879227709761,0.15804204951841863,0.12689183658086253,0.006277630538660094,5.605910827093494e-07,0.04753608642863774,0.38306361859952326,0.26334139629085446,0.17341533297706588,0.11701382233443312,0.015282076582734082,0.0003476667867513452
Healthy,preprocess_Reading94.dat,50000,-0.018425752332678,0.2377849202982072,0.23706994742522627,0.0578176803922461,0.7087331404519365,0.15964290343942958,0.12491642614935385,0.0067068945616524265,6.353976277133316e-07,0.053216197985819155,0.3756437622636041,0.2607740504359211,0.17655337177742456,0.11726485665841027,0.016188897469679407,0.00035886340914143336
Healthy,preprocess_Reading95.dat,50000,-0.027371737455204003,0.24413040644572093,0.24259110317576832,0.05966671125418782,0.7079460235851303,0.15863063287018977,0.12708323865970858,0.006339506974134731,5.979108365984492e-07,0.048957022466768106,0.33195852352687033,0.2949718004097251,0.19300981475480308,0.11527769342955903,0.01548441823761215,0.0003407271746621805
Healthy,preprocess_Reading96.dat,50000,-0.011728004417272,0.2740025138269045,0.2737514045550295,0.07485238261974923,0.7474951065907108,0.1336721634842557,0.1126182441689451,0.006213939549504962,5.462065833427844e-07,0.055712258388784686,0.4077560859542557,0.2586694071694613,0.15900679652456312,0.10356989774984844,0.014970650975632905,0.00031490323745387325
Healthy,preprocess_Reading97.dat,50000,0.00873034246746,0.26044191711312054,0.26029554992346376,0.06642098500866485,0.7048181587539193,0.164594205404821,0.12490471131708877,0.005682355049814068,5.694743569092461e-07,0.0469895768128041,0.3774764495160901,0.26821892403523856,0.177572794880822,0.11389228916412028,0.015509356455565781,0.0003406091353591462
Healthy,preprocess_Reading98.dat,50000,0.042479524905496,0.23196221252010854,0.22803937818067158,0.05430163414855906,0.7086297248601505,0.15419589684060897,0.13025477223180182,0.006919022040566083,5.840268726573929e-07,0.06748692975251987,0.396726840483091,0.22601679934975621,0.17170008384547875,0.12134858345692115,0.016349544381331967,0.0003712187309012475
Healthy,preprocess_Reading99.dat,50000,-0.0345063209370876,0.25560776039494854,0.25326792333319303,0.06419810156741629,0.6788129496130847,0.18688757426206282,0.12697577797715534,0.007323169129274962,5.290184221844042e-07,0.058856645861568,0.3956775299140581,0.21655788304098933,0.1959033615778884,0.11551187791337746,0.017117934303707234,0.00037476738841164543
Healthy,preprocess_Reading100.dat,50000,0.026242455196005997,0.2773797880704702,0.27613561953378013,0.07604911897356721,0.6969675088071385,0.15900398663047954,0.1366474161601121,0.00738044716445045,6.412378192773675e-07,0.05993689228269923,0.39344838302553936,0.2349279168351682,0.17029302396417012,0.12298031581221075,0.018022172770565125,0.00039129530964725857
Healthy,preprocess_Reading101.dat,50000,0.017323780181446,0.26192219662579036,0.26134866314083977,0.06841852708650055,0.6961223145616984,0.1722813940926813,0.12466469090721385,0.006931078680042242,5.217583641929826e-07,0.05305544697895394,0.3794336472828238,0.2535579131187618,0.17447519908699718,0.12160141661480607,0.01747856245017678,0.0003978144674804292
Healthy,preprocess_Reading102.dat,50000,0.0364483739298644,0.25825084819169514,0.25566583000001925,0.06797266811900436,0.7177695122518523,0.15870716098441065,0.11704060058332753,0.006482205772208887,5.204082009270643e-07,0.06676403148523453,0.37076638819652696,0.25400694689445025,0.18140890315231212,0.11140058857762122,0.015325624095900277,0.00032751759795458476
Healthy,preprocess_Reading103.dat,50000,-0.0170236544834,0.2756398716013045,0.27511367469541287,0.07557415036624611,0.6824197184989802,0.17550165731710082,0.1353362474497358,0.006741712529119701,6.642050636207425e-07,0.05644198239939022,0.36304169159860994,0.2535119713401823,0.18926743242297167,0.121149231270767,0.016230587565790815,0.00035710340228817516
Healthy,preprocess_Reading104.dat,50000,0.08212759404099,0.26887244954520645,0.2560223670335815,0.06886817385876798,0.6947818810219639,0.1685008476763279,0.13005859871406322,0.006658079117753403,5.934698915789604e-07,0.051947575510233865,0.38677478395363235,0.2393671662391917,0.18734213831566296,0.11807463486000142,0.016135722471285353,0.00035797864999224433
Healthy,preprocess_Reading105.dat,50000,0.05173542296789399,0.2624618472850035,0.2573123924155026,0.06575567808637776,0.6825779545135823,0.19949343191535884,0.11100644774252075,0.006921584533138234,5.812953999318931e-07,0.08514879836623697,0.36063761517866894,0.2336365953596816,0.19878295193602238,0.10615651006365363,0.015305164315471955,0.00033236478026468227
Healthy,preprocess_Reading106.dat,50000,-0.04670969939822,0.27493009696970483,0.2709331323443097,0.07592231819389657,0.6918838524127261,0.18661541768830273,0.1149976779386002,0.006502276379082767,7.755812884558713e-07,0.05921211569536835,0.3812463286389828,0.24123909616792438,0.1896157857345888,0.11232728178777616,0.01602330559727425,0.0003360863780853257
Healthy,preprocess_Reading107.dat,50000,-0.01511588252427,0.26563068685178143,0.2652002486666663,0.07160887027101308,0.6802911765975401,0.1843873591662376,0.12768632941446062,0.00763420625713763,9.285646238781368e-07,0.05435650668192661,0.34728321263136286,0.26447592994091834,0.19327864261033528,0.12246279996830772,0.017735359946925672,0.00040754822022358235
Healthy,preprocess_Reading108.dat,50000,0.028845171713072,0.27427211058470574,0.2727510709666095,0.07458355987197356,0.6834346648923194,0.19658656542533323,0.11220467002037655,0.007773273317377797,8.263445932808827e-07,0.05641941873620374,0.35668266009934063,0.26395327282477593,0.19275809548638664,0.11279182359787333,0.017023876057531244,0.00037085319788856175
Healthy,preprocess_Reading109.dat,50000,0.0254307549416764,0.2435356539483257,0.24220423499009064,0.05765710621895582,0.7022720737225064,0.1697697725369609,0.12111652046881148,0.006840891445551008,7.418261702682897e-07,0.06413444188846901,0.39387132572246736,0.23690617352532864,0.17749459628732916,0.1116022524363056,0.015627820621724214,0.0003633895183759194
Healthy,preprocess_Reading110.dat,50000,-0.021119265250480003,0.27139138397435464,0.27056840157489837,0.07239383806007636,0.6863720457393845,0.18535417682850583,0.1204216844927198,0.007851329539889563,7.633995003019154e-07,0.052662008899660495,0.36754501228633485,0.26228384802855786,0.18562010248834573,0.11402353989867708,0.017501471760516453,0.00036401663790752524
Healthy,preprocess_Reading111.dat,50000,-0.024160195418573997,0.27030761982140816,0.2692257311083977,0.070400677699249,0.6845801931640558,0.18221838848144245,0.12640064237268386,0.006800037982343998,7.379994738104466e-07,0.05838131751156383,0.3578045318169673,0.24892802972274347,0.19724995233942855,0.1209647201992714,0.01630249423555919,0.00036895417446624864
Healthy,preprocess_Reading112.dat,50000,0.025699487330157998,0.28139705362076484,0.2802210522737623,0.07871572021269872,0.6999337905891451,0.17025432513458633,0.12179177941233377,0.008019307668010792,7.97195924164729e-07,0.05609541870360797,0.382112300783082,0.24780866619344147,0.18469721420956572,0.1118801872561114,0.017030046855042346,0.0003761659991489826
Healthy,preprocess_Reading113.dat,50000,-0.021702437935831993,0.24970456206110878,0.24875966815738335,0.06390131419713951,0.7107200065257074,0.16333103845498198,0.11832542014564615,0.007622652883706206,8.819899579796392e-07,0.06494080920903422,0.39443779320110756,0.23970224226535608,0.17452353427464976,0.11033460782147113,0.015691581314132685,0.0003694319142486788
Healthy,preprocess_Reading114.dat,50000,0.00228364700254036,0.24119243682222238,0.2411816256198003,0.06135886308752637,0.694920892969892,0.17047699720579262,0.12735216331587315,0.0072490023161169296,9.441923252929863e-07,0.05643061802912612,0.3773003711601504,0.24218497834932215,0.18727178852967566,0.12025820370655119,0.016199393697769682,0.00035464652740475937
Healthy,preprocess_Reading115.dat,50000,0.043957534836520006,0.2830273736706132,0.27959297090231194,0.07897628623597587,0.6965297671607995,0.17324431198002793,0.12352848852906863,0.0066966355395049176,7.967905987541011e-07,0.06354433654019398,0.39335522447809423,0.2268075165011499,0.18499317928886966,0.11488778055459307,0.01605183668000949,0.0003601259570897217
Healthy,preprocess_Reading116.dat,50000,0.047514570374079995,0.26227082737336394,0.2579309064328575,0.06609290976586642,0.6906334123645782,0.18218617002659934,0.12014406514989157,0.007035483769728315,8.686892026780805e-07,0.05800014242660508,0.36987192313005296,0.2496861563477957,0.19493748280909853,0.11097279538198784,0.01617118931899581,0.0003603105854640946
Healthy,preprocess_Reading117.dat,50000,-0.006038380980806,0.2592536390684375,0.2591833083463484,0.06870862266708731,0.6988640573175234,0.19097991656479907,0.10291953405642504,0.007235518467126575,9.735941256992986e-07,0.05231695153231975,0.39059950580313757,0.24118519995253213,0.19485811288627114,0.10454215907723403,0.016141058366685213,0.0003570123818201493
Healthy,preprocess_Reading118.dat,50000,-0.01361937978507,0.2535023911575773,0.2531362771648492,0.06432101480678057,0.6534896620480268,0.20772370980094262,0.13059251209506517,0.008193133502876608,9.8255308879254e-07,0.04789919716141501,0.3287395730491372,0.2730486326422809,0.2098276865431639,0.12363289935134979,0.016464696088826006,0.0003873151638272478
Healthy,preprocess_Reading119.dat,50000,0.046892234893818,0.2820099977631179,0.27808408286886316,0.07687811867631335,0.6920205043266541,0.18135757856155893,0.11923038541160193,0.007390702315013523,8.293851716416915e-07,0.04677598228182815,0.3686033263553316,0.2584778990413118,0.19285606745217995,0.11665223376176254,0.016264949527763233,0.0003695415798227513
Healthy,preprocess_Reading120.dat,50000,0.11225263654238599,0.2765718361666979,0.2527673360026999,0.0645499866205026,0.678221106074823,0.1905409371620659,0.12353436876638847,0.007702704769405704,8.832273171505108e-07,0.053135433386065294,0.3628017273329781,0.24503355039029462,0.199733792269581,0.1212111949936422,0.01769407816170176,0.0003902234657369138
Healthy,preprocess_Reading121.dat,50000,0.06687457201383999,0.2733253390106249,0.2650179853580484,0.06962913579151493,0.6792133544179613,0.1931266336354483,0.12018510450144126,0.007473898300103653,1.0091450455288e-06,0.06309941313943065,0.3590216522439911,0.26043608888728387,0.18950789647550764,0.11081449033285991,0.01672802392101248,0.0003924349999145107
Healthy,preprocess_Reading122.dat,50000,-0.017147913869704,0.27110777703951067,0.27056491979046776,0.0714300129486256,0.6796869376213468,0.19580857069987184,0.11664724821639785,0.007856266657140872,9.768052427602833e-07,0.054657168743089124,0.3647226757980156,0.24501425652402906,0.19353046317945224,0.12466885094322079,0.01700482679065031,0.0004017580215428567
Healthy,preprocess_Reading123.dat,50000,-0.0008109298393300004,0.2660736462467928,0.26607241048229546,0.07268233669332916,0.6865988354216283,0.19346203374870238,0.11201984905243695,0.007918289571735885,9.922054966283968e-07,0.053740410108499,0.34780220653569105,0.2714366743660125,0.1964605824235111,0.11140186444930672,0.018754532164944725,0.00040372995203514443
Healthy,preprocess_Reading124.dat,50000,0.0732229030446,0.26455048472647413,0.2542151951373748,0.06318439006199074,0.6789726415654865,0.19753633927507405,0.11552058873330126,0.007969695575006316,7.348511316350444e-07,0.058302308738217914,0.38056004396059645,0.2421529912833838,0.1862157517458809,0.11443337602412339,0.01794799890274306,0.00038752934505456815
Healthy,preprocess_Reading125.dat,50000,0.015070184849512998,0.21867551760562884,0.2181556131037916,0.04563375859669989,0.7081274744304228,0.17052355401669664,0.11373593667788537,0.007612003611425467,1.0312635698940027e-06,0.06509087584433307,0.3969841363865354,0.2431093428087294,0.16923461467603398,0.10820976479969309,0.01700469900450603,0.00036656648016918553
Healthy,preprocess_Reading126.dat,50000,-0.105243457986822,0.2609032628366085,0.23873484686941798,0.0579315103563846,0.6994475835310179,0.18149628531054793,0.11173135020568079,0.0073240531177325655,7.278350209133009e-07,0.061417899320563185,0.37168351330405996,0.2534098906027357,0.18041356443205375,0.11423312951291217,0.01843445899666804,0.0004075438310072629
Healthy,preprocess_Reading127.dat,50000,0.042067864250182004,0.28345027307293436,0.280311170135172,0.0783894668450686,0.6968097598242116,0.1682414657671456,0.12755519267169038,0.007392752450349896,8.292866028330673e-07,0.06743794665006118,0.3686676183253965,0.2437777208246189,0.1789146488526781,0.12220117828487091,0.018613619993947922,0.00038726706842632353
Healthy,preprocess_Reading128.dat,50000,-0.0042162157018578,0.280592745141435,0.2805610667059165,0.07786877289944558,0.7511323655738857,0.1424083645927397,0.09952874222980647,0.006929731076515555,7.965270524143825e-07,0.06781413142873145,0.3971614210787401,0.26683906702333476,0.15350942522786226,0.09970523766313584,0.014654880388484089,0.00031583718971146715
Healthy,preprocess_Reading129.dat,50000,0.071874544758028,0.2532522841101989,0.24283897797276932,0.059258895135480716,0.7142310024583816,0.1742977980384329,0.10503688540116424,0.006433650429449867,6.636725713160135e-07,0.0586341751780091,0.3699058950723147,0.26564812242828045,0.1823683525151746,0.10672300159801121,0.01637252480621982,0.0003479284019900381
Healthy,preprocess_Reading130.dat,50000,0.05154220134354,0.25833630224420645,0.2531423444188506,0.06107369341164756,0.6000270062084471,0.256242201420252,0.136864141931872,0.006865968644934703,6.817944940597527e-07,0.03828728635957045,0.2798845593792537,0.2857629565351309,0.23831435778927273,0.13852156454356135,0.018859503666850918,0.0003697717263598271
Healthy,preprocess_Reading131.dat,50000,0.071609699136494,0.2375390391607636,0.22648807057988637,0.0513544298960532,0.6189569960795294,0.23878421440372943,0.13550082609069797,0.006757388648246756,5.747777964747785e-07,0.049710628982758735,0.3043184137540809,0.26444056810364996,0.22889179979967514,0.13378182101347458,0.018492807525248726,0.0003639608211121538
Healthy,preprocess_Reading132.dat,50000,0.020707462593726005,0.2591785640517079,0.25835001268982877,0.06623991054445062,0.5673442803183351,0.2688457292639595,0.15595702222461147,0.007852306642121765,6.615509722730427e-07,0.040720170148428415,0.2557607843688904,0.28109554079596344,0.25498437823889164,0.14570475465425034,0.02129495726812995,0.00043941452544599087
Healthy,preprocess_Reading133.dat,50000,-0.012843527212191999,0.2750639686027604,0.2747639543904004,0.07449139993331488,0.6695592602788991,0.2029621307391298,0.12080928440162264,0.006668737038718657,5.87541629719477e-07,0.061443349079688236,0.361676762451606,0.24740268512722124,0.1936349964622603,0.1179933049130909,0.01749134862813852,0.000357553337994821
Healthy,preprocess_Reading134.dat,50000,-0.005374020163256,0.27123903218155826,0.27118578960939915,0.07487638907305727,0.6247932124567205,0.2429352016333741,0.12557149640485152,0.006699472611193972,6.168938597958891e-07,0.04987665434465959,0.31898759991935577,0.2606738446750348,0.232371521629161,0.12043518555888426,0.017295933979005168,0.00035925989389939717
Healthy,preprocess_Reading135.dat,50000,-0.0020870577308672,0.26491982979340106,0.26491160866936847,0.06869204499849561,0.6875553541992089,0.1911547640507391,0.11401963945179147,0.007269543019767345,6.992784929145841e-07,0.06167595749208337,0.3791095136918574,0.23856832514297788,0.18630189590740706,0.1167821359136978,0.017187097200668387,0.00037507465130807896
Healthy,preprocess_Reading136.dat,50000,-0.009419856403268,0.2548786688047127,0.2547045388621967,0.06448449716140289,0.6542981434311556,0.21363309225287475,0.12550179282471519,0.006566234299435124,7.371918194033861e-07,0.06149849393268818,0.34269256611163346,0.2526723939408691,0.2107828386799549,0.11512677173443932,0.01688292278220291,0.0003440128182120407
Healthy,preprocess_Reading137.dat,50000,0.00380747738126,0.2628464719083582,0.2628188937475054,0.06998089974620167,0.6500111929553684,0.2240014254264521,0.11928860603252339,0.006698156825921005,6.187597351965605e-07,0.05117739366510892,0.33384321760332,0.2642364306985534,0.2115520771393004,0.12062839276637012,0.018176427429464164,0.0003860606978829997
Healthy,preprocess_Reading138.dat,50000,0.013784651150032001,0.27619359549148487,0.2758493893108808,0.076937048490133,0.6918203244466024,0.1733669049330502,0.12606583130230414,0.008746128160815242,8.111572280383277e-07,0.06179641147087736,0.3451882255614298,0.2724772256705462,0.18063274857974432,0.11869671385175697,0.020763080150450242,0.00044559471519505184
Healthy,preprocess_Reading139.dat,50000,-0.00043830430961399984,0.2606981221255067,0.2606977536709854,0.06825776019151258,0.6934654397366934,0.16702604524496006,0.1318975674900251,0.007610166727122898,7.808011987464726e-07,0.051360256598074035,0.3612786785233847,0.2703357428432746,0.17193592636312227,0.12376010724305057,0.020911213472078784,0.0004180749570151197
Healthy,preprocess_Reading140.dat,50000,0.03107002844608,0.274825764978759,0.27306382848799265,0.07297577233414271,0.6847280891600244,0.17428651552903,0.13271853570122744,0.008266006498646311,8.531110719058904e-07,0.06232380195797582,0.35464517130409956,0.24736672192165068,0.1897970546327921,0.12389782100948804,0.021525738287608533,0.0004436908863851429
Healthy,preprocess_Reading141.dat,50000,-0.013551409093518001,0.2553661783311625,0.25500636138544314,0.06595163343687337,0.6826253331833448,0.18873466365872216,0.12115338116665988,0.0074858629788140865,7.590124589362284e-07,0.04766348323837274,0.3391590317527419,0.2729856270168925,0.1977300680108204,0.12142056054288504,0.020630219420680707,0.00041101001760684064
Healthy,preprocess_Reading142.dat,50000,0.033311259913626,0.26784547545124093,0.2657659848112022,0.06905564385097508,0.6987679656719133,0.17250229929166286,0.12051676493058143,0.0082121803825322,7.897233101237691e-07,0.05713554710104695,0.3630713228612953,0.2687552148630459,0.1763057096586502,0.11225398930448897,0.022035436390266828,0.00044277982120585524
Healthy,preprocess_Reading143.dat,50000,-0.013635556355682402,0.27872651373770113,0.27839278198840556,0.07892403394775578,0.7068546997528207,0.15844975639034806,0.12736198080665698,0.007332857200373328,7.058498009863985e-07,0.05760836926260224,0.371849053339596,0.25307211986250805,0.17214112368821066,0.12453570448841796,0.02039654894399903,0.00039708041466609585
Healthy,preprocess_Reading144.dat,50000,0.0151837686771,0.2623514869706424,0.2619117330026806,0.06674827315539915,0.7061611815316949,0.16042948697828235,0.12556327268661638,0.007845240820187315,8.179832189550624e-07,0.05163458242606083,0.3707844922811902,0.26258078945153784,0.17126506589510795,0.12071614395155547,0.022565392142348997,0.00045353385219871226
Healthy,preprocess_Reading145.dat,50000,-0.0041578497762583995,0.25040346980462297,0.25036894770604595,0.06560851890510355,0.7067408411079749,0.16900561979409678,0.11712425081383834,0.007128562013393628,7.262706963866814e-07,0.04827461659220017,0.3626709475887073,0.27140255876598013,0.18289979743893794,0.11519197422169433,0.019174699323287393,0.00038540606919257856
Healthy,preprocess_Reading146.dat,50000,0.044326370776362,0.26745467826489366,0.26375590567715124,0.06950890727763816,0.7065057372605165,0.15322008362085712,0.13178041394377762,0.008493078662703095,6.865121458247647e-07,0.06125076176487713,0.36293043001761344,0.26103268965433574,0.17193095055254803,0.12161265448424034,0.020815974598105018,0.00042653892828037457
Healthy,preprocess_Reading147.dat,50000,0.022656988517874,0.2619463351995398,0.26096464012538284,0.06934502557481657,0.6442838098467909,0.19126467770023994,0.15562101278334475,0.008829649342419048,8.503272053750706e-07,0.04621491737752101,0.32453303564179936,0.25971266452522906,0.20159381425579556,0.14422679167454686,0.023259630855372505,0.0004591456697356522
Healthy,preprocess_Reading148.dat,50000,-0.017717312739040002,0.27512630201052507,0.27455523831698003,0.0759425426776187,0.6981755582089126,0.159607027320567,0.13423019830553465,0.007986503335332388,7.128296531504983e-07,0.06042479552389365,0.3811164494346761,0.23826868096128245,0.17259367858949054,0.12521661087281352,0.021937185372621806,0.0004425992452218859
Healthy,preprocess_Reading149.dat,50000,0.01739627045788,0.27025988241890164,0.2696994138281261,0.07491179398127215,0.68873287804993,0.15277443002426888,0.15043302000766268,0.008058898859888069,7.730582503018252e-07,0.04904299973795854,0.36710286394207725,0.2586277940141387,0.16146001778848126,0.13898514709614673,0.02431191915864529,0.00046925826255229426
Healthy,preprocess_Reading150.dat,50000,-0.011985041708344002,0.2650091161234254,0.2647379655504069,0.07293654790253833,0.729725916724001,0.14407045401519797,0.11833403904034313,0.007868829956971453,7.602634865734926e-07,0.061625802267204766,0.40722040801245096,0.2469449755616036,0.15256538705628642,0.11168850015231978,0.019554253100810097,0.00040067384932425946
Healthy,preprocess_Reading151.dat,50000,0.006101550305502001,0.2257429269564749,0.22566045323615258,0.05112394926112514,0.5960795614384241,0.20901958829671324,0.18737301391581504,0.007527295409705939,5.409393415476018e-07,0.05302543628531684,0.30285304148092473,0.22358833703022318,0.21042086700157955,0.17571339852619328,0.03377630082400017,0.0006226188517621953
Healthy,preprocess_Reading152.dat,50000,-0.0605315671745506,0.24971111857586198,0.2422634353669597,0.05887660879914983,0.6354910255153166,0.21281255151624576,0.14516455036228632,0.006531367392142865,5.052140084761908e-07,0.06663891083345315,0.3296432012894251,0.2243121028575886,0.2077416297479104,0.1489972403064541,0.022233771591146548,0.0004331433740218369
Healthy,preprocess_Reading153.dat,50000,0.0077956350466081995,0.2505429383568076,0.2504216285281349,0.06346186715837034,0.6398886490887529,0.20385522218082164,0.14957483826784712,0.006680695120922547,5.953416557344198e-07,0.07017211234483174,0.32970262018350305,0.22428893489282395,0.20176643450418014,0.15216008353124205,0.02148106182618288,0.00042875271723610733
Healthy,preprocess_Reading154.dat,50000,-0.01130141043476,0.2800967160267942,0.2798686271291938,0.0784162978361691,0.6707641987079357,0.193888457698774,0.1286458873882641,0.006700914181036752,5.420239893540718e-07,0.07767468821424948,0.3928627103266162,0.18921230819671042,0.1873697637097072,0.13527967623906303,0.01724588214299374,0.00035497117065984947
Healthy,preprocess_Reading155.dat,50000,-0.008954029523686,0.28659893513575935,0.28645902844253335,0.08360556539624334,0.6883904626310026,0.17317675770625524,0.13213388763629286,0.006298363004957571,5.290214916445691e-07,0.07443488849455772,0.378797947713892,0.2157331137307662,0.1835938483805324,0.1301213545986192,0.016955992310056584,0.00036285477157590367
Healthy,preprocess_Reading156.dat,50000,0.007192165358862,0.26649450367100314,0.2663974347554891,0.07007036413976063,0.6357875645045279,0.21210762701502897,0.14422946035914747,0.007874713636831392,6.344844642163387e-07,0.06030681279265715,0.3233523368361467,0.2368237923794362,0.2188060759313587,0.14194897450623448,0.018327513839924956,0.00043449371424185434
Healthy,preprocess_Reading157.dat,50000,-0.038217324638848006,0.20460480077675167,0.2010038820479424,0.039700275852542356,0.663395498733228,0.19750031317661723,0.1318080904182347,0.007295555914770973,5.417571489718742e-07,0.06396349569033125,0.36927969958028184,0.2168392570259119,0.1998187758543743,0.1332593032466547,0.016464517994690384,0.0003749506077556147
Healthy,preprocess_Reading158.dat,50000,-0.03236250459774,0.2591921051052615,0.25716379147356305,0.06465138471523772,0.6295876013191369,0.2121479765883499,0.15101766630308427,0.007246150237481039,6.055519478364035e-07,0.05316046713722629,0.3057606058387428,0.25561737086562286,0.222082566023618,0.1447560930696329,0.01823218633947183,0.0003907107256853952
Healthy,preprocess_Reading159.dat,50000,-0.006307894308366,0.22490330007239095,0.22481482347222215,0.05000317109048001,0.6790873371649438,0.19232195936645116,0.1221623079627111,0.006427769184267084,6.263216267582725e-07,0.06148846160759718,0.36216612031256806,0.23666127235798537,0.20612496404292663,0.11742034147891352,0.015781620542297703,0.0003572196577116565
Healthy,preprocess_Reading160.dat,50000,-0.035811836632106,0.24653386759169135,0.2439189624173425,0.06078549282842865,0.6572822695863566,0.19643966766570706,0.13864621395138205,0.00763119618889143,6.526076628898578e-07,0.05149298020556115,0.30499911691442627,0.2781294566685184,0.2146273086586212,0.1321814081464497,0.01816100662351833,0.0004087227829049297
Healthy,preprocess_Reading161.dat,50000,0.00170834555185,0.21040844030925454,0.21040150500613966,0.044657850708483646,0.6873141637347304,0.18523168972869822,0.12029437242573111,0.007159129291588379,6.448192519663338e-07,0.058228279033336966,0.32616846965587665,0.28087233908944437,0.2036938117038086,0.11463101907467498,0.01603525197686463,0.0003708294659935664
Healthy,preprocess_Reading162.dat,50000,0.0099484997842088,0.24204172870002755,0.24183718858798647,0.058640290090741974,0.654452608282703,0.20315845970979104,0.1351752702689918,0.007213021100133193,6.406383810739264e-07,0.042915325341857075,0.3029044821258172,0.2801927299679556,0.22430437099798353,0.1326103433051253,0.016689012037333164,0.00038373622392809365
Healthy,preprocess_Reading163.dat,50000,-0.021883339586662002,0.26487734817231584,0.26397183376893274,0.06832351663621904,0.6504244011493023,0.19372044966248134,0.1485635385236504,0.007290952519601237,6.581449646964144e-07,0.04063752432601915,0.3151874046840851,0.2796814527805717,0.20873394546983295,0.13831071071905993,0.017066117010536768,0.00038284500989448333
Healthy,preprocess_Reading164.dat,50000,-0.029939746346856,0.2562870572589028,0.25453225199788343,0.06664680913574932,0.6575666706932298,0.2064979683989558,0.1291613990650418,0.006773350117705133,6.117250673641045e-07,0.04164063190979765,0.2995893484689776,0.2948962403414799,0.21433976057431975,0.1323134168925841,0.016839860854807733,0.0003807409580332432
Healthy,preprocess_Reading165.dat,50000,0.016502125031627998,0.2605139911410726,0.2599908064714815,0.06791982033397703,0.6459855947858062,0.2024531198885918,0.14390128102705876,0.007659342865986265,6.614325569446581e-07,0.036594076117053134,0.30263734650423596,0.28380129355648503,0.22402699877902574,0.13485849190612906,0.01768590961109641,0.0003958835259746425
Healthy,preprocess_Reading166.dat,50000,-0.03440294611706,0.24700604216888739,0.24459849175006138,0.06340522098262914,0.6872515054756065,0.1814704471630097,0.12517176069007926,0.006105727804451865,5.588668528743767e-07,0.04829642285848983,0.3524952530523182,0.2551272685194871,0.20425517932808335,0.12310120076594641,0.016366860362943953,0.00035781511273107034
Healthy,preprocess_Reading167.dat,50000,-0.0236764640323616,0.2561075758071919,0.25501081435256984,0.06763794337710037,0.6824744622008447,0.17389415610335032,0.13701146137605374,0.006619363130253911,5.571894974073867e-07,0.046031634063295766,0.3199899654797832,0.28895471609434914,0.19949549703519442,0.12938654010873593,0.01579908810310682,0.00034255911553470944
Healthy,preprocess_Reading168.dat,50000,0.005493069430591999,0.2584531229230301,0.25839474247147054,0.062312520068690376,0.6784679428420773,0.18781202387520793,0.12687625229131397,0.0068431562666910264,6.24724709696253e-07,0.041809812303353414,0.3353538405910187,0.2842781657003683,0.20301060921943967,0.11827583135007733,0.016882424400189285,0.0003893164355532476
Healthy,preprocess_Reading169.dat,50000,-0.022823931284638003,0.24578689786964997,0.24472488088688463,0.06062563357368429,0.7241429536116016,0.1595392388934293,0.11012761229420132,0.006189664763533474,5.304372341482315e-07,0.05745238179660518,0.37115649946815554,0.2734111991596102,0.17779301479904822,0.1056386066609118,0.014236944584430774,0.000311353531238247
Healthy,preprocess_Reading170.dat,50000,0.019718075846499,0.2568707494885478,0.2561128255822422,0.06611067202467488,0.6939097590312783,0.17791378116254433,0.12181076643923833,0.006365082839794357,6.105271446372551e-07,0.043504337305128975,0.3674694918574578,0.26090266157634384,0.1893014802639106,0.12121303968863559,0.017240308410424784,0.00036868089809830707
Healthy,preprocess_Reading171.dat,50000,-0.06577128096037961,0.26773999026364886,0.25953581831263595,0.0683520639547931,0.6772139962489153,0.17848453608353204,0.1375390778037458,0.006761756635219845,6.332285871068146e-07,0.044525254344015504,0.3664797405644025,0.25420151252247547,0.19422567629178333,0.12423327546300494,0.015976112046374114,0.0003584287679442251
Healthy,preprocess_Reading172.dat,50000,0.0016564963834999997,0.2554282836568691,0.25542291226831126,0.06668024885823613,0.7186061393572198,0.16515962611202958,0.10995636556568614,0.006277347452579169,5.215124852816823e-07,0.06843588065895995,0.406407026636081,0.23509833691007392,0.16816822705515622,0.1060454445430418,0.015500775061825893,0.0003443091348612199
Healthy,preprocess_Reading173.dat,50000,-0.04497420086199801,0.27376081872676095,0.2700413063343664,0.07284276469316467,0.7018730070444055,0.1667249840117959,0.12361762855634557,0.007783725466300767,6.549211524805948e-07,0.04817706443786782,0.3683896878622367,0.2557908413589987,0.19373171360226657,0.11610592131647335,0.017402527310714976,0.0004022441114418891
Healthy,preprocess_Reading174.dat,50000,-0.010430840522,0.26888167018112197,0.2686792699956479,0.07397494262538216,0.7220147258887124,0.15189553992604293,0.11943118418749309,0.006657985573010136,5.644247412844577e-07,0.05552945811412662,0.40328271618229056,0.2423451722918346,0.16733408749461687,0.11410583647821736,0.017028459136794225,0.00037427030211974383
Healthy,preprocess_Reading175.dat,50000,0.02396977161989964,0.2529638760936569,0.25182567910524306,0.06434258379060766,0.7347961454796742,0.15080485689733258,0.10775157816105789,0.006646844742318241,5.747196170272335e-07,0.05592963757016179,0.40253047083361254,0.2584940385524198,0.16759711858748433,0.10066854610961978,0.01444070193027999,0.0003394864164217998
Healthy,preprocess_Reading176.dat,50000,0.0027888607715340005,0.2600880827726468,0.2600731302075402,0.06813931008863287,0.7329355930085603,0.1628757884261389,0.09827540294220136,0.00591261604489385,5.995782059233017e-07,0.043614731125081616,0.37167632577991827,0.2920182967500424,0.18119996354785117,0.09656304268446943,0.014612330483459827,0.00031530962917732195
Healthy,preprocess_Reading177.dat,50000,0.036166927605522,0.26079131363318575,0.25827129653544467,0.06759149836998128,0.7232379745103026,0.15095596885439092,0.11901418987204479,0.0067912117226870666,6.550405746581879e-07,0.04448341717717305,0.3753391634971194,0.2791048869074655,0.1677769229930438,0.11693634541073344,0.016008035238137742,0.0003512287763271004
Healthy,preprocess_Reading178.dat,50000,-0.01720874204738,0.2346917062575947,0.23405994143220632,0.05558872922231797,0.7337431099100836,0.1499508640127692,0.1101306511257225,0.006174812072699323,5.628787251443034e-07,0.06268093383704997,0.38778153079102223,0.2607811981356837,0.16963994900461934,0.1045682370528132,0.014247443436565784,0.0003007077422456725
Healthy,preprocess_Reading179.dat,50000,0.020476296336254,0.2582399535148047,0.2574268728778688,0.06532341515442258,0.7057110759034648,0.1646956109703659,0.1229609142100285,0.0066317400866937465,6.588294469899607e-07,0.04305792637543706,0.33645815370934157,0.29726605885579427,0.19153638186813918,0.11369939152650468,0.01761210023574035,0.000369987429042868
Healthy,preprocess_Reading180.dat,50000,-0.024112292804079997,0.262174641799473,0.2610634791356544,0.06992198775779249,0.6877895392824861,0.18570471769455096,0.11941887138923431,0.007086294618521815,5.770152069667586e-07,0.05486666871622374,0.34512157001065846,0.2750316772781516,0.1958029317298412,0.11246730730117488,0.016362832712471857,0.00034701225147814983
Healthy,preprocess_Reading181.dat,50000,0.0047809078723374,0.21798936821586104,0.21793693485746393,0.04839837730229684,0.6943882251503701,0.17032508848612252,0.12968674613881867,0.005599414092466055,5.26132222655271e-07,0.06276621424526545,0.3998431070636069,0.22325013699111876,0.18024853854424633,0.11831669099201685,0.015261630761544409,0.0003136814022013724
Healthy,preprocess_Reading182.dat,50000,0.030423808722978,0.2710534950527541,0.26934065612733077,0.07352171208218806,0.6681489929682575,0.19252060822441366,0.13158534948449302,0.007744420867156144,6.284556795800059e-07,0.04136900933171127,0.33355810792932855,0.2760348394397564,0.19889107255267177,0.13107215305071304,0.018648132363561977,0.0004266853322570568
Healthy,preprocess_Reading183.dat,50000,0.011219961690962,0.26057676765661375,0.26033510001922944,0.06826691874607464,0.6469476766503813,0.2132040511418045,0.1326216514690256,0.007225932505389246,6.882333994993346e-07,0.0489456220527042,0.34286824214118716,0.24625889998598227,0.21344106776768274,0.13018957232825173,0.017892703685404278,0.000403892038787546
Healthy,preprocess_Reading184.dat,50000,0.05927547789390799,0.26366009177761335,0.256910610362103,0.06709505713815463,0.7026562942522966,0.17638421153883832,0.1137080710239648,0.007250760604385147,6.625805150054189e-07,0.05595715145665625,0.37242310266324674,0.26022386481647636,0.1844531645635411,0.10981956310722328,0.016760937029902653,0.0003622163629536382
Healthy,preprocess_Reading185.dat,50000,-0.032773457484361196,0.282081682876808,0.2801713338283074,0.07784807604441257,0.6905860566031227,0.17967310759746002,0.12285364424757475,0.006886310389294349,8.811625482391455e-07,0.062441129728011725,0.38448701663961155,0.22977754145412388,0.1905656834604998,0.11548276510865302,0.01686504104031465,0.0003808225687854098
Healthy,preprocess_Reading186.dat,50000,-0.0193664511445119,0.2561880286704014,0.2554549796032437,0.0663208532325017,0.6736591451335644,0.19890439993336273,0.12056078852930949,0.006874967251868803,6.991518946661247e-07,0.05464916517394232,0.3390023718399135,0.2720559583141633,0.20184230170882955,0.11503762995967134,0.017044247802031773,0.00036832520144824244
Healthy,preprocess_Reading187.dat,50000,0.013128489560193997,0.22346485829492363,0.2230788776523635,0.05100918910588235,0.6965135415325466,0.16760584919347074,0.12866952536824636,0.0072104144201696335,6.694855666677321e-07,0.05394381654259334,0.37388019027373626,0.24952779179455334,0.1836499963640439,0.12103443586539214,0.017581818839643392,0.0003819503200375603
Healthy,preprocess_Reading188.dat,50000,0.013664420321901998,0.2608085140429936,0.260450311219973,0.06886661926892274,0.7195820619653941,0.1632764938810933,0.10933999684172842,0.007800747006572901,7.003052112149031e-07,0.06657954577933323,0.3943201456208794,0.2534130404099424,0.1605152191702511,0.10743160241822465,0.01735987653423929,0.00038057006713013885
Healthy,preprocess_Reading189.dat,50000,0.03987115801316599,0.26161903448549595,0.2585629709834961,0.06813277155408844,0.7140094485932387,0.17124664518038654,0.10816260746050985,0.006580516229274422,7.825365905053943e-07,0.06604789730569317,0.4136690312164973,0.2281929127733341,0.17026601280623485,0.10481595107618255,0.01665220309546478,0.000355991726593213
Healthy,preprocess_Reading190.dat,50000,0.0648683785156,0.28670404554388984,0.27926923067174747,0.0815190134604922,0.7065358107088643,0.17469420969197877,0.1114989396948602,0.007270257946574989,7.81957721719716e-07,0.05845257865115087,0.389894761332778,0.24651516894626319,0.18148099139623394,0.10621998342586919,0.017051644236562146,0.00038487201114266944
Healthy,preprocess_Reading191.dat,50000,0.001121637965286,0.27777292274579074,0.2777706581678739,0.07972899275810726,0.7019752691025435,0.15921090097256843,0.13233975965929604,0.006473334754168511,7.355114235257459e-07,0.06608638780395538,0.38696306386213425,0.23704035109423077,0.16943665722687293,0.12282018646575114,0.017284011869455884,0.00036934167759973037
Healthy,preprocess_Reading192.dat,50000,-0.0230581025868686,0.25872105369752363,0.25769149681634895,0.06756942483615319,0.694935626963197,0.18248205501501252,0.11526648491200436,0.0073150234867933525,8.096229928110809e-07,0.057169222985192066,0.3846584354936255,0.2494317312500749,0.18071610638203933,0.1100732316735051,0.01755629417360532,0.0003949780419577919
Healthy,preprocess_Reading193.dat,50000,0.060133869003476004,0.2748219691660423,0.26816232497309145,0.07101291891289503,0.6808577484313589,0.18274428313212773,0.1283661277654539,0.008031076941387091,7.637296724723923e-07,0.050830327752975496,0.3686608843607429,0.2461309810638561,0.1834806776499142,0.13115281162941478,0.019318850230204434,0.00042546731289215724
Healthy,preprocess_Reading194.dat,50000,-0.01139307955214,0.26202295372585493,0.2617751440025201,0.06890335142655049,0.6950984637095386,0.1697461609540415,0.128364484548479,0.006790097230790383,7.935571503907718e-07,0.06249702520502138,0.38472518715762094,0.23226297068774773,0.1849305805879891,0.11752719079153845,0.017695409923429998,0.0003616356466522726
Healthy,preprocess_Reading195.dat,50000,0.047305896354310005,0.2764236633605618,0.2723457248347924,0.07537797064979988,0.7240077212466602,0.14915647719606467,0.11999852048140461,0.006836579126069638,7.019498007716172e-07,0.07369075926195526,0.4043121515903862,0.22353414956211795,0.17091743036058504,0.11127732081740992,0.01592831243301742,0.0003398759745283267
Healthy,preprocess_Reading196.dat,50000,-0.0011554273598220002,0.2687882931698628,0.2687858097682694,0.07441752346296991,0.7405159117330691,0.15120708747016473,0.1022992105993185,0.005977143818155865,6.463792919537482e-07,0.06317054936988803,0.39137597361964044,0.2544000071991576,0.17102234725737736,0.10396212338381688,0.015728193143960758,0.0003408060261588389
Healthy,preprocess_Reading197.dat,50000,0.008896745885738001,0.2585670914781148,0.2584139870597108,0.0677645911492864,0.741434504070131,0.14997039252580954,0.10295905480774376,0.005635428573683527,6.200226323263765e-07,0.08193196566575074,0.4277885144521623,0.2241841021478745,0.1539102543879587,0.09756275544056324,0.014327742457027242,0.00029466544866312786
Healthy,preprocess_Reading198.dat,50000,0.028389958813370003,0.24620612942186948,0.24456383298327963,0.06095643280479466,0.7014782247545858,0.16527325148010538,0.12641644530742074,0.006831273973653486,8.044842346677132e-07,0.06848394632151385,0.38352670784984066,0.2428139419683582,0.1703759801085411,0.11742090777772815,0.017018199048438765,0.0003603169255791806
Healthy,preprocess_Reading199.dat,50000,0.0275499656148,0.26177183468827575,0.26031806089991016,0.06790431959178718,0.748213428045609,0.1473523148387608,0.09814367602516758,0.006289942550599955,6.385398628881277e-07,0.08330400480663806,0.4337705268416679,0.22278998133566072,0.14709693953203046,0.09691782093872979,0.015772539947780922,0.0003481865974921686
Healthy,preprocess_Reading200.dat,50000,0.029635159986046,0.2614423315217298,0.2597572905697154,0.06550384510369882,0.7059640260717728,0.17075723653348346,0.11711168665374526,0.006166328438702272,7.223022960493575e-07,0.060353632567992054,0.37085247581664865,0.2673795426255572,0.17349563352369027,0.11132420694220328,0.016254013997672026,0.00034049452623642905
Healthy,preprocess_Reading201.dat,50000,-0.006312005145815181,0.2755878879844133,0.27551559410448756,0.076944915730869,0.6989271766492177,0.17863655576070872,0.11550738321496931,0.0069279581205343764,9.262545699974049e-07,0.06370358097907172,0.37090108223635204,0.25295032329865363,0.1814600940476321,0.11407530336513415,0.016539625720338864,0.0003699903528173293
Healthy,preprocess_Reading202.dat,50000,-0.01322482532098,0.26369215891919795,0.26336032098761025,0.07011032364240533,0.6737149444349498,0.1868398815359612,0.13189969274581312,0.007544634611115864,8.466721596891107e-07,0.05676092822941651,0.3554925730153822,0.25948160499693707,0.18081211290958382,0.12788589994991367,0.01917673464744148,0.00039014625132528135
Healthy,preprocess_Reading203.dat,50000,-0.007682177315,0.2762252033326554,0.27611835706426274,0.07682852869242687,0.6814238482706614,0.17758713185729502,0.13380717721556984,0.0071809445312391645,8.981252345733717e-07,0.05140218151485209,0.352683018707295,0.2649073313391143,0.18653184953530788,0.12526466696301394,0.018807821430674162,0.00040313050974269106
Healthy,preprocess_Reading204.dat,50000,0.045800675096941995,0.2674048945558834,0.263453365499679,0.06945910272480306,0.7069239534278066,0.1674462241903277,0.1182906438989871,0.007338305891570097,8.725913084601623e-07,0.05505443477580277,0.3732576515297129,0.2757031034372824,0.16590671756424646,0.11200893829058481,0.017694599135841975,0.0003745552665288784
Healthy,preprocess_Reading205.dat,50000,-0.0057728932380074005,0.23335546467095314,0.23328404702306377,0.055541209365508645,0.7305901129503992,0.16443916565772565,0.09855690131945376,0.00641315349679218,6.665756292111818e-07,0.07008107577748574,0.38387535299008957,0.2592667821347874,0.17109166411684457,0.09955830065715918,0.015795129250360987,0.0003316950732725349
Healthy,preprocess_Reading206.dat,50000,0.06900475160776,0.2697787621992749,0.26080438031084574,0.06887696692253946,0.7143762276925597,0.16747902503987694,0.110592435121779,0.007551427964858354,8.841809257938927e-07,0.050298390952954054,0.3358812755191443,0.3070474802093837,0.18425974723487823,0.10520410504594838,0.016940045463621396,0.00036895557406995224
Healthy,preprocess_Reading207.dat,50000,0.052126961674853395,0.26191801188584524,0.25667844634246584,0.06569377559719952,0.7323509916347751,0.1605129186162598,0.09990845332733417,0.0072268324952919575,8.039263390574556e-07,0.0701951118403238,0.3846727516241484,0.2619582326563514,0.1663342028468634,0.09949054924391572,0.016999933684624893,0.0003492181037725865
Healthy,preprocess_Reading208.dat,50000,0.063826500536362,0.2722032131929938,0.2646143743296501,0.07055010589048488,0.7001454493544541,0.19080771564145405,0.10174815159149841,0.007298037784454554,6.456281387298919e-07,0.04677505752624079,0.33783040437196116,0.2976430337135366,0.19584398071627437,0.10534040254848047,0.016220863054236555,0.0003462580692698957
Healthy,preprocess_Reading209.dat,50000,-0.0311014210327,0.252716039024114,0.25079493214533705,0.06473365938544712,0.6728442137325813,0.20217187431201453,0.11856199202310627,0.006421152224977787,7.677073201561953e-07,0.047822922737498094,0.3441528126064411,0.26665413373745167,0.20594060705761796,0.11787406836517987,0.017196188466330035,0.0003592670294814044
Healthy,preprocess_Reading210.dat,50000,-0.010190576127296002,0.2718788464516757,0.2716877974920619,0.07627611131873954,0.7050960133714657,0.18548770673787626,0.10266185883342996,0.006753832108290406,5.889489377229175e-07,0.0551295306007086,0.34718938540337935,0.28681309330571525,0.18692199726634456,0.10664916293093547,0.01694685535007674,0.00034997514284000315
Healthy,preprocess_Reading211.dat,50000,-0.029890937137032,0.27338207432334094,0.2717430595956458,0.07409663268660134,0.6790809958919202,0.1957644649812469,0.11723456130943613,0.007919281919020317,6.958983763640513e-07,0.05673511880780792,0.34348038086914534,0.26789453705119876,0.1927783950838899,0.1186724945320326,0.02003389051482926,0.00040518314109649775
Healthy,preprocess_Reading212.dat,50000,0.0086647959752644,0.23820000027208754,0.23804235219878322,0.05582670836744068,0.6031473561564463,0.2569969335456396,0.13230583810449617,0.007549205107511644,6.670859062136851e-07,0.04312739310686255,0.27954463611444696,0.26744767823836885,0.2576537225129049,0.131869356567319,0.019967016737380345,0.00039019672271739894
Healthy,preprocess_Reading213.dat,50000,-0.0248589645415748,0.25747594652664657,0.25627308661213977,0.06378847503358616,0.6226022829778286,0.2276561361719137,0.1402974065454809,0.00944349177370296,6.825310740240918e-07,0.053132417611621595,0.32300616751264716,0.24513612700347817,0.21852633163629545,0.13733746057506757,0.022414676881550945,0.0004468187793391884
Healthy,preprocess_Reading214.dat,50000,0.0022218441614705996,0.27702860759822856,0.2770196975601833,0.07672645473439264,0.6101767475680282,0.24538056791334295,0.13577239849826847,0.008669598838549711,6.871818107999284e-07,0.041578423926844375,0.2817560517007839,0.28498357422424614,0.2357556708995891,0.13299071683420544,0.022489022166405772,0.0004465402479252998
Healthy,preprocess_Reading215.dat,50000,-0.004892198875618,0.2642560428818756,0.26421075411449296,0.07033769702819115,0.6320095200993219,0.23267212562002412,0.1282122748020103,0.007105446686515495,6.327921281423011e-07,0.04839792346204929,0.29249098555216424,0.2745279747114845,0.24170487149864409,0.12378323961048117,0.018720195864445236,0.00037480930073146846
Healthy,preprocess_Reading216.dat,50000,0.01640296970064,0.26415128518551684,0.26364150669073366,0.07084877537621624,0.6426440796125366,0.21889097766691898,0.1309721445817107,0.007491925372350449,8.727664833490863e-07,0.040816450314640255,0.29895565085051784,0.2915268619906531,0.21844779591755312,0.12874742718604582,0.021093365631823586,0.00041244810876625706
Healthy,preprocess_Reading217.dat,50000,-0.010976909804006,0.26527526321169287,0.2650480573842934,0.07078876168111595,0.6578738502844669,0.20036633226893222,0.1341022420684907,0.0076569377851883206,6.375929220835637e-07,0.04965730237870843,0.3295055486092706,0.266018676707427,0.2067540452947268,0.12842801705612159,0.019257651439591128,0.00037875851415434907
Healthy,preprocess_Reading218.dat,50000,-0.039075545364276,0.2600635031528617,0.2571111188311834,0.06659556997747657,0.6821084835736568,0.18740123102155312,0.12321427534592723,0.007275284706958188,7.253519046362335e-07,0.05606285896260839,0.3584315194583839,0.24823370611278925,0.19855770351421612,0.11806484137477956,0.020253422002272353,0.000395948574950408
Healthy,preprocess_Reading219.dat,50000,0.0706358603817972,0.2421475656593834,0.23161610216668585,0.055280978687139874,0.7223383180354525,0.16058715448568933,0.10952701438850444,0.007546861549255193,6.515410985007418e-07,0.06196744796242065,0.3853734128331772,0.26185662172802143,0.1664735362978738,0.10725218928279479,0.016724299843000417,0.0003524920527117462
Healthy,preprocess_Reading220.dat,50000,-0.0095721537810866,0.2607689899849219,0.26059324628575375,0.06765688810976464,0.7157109420270401,0.16168386401341775,0.11512021397570693,0.007484351978650215,6.280051848503756e-07,0.055480509902069076,0.3809535375257,0.2551896817597846,0.17544352328398005,0.11219421834295397,0.020329574879693613,0.0004089543058185717
Healthy,preprocess_Reading221.dat,50000,0.046506952325536005,0.268315293650388,0.26425404479796377,0.06954515471544606,0.7118250604104807,0.14683019513558643,0.13340552316011273,0.007938487923565954,7.333702543093293e-07,0.06807057843272848,0.38753066208012527,0.23270587742315746,0.16728049163696718,0.12065304534217569,0.02330250447375425,0.0004568406110917118
Healthy,preprocess_Reading222.dat,50000,0.021675373657044,0.2624665890881513,0.26157004523529825,0.0701667542878845,0.7139033965439208,0.15474702707462487,0.12384449935109487,0.0075043185119902465,7.585183693610387e-07,0.06702898482416637,0.3937811299911421,0.2407003499571362,0.1574565012111905,0.1196025010107826,0.0210122126294084,0.0004183203761737645
Healthy,preprocess_Reading223.dat,50000,-0.019527078108688003,0.25327912190352125,0.252525259751883,0.06343357061536184,0.7250864720506341,0.14920345966224793,0.11820740621536995,0.007501961249558508,7.008221896844968e-07,0.07709269595790356,0.41416197295792917,0.22475527993744313,0.15403883977205296,0.10916256691275715,0.020387612488315218,0.00040103197359892424
Healthy,preprocess_Reading224.dat,50000,0.0091224392151124,0.25160756033686654,0.2514421315560233,0.06369026302034028,0.7380561980187277,0.14824033723609434,0.10682524152658326,0.006877511828741364,7.113898532622157e-07,0.06868469502632717,0.42277267522150186,0.23077486317412427,0.15739239234423105,0.10135886505125614,0.01865729027840671,0.00035921890415285585
Healthy,preprocess_Reading225.dat,50000,0.011493208237525998,0.24583327143807707,0.2455644589722954,0.06181299833478128,0.7005783566179403,0.15868120541065844,0.13372756891659468,0.00701198597511882,8.830796879009521e-07,0.06221973207348734,0.3753604254910179,0.24816579732638924,0.17012473945511494,0.1214261141206887,0.02227564396026502,0.00042754757303684526
Bearing,preprocess_Reading1.dat,50000,0.048567774373676,0.1929847448408196,0.18677334668968146,0.03576412449663816,0.7674610983621937,0.10809925155104844,0.12262579396605054,0.0018136919737688861,1.641469385966027e-07,0.03975643945400712,0.36506715469526024,0.3342364355465281,0.12409515561196219,0.11548476990049798,0.02104581153283244,0.00031423325891192036
Bearing,preprocess_Reading2.dat,50000,0.032862097947715004,0.20863575210820381,0.2060314528809392,0.04283328032288553,0.8029166138248137,0.10244957381153535,0.09299112091865436,0.0016424753567497972,2.1608824693417659e-07,0.040929839094815804,0.3751617913331568,0.359479699551312,0.121269061275502,0.08859896573745797,0.01433977932783043,0.00022086367992503456
Bearing,preprocess_Reading3.dat,50000,0.05877091599716,0.2306992942986716,0.22308774915436266,0.05200852618266343,0.789723402827395,0.11410049037506034,0.09407983486871817,0.0020960385703774533,2.333584490654774e-07,0.06055664856225743,0.39702814416487753,0.3080699928055866,0.12872133191699275,0.09034226977038522,0.015041275665852916,0.00024033711404742477
Bearing,preprocess_Reading4.dat,50000,0.044638650941788004,0.24651494201251195,0.24243969864180523,0.0565189248082425,0.8314443028111812,0.08510534049967665,0.08196235670075329,0.0014877598177168887,2.401706719606343e-07,0.05299735642263554,0.40334853938971393,0.34188698704218196,0.11147679161914761,0.07750142878178619,0.0125881239398551,0.00020077280467984082
Bearing,preprocess_Reading5.dat,50000,0.08091465202113,0.21078103192071895,0.19463160716045733,0.0370667016460054,0.8047111006042157,0.10698028033372688,0.08658708389423236,0.0017212913388236803,2.438290012660063e-07,0.058995530349800915,0.39598125546688817,0.3257452687918373,0.12827747856171007,0.0779066722702585,0.012883555222473165,0.00021023933703194863
Bearing,preprocess_Reading6.dat,50000,0.08271262495017978,0.1881092073215068,0.1689487956541168,0.0287152765014253,0.8237282192642503,0.09249064962900645,0.08194357341225089,0.0018371956428366568,3.620516556339488e-07,0.05872433512261372,0.4066818766841856,0.33136359770271895,0.11528225637160003,0.07600144599215507,0.011760796100763955,0.00018569202596264842
Bearing,preprocess_Reading7.dat,50000,0.108822445054836,0.23438644120383872,0.20759258000344746,0.04204403444966763,0.8270651862617412,0.09368649422922232,0.07770222578314634,0.001545832708941481,2.610169487970954e-07,0.06699608588531557,0.42066146807131954,0.3176861545090935,0.11201042322142647,0.07087805936310106,0.0115806022002726,0.00018720674947121492
Bearing,preprocess_Reading8.dat,50000,0.13680014282254,0.23193221114051663,0.18729194186686687,0.033425422283062486,0.822657026752078,0.10081729903430678,0.07480291930267605,0.0017224658945191955,2.890164202411727e-07,0.07263736489973831,0.3955672362173071,0.3247931635730644,0.12389384735489381,0.07174327924146946,0.01115785688844739,0.0002072518250794303
Bearing,preprocess_Reading9.dat,50000,0.0745158976193824,0.20391515462082066,0.18981246346331138,0.03515315971399134,0.843157838359672,0.08555252947693413,0.0694824111791157,0.0018069672563240386,2.537279541125273e-07,0.06549229291503073,0.4449537375984169,0.30723262851323796,0.10517121035107205,0.06594605333702057,0.011023020938655051,0.00018105634656659776
Bearing,preprocess_Reading10.dat,50000,0.128731329772398,0.23973774474898707,0.20224349431405844,0.04155537673164225,0.8386445292044582,0.09319524548434913,0.06662395798379042,0.001535981359891724,2.8596751054930916e-07,0.07759933022652951,0.4304762259025403,0.3015489976213736,0.11209688385491982,0.06703057110648931,0.011067278017199854,0.0001807132709477282
Bearing,preprocess_Reading11.dat,50000,0.077403472923172,0.20800019557667446,0.19306160607269018,0.03792650617962554,0.8354327039618207,0.09883565200386572,0.06426291387793812,0.0014684975627640518,2.325936110606324e-07,0.07196901065919181,0.43190918276857315,0.3063813954003675,0.11595457946722051,0.06324468732816223,0.010367042234469607,0.0001741021420152281
Bearing,preprocess_Reading12.dat,50000,0.06164183012563999,0.21915702003375134,0.21030949624026926,0.04162998164266775,0.8162039042867318,0.10241189179395176,0.07962309914745667,0.001760875686751294,2.29085108568407e-07,0.07207936959757454,0.43280359564389304,0.28585193207722065,0.12326427740825842,0.07363777553554841,0.012165246704287138,0.0001978030332177825
Bearing,preprocess_Reading13.dat,50000,0.127033617303974,0.2507158152572928,0.21615013322872706,0.04598264636958403,0.8311112387614363,0.09371727043584725,0.07336914568453701,0.0018020386735894624,3.064445900510618e-07,0.0826370873174714,0.45427223270825906,0.27009933194166214,0.11502846929858797,0.06650706196006098,0.011275388580726818,0.00018042819323153565
Bearing,preprocess_Reading14.dat,50000,0.12686614994635997,0.23935404062618537,0.20296634391413101,0.04024214055973986,0.8466122575465488,0.08699489730197085,0.0645713974758161,0.0018212133945663257,2.3428109789586515e-07,0.09674935864522062,0.4851690444760257,0.2520137741497353,0.095352267370503,0.05991358829158802,0.010625265328998481,0.00017670173792890456
Bearing,preprocess_Reading15.dat,50000,0.10060177423700599,0.24227062016731957,0.22039586297529296,0.04637158994726795,0.7821504657166323,0.12195485640740783,0.09322432845799634,0.002670038868218,3.105497454708921e-07,0.08806086283499247,0.4981966853104863,0.19042695759159578,0.12044912184781585,0.08747615652779663,0.015138762066407574,0.00025145382090550157
Bearing,preprocess_Reading16.dat,50000,0.024659562191340002,0.21132630761588714,0.20988262025021506,0.04653239068642596,0.778396415510818,0.11534795040029107,0.10355231834852865,0.002702957674297034,3.580660653937112e-07,0.08697721815344688,0.48792560575394706,0.18801937797471302,0.12106850390958017,0.09707695140291048,0.01862283718743018,0.00030950561797207055
Bearing,preprocess_Reading17.dat,50000,0.13258622427646,0.24777004146565929,0.2093105027943098,0.042633834524790276,0.821094819995861,0.09690505979738655,0.07991292349042504,0.002086858892226605,3.378241009209978e-07,0.09317041210068944,0.5039384607886574,0.20485579033823456,0.10845594565949905,0.074973221902626,0.01436483405267373,0.0002413351576196381
Bearing,preprocess_Reading18.dat,50000,0.06055361835825581,0.21837499985837447,0.2098115818225194,0.041497785140996474,0.8378798657320042,0.09008992865170104,0.07034845077983308,0.001681434724653159,3.201118086935249e-07,0.0891285588503717,0.48295307649618113,0.2518552795011023,0.10272498390919307,0.06176150151477751,0.011373645554765392,0.00020295417360869397
Bearing,preprocess_Reading19.dat,50000,0.052719644955539206,0.22620172370448402,0.21997240472986976,0.04863212501073626,0.803387051663247,0.10299267353778177,0.09072216536509409,0.0028977937415774866,3.156922997437447e-07,0.0886552405560138,0.4983803044696697,0.20739661195000092,0.10889205620949328,0.08105420187726606,0.015366304289531393,0.0002552806480248559
Bearing,preprocess_Reading20.dat,50000,0.108626749923098,0.2313996043149772,0.20431839388139467,0.04335678422960095,0.8342161975007586,0.0933971203297638,0.07044350331119885,0.0019426666489080614,5.12209370809186e-07,0.09814993135090708,0.5076994933364323,0.21081768235931392,0.10362889751202128,0.06741093650525329,0.012088693617400368,0.00020436531867187846
Bearing,preprocess_Reading21.dat,50000,0.10244315672974,0.23107979537805337,0.2071310490274429,0.04338148345409923,0.8216671075755662,0.09603570423541002,0.07990899473091577,0.0023879190897997922,2.7436830842478267e-07,0.08760878303593785,0.5184531505893746,0.2027904794585324,0.10703423048100658,0.07045087909760468,0.013441773540899187,0.00022070379664487953
Bearing,preprocess_Reading22.dat,50000,0.09345146196138202,0.25492545656962284,0.2371788621789704,0.05505208885782914,0.81501374511854,0.09627458030836321,0.08602332427948745,0.0026880425158080077,3.077778013793532e-07,0.10303190597465657,0.5127512214332582,0.19667117966763947,0.10036115502213655,0.0732464262385427,0.013697589923263052,0.00024052174050356891
Bearing,preprocess_Reading23.dat,50000,0.10134314775794999,0.21416962423957667,0.18867483761602072,0.032281535367005565,0.8116409248313968,0.09945845773612706,0.08657694975323472,0.002323288653603558,3.7902563805055233e-07,0.09136336297276174,0.5367379185623923,0.17579276296231833,0.10683757182423384,0.07475913122298586,0.014278853531851696,0.0002303989234561538
Bearing,preprocess_Reading24.dat,50000,0.07648745126048799,0.2569430588577369,0.24529452764960924,0.05834515707479638,0.8319666039352435,0.09039170231075752,0.07578928650565957,0.00185212788485028,2.7936348921986443e-07,0.09600942789436007,0.5212586300936946,0.2039914298572038,0.09926917068502314,0.06783262223877112,0.011444760359381764,0.00019395887156562397
Bearing,preprocess_Reading25.dat,50000,0.057154366897384005,0.21779003216350346,0.21015679016948058,0.04366377810075609,0.8490287391474698,0.08501069683446236,0.06425885955951344,0.0017014048538690639,2.996046854509681e-07,0.09744886747864322,0.5454472103392237,0.19141869387321397,0.09517618832858274,0.05951423744589777,0.01081540363881364,0.00017939889562475399
Bearing,preprocess_Reading26.dat,50000,0.08763520499426798,0.2327984526517579,0.21567380555520735,0.04722544728801423,0.8578850443552953,0.08334742247867755,0.057183774498792576,0.001583465993161954,2.9267407244935287e-07,0.10904342241360392,0.5470898720123641,0.18709297357885002,0.09078504383315165,0.055913860809383716,0.009912683670050226,0.00016214368259637762
Bearing,preprocess_Reading27.dat,50000,0.15140992381128,0.25136027781646375,0.20064153168133514,0.03930385897653604,0.8356141316028692,0.0901704220144999,0.07200544116897918,0.002209397705823578,6.075078280683592e-07,0.09631957344105087,0.5145417626950721,0.21329620579725084,0.09775695996864714,0.06536312385083586,0.01251547125175231,0.0002069029953909011
Bearing,preprocess_Reading28.dat,50000,0.10904449828932801,0.24444345884711183,0.21877363178858733,0.04765347455505398,0.8397630690810756,0.09391696965869047,0.06417395626563427,0.0021457627224184214,2.422721811740112e-07,0.11048455361748237,0.5209172789938028,0.19609103728406638,0.1004954988325605,0.06033721451601752,0.011479818154254895,0.00019459860181563661
Bearing,preprocess_Reading29.dat,50000,0.08511840371168,0.23903576577837904,0.223367308867774,0.0501916820536362,0.8398081923100351,0.09163626239234784,0.0664052301641871,0.0021499900720099918,3.2506141983003203e-07,0.10214384996649853,0.5241408998505305,0.20209277428937297,0.09893721969942575,0.06068962921265113,0.011797889266160827,0.00019773771536048008
Bearing,preprocess_Reading30.dat,50000,0.1163376626731726,0.2253815275800577,0.19303466325523871,0.03637176614956708,0.8613837961644875,0.08130845583950247,0.05574665461708885,0.001560779877001127,3.1350192007883767e-07,0.10922512223695831,0.5421479856937207,0.19747915652697923,0.08724212294116802,0.05419983543921564,0.00954160062732842,0.00016417653462958733
Bearing,preprocess_Reading31.dat,50000,0.118026865566032,0.25429282840611994,0.225243205410157,0.051067318223988675,0.8460120183530431,0.09413483323421347,0.0581006154669425,0.0017522818840627161,2.510617381685203e-07,0.0950368750695054,0.5383881170675284,0.19722285275136078,0.10228218956901328,0.057333562144262815,0.009571030721820946,0.00016537267650831397
Bearing,preprocess_Reading32.dat,50000,0.10016741890347401,0.26573429841708934,0.2461324959151852,0.06244629422304091,0.8734363177340319,0.0706198962482247,0.054190151707848196,0.001753350365892081,2.8394400324991993e-07,0.10282077964067819,0.5731030400701861,0.18257052716430683,0.07941208529641892,0.05169707465473813,0.010212191565792488,0.00018430160787935335
Bearing,preprocess_Reading33.dat,50000,0.017451030900422,0.23868997275508405,0.23805118066150244,0.05632836466054013,0.867639271036496,0.07970296352048926,0.05108793725199708,0.001569580734234419,2.474567832018131e-07,0.10745345218070194,0.6063948341340608,0.1460512951968314,0.08197897349296698,0.049241210947252326,0.008729530331158178,0.00015070371702828058
Bearing,preprocess_Reading34.dat,50000,0.015122560708102,0.23839321121774526,0.23791307511849422,0.05848060337404176,0.8589321598045898,0.0800561189714809,0.05944865855864484,0.0015628182546109247,2.44410673515582e-07,0.10066815152942984,0.5969241616215982,0.1464149865370812,0.0892474747353991,0.05629853898583935,0.010272970268641157,0.0001737163220111366
Bearing,preprocess_Reading35.dat,50000,0.0411541207826744,0.241508955315034,0.23797670860814119,0.05685776537985778,0.8514549569476094,0.08350746436827486,0.06284325442729291,0.0021939837756088025,3.4048121400475545e-07,0.10098081500043656,0.5906835571234629,0.15040485144935192,0.08648502429273035,0.05991408809624686,0.011338886386601927,0.00019277765116954942
Bearing,preprocess_Reading36.dat,50000,0.032936577555637996,0.23522938084774114,0.232912093874348,0.05380033967351502,0.845050892343269,0.08711045446503674,0.06577735653717519,0.0020609899037285755,3.067507904763868e-07,0.10281633269019798,0.5973068777658748,0.14336674593241913,0.08559535758273004,0.05891523838291667,0.011806332168934335,0.00019311547692709729
Bearing,preprocess_Reading37.dat,50000,0.060500992624892,0.27961600976571194,0.27299220283499215,0.07658977679893166,0.9021936874624887,0.052211330833852175,0.04392244968466838,0.001672317088141909,2.149308489552436e-07,0.1490028620073078,0.6383850070834725,0.10865414937476102,0.05371101821751572,0.04209040827661343,0.00801601647178225,0.00014053856854710767
Bearing,preprocess_Reading38.dat,50000,0.0400445870191478,0.2917384653274305,0.2889770980580819,0.08407422808140215,0.8977857119064432,0.05442160720259815,0.046535229632591574,0.0012572660314577977,1.852269090104989e-07,0.1614889690085288,0.6279539733064373,0.10349112215759491,0.05617219003290862,0.04293172429131521,0.007832940449281614,0.00012908075393335125
Bearing,preprocess_Reading39.dat,50000,0.043531869973364,0.2377907147440995,0.23377211192768874,0.05552115695695114,0.8703718438717203,0.07539883693039387,0.05258099185151291,0.0016480974318402021,2.2991453274352489e-07,0.13687295929365634,0.6094874856356919,0.12117987504473181,0.07257643531623639,0.05007502380171519,0.009647456949037849,0.00016076395893054745
Bearing,preprocess_Reading40.dat,50000,-0.006162862457074,0.23097266049603182,0.23089042644282673,0.05205175301658007,0.854409204431814,0.08715724467796251,0.05655712856503775,0.0018760700650399431,3.522601456703131e-07,0.11721560411850715,0.5954165795185781,0.13767936487714427,0.08455860396869283,0.054061822316744154,0.010855835402787057,0.00021218979754664277
Bearing,preprocess_Reading41.dat,50000,0.04832248989225,0.25897933353478925,0.25443119338779396,0.06504064482219905,0.8601171972981904,0.07852112142930966,0.05935969130329384,0.0020016855989736346,3.043702326227139e-07,0.10874366190752356,0.6093394480184101,0.1338475023263511,0.08028575912319888,0.056798297800407765,0.010792213815501021,0.00019311700860777544
Bearing,preprocess_Reading42.dat,50000,0.03634138326435,0.23772123282756571,0.2349269852517827,0.05587322264612036,0.8466606120501389,0.09043895071818442,0.060780652032602016,0.0021194799264273984,3.0527264733703886e-07,0.10518933762845734,0.5832911293593224,0.15244165891770256,0.08893706069769301,0.058315250231260406,0.011627339575406986,0.00019822359015739702
Bearing,preprocess_Reading43.dat,50000,0.09261733217911679,0.23540046690488034,0.21641490151803042,0.04578526670957465,0.841533215608459,0.082555677201223,0.07387983810488387,0.0020309082707065107,3.608147277643877e-07,0.09910945884167291,0.5987354137784838,0.14012642576971393,0.08427636705105467,0.0645782160889783,0.01295744328000419,0.00021667519009235426
Bearing,preprocess_Reading44.dat,50000,0.06893734533066799,0.23209848446993567,0.22162434187607008,0.049627261145984224,0.8576899909507335,0.08114759041153602,0.059144254728322694,0.002017870725557922,2.931838499732151e-07,0.11013448010002135,0.5885088013416632,0.1527889575199094,0.0812815150601032,0.05662149583362289,0.010482607298001177,0.00018214284667884145
Bearing,preprocess_Reading45.dat,50000,0.050395891842002,0.23988601630290132,0.2345326307854092,0.05673506260514572,0.8524621269269651,0.0783811237567939,0.06687411612490343,0.0022822333553367616,3.9983600082295064e-07,0.09180826264926005,0.5747338119620444,0.1734668266939619,0.08315894793671293,0.06427143351164155,0.012351998348295036,0.00020871889808430792
Bearing,preprocess_Reading46.dat,50000,-0.020294869080313818,0.24578835304849214,0.244949041196946,0.05721851163117119,0.8296997635475879,0.08384396135150976,0.08411198768679606,0.002343897515521397,3.898985848173422e-07,0.11519325676697338,0.5724898027563375,0.14490480077303752,0.08343032884134165,0.07034963531527233,0.013414625814947834,0.00021754973208976794
Bearing,preprocess_Reading47.dat,50000,0.075013649907106,0.21401324193196297,0.20043607472170036,0.04167343900394486,0.8332362556811361,0.08832410637388051,0.07591918842439631,0.0025201270455556183,3.224750315057525e-07,0.09682336248142236,0.5730054788127552,0.15383722256570564,0.09246377521998908,0.07047096256321642,0.013183514293421638,0.00021568406348962076
Bearing,preprocess_Reading48.dat,50000,0.012846562110961999,0.249501457139575,0.24917050980543498,0.060863978267909236,0.8089634874103244,0.09642954826979173,0.0920228456494178,0.0025836425854470404,4.76085018916611e-07,0.09074687991807934,0.5407967857660523,0.16628072831500376,0.1037298330321909,0.08268136610850449,0.01550673059646056,0.00025767626370877615
Bearing,preprocess_Reading49.dat,50000,0.04445848086594,0.24392375539799552,0.23983794930442925,0.05657940527072005,0.8078081084486807,0.10124569489811637,0.08869436119743235,0.0022515022776708215,3.3317809961856297e-07,0.077568942082681,0.5434972976786259,0.18212080460202304,0.10506094590914791,0.07718620112403003,0.014330323399690401,0.00023548520380159698
Bearing,preprocess_Reading50.dat,50000,0.04486604125396,0.2300365231054081,0.2256187942185289,0.05227688945646279,0.8176231768784872,0.10455647028419102,0.07544634388592196,0.0023737159862845312,2.929651152448142e-07,0.10364463412153317,0.5411426127452181,0.16560930164769996,0.10468772083304373,0.07274307699901748,0.01197548860554743,0.00019716504794008578
Bearing,preprocess_Reading51.dat,50000,0.009950689665486,0.2795452821540263,0.2793681237180709,0.0774195210924176,0.813754318083275,0.09909233801437836,0.08460127267334698,0.0025517019880506014,3.6924094895491105e-07,0.08867745790237845,0.5606633838762083,0.1618418796145059,0.09834776739965813,0.07593050283677887,0.014305164406413624,0.00023384396405663532
Bearing,preprocess_Reading52.dat,50000,0.03495639288049,0.22322990065255477,0.22047593778490726,0.04654676901105038,0.8149016253125938,0.09348149928882683,0.08945571380358486,0.0021608749903751453,2.86604619373926e-07,0.10089902672892581,0.5447448186233602,0.16624639539032382,0.09744338304545574,0.07724125324607928,0.01321496814584912,0.00021015482000607082
Bearing,preprocess_Reading53.dat,50000,0.031540068789178,0.25263132011857103,0.2506547585138288,0.06380035924885315,0.8138391729676258,0.09474785402704342,0.08926178855620398,0.0021507689532876788,4.154958390136527e-07,0.09512325483718595,0.5461651396468133,0.16328148544157609,0.09982548036255533,0.08208854644503526,0.013298179100350718,0.0002179141664833634
Bearing,preprocess_Reading54.dat,50000,0.06935513808988,0.22356614427494362,0.21253631615914156,0.044319198221360136,0.8188631241870971,0.09615154436608118,0.08285940270748052,0.002125561887139063,3.6685220219769445e-07,0.08757177520533282,0.5613578809867844,0.1617327132447573,0.0994309530856781,0.07615250492378886,0.013530571415603605,0.00022360113805485363
Bearing,preprocess_Reading55.dat,50000,0.0797046775778268,0.2663262616853174,0.2541197395628503,0.06409515047080604,0.8046458016084707,0.09142245499528001,0.10127585890328866,0.0026555064856004893,3.780073603080361e-07,0.08264311021784214,0.5593420231423243,0.1606749162364061,0.09325137003544852,0.08854459424489873,0.015289924299319389,0.0002540618237607527
Bearing,preprocess_Reading56.dat,50000,0.02033176445731,0.254797763962456,0.2539852749163225,0.0632776292169056,0.8034304512196025,0.09487708326108985,0.09936228956957109,0.002329846526138658,3.294235975752868e-07,0.08602674646082667,0.5515765144567887,0.1641009476378936,0.09955458361901108,0.08409322275614999,0.014417706353010309,0.00023027871631954501
Bearing,preprocess_Reading57.dat,50000,0.06398828072716799,0.22315659222439502,0.21378579134915882,0.04407876533159563,0.8241998032365013,0.09319245663444395,0.08042350008164732,0.0021839131065930833,3.269408142749844e-07,0.09464499104381255,0.5717138726805954,0.1607671942799097,0.08819974721718249,0.0725067503106713,0.011972705361585985,0.00019473910624267612
Bearing,preprocess_Reading58.dat,50000,0.061217821573986,0.25463324687833283,0.24716486145392433,0.05913007575102738,0.7984973581504793,0.09992599750523712,0.0991330103579153,0.0024433133971104855,3.205892577578985e-07,0.0853420448367677,0.55255934409328,0.15578563767834153,0.10393353406863452,0.08694016364053642,0.015182881827292468,0.0002563938551472961
Bearing,preprocess_Reading59.dat,50000,0.0395765035919578,0.23936179018169995,0.23606729329245063,0.054366594573930005,0.8086504994595838,0.09571801476330544,0.09346071891291008,0.0021705056201267326,2.6124407391714063e-07,0.09641738848660779,0.553812876211143,0.15981886791710842,0.09518322010653528,0.08198922125800169,0.012572616219787208,0.0002058098008168815
Bearing,preprocess_Reading60.dat,50000,0.07004985023931701,0.24289226163816613,0.23257185823988377,0.05573172011553573,0.8290717581317948,0.08830493886255329,0.08058475084067163,0.002038280252972815,2.719120073778294e-07,0.10211032734574849,0.5627861805201241,0.15208849143050315,0.0946658049918291,0.07557321504109764,0.012568004421410896,0.00020797624928675187
Bearing,preprocess_Reading61.dat,50000,0.022868634382259,0.2181911607026718,0.21698941948922237,0.044924839185829235,0.7677731256860225,0.1195627525665969,0.110550578091983,0.0021132387412619988,3.0491413569167965e-07,0.06789880078242334,0.5388015189088003,0.16023574665631496,0.1191000084512534,0.09884977725195103,0.014878954479201513,0.0002351934700554297
Bearing,preprocess_Reading62.dat,50000,0.057780969120458006,0.23209696311736003,0.224789590274554,0.04951098486419751,0.8308332916418887,0.086297578995457,0.08079310097244898,0.0020757167885320734,3.1160167324247937e-07,0.10610022215532856,0.5714451185803101,0.14971104316417685,0.08690349532001454,0.07419772021906544,0.011457646206737646,0.00018475435436662198
Bearing,preprocess_Reading63.dat,50000,0.0007654149560400001,0.2280858752708435,0.22808459097013076,0.05267274480858316,0.8132014993441815,0.09987371242914114,0.08476735986670918,0.0021571715735211197,2.5678644699703103e-07,0.08205964861940085,0.5666150103262516,0.15669373534784806,0.10505934636582645,0.07745088979386525,0.011926591197953399,0.0001947783488545343
Bearing,preprocess_Reading64.dat,50000,0.023330703365915997,0.21344109736017533,0.21216215572709352,0.04438784510002595,0.7946188085401744,0.11275633741090814,0.09040803467285204,0.002216564926653118,2.544494124383632e-07,0.07604213148486161,0.5511701291604872,0.163225459083492,0.11658378019608526,0.08016330828191025,0.01261463801192696,0.00020055378123654932
Bearing,preprocess_Reading65.dat,50000,0.0211485961123,0.23146200503482528,0.2304938104531666,0.05312957573408142,0.7829262574219504,0.10124846000599534,0.11328954317839214,0.0025353918308336225,3.475628285022795e-07,0.08018568370458865,0.5210152156535467,0.17402969342545108,0.11000726056831936,0.09744299172349005,0.017050294469767534,0.0002688604548366621
Bearing,preprocess_Reading66.dat,50000,0.0618656764979,0.25291955559381535,0.24523649743304976,0.059722076648322624,0.7821269987000494,0.10334163022307132,0.11196070728168368,0.002570312404238989,3.5139095650051314e-07,0.08785881364903221,0.5110358078086401,0.17810909416311607,0.10947309417964378,0.09650481901369591,0.01675340888924852,0.00026496229662331796
Bearing,preprocess_Reading67.dat,50000,-0.0356358154734,0.19887444079877445,0.19565564611983735,0.037847699363387846,0.7593404668607566,0.1170998754373385,0.12092351798708043,0.0026356740616066614,4.6565321775002905e-07,0.0870750522687931,0.4837083698809225,0.17709479283742827,0.12456381095632335,0.10842984078859816,0.01881404470029485,0.0003140885676397638
Bearing,preprocess_Reading68.dat,50000,0.05619676138050599,0.24807156145255274,0.24162248159442887,0.05758230552300368,0.7664377836715002,0.11734518956982314,0.11378959303509285,0.002427119621825022,3.141017589209328e-07,0.10385720895884042,0.5020236389686984,0.15480228830054094,0.11888097279398875,0.10146347507557883,0.018674525361676894,0.00029789054067586626
Bearing,preprocess_Reading69.dat,50000,0.04946628969547421,0.24353527958768936,0.23845863076772345,0.05621320816579531,0.7830665649819077,0.10904903505666816,0.10534596548314397,0.002538107897120301,3.26581159822727e-07,0.08993050372587276,0.5303849038890827,0.15659955354722446,0.10833159842916938,0.09871771335645149,0.015794012593256822,0.0002417144589424704
Bearing,preprocess_Reading70.dat,50000,-0.006717473715643601,0.22664519026758242,0.22654561972880488,0.05187868073425419,0.8010565142229448,0.10392636029403209,0.09310060040592695,0.0019162269777347292,2.980993614270942e-07,0.09467732355563536,0.5317008513969176,0.1636537999354107,0.10974299444975597,0.08643765331725671,0.013564935808755228,0.00022244153626858076
Bearing,preprocess_Reading71.dat,50000,0.012877486304909999,0.22588710462800385,0.22551974278029321,0.052085458493189955,0.8008398002251514,0.09749236674837355,0.09935417912285388,0.0023133386304725577,3.1527314859973864e-07,0.08970704899268943,0.537676642658605,0.16771141779544035,0.09944805981684465,0.0896407193315771,0.01557612685024648,0.0002399845545969806
Bearing,preprocess_Reading72.dat,50000,0.032819756026496796,0.20349089493521047,0.20082681079948986,0.03969229293717408,0.7883329542798907,0.10129316191331802,0.10799649167186262,0.0023770125356805056,3.795992480011273e-07,0.09253482845834846,0.5138044654107953,0.17277254808857628,0.10627852033646533,0.09579946943960777,0.01851631494029952,0.00029385332590740404
Bearing,preprocess_Reading73.dat,50000,0.03397698767884,0.2532586956712276,0.25096918384806416,0.06182205811799894,0.7990202094275612,0.0991620114417929,0.0996601426931424,0.0021573332132807615,3.032242224861726e-07,0.0939204141287195,0.5238361023148637,0.17813176843457285,0.10074384696918448,0.08819409062645185,0.014941665177932625,0.00023211234827510226
Bearing,preprocess_Reading74.dat,50000,0.0434291411296962,0.2654346135559046,0.2618576784711675,0.0715076625622378,0.8044941196259522,0.08839548817333341,0.10481625979449827,0.0022938644719415506,2.6793427448948614e-07,0.08652511934496318,0.5361489157882066,0.17254278328375872,0.09656080574711162,0.09121538467464615,0.016749469770879138,0.0002575213904347005
Bearing,preprocess_Reading75.dat,50000,-0.016253564145906,0.25571132302682237,0.2551942444035187,0.0649251460057984,0.7762914763472297,0.10988906929135916,0.11124233766167636,0.002576792805531494,3.238942031057383e-07,0.0786954285804353,0.5056645871791482,0.19024265218915914,0.10942537462197374,0.0994933641823192,0.01622647635458166,0.0002521168923827786
Bearing,preprocess_Reading76.dat,50000,0.087536361466534,0.20255775578300655,0.1826664442338779,0.03334916718811022,0.7593127701232302,0.10542583835309,0.13376896284899212,0.0014922013856306661,2.2728905716416924e-07,0.05881071737669967,0.35966534221930785,0.3189290623410574,0.11660056353662329,0.12360690946615296,0.022064887979599112,0.00032251708055990096
Bearing,preprocess_Reading77.dat,50000,0.040323496903841335,0.21149339741687082,0.20761375857196063,0.043518719115739415,0.8084584216190727,0.08900119230037642,0.10108534631456903,0.0014548411016288476,1.9866435308580745e-07,0.04956129014516252,0.39635096710676526,0.3322470697638325,0.11250971928399388,0.09407515906764763,0.015031212519190054,0.00022458211340814727
Bearing,preprocess_Reading78.dat,50000,0.013815498290559999,0.194438144146687,0.19394670377758774,0.03792223809459943,0.8134334061629657,0.0883430357875259,0.09676698050360732,0.0014563221063510505,2.554395498687382e-07,0.07066555208933498,0.44538269732794494,0.27769968528270794,0.09937388449617196,0.09115609027977238,0.015488688220558499,0.00023340230350946196
Bearing,preprocess_Reading79.dat,50000,0.146704897988508,0.24419105387542145,0.1952099989728253,0.038427037768076114,0.8035147181232132,0.0994480657993648,0.09561565122463371,0.0014212585706908046,3.0628209756793696e-07,0.0624134323074852,0.4061515533766705,0.3022604383856942,0.11843629902193074,0.0944379956255116,0.01605893801470832,0.00024134326799948413
Bearing,preprocess_Reading80.dat,50000,0.04414006249530001,0.22388852543219936,0.2194942520958478,0.04874369929059433,0.8004230342333318,0.09872307880734368,0.09902637008787225,0.0018271951623028847,3.217091494696407e-07,0.052320545419218094,0.3751140228032109,0.33972883068782783,0.1196944936042425,0.0970403119367443,0.015849636406078626,0.00025215914267778366
Bearing,preprocess_Reading81.dat,50000,0.037463147014614,0.20448667107657081,0.2010256482733959,0.03981996241387124,0.8192182862891441,0.08774839503523735,0.09135360255602423,0.0016794228199002509,2.932996940707364e-07,0.05837876496252346,0.3756113813719074,0.356780355849634,0.11263433038714142,0.08276993814273029,0.013587540901523426,0.00023768838453980032
Bearing,preprocess_Reading82.dat,50000,-0.00075157692204,0.20962594140161567,0.2096245940738917,0.044788284464958215,0.7985679047423193,0.10608273189431101,0.09380879054845802,0.001540236596392358,3.362185194727284e-07,0.05853109758098016,0.38521972952324274,0.3240844335647517,0.1254451900453261,0.09261150709606644,0.013889833716566572,0.0002182084730664235
Bearing,preprocess_Reading83.dat,50000,0.078054230724842,0.2192422804652169,0.2048773159955537,0.04240331524160298,0.7963599500594515,0.09983947940273107,0.10173155977808092,0.0020686740841993683,3.3667553709802927e-07,0.05356424969400614,0.39218606889785557,0.3220969694162997,0.12406649141641019,0.09221696900440503,0.015618033176245574,0.00025121839477776657
Bearing,preprocess_Reading84.dat,50000,0.04719017508514,0.2264880404856406,0.2215173127736498,0.04840031013003595,0.8063656436464881,0.1015631521609614,0.09013803920143418,0.001932854801849535,3.1018926663488257e-07,0.06098536323767257,0.4033743638533215,0.31908834108669704,0.12043422795813744,0.08249309674586397,0.013365044457546145,0.00025956266076163553
Bearing,preprocess_Reading85.dat,50000,-0.020071915367838002,0.23947280992008632,0.23863014248935135,0.0550765946214812,0.7320782737686097,0.13889214704790112,0.12661085622764062,0.002418369587102551,3.533687459109219e-07,0.06957465045080771,0.39145299227031854,0.2638913161959925,0.14399727274871366,0.11230757727221617,0.018481504809807252,0.0002946862521440851
Bearing,preprocess_Reading86.dat,50000,0.06109064522882399,0.2016133434766678,0.19213503931705633,0.03561594917296556,0.7964483088627673,0.11212892175166234,0.08947327225345018,0.0019492178608877886,2.792712322309817e-07,0.07487848825516143,0.40933131934302336,0.2882522184296123,0.1301904288190544,0.08349120707711347,0.013635009620318007,0.00022132845571709825
Bearing,preprocess_Reading87.dat,50000,0.07993739326079599,0.23314410330855043,0.21901184001376928,0.045172531923907716,0.8400546831327919,0.09576081126700434,0.062497172995235425,0.0016870455346262416,2.87070342386148e-07,0.07887351025944009,0.43627920645013407,0.3049567601341218,0.10985743116118049,0.05960419891809615,0.010245318945760543,0.00018357413126672735
Bearing,preprocess_Reading88.dat,50000,0.027809136545906,0.21031489136941073,0.20846823608477666,0.04204949094488143,0.8229195869781254,0.09413489878493829,0.08116210562026499,0.0017830953111805745,3.1330549080067016e-07,0.08139723502640282,0.45858752502419764,0.26728237145447825,0.10819253934819795,0.07203826412554627,0.012296958173989127,0.00020510684718784902
Bearing,preprocess_Reading89.dat,50000,0.08880435051141002,0.20995945755269196,0.19025446419484435,0.035492851424476966,0.8027804580265505,0.10918329887425741,0.08590526912965336,0.002130290673913007,6.832956257816701e-07,0.08530162540201,0.47472441337636906,0.22986295445431207,0.11661036720167141,0.07847337723037162,0.014784618245266758,0.00024264408999909948
Bearing,preprocess_Reading90.dat,50000,-0.07169549026559,0.22067445319291898,0.20870306889830462,0.04297864994631585,0.783757493574822,0.1281998542088469,0.08566618748812449,0.0023761369678984533,3.277603081669999e-07,0.07509267431318498,0.4705686589272456,0.2254301872151211,0.1294360223986814,0.08401692426960436,0.015197748987373536,0.00025778388878925886
Bearing,preprocess_Reading91.dat,50000,0.071956637256552,0.23367217414282992,0.22231717730163372,0.04825560478924629,0.8324987005437251,0.09207344108771301,0.07340701374213046,0.002020479867798212,3.647586332637391e-07,0.1028706762715041,0.5347917387480403,0.18919285445310458,0.09329354300686044,0.06695445619788325,0.012685558802943003,0.00021117251966428223
Bearing,preprocess_Reading92.dat,50000,0.13981165401811402,0.2499963099314455,0.20724588386758985,0.04249100920182793,0.8670200407622078,0.07490132959897602,0.05665232727163454,0.001426086309519188,2.1605766265943583e-07,0.10874942064148513,0.5536054947760808,0.19032501869557855,0.08731737605954885,0.051049226015926145,0.008805522155542086,0.00014794165583855077
Bearing,preprocess_Reading93.dat,50000,0.0245000262394812,0.20170124963308936,0.200207749145268,0.03996867606007501,0.7804145606719133,0.11953901667074406,0.09750032147300085,0.002545742567313631,3.586170282711309e-07,0.10086680996461497,0.5260591191996693,0.15484035752337952,0.11279617635360199,0.08967026886236981,0.015511424871171688,0.0002558432251925216
Bearing,preprocess_Reading94.dat,50000,0.10569117905885199,0.2502156388337602,0.22679779669594763,0.05211759630920788,0.7858001739080036,0.11769456479620373,0.0938219034315708,0.002682970019121023,3.878451007653292e-07,0.08757290666122783,0.5009382028907702,0.18785112816582092,0.11562512928564879,0.09034126572439653,0.01738089735092528,0.0002904699212105538
Bearing,preprocess_Reading95.dat,50000,0.09234877608495401,0.23530783762138008,0.21642893060231294,0.04737906646102159,0.8075740157501592,0.10578122386839887,0.08445317922943404,0.0021912247402256606,3.5641178225054865e-07,0.10257067966896843,0.5192810345403255,0.1727156864661466,0.1136035948713741,0.07775324331512014,0.013836427817816112,0.00023933332024918282
Bearing,preprocess_Reading96.dat,50000,0.15153540659925202,0.2792535106927172,0.23456245177139262,0.05521807163269894,0.8458115100107568,0.08583886110944816,0.06620983883450572,0.0021395028102969083,2.872349924449837e-07,0.10206940577431423,0.5219627066211262,0.21105254466179468,0.09016275626806358,0.06302475591865384,0.011529366307054338,0.00019846444899307195
Bearing,preprocess_Reading97.dat,50000,0.100470100798734,0.25204720193602076,0.23115698312893224,0.05069932417581492,0.8558880339808262,0.08024167666853058,0.06230230992130015,0.0015676935169970775,2.8591234605954693e-07,0.11150354656144529,0.5369511898776533,0.19577872113321715,0.09231139628129642,0.05363652775325887,0.009657346510979103,0.00016127188214988742
Bearing,preprocess_Reading98.dat,50000,0.048481129789864,0.2505439514787843,0.2458085671348779,0.062459393249683706,0.8345298728130116,0.08923772859532467,0.07437137212888263,0.0018606833363623476,3.431264188237978e-07,0.10977671192817641,0.519903761652131,0.19443256582731666,0.09716337567442768,0.0664620159487924,0.012059197801447728,0.00020237116770799332
Bearing,preprocess_Reading99.dat,50000,-0.0402067640682598,0.21473470417969442,0.2109369794566618,0.04291939183885657,0.8268447949629215,0.09153778149023524,0.07895161589424524,0.0026654132824730963,3.943701248987754e-07,0.10999946596948722,0.5361121636555621,0.17508338367287418,0.09583450376405137,0.06797148599832858,0.014741827473313693,0.0002571694663828608
Bearing,preprocess_Reading100.dat,50000,0.11994841331844,0.2594090552194758,0.23001181724478797,0.053284952810366666,0.8357815002499062,0.09799552192900479,0.06427819058752117,0.0019444422096693101,3.450238983961184e-07,0.1001475748978943,0.5066034971331135,0.20922011690162162,0.1123739444264057,0.059794106804136486,0.011657317806908814,0.00020344202991951548
Bearing,preprocess_Reading101.dat,50000,0.07492550892718,0.23551685272400336,0.2232808904250943,0.05098142111145794,0.852888891538077,0.0845714861195541,0.06073209677330512,0.0018072277332001265,2.97835863648437e-07,0.1111838293566219,0.5328305082073328,0.1938296788797791,0.09265729942521773,0.05858733396173177,0.010731159797028903,0.00018019037228791235
Bearing,preprocess_Reading102.dat,50000,0.028075688919969997,0.23943700094619275,0.23778526681393902,0.05818253347275973,0.8343243128087287,0.0935357292282544,0.07033997780458504,0.0017996998864197866,2.802720121107131e-07,0.1049037512369164,0.5331671838216193,0.17919593265823183,0.10163560649599572,0.06817238334743568,0.012703395196202264,0.0002217472435988819
Bearing,preprocess_Reading103.dat,50000,0.035190895033524,0.2380812969693445,0.23546614379427183,0.054802771063962794,0.8308012006002534,0.08765835713792693,0.07942228669446033,0.00211783954621352,3.16021145916759e-07,0.10435191539063385,0.5509375292626525,0.15897340004273228,0.09756216111725359,0.07414990129433736,0.013795481255303754,0.00022961163708678202
Bearing,preprocess_Reading104.dat,50000,0.06176461312814,0.2474715771837455,0.23963996761588352,0.055150432376213615,0.818980148422026,0.09403965358389281,0.08463883891291232,0.0023409602778270253,3.9880334190775917e-07,0.1000799233391773,0.5514846666188447,0.15890771918951427,0.10077494776182891,0.0735754068444391,0.014930614935571507,0.0002467213106243373
Bearing,preprocess_Reading105.dat,50000,0.04455887333262601,0.22609589407432126,0.22166158919531748,0.05052935356335682,0.8317807453560582,0.08910954668914257,0.07705979065597886,0.0020496521567356907,2.6514208455045695e-07,0.10276948188394613,0.5566278448405839,0.1634224641954704,0.0941969335063024,0.06894283920737747,0.013812863673573931,0.00022757269274559182
Bearing,preprocess_Reading106.dat,50000,0.10477906343401999,0.23548395402925335,0.2108886921367315,0.04526501176229291,0.8406449635407597,0.09447922662042925,0.0631119527223225,0.0017635871362314628,2.6998025721480074e-07,0.10171150660233141,0.5403308007913058,0.1900364889015792,0.09676243086353199,0.0594123343336036,0.011557827249187294,0.00018861125846078504
Bearing,preprocess_Reading107.dat,50000,0.06201983375920599,0.22158263239358442,0.2127261225119069,0.04461157398122636,0.8397922040491408,0.08961653883869823,0.06889714116280787,0.0016938825878708408,2.3336148237756213e-07,0.1050086322904303,0.5343270178004815,0.1870344027177209,0.09842628343291294,0.06299599370017724,0.012009921939845219,0.00019774811843189022
Bearing,preprocess_Reading108.dat,50000,0.03683612281226,0.23857832620281239,0.23571745329927452,0.05378864987051943,0.8516903087269135,0.08470851313271163,0.06205705692123919,0.0015438652841859653,2.55934949620724e-07,0.10883637743710052,0.5551071052324232,0.17429178274484952,0.09310942189033654,0.05748080261936941,0.01098939658957524,0.00018511348634543342
Bearing,preprocess_Reading109.dat,50000,0.034402543487474006,0.24692400629705777,0.24451570478679255,0.059938594432238326,0.8307861936730669,0.09834783822048387,0.06924514812032481,0.0016205882534319246,2.3173269234265026e-07,0.10402418196198933,0.5449435198705149,0.17263379864176076,0.1034893378231456,0.06343900776256979,0.011286098390938342,0.000184055549081243
Bearing,preprocess_Reading110.dat,50000,0.05051445302447859,0.21999198232597705,0.21411390035060957,0.0452284434996136,0.8396212371190388,0.08967761689091332,0.06878100260320714,0.0019198123541727184,3.3103266810512156e-07,0.11181773205999515,0.5566817255664305,0.16028673423250378,0.09546509259335975,0.06386482968020087,0.011688489993609314,0.00019539587390069753
Bearing,preprocess_Reading111.dat,50000,0.062987368846206,0.2553484549332927,0.2474579253179252,0.06194206833990635,0.8394353625006649,0.08990346259780786,0.06892068611662185,0.0017401775229149838,3.1126199052256286e-07,0.10761903388889194,0.5522339849532067,0.16943348134664202,0.09447759630078378,0.06423665360436666,0.011802600979535987,0.0001966489265726954
Bearing,preprocess_Reading112.dat,50000,0.042501983525926004,0.23022376345524245,0.22626657432298156,0.05000868861828326,0.8424554460489051,0.08669237580939328,0.06877611002042643,0.0020757180202093154,3.5010106590656903e-07,0.11427955358915563,0.5506409091486121,0.1595680914961516,0.09904332825871165,0.06464347273605796,0.011627199866413262,0.00019744490489790627
Bearing,preprocess_Reading113.dat,50000,0.073069133052782,0.2687130634526066,0.25858772643920946,0.06389719474485488,0.8515858125822465,0.07887684831576142,0.0676054509256976,0.001931530164872935,3.580114213839981e-07,0.10493769201826177,0.5897399484345701,0.14848720979878072,0.08326265406296324,0.06141608935490756,0.011952659052217183,0.00020374727829923782
Bearing,preprocess_Reading114.dat,50000,0.032454797193584,0.2360022026341299,0.2337599747332384,0.05515218330788855,0.8208119476211178,0.09168577699443092,0.08525437276167516,0.0022475515656242727,3.5105715181492093e-07,0.09706227082890946,0.5809488039596994,0.13947287269312783,0.093228209563017,0.07466651016377758,0.014372567327725844,0.0002487654637429492
Bearing,preprocess_Reading115.dat,50000,0.052181583770320006,0.25035011258601725,0.24485150844349032,0.05847797247475999,0.825245389936165,0.08979525890033845,0.0825648774024746,0.0023940842401592045,3.895208625963578e-07,0.09506840697587904,0.5802901759019428,0.147188082554031,0.09304147970051141,0.07004158193313885,0.014132183413886801,0.00023808952061006903
Bearing,preprocess_Reading116.dat,50000,0.029603793055232,0.24743528851411395,0.24565796840079465,0.05920282432966468,0.8080544514175817,0.10380399776854556,0.08569379239786717,0.0024472716847774812,4.86731228043195e-07,0.08861452146871647,0.5638503160696406,0.15130433345533634,0.10380633047204209,0.07716245916736605,0.01500532699871301,0.00025671236818538206
Bearing,preprocess_Reading117.dat,50000,-0.027573434662318604,0.21948850723782046,0.21774965099951277,0.04960956834967106,0.8412294568842669,0.08492632957555675,0.0716584410058455,0.002185436294136615,3.362401942449211e-07,0.10316224814751007,0.5930613706668163,0.13699611829943426,0.08840344370327428,0.06545197925810291,0.012711482272384153,0.00021335765247825454
Bearing,preprocess_Reading118.dat,50000,0.04876503535625399,0.257142019244611,0.25247572039287103,0.05946175901357295,0.8323302566059453,0.09105657055258352,0.07446922195170537,0.0021435720990024415,3.787907633347205e-07,0.09853638583688244,0.5812883990357531,0.1514958225163357,0.09180181525918428,0.06425332904666392,0.012415085713431097,0.0002091625917496687
Bearing,preprocess_Reading119.dat,50000,0.020214017516252,0.2305024258411068,0.2296143763236257,0.05319299975612591,0.828062840731583,0.09470895435950008,0.07524072804054864,0.001987037160967319,4.39707400922854e-07,0.09067042552193774,0.5442985655733514,0.18460247017302567,0.09776531172823923,0.06833913950682675,0.014077492216185357,0.0002465952804338455
Bearing,preprocess_Reading120.dat,50000,-0.00018350821846600002,0.23780378166466593,0.237803710859923,0.05506805021034148,0.839463622869396,0.08751022670360584,0.0709335994904717,0.0020922278071681334,3.23129358374715e-07,0.09978096406014096,0.5723821302998844,0.16633120313931987,0.08445751901581404,0.06489582964759258,0.011944307240814576,0.00020804659643367418
Bearing,preprocess_Reading121.dat,50000,-0.043977142586362,0.2375146517565914,0.23340784204690654,0.053793411828352095,0.8273377844427906,0.10082774713937187,0.0691986593911442,0.002635491210266273,3.178164268411695e-07,0.08784931865661091,0.5744339955072258,0.16315694226824543,0.09343823297048447,0.06914354731981744,0.011758622001896278,0.0002193412757195004
Bearing,preprocess_Reading122.dat,50000,0.041127542362024,0.2588965249359358,0.2556089511014111,0.06745245357464456,0.8433753278735621,0.09080010775682229,0.06380316793112562,0.002021069527374499,3.269111152786384e-07,0.10110530199644902,0.5866144149890479,0.14728359757751103,0.09218832970642281,0.06155161843529667,0.011073854555361968,0.00018288273991060435
Bearing,preprocess_Reading123.dat,50000,0.010385026835606,0.2416151033891812,0.2413918171839892,0.05774491709960488,0.8468095252060316,0.07961589035062618,0.07143293907930288,0.002141337845195163,3.075188443002229e-07,0.08883390660127202,0.600022077268042,0.14708803503297352,0.08524488668964945,0.06593692798680209,0.01265388458689175,0.00022028183436902275
Bearing,preprocess_Reading124.dat,50000,-0.049561327738648,0.24436104066746364,0.23928224545266233,0.0577252778996898,0.8513981803514703,0.08551825367235762,0.06093261792524874,0.002150617195775012,3.3085514833640783e-07,0.10115479011629616,0.6076983519055104,0.13550299551603046,0.08581101509275779,0.05892603500721509,0.010720701906015479,0.00018611045617468138
Bearing,preprocess_Reading125.dat,50000,0.029224494454804,0.23375973961589033,0.23192573119244442,0.054027728176496446,0.8641322768833206,0.08106634433124307,0.05298823629550668,0.0018127114457208166,4.310442087435276e-07,0.10217042006639068,0.5897630246844501,0.16756534779117255,0.07916247293241177,0.05136194328226889,0.009783871825615143,0.00019291941769083364
Bearing,preprocess_Reading126.dat,50000,0.0261830454707128,0.21163210994031542,0.21000618583191388,0.04204975749853514,0.8170955237147185,0.09393595947031662,0.08710881597610888,0.0018593781865195818,3.2265233648309703e-07,0.09414125960400672,0.5661494246782129,0.14613678403644012,0.10547498144785364,0.07560733411445619,0.012293033419369674,0.00019718269966064288
Bearing,preprocess_Reading127.dat,50000,0.033918533587592004,0.21273032955380736,0.21000887169674257,0.04380216452380485,0.8456722197804146,0.07415443672243663,0.07810931377670166,0.002063746400633294,2.8331981357679845e-07,0.10457993696869954,0.5853748880677269,0.14835226691087489,0.07902211824923627,0.06966873868483667,0.01279638222332554,0.00020566889529995537
Bearing,preprocess_Reading128.dat,50000,0.004580629598396,0.23613636740325036,0.23609193515002821,0.054819300607503126,0.849948306211217,0.07858833068778351,0.06981657223207459,0.0016463949986950893,3.9587022980873345e-07,0.1117978765176978,0.5904804133813921,0.1423793302154057,0.07969255044482328,0.06470131006842089,0.010772166643965088,0.0001763527282950845
Bearing,preprocess_Reading129.dat,50000,0.035422280577458005,0.26546790326816133,0.2630940320575244,0.06846822001693689,0.833677677976069,0.09222460586871578,0.07226536525945722,0.0018320832129770294,2.6768278103330433e-07,0.10216579943006415,0.5813586732402953,0.13838885653052976,0.09740907744568193,0.06923693630409873,0.011258311501277277,0.00018234554805283282
Bearing,preprocess_Reading130.dat,50000,0.026788147524766,0.24288385987529904,0.24140208064578744,0.05964946617694298,0.8371771590330388,0.08909797358927748,0.07157929799707843,0.002145252804906034,3.165756991610557e-07,0.09119532630753535,0.5892936284590311,0.14777701548743277,0.08973820188014948,0.06849582287251332,0.013275804928473599,0.00022420006486435003
Bearing,preprocess_Reading131.dat,50000,0.03056083516398,0.23906042538744277,0.23709897161418717,0.05637750262020304,0.8512218910764697,0.0804834771832729,0.06661463608133786,0.001679691425937155,3.0423298237443074e-07,0.1038107837734276,0.5990583363755423,0.14170224479127727,0.08214857931451251,0.06315298981785936,0.009967464083121968,0.000159601844259004
Bearing,preprocess_Reading132.dat,50000,0.039505094714154004,0.23287073266718275,0.22949537168443335,0.04999957197488021,0.8266399486570324,0.08270421049181056,0.08853015578448707,0.0021252769408690816,4.081258008858697e-07,0.09643768381870722,0.5837002743152955,0.1428598385277006,0.08783833318485347,0.07560620345708038,0.013335296848266764,0.00022236984809587132
Bearing,preprocess_Reading133.dat,50000,0.024427163527076,0.24983346179440563,0.24863642596007174,0.06253742360014249,0.8307682245382029,0.08954420058741928,0.07766962189638313,0.002017658964453739,2.9401354088387083e-07,0.10069804863930601,0.5751124682630326,0.14957625087625645,0.08828601513454339,0.07392285480297801,0.012204511761980199,0.00019985052190320667
Bearing,preprocess_Reading134.dat,50000,-0.028475039616778604,0.2293709736135359,0.22759660730170006,0.050866899868096914,0.8104234249385917,0.10097337859298974,0.08653444529148276,0.002068485167805175,2.660091306470629e-07,0.11690471638597977,0.5472182848944566,0.1436099590956932,0.10414756226409339,0.07529614487746449,0.012624178269383996,0.0001991542129285222
Bearing,preprocess_Reading135.dat,50000,0.012680108792672,0.24538369604553603,0.24505585715500458,0.06055408090168842,0.8248830039055596,0.09418093617017212,0.07918385570245141,0.0017519430872040861,2.611346128267119e-07,0.11921580442794018,0.5507627835266001,0.15670521620155933,0.08950322231688197,0.07177984807213444,0.01184217636678796,0.00019094908809609088
Bearing,preprocess_Reading136.dat,50000,-0.01979244304084,0.21071257949902505,0.20978095804340313,0.04267069281340099,0.7881239726346178,0.1104916518302961,0.099029172940267,0.002354677614940726,5.249798785067985e-07,0.09653904849681016,0.5219977378664522,0.1633380443823166,0.11290836164525474,0.08987685751705637,0.015103159346233037,0.0002367907458769247
Bearing,preprocess_Reading137.dat,50000,-0.044717044947547996,0.21804376024153369,0.21340915461016755,0.04481276845815097,0.8566110827482819,0.07427311667713539,0.06749354001559822,0.0016220097559657438,2.5080301862126657e-07,0.11304130846622953,0.6036082620509754,0.13683810612923888,0.07470298490086003,0.06131948741799521,0.01032285339337328,0.00016699764132769952
Bearing,preprocess_Reading138.dat,50000,0.015980330639168202,0.2655881376510875,0.2651069367135381,0.06921377768347835,0.8662363137277898,0.06815017802159713,0.06405025720681601,0.001563000388870266,2.506549268439322e-07,0.1329112855974714,0.6114364440875992,0.12186261504552748,0.06772221754654757,0.05732242351822574,0.008606224091854985,0.00013879011277344587
Bearing,preprocess_Reading139.dat,50000,-0.063421727998762,0.20380500880121155,0.193685740389201,0.03572015017395278,0.802211429870093,0.09459891976271663,0.10138388244814228,0.0018054791705452886,2.8874850284008675e-07,0.10866235124067371,0.5596224785487055,0.14323831299774184,0.09090329534008228,0.08468825831803792,0.012682083382710953,0.00020322017204763473
Bearing,preprocess_Reading140.dat,50000,0.008056597772996,0.2046075823316837,0.20444890310280675,0.04150400157369902,0.8133927228103837,0.08967148034071447,0.09483836738965135,0.0020971695648430463,2.59894407443352e-07,0.08984972948163578,0.5735931751191647,0.1426380226834588,0.09412517610084042,0.08485862953113353,0.014690969624046112,0.0002442974597205249
Bearing,preprocess_Reading141.dat,50000,0.02929700743532,0.24676768771273713,0.2450224011277862,0.05833552906829144,0.7976806822004543,0.092865986412663,0.10746276531029987,0.001990262699446699,3.033771360536981e-07,0.09694792603598455,0.5282476633530646,0.16876654223547288,0.0996379783764837,0.09122089506909721,0.014940038406817334,0.0002389565230795948
Bearing,preprocess_Reading142.dat,50000,-0.021105880740116,0.24440935653725088,0.24349635595042693,0.059465865800136346,0.8331007251091583,0.08441396011767698,0.08021794342711659,0.0022671020182764997,2.6932777158250446e-07,0.10354837535571579,0.56203820382555,0.15970922040915878,0.08718345952883329,0.07444917585935433,0.012860461927263683,0.00021110309412404504
Bearing,preprocess_Reading143.dat,50000,-0.050979828821988,0.2012849401565715,0.19472206908081935,0.036751676345366954,0.8154901847553893,0.09461039192502893,0.08788858409655921,0.0020105301793224436,3.0904370025636383e-07,0.11104829256830404,0.5536559223832465,0.1435165653531839,0.09806837119978663,0.07999987834380379,0.013495648858194704,0.00021532129348048905
Bearing,preprocess_Reading144.dat,50000,-0.030968278698862,0.2005870494235657,0.19818206304022976,0.040032870838491066,0.8056370711730972,0.09583193106794981,0.09631112635701375,0.0022194098637317444,4.615382074967373e-07,0.09479659679368557,0.5283834582517596,0.1759440582056899,0.10040760866824779,0.0855752975539964,0.014664682595160213,0.00022829793146070203
Bearing,preprocess_Reading145.dat,50000,0.037465499718024,0.26009491142898655,0.25738239893615705,0.06351804675406438,0.7889268638414948,0.09744336306568142,0.11105365230319905,0.0025758046314482653,3.161581765449004e-07,0.08698994993832818,0.536822867199902,0.16487723835138546,0.10006792866522533,0.0933378988830059,0.017629182590816864,0.0002749343713363798
Bearing,preprocess_Reading146.dat,50000,0.034718782611041,0.24095201124991625,0.23843757644169059,0.05651348488708261,0.8015699191218022,0.0922831293156818,0.1037277367282575,0.002418958174576061,2.566596825202239e-07,0.09322315444026934,0.54729149677388,0.1559303283437484,0.09164093469585478,0.09450295829080871,0.017120642231949965,0.0002904852234889533
Bearing,preprocess_Reading147.dat,50000,-0.0269408365161,0.25598391221113204,0.2545622804712617,0.06429681336158537,0.7978802820480192,0.09544906213053087,0.10443955358260384,0.002230749264953191,3.5297389305557495e-07,0.08301845299075372,0.5555548196048112,0.15586823636650485,0.09671874827947807,0.09208879067840926,0.016486351854755766,0.00026460022528697764
Bearing,preprocess_Reading148.dat,50000,-0.02586665996041,0.21126892388759433,0.20967945560572843,0.0407806084108625,0.7924438812968018,0.0992177678022919,0.10613134186748148,0.002206659342061993,3.4969136293650416e-07,0.08454097635596304,0.5476257059540873,0.15805473947820572,0.10299569029827658,0.09021882974057154,0.016290526040338954,0.0002735321325566337
Bearing,preprocess_Reading149.dat,50000,0.04119492754246799,0.2330684248752876,0.22939892898315456,0.05380697599248167,0.7870368934219396,0.10114028682062702,0.10939949986532602,0.002423046607139901,2.7328496742094233e-07,0.08530902713723984,0.5266085698426599,0.17198670552286088,0.10249968370271144,0.09647388323442595,0.01685415509421069,0.00026797546589111973
Bearing,preprocess_Reading150.dat,50000,0.018018261951408,0.23583891521314174,0.23514960379546018,0.056385253958920745,0.7504860723474681,0.1286247844647984,0.11815365384549543,0.0027351188918341377,3.704504038912787e-07,0.092734013941902,0.5138754811456452,0.1450018481875537,0.12570052848681046,0.10356925215518,0.01881038036471474,0.000308495718193842
Bearing,preprocess_Reading151.dat,50000,0.0388594253088472,0.2136393841594169,0.2100755376731928,0.045196284124706804,0.7356046529824528,0.12157191666932826,0.1410049986512068,0.001818194889526983,2.3680748529190746e-07,0.031894731607350804,0.32453429609372525,0.3471644836004474,0.13635340716673153,0.13486614829549304,0.024819847304659273,0.00036708593159260976
Bearing,preprocess_Reading152.dat,50000,0.10601954690788,0.22990440311764218,0.20399973099572252,0.04154083131470813,0.7827659635688577,0.10441479273110077,0.11104447970054414,0.001774502687599923,2.6131189736254524e-07,0.0382380709164421,0.31233302360209436,0.39822895431660676,0.12771391346392458,0.10350175989241199,0.01968673087911646,0.00029754692940378867
Bearing,preprocess_Reading153.dat,50000,0.052421061651253,0.22237933282531422,0.21611247063320388,0.047199198410914855,0.7871130699444846,0.10693058189911071,0.10394911407847657,0.0020069855873319363,2.4849059603870397e-07,0.0447701155194564,0.3479765645158804,0.3689965532336872,0.12280976073542504,0.09820015222073138,0.016984049367102752,0.00026280440771692457
Bearing,preprocess_Reading154.dat,50000,0.12779693598898,0.2380223406734801,0.2008048251698917,0.03877869418143801,0.7076732973479269,0.14384128992469314,0.14564538722590312,0.002839658024298118,3.674771786848096e-07,0.044012780592846995,0.3538325241153744,0.29629107563808377,0.1525150734377577,0.12947223741679764,0.02349887146555832,0.00037743733358111574
Bearing,preprocess_Reading155.dat,50000,0.074193300763884,0.2382755994144459,0.22643015567294328,0.04956007042130191,0.7132483760287066,0.1428448535382268,0.1414906282898879,0.002415778258698447,3.6388448042004115e-07,0.03624951669980778,0.3185529548507603,0.33475720714961554,0.16098983932463348,0.12659463948638147,0.022501590569409098,0.0003542519193922862
Bearing,preprocess_Reading156.dat,50000,-0.016789163574108,0.21609075457120142,0.21543755057471536,0.04794393985011916,0.8044393860028297,0.10222128920163948,0.09162834293868757,0.0017107456940788977,2.361627644639668e-07,0.049696127971189726,0.35745370194794346,0.35635481732040863,0.13238243871542119,0.08988702526459996,0.014004665390942521,0.00022122338949466733
Bearing,preprocess_Reading157.dat,50000,0.11597082126566,0.25183834670996247,0.22354713482524355,0.04926632395794876,0.8097204116938458,0.09947225709422124,0.08909179758161813,0.001715239369287187,2.94261027428617e-07,0.0555865834215641,0.37023066073676403,0.361317344618963,0.11625762337235969,0.08397239142164918,0.012428313003496793,0.00020708342520319757
Bearing,preprocess_Reading158.dat,50000,0.08024792352142,0.23116918721221458,0.21679359743049664,0.04667520098640701,0.8000527684490528,0.10225923839870432,0.09582920385325723,0.0018584943831794975,2.94915806271263e-07,0.05039044178419575,0.34841659655800994,0.3680259072468132,0.12851296975449947,0.09028212592266777,0.014151804970750024,0.0002201537630639479
Bearing,preprocess_Reading159.dat,50000,0.06893922213386,0.21999150166408288,0.2089106135551674,0.04410592696156528,0.8110073526652151,0.10571793285496359,0.0814618868913119,0.001812611220269905,2.1636823950859486e-07,0.057492452247773954,0.388387511842168,0.3410611026193334,0.12222294037497686,0.07754148330224812,0.013081004988486274,0.00021350462501332315
Bearing,preprocess_Reading160.dat,50000,0.074640450986256,0.20881667640964754,0.19502104353976718,0.03851252081535699,0.8105645430615533,0.09973552418922899,0.0876275566745108,0.0020721104854273735,2.655892794757165e-07,0.05259023888865158,0.38510604076576566,0.3370318545703654,0.12821119349934193,0.0834707003515509,0.013380014327543363,0.00020995759678103118
Bearing,preprocess_Reading161.dat,50000,0.048268092810132,0.20371418986954803,0.1979132698195822,0.04021228246999481,0.8233409763137076,0.08962648030255325,0.08496484560962282,0.0020674170949410986,2.8067917510182693e-07,0.07372681772170239,0.40943215874025335,0.3076354281240729,0.11537856088043894,0.08061536846589488,0.012993331001087816,0.00021833506654965452
Bearing,preprocess_Reading162.dat,50000,0.074633080449622,0.2137609346513156,0.2003088627235557,0.04082844856214715,0.8206599441666834,0.09759304095961369,0.08019038418008032,0.0015564119525518067,2.1874107068390264e-07,0.0646530476514038,0.40008854684161277,0.3203557682566603,0.12458097447559648,0.07847351625392429,0.011650940944012925,0.00019720557678941071
Bearing,preprocess_Reading163.dat,50000,0.0677412522153966,0.19752990062576722,0.18555102907156162,0.03457158952757848,0.8092301463020841,0.10795078397671853,0.08079786125615954,0.0020208127109789214,3.957540587742346e-07,0.0737493961013379,0.44586739348528204,0.26538607290661037,0.11960212298160373,0.08172851687514157,0.01343084928853241,0.00023564836149201463
Bearing,preprocess_Reading164.dat,50000,0.067340510154151,0.22111762849332658,0.21061401027161392,0.04330485065007084,0.7492889546726416,0.14054205646550977,0.10763347147656215,0.0025351164529105372,4.009323759640996e-07,0.0626651482550585,0.39601722459249356,0.2729758177824151,0.15499227001731639,0.09702164663280363,0.016061609232527942,0.0002662834873848798
Bearing,preprocess_Reading165.dat,50000,0.123414849853044,0.24395797764075505,0.21043828000227938,0.045058483624422774,0.8041148495305029,0.10534849455898385,0.08852953736171572,0.002006781773616704,3.3677518071372543e-07,0.08354853193209436,0.43139207619500536,0.2659226086856457,0.12179707237835859,0.083114688808411,0.013992680298565771,0.00023234170191927228
Bearing,preprocess_Reading166.dat,50000,0.0657972699888808,0.1983310787364054,0.1870987334397445,0.030138769708649572,0.7818292402375914,0.11182636898548778,0.10416669908517842,0.0021772304636723146,4.612280700525122e-07,0.07923370087335768,0.4840862933773604,0.21621872689224933,0.11672689037576808,0.08802968824437696,0.015447131391066245,0.00025756884582138717
Bearing,preprocess_Reading167.dat,50000,0.0816160463395,0.2546135519187345,0.24117811219217786,0.06091552645677768,0.7725779383310303,0.12166379213344725,0.10340874604430415,0.002349153024778708,3.7046643966846735e-07,0.0864456259553109,0.48715852861336373,0.18787986080032062,0.12666275788032957,0.09486365669734187,0.016715084158095753,0.00027448589523765456
Bearing,preprocess_Reading168.dat,50000,0.136897194587936,0.2542978084202517,0.2143047677521333,0.04935808255618849,0.7799586153899897,0.12008120846984348,0.09740907917807376,0.0025506532238865434,4.4373820642338977e-07,0.08761090006248888,0.46861517417460546,0.20678611201330901,0.1268445949699558,0.09201429893300994,0.017836967937694494,0.0002919519089363542
Bearing,preprocess_Reading169.dat,50000,0.05991375314906,0.22324281800993512,0.21505277951379873,0.045349831569055754,0.8157155798867015,0.10393293916249415,0.07820078561003602,0.0021503837421515196,3.115986168776223e-07,0.08611492324250716,0.5108771360455283,0.20946910850972073,0.10619392592216598,0.07321929990254022,0.013894602753797603,0.00023100362373992746
Bearing,preprocess_Reading170.dat,50000,0.11438694116039598,0.24574554418315578,0.21750057512071885,0.047681724313105904,0.8207103152604944,0.10080674549882307,0.07645396364997592,0.0020285775414034413,3.980493031855865e-07,0.08666291448401577,0.49468846768368424,0.22688494503432402,0.10580543688941278,0.07336164719388888,0.012385103887683931,0.00021148482699050143
Bearing,preprocess_Reading171.dat,50000,0.16389526456421802,0.27387779974161247,0.21942513858884033,0.04643675972870158,0.8534148199524609,0.07553283246780212,0.06928813124483325,0.0017638862768115974,3.300580920722186e-07,0.09761862870518113,0.5303196109119042,0.20851626209024723,0.08915899641290763,0.06308169720945708,0.011117907146516054,0.0001868975237866258
Bearing,preprocess_Reading172.dat,50000,0.0851141871795,0.21969105593698993,0.20253329405182416,0.04074034777667558,0.8249731383176091,0.09542870651732316,0.07716671301656705,0.002431105020189798,3.371283107928848e-07,0.09540108235200068,0.5221196800357828,0.19248345663539293,0.10298089503830782,0.07268583305499993,0.014091385056628825,0.00023766782688693154
Bearing,preprocess_Reading173.dat,50000,0.125901514871655,0.24323806462668776,0.20811911165570343,0.04287451044654691,0.7983140634881638,0.11147320549958387,0.08761638791768887,0.0025958332780766035,5.098164870083025e-07,0.07580583752564468,0.4579217284118911,0.2529609953689887,0.11918567113654671,0.07864867861860278,0.015221598986370264,0.00025548995195584534
Bearing,preprocess_Reading174.dat,50000,0.06906848381221,0.25424638417349466,0.24468503920178425,0.06361953281777029,0.8251377048381917,0.09325614939772757,0.0796077349011149,0.001998101391559391,3.094714064275485e-07,0.09901932732790561,0.5195578163376103,0.19291267776108817,0.10191257709995696,0.0722313313838825,0.014131456914286659,0.00023481317526969007
Bearing,preprocess_Reading175.dat,50000,0.03629161288916,0.23156970082038342,0.2287082096732543,0.050400138711757504,0.8217048559028336,0.09904206665956648,0.07715768124439538,0.0020951129591131406,2.832340912802252e-07,0.09400466812954518,0.5075994763308544,0.20785855271411896,0.10854279111085703,0.06896254100008418,0.012821841146422786,0.00021012956811742087
Bearing,preprocess_Reading176.dat,50000,0.05241966713778,0.227957844688287,0.22184895188414464,0.048566449364783354,0.8315441241493627,0.0966923883441821,0.06995958273792138,0.0018036421393749205,2.6262915897886656e-07,0.09301570645458158,0.5197390954811943,0.20730686222390543,0.10399833728715693,0.06464482810760526,0.01110181590587127,0.00019335453968522177
Bearing,preprocess_Reading177.dat,50000,0.022153080089204,0.2186748619485967,0.21754984782986894,0.04809004537349741,0.8374374155861712,0.09253785764064876,0.06827573917673543,0.001748799808636882,1.8778780773791912e-07,0.10678869593256013,0.540786349220894,0.17837567687043204,0.09657400216985529,0.06535802413167874,0.01192126150073886,0.00019599017384085688
Bearing,preprocess_Reading178.dat,50000,0.045671823515212,0.22297623632141084,0.21824868041034515,0.04870714006473994,0.8215324686631902,0.09669875159830366,0.07937940600471076,0.002389070773568277,3.029602270600715e-07,0.10947081759533009,0.5556854836269118,0.1460704858648011,0.09843442679850195,0.07526501458045945,0.014827152475300162,0.0002466190586953579
Bearing,preprocess_Reading179.dat,50000,0.030890877229542,0.25169292974599033,0.24979008104428288,0.06499470132188082,0.8215239272583691,0.09603808974641316,0.08021379367609437,0.0022238479549194444,3.413642039706502e-07,0.1039864685188641,0.5467063715578628,0.16114404848054642,0.09859874289359714,0.07521227113445168,0.014114651828550664,0.00023744558612716961
Bearing,preprocess_Reading180.dat,50000,0.09155218841896,0.23887751079001904,0.2206369460379084,0.05042866801328841,0.8103367791675558,0.10408378440026232,0.08303527317411732,0.002543811343294388,3.519147702583463e-07,0.10038163772993214,0.5465023834968383,0.15146036704154076,0.1103289231964701,0.07579301800025924,0.015273980902819046,0.00025968963214042796
Bearing,preprocess_Reading181.dat,50000,0.058100502588846005,0.2310076459575495,0.22358189571110634,0.04659885981616727,0.8250929609523494,0.09057632713308376,0.08200931789223946,0.0023209710022372054,4.2302009014129663e-07,0.0956621776357522,0.5482716081597052,0.17417105882011757,0.0957569700656972,0.07186317720574394,0.014036418591168697,0.00023858952181525568
Bearing,preprocess_Reading182.dat,50000,0.10916701244928721,0.24111865149372655,0.21499015673060554,0.04615262232411376,0.7984491946427321,0.11199052482205862,0.08706009898533777,0.0024997426872410667,4.388626302934059e-07,0.09097671517118859,0.5197553473403536,0.18073663322384395,0.116828951206044,0.07626551658642872,0.01518829960604614,0.0002485368660949422
Bearing,preprocess_Reading183.dat,50000,0.10276317320427401,0.2564718407914336,0.2349841172333459,0.05518480247963602,0.8188384156828633,0.10278584950891793,0.07586462401027776,0.0025107977271971644,3.130707439068696e-07,0.10154067732905718,0.5215477992229469,0.18169033174885413,0.10966139018319973,0.07187184677523947,0.01345974333074021,0.00022821140996234082
Bearing,preprocess_Reading184.dat,50000,0.08124297838775399,0.2334110813587384,0.21881570182174434,0.046186787311984695,0.8155389634977583,0.10041609930896193,0.08166359364937127,0.0023809416209556347,4.019229529783891e-07,0.10461756388174086,0.5349832226635526,0.16890030954120472,0.1028745258134102,0.07414236817886982,0.014239127426747145,0.00024288249447465999
Bearing,preprocess_Reading185.dat,50000,0.05602930781147201,0.2486007918098784,0.24220460432177135,0.05684598915731719,0.8184577185830827,0.1022585408375399,0.07681345070681943,0.0024698746224260416,4.152501318301681e-07,0.100882733322232,0.5256212480897551,0.17944398627133878,0.10788233947874554,0.07176188386470697,0.014169946665199612,0.00023786230802214057
Bearing,preprocess_Reading186.dat,50000,0.01912433013656,0.21866421457958427,0.21782630404644507,0.045659797383570185,0.8352653139758848,0.09573453918403106,0.06685452688932823,0.002145151121352665,4.688294034906674e-07,0.10589241785693232,0.5652316030947688,0.15266913628465936,0.09750709566466985,0.0650978023669678,0.013368792729550926,0.00023315200245109356
Bearing,preprocess_Reading187.dat,50000,0.02406329734002,0.23000266267012245,0.22874042615259754,0.05152297783570653,0.8358991671267956,0.09294656548556535,0.06898115485683551,0.0021726015727127532,5.109580906235439e-07,0.09720382976837567,0.5668821984645324,0.1641285386206891,0.09461842695536597,0.06493283920675134,0.012028293590724114,0.0002058733935613153
Bearing,preprocess_Reading188.dat,50000,0.015735695338428,0.20685074371289094,0.20625134682418989,0.042943115823473405,0.8139588604061746,0.10468195579864835,0.0789898427370777,0.002368840802394881,5.002557043383436e-07,0.09213975153063564,0.5249034826975559,0.17805935735800404,0.11316860247564042,0.0771770257304316,0.014309834933908373,0.00024194527382406257
Bearing,preprocess_Reading189.dat,50000,0.012044923759572,0.2220333657808052,0.22170641698331364,0.04814919736014471,0.823793195371798,0.1015872463172763,0.0726279374606429,0.0019909570239907875,6.638262918297321e-07,0.09132770090191554,0.5404949702169674,0.17987591214226195,0.10508147176199434,0.06929166950519118,0.01369733716906114,0.00023093830260860333
Bearing,preprocess_Reading190.dat,50000,-0.015408930444060798,0.21970909200569902,0.21916808611779867,0.048076010778379495,0.7804265309463517,0.11715531891900191,0.0996530892106661,0.002764520652202156,5.402717782491908e-07,0.07994952039172541,0.5192427879614989,0.17305715879915806,0.11830607385635714,0.09225521933980256,0.016888749957585367,0.00030048969387265457
Bearing,preprocess_Reading191.dat,50000,0.006029376333788,0.23611417585602973,0.2360371806754133,0.055515423987496516,0.7961451714137522,0.11072334036786065,0.09040052558235556,0.0027305133265991613,4.493094323955008e-07,0.09187138159292985,0.518738958847267,0.18182198650698975,0.11034005869641418,0.08138148104586766,0.015579232629510522,0.00026690068102124394
Bearing,preprocess_Reading192.dat,50000,0.069781543660252,0.2289830970245904,0.21809125357832515,0.048059791972950815,0.7896732705732241,0.11358900973394173,0.09356234499275745,0.003174864698076492,5.100020002841416e-07,0.07945256442644771,0.5157469626775509,0.1829011604794728,0.11686755825170161,0.08761890365037436,0.017124750134129917,0.0002881003803226166
Bearing,preprocess_Reading193.dat,50000,0.040270497059880006,0.2548650704351135,0.2516634482686065,0.06093138664085564,0.8037763752951895,0.10284399035432598,0.09086878487885962,0.0025104211008927517,4.283707319778874e-07,0.07994617058097905,0.516430884540959,0.19442067828030465,0.11373839631403229,0.08103522635432844,0.014189041295280288,0.0002396026341160635
Bearing,preprocess_Reading194.dat,50000,0.022484376245449997,0.2062770591982487,0.20504798944718,0.0401339860465972,0.77183041119361,0.12259947880014135,0.10269505250941827,0.0028745946574918915,4.6283933830607113e-07,0.08835576711274884,0.4851096865282756,0.19833853260314524,0.11893092213569807,0.09225655390555863,0.016743166584678518,0.0002653711298950449
Bearing,preprocess_Reading195.dat,50000,0.04329671954982,0.2433504113513503,0.23946777816878753,0.0551828363796552,0.7648710022466241,0.12130320447963687,0.11076814166618117,0.003057166735343573,4.848722142851539e-07,0.08617567840309573,0.48061186486156504,0.1888453194424885,0.12839253543520723,0.096975840506956,0.01869810620498182,0.0003006551457057332
Bearing,preprocess_Reading196.dat,50000,0.008602785695058,0.236614471786301,0.23645803081518535,0.05731168236768397,0.7737666139095081,0.12705711269015552,0.09658773215289358,0.0025881501737943617,3.9107364834524255e-07,0.07751406783901962,0.479808504546536,0.20347563514485914,0.13462620510562134,0.0886236697463546,0.01569304085524821,0.0002588767623608495
Bearing,preprocess_Reading197.dat,50000,-0.009373371172698802,0.2302820968151196,0.23009125152084103,0.05360089254897448,0.8056746731481521,0.10856837555352569,0.08325483718247133,0.0025017849332188745,3.2918263209212283e-07,0.09951401932211247,0.5256879557472521,0.17435829603219807,0.10790460130789259,0.0777773169435154,0.014500681866931112,0.00025712878009820876
Bearing,preprocess_Reading198.dat,50000,0.024296024884376002,0.22713624241723201,0.22583307063899516,0.051812069700440486,0.7659351798929457,0.12689363299959247,0.10473851072075176,0.0024323121820915496,3.642046185633717e-07,0.07728137423080174,0.521229268054885,0.16476824653211888,0.12531573808756752,0.09502289789758109,0.016120536096764893,0.00026193910028079337
Bearing,preprocess_Reading199.dat,50000,0.013184087440736,0.24787855931859254,0.2475276954367249,0.06025909626554552,0.7908109090245549,0.10727990543096447,0.09930005474962011,0.002608744953410705,3.8584144976025874e-07,0.08040555361725311,0.5301182176250148,0.1769280652503416,0.11092203824558346,0.08694587758242565,0.014435424669354463,0.0002448230100268667
Bearing,preprocess_Reading200.dat,50000,0.008009242953771,0.23354019369042758,0.2334028150992826,0.05459801572270279,0.797729980782647,0.11195456254851736,0.08742827828269348,0.0028866364829996795,5.419031425334969e-07,0.08105492518988384,0.5337615677619386,0.17700274754119716,0.1123516287604831,0.08158955963870804,0.014003339724384797,0.00023623138340446277
Bearing,preprocess_Reading201.dat,50000,0.032995763643052,0.23923186764680338,0.23694549178954535,0.056078233229459325,0.7957732908588764,0.10756735012513631,0.09395823722767666,0.002700704759784453,4.170285264039976e-07,0.08620135531837658,0.5127323315462854,0.19022966180666684,0.1088344360242677,0.08687664513907635,0.01486840585107325,0.00025716431425391726
Bearing,preprocess_Reading202.dat,50000,-0.002531578369032,0.22688872947234986,0.22687460561406736,0.05247314986834371,0.7994031446937636,0.10719938200812565,0.09082390289826175,0.0025731910839374345,3.7931591153348875e-07,0.08924656991414405,0.5245755849182344,0.17830736133005276,0.11290682276283451,0.08116003440315704,0.01357587204629469,0.00022775462528264387
Bearing,preprocess_Reading203.dat,50000,0.0882003292575986,0.2568971665659432,0.24128169451589393,0.05964777240790995,0.8335043430374516,0.09315743573905721,0.071171103418838,0.0021668172993965485,3.005052567652372e-07,0.10180695854193961,0.5842426850299468,0.14329092874198077,0.09093232691691339,0.06805464297131987,0.011476054900748765,0.00019640289715074265
Bearing,preprocess_Reading204.dat,50000,0.028106050691924997,0.23322354312100044,0.23152380218978802,0.05468746114044581,0.8003032921082575,0.10694087193492795,0.09059783571866577,0.0021576765102456837,3.237279032770072e-07,0.08935125401596432,0.5505394135310759,0.1495408740029943,0.11258252902881569,0.08436322732719517,0.013390645611413997,0.00023205648254066535
Bearing,preprocess_Reading205.dat,50000,-0.03473572011014,0.22322487256386925,0.22050572210168534,0.048733233647606816,0.8023222083498863,0.09712021633876147,0.09775421052676171,0.0028030232127015473,3.4157188900790957e-07,0.08704233662230385,0.5392220669110142,0.17111264428319378,0.10156538582973558,0.08568973675155327,0.015120075007353432,0.00024775459484608763
Bearing,preprocess_Reading206.dat,50000,0.021835433356719995,0.2289330037510747,0.22788930219870746,0.05201831514267894,0.8013160896666354,0.10338904346301178,0.09266293089230766,0.0026315619331461555,3.740448990421902e-07,0.09083970262183043,0.5395708199576399,0.16528093633087543,0.10469155304072075,0.08478136300335844,0.014592511619106277,0.00024311342646886412
Bearing,preprocess_Reading207.dat,50000,-0.0006141407783828,0.22527808382061595,0.22527724670057736,0.0521382658833208,0.8132069660502986,0.09705224190717188,0.08763841953487152,0.0021019280245012407,4.4448315662391164e-07,0.08886294117919592,0.5524654351868432,0.16378535725198065,0.10206982121834687,0.07993630895364506,0.012655127474263114,0.00022500873572535373
Bearing,preprocess_Reading208.dat,50000,0.07131483548009919,0.2304478186250367,0.21913555473606788,0.047471061210977036,0.8163992437979933,0.08847086184875214,0.09317087600303679,0.0019586555766527994,3.6277356490710396e-07,0.08698832142283328,0.560357900583237,0.1630462166672776,0.09312181930710316,0.0808955640051119,0.015338339039116857,0.00025183897532009725
Bearing,preprocess_Reading209.dat,50000,0.049412585926758,0.2268387998913242,0.2213915930837641,0.04681981733241042,0.8032133443224346,0.10264311704172373,0.09200491377236097,0.0021383046258568908,3.202376237029927e-07,0.09519032688062015,0.5443066081303228,0.16329156133446598,0.10045894142852026,0.0827295655630018,0.013796646794020819,0.00022634986904787198
Bearing,preprocess_Reading210.dat,50000,0.05094877418988999,0.2461015979717212,0.24077005406150964,0.05668134972524336,0.8059064597178787,0.10437479467989826,0.08757297169340886,0.002145482866234597,2.9104257955021913e-07,0.08998631148683534,0.5419045840894265,0.17004809878256527,0.10560949948107325,0.0788011733285753,0.013432919140807154,0.00021741369071705415
Bearing,preprocess_Reading211.dat,50000,0.02161551758312,0.22945567097288555,0.22843527385504836,0.05125199727120134,0.7941539534420968,0.10437418755409858,0.09925950252727969,0.002212059762316875,2.9671420806247263e-07,0.09289941770970912,0.5240736348853838,0.16388764611294715,0.11055080590221938,0.09249073336415704,0.01583500084988783,0.0002627611756957069
Bearing,preprocess_Reading212.dat,50000,0.053695813217695995,0.19630829653516987,0.1888218920873067,0.0346250118771696,0.7489768004620009,0.12325587559158861,0.12522728686914428,0.002539478654651191,5.584226151767075e-07,0.06683203415712245,0.4959288501083795,0.18430881309502578,0.12435203772498113,0.11042782110297625,0.017868362084892068,0.0002820817266228544
Bearing,preprocess_Reading213.dat,50000,0.054541826389906,0.2456509068110188,0.23951942967352188,0.05621224562963943,0.7756328680259326,0.11249586176913931,0.10927200710663705,0.0025989066152678894,3.564830232273075e-07,0.08158788195696887,0.49429619550912635,0.19040355827845706,0.11934599653437052,0.09627869512506344,0.017801161866205555,0.00028651072980819924
Bearing,preprocess_Reading214.dat,50000,0.053055339623504005,0.22551924037260254,0.21918954974101829,0.04878319526540438,0.8092534289418356,0.10112765208381433,0.08716702675499065,0.0024515652642349934,3.269551244177288e-07,0.0956980125560775,0.5472869708456068,0.15999424162135106,0.10358204581481982,0.0803302350754542,0.012900985346587124,0.00020750874010350682
Bearing,preprocess_Reading215.dat,50000,0.08951997045981999,0.25070176312470993,0.23417418500490425,0.05560091351634571,0.8014830499892521,0.09740141904273021,0.09875555322245806,0.0023596728203937652,3.0492516575219697e-07,0.08731140741382179,0.5272952471225371,0.17030914805961112,0.10932657751732656,0.09080599762907858,0.014720765748213986,0.00023085650941094064
Bearing,preprocess_Reading216.dat,50000,-0.00804361895022,0.21208285440465305,0.21193026524451133,0.042851474787854844,0.7875595339884659,0.114226204958783,0.09594267472676479,0.002271232568726702,3.53757259583466e-07,0.07888014323383322,0.534136155068623,0.1709453772839024,0.11638846580011827,0.08519801740430197,0.014223266268101872,0.00022857494111929553
Bearing,preprocess_Reading217.dat,50000,0.03199512974604,0.25448348062576615,0.25246416296959606,0.0635124942749784,0.7819056581543045,0.10697681523323851,0.10868928495848293,0.002427910278319003,3.313756552786441e-07,0.08624528466534609,0.5103057945060616,0.16833624520727059,0.11666424503992517,0.10227589046135231,0.015917917505062957,0.00025462261498133645
Bearing,preprocess_Reading218.dat,50000,-0.024391489573349998,0.23804984463351844,0.23679692516254391,0.05463063926221178,0.7555433950096839,0.12772917446110182,0.11426699949000327,0.0024601048725680945,3.26166642885524e-07,0.07670227414607282,0.4821524472418034,0.1973784748135835,0.12393948406022494,0.10291492118174729,0.016640006317347654,0.0002723922392203032
Bearing,preprocess_Reading219.dat,50000,0.0745337519017653,0.2358138314868796,0.2237250163660035,0.04907166315115433,0.7858160460734358,0.10986427045179224,0.1020061204803279,0.0023132741590674143,2.8883537664319674e-07,0.08398922661115495,0.525469815249092,0.16806282527807137,0.11317819689104719,0.09415596276383484,0.014911777405741946,0.00023219580105802475
Bearing,preprocess_Reading220.dat,50000,0.017909898509334,0.2400354959201444,0.23936640289943578,0.05529089022227737,0.7590812719130834,0.12128444374025492,0.1171702781772336,0.0024636675428728536,3.386265552478944e-07,0.07976327091681629,0.5018975863823136,0.17401407865297674,0.12307775528650498,0.10468674736800243,0.016303248897925674,0.000257312495460151
Bearing,preprocess_Reading221.dat,50000,-0.016734305239392,0.20289609073324336,0.20220481364939705,0.04168583739596607,0.7697676751560739,0.11803353308021247,0.10982420334998327,0.002374323932154443,2.64481575945514e-07,0.08327364174200295,0.4918562251401562,0.18581526040566423,0.12058344857123751,0.10315252130901285,0.015082784604227859,0.00023611822769836288
Bearing,preprocess_Reading222.dat,50000,-0.0099337057739128,0.24546288415521506,0.24526179683634766,0.06223058791217163,0.7587869408006607,0.12830784780022025,0.11024781650440896,0.0026570270870400078,3.6780767007636275e-07,0.0977776799005229,0.47350587466272426,0.1851132872604546,0.12495027795663449,0.10079163746995023,0.017561757118890117,0.00029948563082363237
Bearing,preprocess_Reading223.dat,50000,0.042147329641094,0.2543888121725218,0.25087301641003873,0.06324537375327924,0.7659416337857275,0.0991182137004843,0.13259107518124474,0.00234873637148631,3.4096105715388405e-07,0.06962321871019411,0.5039749625110126,0.18612830646490822,0.1024040349117146,0.11614116951493607,0.021390229950062865,0.0003380779371715114
Bearing,preprocess_Reading224.dat,50000,0.02321073495919,0.2454143374727924,0.24431426241597903,0.05872993072977212,0.7657467424983441,0.11176548605296542,0.11985465979040519,0.0026327812683787323,3.30389906653899e-07,0.07146228471243275,0.5070665227556136,0.18441397306899274,0.11253516823600705,0.10645145012359035,0.01778895809996774,0.0002816430033957797
Bearing,preprocess_Reading225.dat,50000,-0.004721874707672,0.24678968219273262,0.24674450578692736,0.061194334846848476,0.7649204988098998,0.10264783537776404,0.12965514657179453,0.0027761960371538385,3.2320338778612004e-07,0.08031803232364189,0.5100066468232085,0.17123215518978885,0.1108912064128078,0.10739925729128531,0.019839379719462834,0.00031332223980480253
Flywheel,preprocess_Reading1.dat,50000,0.019251484134594,0.23121766563114293,0.23041481996288887,0.05487128688759954,0.6472167258795317,0.1709076666015435,0.17939168822713786,0.0024835674921305194,3.517996565223676e-07,0.08423373855346554,0.33853843306311066,0.22033412256210513,0.15899708813043026,0.1639549306613261,0.03343807069259182,0.0005036163369704201
Flywheel,preprocess_Reading2.dat,50000,-0.007962532505492,0.22867087615620088,0.22853220271581762,0.05212717974488102,0.721527576638136,0.1265468187430237,0.15003109222333688,0.0018941869838125034,3.2541169086367396e-07,0.08256698607853846,0.37086333667488863,0.2578578975769526,0.1345581274786871,0.12817586814492843,0.025589429184809415,0.0003883548611953983
Flywheel,preprocess_Reading3.dat,50000,0.073859961397698,0.19990470452689843,0.18575951387295653,0.033813672095334875,0.7307269742117751,0.12027824147898412,0.1471553459659542,0.0018389137171655055,5.246261210781348e-07,0.0859385738231233,0.4129962109248995,0.22099359099498064,0.12417811138464756,0.13148569560595585,0.024052674146616534,0.0003551431197766502
Flywheel,preprocess_Reading4.dat,50000,-0.020177841568598,0.23864875180822087,0.23779419978051264,0.0578561493205032,0.7810767916337594,0.1038590493539032,0.11345187833847462,0.0016119585761038635,3.2209775906521294e-07,0.10039943576276054,0.4465023773816757,0.21626358176914287,0.11282233024926439,0.10490982870667485,0.01881352264774597,0.00028892348273566585
Flywheel,preprocess_Reading5.dat,50000,0.08732088519652399,0.2033411445929943,0.18363737117723206,0.03175180001758335,0.7170615056004352,0.13530580949066637,0.14549209526264176,0.0021401501358599994,4.3951039666171347e-07,0.06116030417411278,0.35803173034153263,0.27620321890280597,0.14889637552301144,0.13289935828511867,0.022459924020227028,0.00034908875319165374
Flywheel,preprocess_Reading6.dat,50000,-0.016159269523506,0.19386393389299122,0.19318929285271677,0.034097891389228356,0.7240548380565177,0.13252209707543783,0.14125201970287762,0.0021705652282209423,4.799369457953281e-07,0.08453547403523974,0.4023410474560259,0.2378546655992152,0.13443164104777283,0.12089013276381308,0.019625539155090587,0.0003214999428427733
Flywheel,preprocess_Reading7.dat,50000,0.006835074167069999,0.23197701670399865,0.23187629900448628,0.05454680441167126,0.7078772362301226,0.14694540744341608,0.14286378196030616,0.0023131521309385774,4.22235216467376e-07,0.0793538968068688,0.40794611932747543,0.21284439528791377,0.14927098857303636,0.1275395381150793,0.022681847489462125,0.0003632144001641333
Flywheel,preprocess_Reading8.dat,50000,0.0580762085619,0.23495435634528156,0.22766357540173227,0.04990685259101495,0.6878056027270569,0.1616379260485386,0.14820135583347585,0.002354544242396432,5.711485321347129e-07,0.09994456109466053,0.4176264234555311,0.1761653049922149,0.15439035714847343,0.1301723833658268,0.021347924580023034,0.0003530453632702482
Flywheel,preprocess_Reading9.dat,50000,0.029931322880525996,0.23548969961577004,0.23357978194986678,0.055061282453632156,0.7258754423833832,0.13912960523934914,0.13290555596974218,0.002088944950933236,4.5145659235623333e-07,0.09228290918682294,0.423153380890302,0.19677121458060912,0.1440295145753963,0.12243799321680959,0.02098396608867386,0.00034102146138615574
Flywheel,preprocess_Reading10.dat,50000,0.059641517083873996,0.22283930967994975,0.21470968161349993,0.047041250606955284,0.7291054066655427,0.13765068238916278,0.13084442752958336,0.0023989275629682496,5.558527429676059e-07,0.09237909218929047,0.4273920254121416,0.20110536791957292,0.14079048460399687,0.1172163085971999,0.02077336735714105,0.00034335392065720717
Flywheel,preprocess_Reading11.dat,50000,0.0107984885096636,0.25349557184248356,0.2532654686088382,0.06542353492612747,0.7442959633072296,0.1273381329468348,0.12643348350852782,0.0019319728688808125,4.4736852688668205e-07,0.1031960623703009,0.46175309188691643,0.1704830258326272,0.13237192775474205,0.11236496400751667,0.019503059540205002,0.00032786860769183233
Flywheel,preprocess_Reading12.dat,50000,0.06680246833167999,0.24250726490470756,0.23312486730582155,0.055728274379041105,0.7592431709182365,0.12027188844516926,0.11814849438080782,0.002336021565263605,4.2469052300971633e-07,0.0983497297588109,0.4584999669867379,0.189058962995349,0.1315015738575956,0.10359232455572394,0.018691602352711476,0.0003058394930711554
Flywheel,preprocess_Reading13.dat,50000,0.02704700034966,0.23260276690193454,0.2310249054593924,0.05480486549667617,0.7570459650248564,0.12690587536085074,0.11395874223785243,0.0020889837564291194,4.336200113741945e-07,0.08994219318278424,0.4567559254480291,0.20224633257069058,0.1304005081182231,0.1030168872769477,0.01734380887498562,0.00029434452833982056
Flywheel,preprocess_Reading14.dat,50000,0.018458417952804,0.23409546576718734,0.23336660836425588,0.05537245275787099,0.7466810630052919,0.13066631502398626,0.12026582938173322,0.002386265694112715,5.268948761258642e-07,0.0889499663256845,0.46079422733902103,0.18764040631800155,0.13803175904009077,0.10550405031805585,0.018757445269335257,0.0003221453898110717
Flywheel,preprocess_Reading15.dat,50000,-0.03694885647184278,0.24110602068216194,0.23825804333665268,0.05908234571220233,0.7495712036939387,0.12309446133190718,0.1250283370610552,0.002305449734537599,5.481785613992707e-07,0.08884538438324953,0.42806882483703973,0.21744141912448856,0.13509341281451906,0.109005674359412,0.021177831091278004,0.00036745339001284917
Flywheel,preprocess_Reading16.dat,50000,0.037837917425915996,0.23447992597115294,0.23140684451482182,0.05143379466305732,0.7511155257252794,0.1262922337986321,0.12015874791912402,0.0024329262664568134,5.662905076742533e-07,0.0853018369863649,0.43624962895356145,0.22575769240637292,0.1337809639290101,0.09942605903261097,0.019158345394889267,0.00032547329719031127
Flywheel,preprocess_Reading17.dat,50000,0.012629712185620002,0.1893414532356741,0.18891976149547027,0.03553048106481529,0.7688101078095726,0.12014726641166217,0.10875136237303595,0.0022906516237572246,6.117819720355446e-07,0.08949369914580076,0.43589201293768315,0.23088695373728677,0.13081376001262365,0.0954159170907125,0.01720989193803161,0.00028776513786151213
Flywheel,preprocess_Reading18.dat,50000,0.08293458015652,0.2201600508851082,0.20394191187687535,0.03651552166015786,0.7510118814984699,0.12363585519008286,0.12268561704667778,0.0026660032542818973,6.430104876061831e-07,0.07436842668250053,0.4484053192140547,0.2228018229755242,0.13339169984598817,0.100472444196296,0.020222169757280528,0.0003381173283560526
Flywheel,preprocess_Reading19.dat,50000,0.0771300905811724,0.2244034804318125,0.21073175165800478,0.04307507132619282,0.7636817982299497,0.13004728598497312,0.10427678659643737,0.0019936655092400446,4.636793997163305e-07,0.09330988837831591,0.4679997328243014,0.1986283261634898,0.12940891686875905,0.09345425521463323,0.016908002073478843,0.0002908784770216679
Flywheel,preprocess_Reading20.dat,50000,-0.029901714384646002,0.24220903021676018,0.24035619774701567,0.05880311701491274,0.7507996973444204,0.12730223408505018,0.11925764526000421,0.002639852388873443,5.709216517528383e-07,0.09156073761101231,0.45179811524311586,0.1971988956924028,0.13701913417397735,0.1016874691004686,0.020394104367784965,0.00034154381123821666
Flywheel,preprocess_Reading21.dat,50000,-0.023719143967072,0.21114456449170313,0.20980807735609294,0.04499577929146334,0.7498272597201889,0.13384509277247428,0.11372889149713125,0.00259820729942891,5.48710776562899e-07,0.08745286190410362,0.47903440808329,0.18159998288330972,0.13263654229972702,0.09773492995119777,0.021186576374693088,0.00035469850367881564
Flywheel,preprocess_Reading22.dat,50000,0.077878195147522,0.22565621152115023,0.21179167244875938,0.0452594039861764,0.7654381429437882,0.11875964856694264,0.11323012914398559,0.0025713723936191426,7.069516644587105e-07,0.0948108027105321,0.46825691270739017,0.19248144387006857,0.1248046041423754,0.09930131212862131,0.01999515564607033,0.00034976879494187576
Flywheel,preprocess_Reading23.dat,50000,0.065547584025094,0.25768449625160594,0.2492083743314361,0.05929991852646171,0.7859426849666586,0.11549545380276342,0.09640479773748149,0.0021565502956758104,5.13197420644786e-07,0.1041390246046405,0.5119335381491272,0.1702118669970554,0.11357683435640582,0.08316359319684002,0.016686995760135024,0.00028814693579596576
Flywheel,preprocess_Reading24.dat,50000,0.03637923928238,0.24865071562032934,0.24597505834481923,0.061672027963380296,0.7358121647816169,0.13757435318552882,0.12381714872499255,0.0027957535755107218,5.79732351189253e-07,0.08029895186366909,0.44705486426406893,0.20254966156135656,0.14313296202296086,0.1050966564528261,0.021505646472989956,0.0003612573621286323
Flywheel,preprocess_Reading25.dat,50000,0.00241689231147398,0.23135008027434795,0.23133745540768355,0.04861368623021068,0.7542019217500654,0.12144311825586047,0.12098466969056712,0.003369695073082198,5.952304246772797e-07,0.08332823784706539,0.4663949304675311,0.1963236969508608,0.13226042541612987,0.10070783944924598,0.02063283995930124,0.00035202990986560936
Flywheel,preprocess_Reading26.dat,50000,-0.01539120393768,0.19439821885318181,0.19378797262636896,0.03528360817382018,0.7686189637821551,0.12111978759645715,0.10745545570530902,0.002805279962211279,5.129538676994136e-07,0.10324270178316375,0.4955208079678726,0.16728147352028705,0.1236097925512668,0.09260658957867623,0.017437246895986615,0.0003013877027469346
Flywheel,preprocess_Reading27.dat,50000,0.007446381490063,0.24381736299306125,0.24370362717775584,0.05933824805639615,0.7826524320833476,0.11140479070863356,0.10317567637711289,0.002766568622076037,5.32208829898281e-07,0.11148122078861222,0.5003837500663452,0.16518851489711484,0.11437576644237038,0.087786934723725,0.020436004242604628,0.00034780883922768205
Flywheel,preprocess_Reading28.dat,50000,-0.012748205009094002,0.22970621550817036,0.22935219360654066,0.05268437492135904,0.7538596858714325,0.12633149431086893,0.11694558104751675,0.0028625568481694084,6.819220124470702e-07,0.08924956962894073,0.4636563734902313,0.19823121875122665,0.1251667727793942,0.10328908481779064,0.020070924198016017,0.00033605633440029304
Flywheel,preprocess_Reading29.dat,50000,-0.002139151731656,0.22933806399926882,0.22932808730899418,0.052442897241283176,0.7862528292659822,0.1044632985819612,0.10666308729421792,0.002620290668524584,4.941893141605105e-07,0.09745257739468323,0.48020889864064065,0.20343543887299942,0.10785335824910797,0.09132332638292869,0.019402462030993235,0.0003239384286469576
Flywheel,preprocess_Reading30.dat,50000,0.014798768988756001,0.2572618146429652,0.25683581858807936,0.06606914624704795,0.7808797014866011,0.11898717652764976,0.09775523560401751,0.002377373020494927,5.1336123696713e-07,0.10512057808552527,0.49865529062504504,0.17035946102679833,0.12211109718479614,0.0859884647626131,0.01747486820379422,0.00029024011142769654
Flywheel,preprocess_Reading31.dat,50000,0.030007318399722,0.21827884252042629,0.21620641510953081,0.04739976259508248,0.798915703320019,0.10866256374923769,0.0902728735258831,0.0021484577454289697,4.0165943119296253e-07,0.09697046950607972,0.4850940995251931,0.2092841043131481,0.11524801804920155,0.07721610800786273,0.015911805772682745,0.00027539482583200373
Flywheel,preprocess_Reading32.dat,50000,0.038537397994126,0.22141233701381274,0.21803277720966757,0.04664934435926344,0.8045807574594274,0.09760591049802521,0.09589187509508565,0.0019210829156459564,3.740318160084728e-07,0.09840590070384748,0.5133895303652956,0.1845256580042101,0.1031082023971378,0.08147088188389028,0.01878597366226735,0.00031385298335142626
Flywheel,preprocess_Reading33.dat,50000,0.020852551183628002,0.21003503589332062,0.20899733828889464,0.04362699622141937,0.7672299859653694,0.12437520715536418,0.1055903485540173,0.0028038495887511995,6.08736497784333e-07,0.0893560802074916,0.4592344079072099,0.21197170137239663,0.1259079955513182,0.09320736653772228,0.019980070161114097,0.00034237826274723506
Flywheel,preprocess_Reading34.dat,50000,-0.008105950113828001,0.2361492009937328,0.23601003941089146,0.05495963106633243,0.7777794567491776,0.10681372651389785,0.11291497987603763,0.0024912955823807106,5.412785064551938e-07,0.10900847917098774,0.5223428100596786,0.14276555011835737,0.10854664475473608,0.09615402554303268,0.020831537686646143,0.00035095266656147943
Flywheel,preprocess_Reading35.dat,50000,-0.010397939792784,0.20345588051484792,0.20319000507932894,0.03930776613381634,0.7846859875301755,0.1046629834115326,0.10800886684369379,0.002641631827909938,5.303866882013943e-07,0.11057732559351506,0.5169161692388796,0.154966524240351,0.1053226699025857,0.09226683500897018,0.019594487508579304,0.0003559885071192601
Flywheel,preprocess_Reading36.dat,50000,0.04028794238623,0.23858266277056597,0.23515647699558992,0.05549794123559509,0.7985004250456861,0.10242016390384531,0.09662301685747351,0.002455740588314639,6.536046803718465e-07,0.11224120197715831,0.5286575970412011,0.1541157759721474,0.10350813642822632,0.08316742515186643,0.01799613346084609,0.0003137299685543993
Flywheel,preprocess_Reading37.dat,50000,-0.063790765309038,0.24290559152799193,0.23437974455325888,0.05398182154490692,0.7348603898320809,0.13087223007474333,0.13132039761827682,0.002946154608443229,8.278664557451264e-07,0.07289328617810613,0.45566638455495784,0.20038211325404642,0.13810014073671495,0.10963330652137017,0.02294409902866674,0.0003806697261376724
Flywheel,preprocess_Reading38.dat,50000,0.102421680313976,0.21841260195003318,0.19290895285663998,0.03748010347218816,0.7969791850793496,0.10703178922685898,0.09338671395761984,0.002601355138286703,9.565978847702984e-07,0.0922466075373917,0.5036541400726496,0.1852142421173759,0.11409190175988003,0.08625888741177067,0.01822275009131288,0.0003114710096191756
Flywheel,preprocess_Reading39.dat,50000,-0.040996157690540005,0.2501432288882327,0.2467609167053064,0.06049107454583328,0.7452826938974462,0.12698807646563107,0.12483828304289464,0.002890297363358056,6.492306700070226e-07,0.07969059234903199,0.45801255613260555,0.2025783638854415,0.12948443541927235,0.10738415157054824,0.022482552832453886,0.0003673478106462931
Flywheel,preprocess_Reading40.dat,50000,0.017815703250204002,0.21656568747516716,0.21583164204836244,0.04732107676657796,0.7939712495986452,0.10974090545254621,0.09401778475225286,0.0022692807972471618,7.793993085466559e-07,0.09743380110364677,0.49551050635645283,0.1866204962183312,0.11615007741978353,0.08550790580078364,0.018470552535186525,0.00030666056581530097
Flywheel,preprocess_Reading41.dat,50000,-0.02001333462704,0.2745355838944281,0.2738051373903724,0.07516912380439764,0.7943666228820583,0.09904997343564485,0.10414621248451114,0.0024366324364422853,5.58761343540151e-07,0.09650426716376494,0.5213386261391376,0.17617733554739506,0.09705822247022382,0.08909399317951347,0.01950182979985833,0.00032572570010685857
Flywheel,preprocess_Reading42.dat,50000,-0.0009742061586200002,0.2560555092137375,0.2560536559416149,0.06390940113443203,0.7810111781672769,0.1034582041075615,0.11320297139232006,0.002327136667020238,5.096658211809995e-07,0.0924471194335362,0.5086239200870508,0.18284633601825148,0.10406772697712047,0.09161386247300399,0.020064370026152297,0.0003366649848846398
Flywheel,preprocess_Reading43.dat,50000,0.041965127405308,0.20937894741469504,0.20513037732705972,0.03995114581486025,0.8154824641649611,0.08479574503705652,0.0975694891323178,0.002151716886386379,5.84779278239384e-07,0.0959036865380425,0.509854001034709,0.19992682444380722,0.09546479320009438,0.0823478806892138,0.016225621898879924,0.00027719219525307396
Flywheel,preprocess_Reading44.dat,50000,0.033122016222114,0.23673720258051295,0.2344086925159322,0.0557536743849679,0.8299138032491461,0.07925502555570361,0.08853856890775076,0.0022919594706204563,6.428167791231756e-07,0.09034252459809544,0.5228795203175245,0.19981321563736645,0.0927162464472881,0.07752896558800101,0.016437482833067667,0.0002820445786568153
Flywheel,preprocess_Reading45.dat,50000,-0.039497622401280005,0.2531528061327844,0.25005255663069914,0.06000203963522673,0.8193174263619828,0.09141898820751598,0.08703153578804632,0.002231487515819555,5.621266354313552e-07,0.10319719765409764,0.5393035591701497,0.17277595369541307,0.09702831405326699,0.07199526946260297,0.015435040559025118,0.0002646654054443586
Flywheel,preprocess_Reading46.dat,50000,0.048202074676022,0.24234552663484804,0.23750350371489057,0.056861288312984475,0.8017540913222286,0.09763573157338712,0.09825796188832898,0.002351598356760341,6.168592947943377e-07,0.0974938656488623,0.5112332315354192,0.19208744563816604,0.09745430155192297,0.08442935605073836,0.017005211927207633,0.00029658764768343825
Flywheel,preprocess_Reading47.dat,50000,0.077483714712032,0.22115320485891418,0.20713525526523316,0.04171795744955871,0.8218876685660235,0.09197951963030093,0.08397460718619329,0.0021575877321613475,6.168853210019635e-07,0.0887886031849114,0.5410474537319016,0.19005039221154651,0.09326088380372781,0.07184394759868189,0.014751469199672842,0.0002572502695579333
Flywheel,preprocess_Reading48.dat,50000,-0.031260233161846,0.2145947376894707,0.21230567412737644,0.043544129986066146,0.8122077216904104,0.10833498063825774,0.07719320383379386,0.002263527639055157,5.661984828948701e-07,0.08859808470317998,0.5232436322746552,0.2049235369680596,0.10179612494874689,0.06664518031426897,0.014543031168926142,0.00025040962216313405
Flywheel,preprocess_Reading49.dat,50000,0.08262029899127,0.24175831520140156,0.2272024849415459,0.05372243594100464,0.8399832389053905,0.08984990503055473,0.06812778725605227,0.002038657663241406,4.1114476107193726e-07,0.09248728950046851,0.53752497188756,0.1953606474265903,0.09517128238720049,0.0652915783874597,0.013924371601111764,0.00023985880960890741
Flywheel,preprocess_Reading50.dat,50000,0.02049324421854,0.23447142106768265,0.2335741300720133,0.05443733616634915,0.8009359719561407,0.1117722143398054,0.08501515835291197,0.0022760843027639878,5.710483778977059e-07,0.06218245356916709,0.3951566497604066,0.323578427518251,0.12405602100731132,0.07978877269903654,0.014976276023928557,0.00026139942189874315
Flywheel,preprocess_Reading51.dat,50000,-0.15276522209212,0.2734385187514622,0.22678494318657708,0.04885508111499716,0.8435398667097421,0.09064758789105379,0.06361923494294278,0.0021928734260006524,4.370302606692095e-07,0.0919993534328302,0.4898529100135461,0.24563598829321953,0.10113581512410694,0.057931265310554814,0.013216505311538763,0.0002281625142034562
Flywheel,preprocess_Reading52.dat,50000,-0.059084254667464,0.22776923067153762,0.21997243757137935,0.04505323656105175,0.8504679452999182,0.08379865751196065,0.06374063043119232,0.001992375095785427,3.91661143318506e-07,0.09036362071483288,0.46966619691933836,0.27340419622866713,0.1011714262361798,0.05393088941409581,0.011252396502869955,0.00021127398401617426
Flywheel,preprocess_Reading53.dat,50000,-0.1039350026962572,0.23758103972763356,0.2136405056457984,0.04510378936470528,0.8409289268092004,0.09252694260039196,0.06463471986723064,0.0019090707436156674,3.399795613326042e-07,0.08369426061364772,0.48359292059140224,0.26062819183577723,0.10470908632215353,0.055324991226951406,0.011845225577816792,0.00020532383225105888
Flywheel,preprocess_Reading54.dat,50000,-0.0514534364359554,0.2295112019783756,0.22366925517936034,0.05063402718838166,0.8428276182143042,0.07912270428786615,0.0761027254133793,0.001946530445602694,4.2163884768795694e-07,0.0801016917885109,0.47512684033148933,0.2718705306788344,0.09408031220130285,0.06605373126442782,0.01255865067673131,0.00020824305870345263
Flywheel,preprocess_Reading55.dat,50000,0.0018285725772774,0.24369446926393545,0.24368760877845394,0.06139032911152835,0.8600700772243327,0.07323273510405483,0.06483352881983911,0.0018633354742390452,3.233775341870178e-07,0.08446016984063134,0.5251041202925555,0.23913406710637083,0.08285263418659947,0.056638808804692686,0.011612652255207877,0.00019754751394217003
Flywheel,preprocess_Reading56.dat,50000,-0.07867055912726001,0.24882651003782952,0.23606265105732074,0.05403651003936105,0.8374962510243651,0.07726684242720089,0.08322917465281537,0.0020073945308478882,3.3736477066481577e-07,0.08897301002347663,0.47208446495073714,0.2639661746012313,0.09265866123178194,0.06894752660967335,0.013142694980821865,0.00022746760227770207
Flywheel,preprocess_Reading57.dat,50000,0.010161033073766,0.2408999526407582,0.24068556373242117,0.056270016809527215,0.8189330511225252,0.10501750229723787,0.07448724355654228,0.0015618993149144394,3.0370878020233143e-07,0.08555167111538753,0.4732112999055196,0.2508566741662145,0.11098719880369545,0.06732416393324961,0.011870585142147809,0.00019840693378551482
Flywheel,preprocess_Reading58.dat,50000,-0.13809138185094,0.2507695252483323,0.20932301605836812,0.04343655116059964,0.8221342324690724,0.0939647724482415,0.08197624166786635,0.0019243899246072476,3.6349021237184096e-07,0.07774921949005169,0.4544962512093164,0.2739089343581003,0.10901066138618225,0.07157774217480942,0.013038408857855132,0.0002187825236848165
Flywheel,preprocess_Reading59.dat,50000,-0.035021308695372,0.23822173222885915,0.23563340519413142,0.05418831317459661,0.8312384867008498,0.08681577722518978,0.07974914382825299,0.0021962921703970943,3.000753102420301e-07,0.08643128296661168,0.47895662022799995,0.2549531986886293,0.0950826261946825,0.06952222665713845,0.014801521137375062,0.0002525241275629354
Flywheel,preprocess_Reading60.dat,50000,0.028905701412388997,0.25399034448455443,0.2523401583522537,0.06334253233295845,0.8332242505887828,0.08917990496557436,0.0756995742841604,0.00189593759945956,3.325620228010132e-07,0.09008745979582938,0.498831963960057,0.23355332957918826,0.09859081167424524,0.0660838237296146,0.01264341632078145,0.00020919494028413604
Flywheel,preprocess_Reading61.dat,50000,-0.01986093661962,0.24548617095955552,0.24468143233391365,0.06115451446159941,0.8091627768647828,0.09956037657659286,0.08897299965584285,0.00230353203124811,3.148715334537033e-07,0.08886442917511361,0.4589703960181047,0.2442555061192162,0.11088043675865075,0.08081458603941721,0.015948150441048043,0.0002664954484493371
Flywheel,preprocess_Reading62.dat,50000,-0.014557035040914003,0.21437759815739935,0.21388278874783961,0.0448902133465164,0.8296682838918364,0.09086273775607263,0.07732616910659253,0.0021423454821545983,4.637633439492861e-07,0.08378932938854404,0.487904155924898,0.24848425905043822,0.09755380513613332,0.06945076401220587,0.012601222454174669,0.00021646403360582654
Flywheel,preprocess_Reading63.dat,50000,-0.0371551223370376,0.22414209163126333,0.22104111410540217,0.05027856747757576,0.7852971439690902,0.10874385753263396,0.10359054342063487,0.0023680184666594896,4.3661098139115415e-07,0.08053958456759196,0.4456750079071098,0.24030027386227507,0.12275597030964167,0.09269384825176062,0.01774210358807308,0.00029321151354777736
Flywheel,preprocess_Reading64.dat,50000,-0.069713687912622,0.24640504403854632,0.23633757095574012,0.05464208898038264,0.8144674915936396,0.10099269406083627,0.08200852286434851,0.0025309801214832652,3.113596922571161e-07,0.08767048877788206,0.4763978079484382,0.24671466692514643,0.10609235063944403,0.06979444763038029,0.013106673103627873,0.0002235649750811701
Flywheel,preprocess_Reading65.dat,50000,-0.096425912817692,0.24569211847505942,0.22597933626337946,0.050562173733422956,0.7870388351311669,0.10920698076759744,0.10114149104174312,0.002612355903843923,3.3715564856077633e-07,0.08129987056135002,0.4668951613081816,0.2278127463208919,0.11936401640162039,0.08731769470705411,0.01702494090120436,0.0002855697996975865
Flywheel,preprocess_Reading66.dat,50000,-0.046672414709919,0.20918208244784278,0.20390887504559832,0.04287725023361398,0.7433896116776261,0.12972601853249,0.12426132975540981,0.0026226843741642015,3.556603099498914e-07,0.08010162417332281,0.42525261411578535,0.23844809002637388,0.12640541018192553,0.11183899768468587,0.017661490117227653,0.0002917737006789642
Flywheel,preprocess_Reading67.dat,50000,-0.029194780542319995,0.22514578018209705,0.22324490391247667,0.04826250625726492,0.7506324215205805,0.12048853796697478,0.12553906042531066,0.003339487043468524,4.93043665572594e-07,0.07861763564298524,0.41818920887936417,0.23666492092577351,0.13384967153385008,0.10959779878068489,0.02269732967959321,0.00038343455774880134
Flywheel,preprocess_Reading68.dat,50000,0.023831881091330002,0.20347266248083892,0.2020721797296454,0.039206861187571586,0.7246767477600801,0.12113375014399642,0.15071566036204176,0.0034734017800922986,4.3995378959156966e-07,0.06434258217184007,0.4135711808055883,0.23558252716999656,0.14081604502485995,0.12211308561619906,0.023196335925060162,0.0003782432864558755
Flywheel,preprocess_Reading69.dat,50000,0.021725917560362,0.2062227244696779,0.20507509988747305,0.04340064107465467,0.7990744126012913,0.09093771793698596,0.10693143581222943,0.003056099165355349,3.344841380833695e-07,0.11251082630737057,0.488172533366267,0.18402621943414713,0.10440594188811794,0.09225689256220077,0.0183171772888029,0.0003104091530936697
Flywheel,preprocess_Reading70.dat,50000,-0.0347743033654462,0.19742820276795858,0.19434156290828292,0.03484648401487046,0.7538919462740422,0.10307633640454307,0.13974555702687594,0.0032857901311038945,3.701634348748593e-07,0.08192633368271499,0.45827535747675235,0.1984506458261452,0.1256691500351783,0.11317083135554847,0.02212684347748336,0.0003808381461773236
Flywheel,preprocess_Reading71.dat,50000,-0.01610086726015,0.22415342916528677,0.22357442134561875,0.04988488567240056,0.7257460257670441,0.11132613570014842,0.15916699704175635,0.003760461095538978,3.8039551219141813e-07,0.07427044664540891,0.43443859585716676,0.21029389484552166,0.12454902629521064,0.13013798647568223,0.025890413651016433,0.0004196362299934861
Flywheel,preprocess_Reading72.dat,50000,-0.008109983585476,0.257835099598258,0.257707521720044,0.06740788262826633,0.723203633968896,0.11339148064575699,0.15966602744828412,0.0037384124516608467,4.4548540199763355e-07,0.07365077525823141,0.45236371670667547,0.2019333140773051,0.11388322296334889,0.13040241184218254,0.027312623658989135,0.00045393549326748646
Flywheel,preprocess_Reading73.dat,50000,0.010863786101659,0.21277437305811833,0.21249685169859037,0.04645688301484143,0.7843251348903262,0.09924905951339862,0.11303865502551481,0.003386694905027821,4.556657325559871e-07,0.08240125876848917,0.4705262777677552,0.21650626538063641,0.10496986083395361,0.10521491238185138,0.02004785104089938,0.0003335738264149317
Flywheel,preprocess_Reading74.dat,50000,0.027808575011151998,0.2337336376328613,0.2320734722387263,0.053875856948551175,0.742823023479691,0.1048746825728112,0.1488516429508956,0.003450205217232338,4.4577937007109195e-07,0.0757801711730132,0.43163502655167674,0.22986756239362932,0.11705802244124537,0.12283927942388859,0.022453777109539812,0.00036616090700695417
Flywheel,preprocess_Reading75.dat,50000,0.030973657749619996,0.21896797766451703,0.2167662514509531,0.04557791901752323,0.7535886058021862,0.09519803192819755,0.14753408219576053,0.0036788249284353956,4.551454202055244e-07,0.06832637334776975,0.4083964131642349,0.2679672873376374,0.1101508164407899,0.11852033136604673,0.026207312865868627,0.00043146547765274555
Flywheel,preprocess_Reading76.dat,50000,0.0361639086949518,0.21911130090515574,0.2161063022964691,0.04492515495681397,0.6213565209735061,0.17840945862813293,0.197525974179823,0.002707634514623145,4.1170391478778757e-07,0.08287317835294589,0.3998513659208494,0.1490063169598568,0.15796297778922108,0.1758677911837254,0.03392268716755683,0.0005156826258445886
Flywheel,preprocess_Reading77.dat,50000,0.030451494280292,0.231646103072993,0.22963584991242342,0.05071182263046498,0.702803473580748,0.14023002479950886,0.15431893537958416,0.002647122940354963,4.43299803911298e-07,0.07933287747217233,0.38923640418394106,0.23597073182433484,0.13905217627296693,0.13053707313064913,0.02547019262085058,0.00040054449508537636
Flywheel,preprocess_Reading78.dat,50000,0.068936545176032,0.24519965473601646,0.23530963308342176,0.057058026472637725,0.7490556704839129,0.11884211517796714,0.1302267095529193,0.0018752103178156395,2.9446738499628693e-07,0.0814504384715076,0.400777159516173,0.25199921429107325,0.12551955798368972,0.11896895656835316,0.02096029719634935,0.0003243759728538738
Flywheel,preprocess_Reading79.dat,50000,0.02482145147916,0.21697733093923635,0.21555291157389317,0.044758635707218934,0.7127951515378922,0.1352883612356159,0.14979206751598587,0.002123993873458591,4.258370474296381e-07,0.07142344418820011,0.3794900541576347,0.24491089028187146,0.145758559026799,0.1340298312418379,0.024006117497452358,0.00038110360620441364
Flywheel,preprocess_Reading80.dat,50000,-0.024186416793714003,0.2249866224738509,0.22368280563081253,0.05087901673877488,0.721394709067805,0.13052893549605007,0.1458628817534863,0.0022130616890271497,4.119936313829847e-07,0.07324549013415371,0.359205098171744,0.2718058867018257,0.14100792581086063,0.1315546795232465,0.022819257726208603,0.0003616619319608797
Flywheel,preprocess_Reading81.dat,50000,0.00389494434749,0.19939837063127627,0.19936032609056842,0.03835432992304987,0.7515170065846157,0.12192817755863772,0.12449435527581657,0.0020600603748559022,4.002060740184742e-07,0.08477938074378173,0.39906383222768765,0.2534243155596391,0.1341195674428668,0.10959836462341033,0.018724058498683988,0.00029048090393037627
Flywheel,preprocess_Reading82.dat,50000,-0.016957152867586,0.24763504541478032,0.2470537809550901,0.06324085683973923,0.7426684420835067,0.12366283237302829,0.13168680369765032,0.0019814761581001218,4.456877147140494e-07,0.0799754922231718,0.38943498462179377,0.2560096425123885,0.13880662110772293,0.11655085826701482,0.018921394128894875,0.0003010071390132422
Flywheel,preprocess_Reading83.dat,50000,-0.021319934922516003,0.24224958890092663,0.24130960133730203,0.05978644453137576,0.7610907142790367,0.11729791966229194,0.11953544858113674,0.0020754432814301784,4.7419610436855415e-07,0.08825435769725899,0.3834485296987401,0.2658375088547984,0.14001456548240257,0.10544238723903192,0.016722729472540176,0.0002799215552280477
Flywheel,preprocess_Reading84.dat,50000,0.03212534743507268,0.23675173058101137,0.23456202588074582,0.05534680487285268,0.7751668543639079,0.11026467475554498,0.11239325965262735,0.00217466468571491,5.46542204960506e-07,0.09157434462725317,0.422083216589558,0.2398991346378214,0.12410578015413139,0.10400483689961117,0.018038443329182165,0.00029424376244265217
Flywheel,preprocess_Reading85.dat,50000,0.08161219439898,0.2543058557154648,0.2408545577242787,0.05643159490247016,0.7229303155628137,0.141772258939795,0.13283398843897862,0.0024627240350235074,7.130233890936181e-07,0.07560739495756072,0.35995773970999634,0.2678389955976804,0.15808418039242628,0.11880753342447041,0.019377844708068328,0.000326311209797476
Flywheel,preprocess_Reading86.dat,50000,0.04881456398849001,0.23420676415193284,0.22906319371983946,0.05224308674534491,0.7647759504992838,0.11719648835439521,0.11549637757921401,0.002530722946042229,4.606210648481224e-07,0.08652598052892402,0.39369102235691306,0.2605140134145987,0.14136997738315252,0.10038964539495397,0.01722756784789761,0.0002817930735601346
Flywheel,preprocess_Reading87.dat,50000,0.019526396357110003,0.18547400100775085,0.18444328368126664,0.029407494298013113,0.7551273391607207,0.12182745601505028,0.1206541918297048,0.0023904393162772672,5.736782468456122e-07,0.08018987177611044,0.4073108220821445,0.25484695566067306,0.14319133232733214,0.09733921436981646,0.016840470937268988,0.0002813328466544298
Flywheel,preprocess_Reading88.dat,50000,-0.0021636104795200004,0.2269831619911979,0.22697284995614625,0.04540976564075467,0.7053232451035717,0.16974121405273337,0.1223496670060807,0.0025852718652935995,6.019723207334496e-07,0.08313170140742912,0.41263828713254147,0.2164522594417141,0.15453938206295711,0.11213329084304709,0.020752805149470206,0.0003522739628408546
Flywheel,preprocess_Reading89.dat,50000,-0.02696730425345,0.21186243284532422,0.21013913236815598,0.04586691704145217,0.7541197522344083,0.1356985226793232,0.10776609798035686,0.0024151677541765174,4.5935173515960937e-07,0.0976826124631542,0.4646752109206738,0.18460755977005727,0.13347036603892984,0.1008429112758791,0.018409695395599314,0.00031164413570651214
Flywheel,preprocess_Reading90.dat,50000,0.007204399015871599,0.2009390506456802,0.2008098571017054,0.03756879795336193,0.7457870820255301,0.13811690710945757,0.11346091194341068,0.0026345194007344813,5.79520866954292e-07,0.08049350187761674,0.43557456237979275,0.22497783600345045,0.13870191868466103,0.10096020366975003,0.01896872465989897,0.00032325272483003725
Flywheel,preprocess_Reading91.dat,50000,-0.027593144594765598,0.22113612950268483,0.21940785342097616,0.048267573123285265,0.7785350185126398,0.12030492305162069,0.09908284833376127,0.002076772959497848,4.371424804538753e-07,0.09242306835533057,0.46357841581669623,0.2127670281884296,0.1285622350561151,0.08589073536085115,0.016500458007331544,0.00027805921524578657
Flywheel,preprocess_Reading92.dat,50000,-0.015830812988574,0.23110622961079436,0.230563385482253,0.053309934199966894,0.800084661745127,0.10969252657914819,0.0880242989794713,0.002197940938962941,5.71757290496844e-07,0.11869412025905321,0.4851125107969091,0.18694290611058603,0.1132360243829168,0.08041888997387538,0.01532618408023014,0.00026936439642940305
Flywheel,preprocess_Reading93.dat,50000,0.07134413949720199,0.23160443256546054,0.22034206802917308,0.04569744108195128,0.8050464078050275,0.10471661028775114,0.08834470938545047,0.001891706662966188,5.658588047146162e-07,0.11119763732886347,0.516751879843383,0.18431600993612784,0.09960869780303967,0.07327364741425678,0.014609016193881594,0.00024311148044766013
Flywheel,preprocess_Reading94.dat,50000,0.002804347712332,0.24427518436506535,0.24425908648501699,0.06044372727631541,0.808396921223873,0.10458426025579483,0.08491960414415087,0.0020985974050084476,6.169711729024471e-07,0.10549830373372404,0.5052047137079746,0.18860601707435795,0.10848482333185165,0.07633756246836233,0.015598336823769278,0.00027024285996033213
Flywheel,preprocess_Reading95.dat,50000,0.07991862720878,0.25303996035478515,0.24008797254634665,0.05669496066286238,0.7153748182683485,0.16419289646777732,0.11734311097137878,0.003088397118190393,7.771743050539454e-07,0.06763323161840729,0.40168992563159933,0.2438468788057777,0.15868344082378766,0.10655784402055499,0.021226350663255778,0.00036232843661716417
Flywheel,preprocess_Reading96.dat,50000,-0.023704787475352,0.23818821110026922,0.23700571081283003,0.05879015880602123,0.7533229269893496,0.13822150116214793,0.10579385966950759,0.0026612079393682777,5.042396266202908e-07,0.08759366732276144,0.4312253167760723,0.2278129347934938,0.13409687984331625,0.09942935294924751,0.019501741371410745,0.00034010694369797004
Flywheel,preprocess_Reading97.dat,50000,0.044112259362428595,0.16042558577014382,0.1542416193627245,0.024642584818419227,0.8144372375316071,0.09963470734538961,0.08373026174512364,0.0021970797736544606,7.136042250119945e-07,0.10853661597763752,0.506794650877021,0.18779081642336573,0.10451097733762912,0.07612327991488954,0.015962598968545554,0.0002810605009116052
Flywheel,preprocess_Reading98.dat,50000,-0.034665568119382,0.24617231527016467,0.24371932051528833,0.059417498254656184,0.784594450608445,0.1108287139413853,0.10206216029472279,0.0025140481910278746,6.269644190583833e-07,0.09415143976438006,0.48313477779163316,0.19448725809682268,0.11843883600295177,0.09061115067633457,0.018854759042976826,0.0003217786249008953
Flywheel,preprocess_Reading99.dat,50000,-0.0027785016419660004,0.2538954814902067,0.25388027778811306,0.06462543934072257,0.7711678753869661,0.1252504886095487,0.10045598439603622,0.0031250565585294898,5.950489196324988e-07,0.09442776001520108,0.48395660076546265,0.18886415955572478,0.12361208306367957,0.09043084614530958,0.01838028107666518,0.000328269377957125
Flywheel,preprocess_Reading100.dat,50000,0.00565862122179,0.2271485825959155,0.22707808917022743,0.050147782475932004,0.798442611662474,0.1137238426571051,0.08525826842766072,0.0025747025246055247,5.747281547633082e-07,0.090859141641126,0.4636571371816796,0.23495712883637768,0.11872744810924998,0.07604756547219067,0.01546799083711076,0.0002835879222653963
Flywheel,preprocess_Reading101.dat,50000,0.038175051402068005,0.2582010925605891,0.25536340702992544,0.06257549134341514,0.7780305713655234,0.12544630770311205,0.09373228543748285,0.0027902325553057013,6.029385760154032e-07,0.10070059131205543,0.45955638690367273,0.22277556804667692,0.1163993155332687,0.0811742742286929,0.01907033808394328,0.00032352589169007005
Flywheel,preprocess_Reading102.dat,50000,0.035366390753626,0.21287724897909882,0.20991889276092104,0.04220133531885653,0.7817554120625205,0.12413086101090355,0.09131796574689563,0.002795014468341726,7.467113384913529e-07,0.10410950081606538,0.4681943363627733,0.2108467136249173,0.11856837506478082,0.08090142294007535,0.01706726418726856,0.000312387004119468
Flywheel,preprocess_Reading103.dat,50000,-0.016753068856175002,0.2429249100515761,0.24234654238809886,0.06107382062072048,0.8111679412539313,0.10748188871843276,0.07902276685882809,0.002326922037324667,4.811314831050027e-07,0.11315395194705963,0.5068069135984667,0.1789019543793363,0.11028478139511504,0.07523397302393095,0.01534835125190269,0.0002700744041889121
Flywheel,preprocess_Reading104.dat,50000,-0.05488303479231399,0.24439715175727644,0.2381550341249474,0.05476368898689167,0.7773221644557162,0.12391309806689965,0.09601938587534933,0.002744703079850209,6.485221845402983e-07,0.1043027455171624,0.4739607025276047,0.19514741207546293,0.12255001872914575,0.0864071295937146,0.01733260375553622,0.00029938780137349255
Flywheel,preprocess_Reading105.dat,50000,-0.01112642460774,0.22728557311349806,0.22701307103552332,0.050544547395418644,0.7642343828744278,0.11994597476284886,0.11279190125874182,0.003026971173822078,7.699301592104703e-07,0.08982546841883546,0.474805862468705,0.1871895682362861,0.1302040422546552,0.09907190961215367,0.018577758536984835,0.0003253904723798116
Flywheel,preprocess_Reading106.dat,50000,0.035119775108342,0.23297009799636118,0.23030776790367627,0.05230302662240502,0.7839025610997614,0.12083937289837983,0.09291497373957816,0.002342400289411169,6.919728694289197e-07,0.10599483750353428,0.5011782830810163,0.17659649017499582,0.11634088719633144,0.08327744468730185,0.016331417827491986,0.00028063952932850595
Flywheel,preprocess_Reading107.dat,50000,-0.056687912768900006,0.2450556324804171,0.2384087740757098,0.059121299810189126,0.8035876763126235,0.10652662620218785,0.08735574093716533,0.002529418556828094,5.379911950523772e-07,0.10832289566893687,0.5254944310824609,0.1607872503487241,0.10732345075818221,0.08057251966901481,0.017200667730271332,0.0002987847424098696
Flywheel,preprocess_Reading108.dat,50000,-0.035012259963451996,0.2502858912899369,0.24782487573092768,0.060280407275027835,0.7558647491793037,0.1495729586486292,0.09202691680632179,0.0025346203213782773,7.550443671422989e-07,0.08193455919557134,0.4866679411229552,0.19092907059059566,0.1386525378773714,0.08452463956291184,0.016996992666686583,0.00029425898390809485
Flywheel,preprocess_Reading109.dat,50000,0.032267456082926804,0.1841973941616171,0.18134908682942555,0.03080977480882696,0.781753737714543,0.12123080366006839,0.09420292803709567,0.0028119066784993933,6.239097933134128e-07,0.0996744884412759,0.5120312547722039,0.1692469546618958,0.11938997364631201,0.08163912683883529,0.017711335076116438,0.0003068665633606946
Flywheel,preprocess_Reading110.dat,50000,0.019372876703848,0.24403656767831425,0.2432663931011227,0.060201666595171996,0.8360492391325373,0.08563024102044854,0.07600098790612307,0.002319006796304439,5.251445866065566e-07,0.12176501952366206,0.563502377068753,0.14607023281040687,0.08736197598770984,0.06676275140363368,0.014291562017784278,0.00024608118805025646
Flywheel,preprocess_Reading111.dat,50000,0.020458420940544,0.250029012857379,0.2491906103428757,0.0620788265319511,0.8017171575842661,0.10424365680989064,0.09178310390747414,0.002255479484193205,6.022141760167428e-07,0.09704806272150097,0.5394268253619728,0.16062607524571504,0.10658717447115734,0.07934712013671104,0.016681177409638214,0.00028356465330463157
Flywheel,preprocess_Reading112.dat,50000,0.03656340603134,0.24889023425306303,0.24618989834258426,0.058373181760370096,0.8170254625005597,0.09920914704617827,0.0819434430455055,0.0018213993980827421,5.480096739458997e-07,0.10340578658419047,0.5656937523208752,0.15099199580469955,0.09672175290784311,0.06863941166626998,0.014307487922384482,0.0002398127937373442
Flywheel,preprocess_Reading113.dat,50000,-0.034139049754676,0.21115700925991723,0.20837900048095187,0.04326768896265029,0.7959950989154863,0.1054191623422399,0.09618076792285545,0.0024043636721688844,6.071472496199802e-07,0.10927538668956936,0.5094858618291649,0.1711692848620401,0.10641501106656973,0.08562243369638582,0.017730531956157654,0.0003014899001123538
Flywheel,preprocess_Reading114.dat,50000,-0.058751024815252,0.248388183235185,0.24134002290136936,0.058629828157000914,0.7865884844635925,0.11244784280609492,0.09844535559309897,0.002517787662403585,5.294748099691713e-07,0.08967010984622517,0.4841369977606668,0.20279795264756914,0.11716087088519236,0.0874868932204541,0.018436951896779984,0.00031022374311246055
Flywheel,preprocess_Reading115.dat,50000,-0.025724021230777997,0.19503086516073043,0.19332695905398578,0.03282799657880182,0.7611151100198569,0.12988318593638223,0.1064327568548198,0.0025683922762431994,5.549126978399927e-07,0.09408253627259118,0.5006041090088015,0.17598855165822685,0.12351211929244434,0.0869087500211091,0.01859263749387551,0.00031129625295149983
Flywheel,preprocess_Reading116.dat,50000,0.027759396953674,0.2372024431991203,0.23557252586072136,0.053409117956974124,0.8204242549321957,0.0914776724739765,0.08597691391752287,0.0021206545681431424,5.041081619455065e-07,0.1015175260349358,0.5597466222797397,0.15026128300642216,0.10124455765986534,0.07323497093215402,0.013755967609217873,0.00023907247766525048
Flywheel,preprocess_Reading117.dat,50000,-0.04624763278494,0.24843260359631916,0.24408997314808978,0.057561114222354,0.8047234475286419,0.11169980180364925,0.08129233667125997,0.0022836980205255607,7.159759232618806e-07,0.09658102720280473,0.5327855714085418,0.1835547929360808,0.10367682105717703,0.06752155508422387,0.015604824882861364,0.00027540742831022315
Flywheel,preprocess_Reading118.dat,50000,0.004847182229832,0.22427258512935283,0.2242201981647363,0.045846173678556576,0.8152964102511745,0.09642521202462542,0.08593380089562896,0.00234407467046825,5.021581028147504e-07,0.07806578577850577,0.5607526702405986,0.17802595686127615,0.09619914327788927,0.07243983652071802,0.014265343859440406,0.00025126346157208166
Flywheel,preprocess_Reading119.dat,50000,-0.050368948252486,0.2432443746206625,0.2379722564429215,0.057460109640811094,0.7840382972148358,0.11290739629253026,0.10037472623242773,0.0026788669365790507,7.133236273910842e-07,0.08510120407730763,0.47278360679512055,0.2125007071455772,0.12013645468432822,0.09137586971370942,0.01777674889031373,0.00032540869364320615
Flywheel,preprocess_Reading120.dat,50000,0.014586689845908,0.23391245650297593,0.23345720332985206,0.053899444270183984,0.8054959609262264,0.10113212802335711,0.09126334096274441,0.0021080209301389736,5.491575329639096e-07,0.08508768067283747,0.49401783149193146,0.2222434795809999,0.10606200898193735,0.07666092777079453,0.015662752214746927,0.0002653192867523756
Flywheel,preprocess_Reading121.dat,50000,-0.098055877080824,0.2536537023300361,0.23393427640182382,0.05363356161208495,0.7860029641133448,0.1177441847494553,0.09365069455154086,0.002601543578159335,6.130074997566786e-07,0.07747785647091618,0.44022779294488673,0.2563088256642922,0.12505517500207736,0.08358455276471145,0.01706370927832071,0.0002820878747955352
Flywheel,preprocess_Reading122.dat,50000,-0.0552205221114826,0.2454770938668399,0.2391854877517543,0.05670856527797946,0.7825865388122775,0.12282075428132003,0.09207307506931886,0.002519066877298795,5.649597848151501e-07,0.07329505378965925,0.43946839730426746,0.2608134276667287,0.12450012697520838,0.08380793707789755,0.017769399240530566,0.00034565794570812295
Flywheel,preprocess_Reading123.dat,50000,0.0011141930825280001,0.2215761854690841,0.22157338409837227,0.04757885534644023,0.8263856485852931,0.09529898734255059,0.07635930302295676,0.001955572122543253,4.88926656388552e-07,0.07934956596481105,0.47699725715334385,0.2528167279014152,0.10817498903586623,0.06925547155161349,0.013179174635817865,0.00022681375713238275
Flywheel,preprocess_Reading124.dat,50000,-0.039181899557145995,0.23339290529993384,0.23008047937936324,0.05404131403615905,0.8183590395874402,0.10828664746388263,0.07138322401197444,0.001970671190735361,4.177459673292936e-07,0.07332267827538799,0.399946429998652,0.3206779116449499,0.12196838783799095,0.07098131850532242,0.012881752810139351,0.00022152092755753564
Flywheel,preprocess_Reading125.dat,50000,-0.052964005713954,0.1964032159796764,0.18912704022929047,0.03676725671711778,0.8105943874176821,0.11765283511852888,0.06968840080635996,0.0020638891023316668,4.875550974433704e-07,0.06699082785098044,0.43667111658573826,0.29002124899066484,0.12347786837780912,0.06965946480360687,0.012963721144532777,0.0002157522466677525
Flywheel,preprocess_Reading126.dat,50000,-0.035497247075028,0.21769423401230606,0.21478064384925166,0.04301370431744353,0.8037804642351284,0.11154749979235991,0.08245227067808482,0.0022193931277045826,3.7216672233710953e-07,0.07560206214399935,0.4857576675164083,0.22942899005700734,0.12188316094766445,0.07293268764373319,0.01415409726461026,0.0002413344265773643
Flywheel,preprocess_Reading127.dat,50000,-0.027651823157219996,0.23128391506554782,0.22962496825068776,0.054081402414334234,0.8053312196301231,0.11373884140760367,0.0790236073781255,0.001906012115722348,3.194684253605527e-07,0.07712314366392453,0.437943418096313,0.26704832792991473,0.12778027608424228,0.07750628298465215,0.012392874940863743,0.00020567630008954454
Flywheel,preprocess_Reading128.dat,50000,-0.020520155089818,0.23079408082403371,0.22988003605902887,0.05164514663492938,0.7836197297598163,0.12267661014903183,0.09156782775862829,0.0021353850031214936,4.473294020516027e-07,0.06499700151769125,0.4125724472622053,0.29310600094781303,0.1340658508941937,0.07960612150126767,0.01539416916765746,0.000258408709171246
Flywheel,preprocess_Reading129.dat,50000,-0.027470051114310005,0.25113631093133426,0.24962941124790763,0.061529013723625375,0.8267929831416244,0.09543148963893196,0.07569030397908778,0.002084853491883391,3.6974847241014844e-07,0.06927098515884791,0.48231487391646455,0.2590350069851008,0.10897035692288484,0.06635573556945419,0.01380483085913094,0.0002482105881168173
Flywheel,preprocess_Reading130.dat,50000,0.058643282138852,0.23223501755546683,0.2247088534948523,0.04935508478660569,0.8053639222623024,0.10722891314314471,0.08499366845803923,0.002412974939009834,5.21197503866322e-07,0.07561050203497709,0.4731432285465947,0.24481262219818464,0.11514912773869923,0.07660130797707511,0.014407288560137703,0.00027592294433137525
Flywheel,preprocess_Reading131.dat,50000,0.049791917804926,0.19999119991358275,0.1936936884985727,0.036442556254942686,0.8039322759782109,0.10709396036312821,0.08666058382303887,0.002312455753837517,7.24081784623315e-07,0.07736801908538438,0.4726051496987702,0.24338968934450345,0.11483413706007506,0.07686684441731179,0.014689325517095946,0.0002468348768592998
Flywheel,preprocess_Reading132.dat,50000,-0.052501883728714,0.26096635591302675,0.2556305754863083,0.06618066401103292,0.8157644224237998,0.10904146907145021,0.07328400431591613,0.0019097297994398513,3.743893940005136e-07,0.09209625879919588,0.5008619320217186,0.21376472334002056,0.11099641084675846,0.06998402596605093,0.012089085614885614,0.00020756341136999757
Flywheel,preprocess_Reading133.dat,50000,0.032804580647762,0.1917172977991678,0.18888986675822306,0.03522416793891217,0.7904656218319625,0.11351270279660863,0.09345982641413038,0.0025610954676705405,7.534896283371958e-07,0.07925308018972668,0.4390363675591313,0.25152078752461243,0.130157981311011,0.0848305013929288,0.014940095201949201,0.0002611868206405701
Flywheel,preprocess_Reading134.dat,50000,-0.0485058203144,0.25198730707541384,0.24727472236916181,0.06064715418718839,0.7795485995532061,0.10931083057915102,0.10878154982263977,0.00235853396714578,4.860778572733749e-07,0.06792811957524933,0.4552005086644766,0.2494149502228356,0.12113927865401607,0.08856583866240687,0.01746000997309489,0.0002912942479205223
Flywheel,preprocess_Reading135.dat,50000,0.002992278305064,0.26677114988077255,0.26675436768543204,0.07196054325746003,0.8151423134643185,0.0942653349320508,0.08815106587399382,0.0024408818570253623,4.038726114411299e-07,0.07257201472728002,0.4595860001657975,0.25019311222189644,0.11747443144504599,0.0824476685558948,0.01743730769373808,0.00028946519034718477
Flywheel,preprocess_Reading136.dat,50000,-0.0692366819775862,0.23750450381780444,0.22718862472068463,0.04885299215633085,0.80323072664918,0.11007516024306344,0.08421052423623811,0.0024832277315510035,3.61139967529973e-07,0.08793671648711537,0.49824947511882783,0.20815086884613962,0.11475505635788358,0.07570197309130121,0.014956936929912805,0.00024897316881956037
Flywheel,preprocess_Reading137.dat,50000,0.015165003071476,0.20786430465400896,0.20731037559933363,0.04456412680198161,0.791953884627731,0.11231694108927888,0.09341625659371694,0.002312498068085629,4.196211875267034e-07,0.07969641920797678,0.46908921983209556,0.22836754387554742,0.12090942575613463,0.08540258930105238,0.0162529772229536,0.00028182480423958987
Flywheel,preprocess_Reading138.dat,50000,0.07980706986146399,0.23831241403323425,0.22455208367431165,0.04960397055270783,0.796697886543221,0.11266048046470298,0.08832228168673567,0.0023189114501184554,4.3985522182035035e-07,0.08170554169601499,0.5071599769945103,0.19891093854769304,0.11732294781002535,0.08018491906296125,0.014469265472210713,0.0002464104165842417
Flywheel,preprocess_Reading139.dat,50000,0.0290049119481046,0.23915571888829787,0.23739033880901989,0.05762871836522281,0.8223017052447683,0.09308997355242961,0.0821991692519471,0.002408687351326752,4.6459952827258627e-07,0.08571998769444476,0.4897726466302472,0.23798033974084695,0.09599205172982152,0.07532183493700945,0.014960294408604677,0.0002528448590252682
Flywheel,preprocess_Reading140.dat,50000,-0.061480493998592,0.25456170912346066,0.24702593509497436,0.06034693228625989,0.799008651627366,0.10468986867399521,0.09409189042813587,0.002209248057111908,3.41213391129689e-07,0.08628031678482218,0.4741720259120504,0.2337256447145106,0.1081426802927025,0.08269675724937256,0.01473821589246459,0.0002443591540773387
Flywheel,preprocess_Reading141.dat,50000,-0.056040429901239405,0.2346715237026431,0.22788197439333469,0.05260268142936239,0.788146389391324,0.1171260113936507,0.09214182391293892,0.002585350080225536,4.252218609369459e-07,0.06776610604355986,0.4818632120014007,0.22518399763512723,0.1185283994649132,0.09123800045322521,0.01516381955404402,0.0002564648477297841
Flywheel,preprocess_Reading142.dat,50000,0.0009734703340640001,0.2322319634653616,0.23222992315910912,0.052921780875288156,0.7460638332769873,0.14058852082074336,0.11043534408512139,0.0029118163783929717,4.854387548845177e-07,0.07801205715783163,0.4364102377243356,0.22272630124964388,0.13740918265088936,0.10795848470413057,0.01720073807543666,0.00028299843773221274
Flywheel,preprocess_Reading143.dat,50000,0.00509325467042,0.22159083264339308,0.22153229080306663,0.04843496438829395,0.7754212014947967,0.12303290702330606,0.09897696467512954,0.0025685256827461624,4.011240217788109e-07,0.06846138236246482,0.4544737514301354,0.23639245127602757,0.12865683553795754,0.09583408428864894,0.01591450575314361,0.00026698935162219726
Flywheel,preprocess_Reading144.dat,50000,-0.156995537034846,0.2656901280857477,0.2143446885587822,0.04443744489189643,0.7650773251733376,0.1251072434386545,0.107138124652379,0.0026769177878553153,3.889477733511242e-07,0.06677998369931615,0.4449271602082995,0.2438772597511737,0.12562381183442453,0.10155643133014745,0.016934184672285486,0.0003011685043532136
Flywheel,preprocess_Reading145.dat,50000,-0.05616169120673,0.22541359437522782,0.21830518310374505,0.04910422078916196,0.7754238101201636,0.11274034383436542,0.10878470849328975,0.0030507841778666693,3.5337431449867823e-07,0.07570807182333891,0.46363681441771754,0.22785577179112973,0.11976124776180334,0.09496324907929829,0.01776802315210683,0.00030682197460535544
Flywheel,preprocess_Reading146.dat,50000,0.0686357908277946,0.24630803730872014,0.2365518494121682,0.056668270616414745,0.8013192772946383,0.09635215054961714,0.09934910220669894,0.00297903867634732,4.312726982675589e-07,0.10061261840553269,0.48885324570937333,0.20098572023170352,0.10646156275654492,0.08645667631085496,0.016355794405888843,0.00027438218010164284
Flywheel,preprocess_Reading147.dat,50000,-0.031117155101575998,0.203238352300214,0.20084210341482275,0.04001045330428742,0.743328070828238,0.1226355253136636,0.13078487042070963,0.0032506550636158277,8.783737731125645e-07,0.06940488797138424,0.4332676084893458,0.2276145622559356,0.13504371676255872,0.11292899767158616,0.021385842398723088,0.00035438445046624207
Flywheel,preprocess_Reading148.dat,50000,-0.04089296845540681,0.25220179667012277,0.2488644437731977,0.061679081220063894,0.7617219629747958,0.11074797463926617,0.1247662827185733,0.0027633710266863087,4.086406786121215e-07,0.07868592285675913,0.44489883136733493,0.22764352319647171,0.12055673773397413,0.10790901044992401,0.019964634784564905,0.0003413396109710672
Flywheel,preprocess_Reading149.dat,50000,-0.077223415567984,0.2348415166206567,0.22178160883333997,0.045423889043241565,0.7732372508953655,0.10833779102573739,0.11545039787292362,0.002974173906295972,3.862996773980021e-07,0.08252828011636161,0.48533813363803424,0.19382402755972347,0.12215430817396582,0.09804006454714555,0.017818304470969697,0.00029688149379958345
Flywheel,preprocess_Reading150.dat,50000,0.030361697804165998,0.240452417162784,0.2385278437119533,0.05812336078603454,0.8082836310783896,0.08268070097024863,0.10625080887964096,0.002784506646028084,3.524256927495309e-07,0.07978599016464699,0.5156729773021529,0.2022485668207354,0.09207755352917857,0.09289325036907271,0.017034905915000537,0.0002867558992129266
Flywheel,preprocess_Reading151.dat,50000,-0.04109369624536201,0.2572032841548629,0.25389926646002947,0.0642305720836361,0.6659426915693238,0.14976777907520053,0.1819176383105859,0.0023715556037089717,3.35441180670884e-07,0.07430230371571094,0.4052120152956095,0.17682584890366163,0.14429489191877964,0.16406436766541613,0.03477229521045042,0.0005282772903716991
Flywheel,preprocess_Reading152.dat,50000,0.018016514330064,0.2376121756584785,0.23692815626799243,0.05629831445462914,0.6777165383617876,0.1475979505451706,0.17225796924481768,0.002427119823215216,4.220250088727353e-07,0.0773696124116873,0.3911946628253157,0.20893914588148793,0.14263934973183284,0.15041077410780418,0.028996890596365087,0.0004495644455069251
Flywheel,preprocess_Reading153.dat,50000,0.06400176222784001,0.24601752234794314,0.23754661802255092,0.05757368017382516,0.740805041741044,0.12318117334706709,0.1341279055449379,0.0018855638650432417,3.1550190773540964e-07,0.08485965163125012,0.4040473875318558,0.22968065320529882,0.13071624389569922,0.1279365922407663,0.022414803905453893,0.0003446675896759411
Flywheel,preprocess_Reading154.dat,50000,0.037368177241878,0.2456166419021603,0.24275739763993523,0.059887395584171256,0.7260780626714138,0.13549492304737712,0.13641169191727187,0.0020149564568051528,3.659071319548121e-07,0.07856654292606945,0.3827932983807401,0.24836064706862904,0.1425395873746077,0.12547992370544625,0.021919999968734054,0.000340000575773257
Flywheel,preprocess_Reading155.dat,50000,-0.032791341096911,0.2375147901333399,0.2352403100685563,0.05763039597041723,0.7242664794058233,0.13507154011500822,0.1382816816901879,0.0023799261918137317,3.7259716681478114e-07,0.07581060375054796,0.3538613217465943,0.2725791580782963,0.15428933582843776,0.12131412571691601,0.021797819425819823,0.0003476354533877907
Flywheel,preprocess_Reading156.dat,50000,0.064435811354456,0.2575339159231294,0.24934262384477,0.06130985872202305,0.7634105355320003,0.10690526565484275,0.12734017311085033,0.002343596020248453,4.29682058173037e-07,0.08533021999395243,0.38660473723656275,0.26931785865443536,0.1298856582191777,0.11072581525536353,0.017832589473866328,0.0003031211666419336
Flywheel,preprocess_Reading157.dat,50000,-0.050555985443056,0.20066781054639,0.19419490859794283,0.035055889906523786,0.7804754404651085,0.1069473843116639,0.11061791560731214,0.0019588950983330856,3.6451758212471697e-07,0.09047929474441291,0.42775707189177153,0.23979599641114704,0.12953779557441036,0.09495723333841316,0.01719514460104785,0.0002774634387971132
Flywheel,preprocess_Reading158.dat,50000,-0.030417731033248,0.2299578678746579,0.22793723398393603,0.05230889380912563,0.7346032204787772,0.12339923188490322,0.13956289783567488,0.0024341012084461385,5.485921983562217e-07,0.060285312196382064,0.3599127102260923,0.2961430776479565,0.14450364686875342,0.11866510654208677,0.020164107710727047,0.0003260388080020205
Flywheel,preprocess_Reading159.dat,50000,-0.011659297533566001,0.22773245022064414,0.22743379182637294,0.05248208539584406,0.7427457231895362,0.12849935544646007,0.12575376024753554,0.0030006344478958015,5.266685723401312e-07,0.061244069600034035,0.35190757868744327,0.3084946117024226,0.14578982103294624,0.11197078505312422,0.020247488215913892,0.0003456457081156387
Flywheel,preprocess_Reading160.dat,50000,0.026781214004800005,0.23900462041595233,0.23749942138161634,0.058402955110033634,0.7621619250934718,0.11830990420779067,0.11708317853385261,0.0024444549868171813,5.37178067749725e-07,0.055524109364426734,0.36307519639731917,0.3151737659655253,0.13867282537654999,0.10809399327053067,0.019137950333668687,0.00032215929197939273
Flywheel,preprocess_Reading161.dat,50000,0.006069435073276,0.2183925603040123,0.21830820496269243,0.04531718012945235,0.7511898791771423,0.1336529469571734,0.11292807957252603,0.002228639655352499,4.5463780564311546e-07,0.10518696411728584,0.4408283172585991,0.1975253348217684,0.13663272694638745,0.1012299575651179,0.018294217730966077,0.00030248155987505317
Flywheel,preprocess_Reading162.dat,50000,-0.00922773745915,0.23296838014344493,0.23278555584066135,0.05443920749849675,0.7563980054415258,0.13439523563056308,0.10697722112298168,0.0022289233377126277,6.144672171284265e-07,0.08105463597116715,0.429153591679224,0.2385546009111251,0.13875463338903232,0.09526621808311556,0.01693449196182343,0.00028182800451234604
Flywheel,preprocess_Reading163.dat,50000,0.010008671851288,0.20997434969607842,0.2097356765504244,0.04239211033411596,0.7867846734287527,0.11355711203968462,0.09766619300471463,0.0019915470431528816,4.744836952452329e-07,0.0905174312932384,0.4358626106247715,0.23884594169789652,0.1289996586247619,0.08835608055414518,0.017120670447790923,0.00029760675739574444
Flywheel,preprocess_Reading164.dat,50000,0.031041469758980002,0.25632930727471703,0.25444280481699344,0.06456559125938398,0.7847711636531541,0.11483019475826775,0.09814909683765417,0.0022490686164431065,4.7613448101048237e-07,0.08940381714016724,0.43590393431093405,0.24486400112026202,0.1245643562397089,0.08840715587617774,0.01656321732102862,0.00029351799172155945
Flywheel,preprocess_Reading165.dat,50000,-0.032461393785604004,0.25206497045425325,0.24996601217685477,0.06148237049723076,0.7468670835164338,0.129081319291672,0.12130508414045807,0.0027458893895040254,6.236619322575523e-07,0.08532112131855721,0.4151467328672566,0.24219876752025343,0.1345905783634098,0.10221004573618356,0.020188238525127047,0.0003445156692124058
Flywheel,preprocess_Reading166.dat,50000,-0.004094378190597999,0.21266729372033027,0.21262787654858803,0.04439483813662908,0.7877189830937703,0.11363905723657677,0.09639315477715192,0.002248214370133665,5.905223672224839e-07,0.097109866432627,0.4923062185775759,0.1930872377510493,0.11838930164702292,0.08274198871889285,0.016093336073901565,0.00027205079893042266
Flywheel,preprocess_Reading167.dat,50000,0.0235046099933,0.25594520024830936,0.25486364754356405,0.06675448511013106,0.7693770212001901,0.12206741093724847,0.10611999400882972,0.002434873220456949,7.006332744486002e-07,0.0755982893456812,0.46819343815622366,0.20892236497353844,0.13152142216098883,0.09577058721341158,0.01965924522503534,0.00033465292512102
Flywheel,preprocess_Reading168.dat,50000,0.039523466819779994,0.22278797033532302,0.2192541340469514,0.049301209563639314,0.7983939983434267,0.10837509646894437,0.0911974558651495,0.002032807907456166,6.414150232834385e-07,0.09080243473152388,0.49380735517632035,0.19518009138367623,0.11858015136426632,0.08499473152598425,0.01635632688851509,0.0002789089297139809
Flywheel,preprocess_Reading169.dat,50000,0.133230702894984,0.2288229364077296,0.18603632987232457,0.03221439225523119,0.7714795593456262,0.11895490441466434,0.10709320922924642,0.0024717494224379684,5.775880253017457e-07,0.07589018369587644,0.44017531338024296,0.24906384473050797,0.12284893036201139,0.09395654933200924,0.017765630889883942,0.0002995476094680289
Flywheel,preprocess_Reading170.dat,50000,0.008919100520586,0.2328402528473683,0.23266936410264694,0.05193872186929343,0.7861935034110374,0.11381149428901483,0.0975486740727303,0.002445732693895431,5.955333218675492e-07,0.08675618551540433,0.4332275830574128,0.25115166195019845,0.12652065770605617,0.08571986296085007,0.016351545706669184,0.00027250310340908696
Flywheel,preprocess_Reading171.dat,50000,0.09905252229023201,0.20361769343302671,0.17790099186606337,0.02869602218767803,0.792405169447275,0.10993889729716828,0.09543892686090026,0.0022165154765762768,4.909180800123767e-07,0.0864645016603515,0.4691704665693298,0.23849197998219093,0.11170849830745207,0.07803810406038604,0.015847767181150756,0.00027868223913885015
Flywheel,preprocess_Reading172.dat,50000,0.000129526520836,0.2408805485482298,0.24088051372366442,0.05692790512888277,0.796775797838702,0.10567797633708913,0.09495580763714793,0.0025898335710283016,5.846160328024074e-07,0.09423973865080944,0.4479383768118794,0.23929369689033902,0.11600472352697108,0.08520252240299432,0.01702831579493684,0.0002926259220700135
Flywheel,preprocess_Reading173.dat,50000,-0.010486966438306199,0.19674682914783248,0.19646714309178578,0.035026281946217167,0.7936207943503788,0.10909780858900914,0.09458826786882221,0.002692585965457995,5.432263317703255e-07,0.07879352400824241,0.43366706334653604,0.2620533657697731,0.12067615973494135,0.08643600603047077,0.018066399395428614,0.00030748171460770755
Flywheel,preprocess_Reading174.dat,50000,-0.010998069916068,0.25539161802221194,0.25515470016075487,0.0637539924692804,0.7855037531124127,0.12029264882430685,0.091365286939869,0.0028378203138336093,4.90809577861319e-07,0.08913189963610291,0.47276949225935017,0.2217443920287002,0.11895260639177581,0.08151991265622072,0.015611441638378626,0.00027025538947163204
Flywheel,preprocess_Reading175.dat,50000,0.149181947605012,0.22186410003165255,0.16422066067225094,0.022879605873737805,0.755364738294276,0.12940769840834399,0.11224039693788478,0.002986524722051885,6.416374433628034e-07,0.08005495935222048,0.4842977717951881,0.188962578365734,0.13335913078424932,0.09259196523981994,0.020383543612985864,0.000350050849802347
Flywheel,preprocess_Reading176.dat,50000,0.1237180551682594,0.26521913136195063,0.23459546130684444,0.055037574679720876,0.7979902146270906,0.10984872383505698,0.08964392376118596,0.0025165497297353844,5.880469311000718e-07,0.08869766878879666,0.48338321546088964,0.20975967937077408,0.11908502648036247,0.08196849119105343,0.01681605442804284,0.00028986428008088104
Flywheel,preprocess_Reading177.dat,50000,0.041877966926015996,0.23946762205590286,0.23577739055993524,0.0543852139200777,0.7252319416392801,0.1583188417306727,0.1135739662856668,0.002874654111439908,5.96232940528322e-07,0.06993542104455674,0.4248444069786858,0.23156040495809027,0.15048800888190592,0.1029137533537126,0.019915611372038317,0.0003423934110102334
Flywheel,preprocess_Reading178.dat,50000,0.06435087569818,0.23683841980428624,0.22792850171110393,0.05157032047285554,0.8015872229001274,0.10517875796038573,0.09085736381227072,0.0023761088166002063,5.465106160692098e-07,0.09772030083979903,0.49724794933537414,0.197577172055745,0.10947946311094596,0.07944899139035144,0.018213195459852265,0.0003129278079320172
Flywheel,preprocess_Reading179.dat,50000,0.06745318961364999,0.2239542731576017,0.21355463862088003,0.04619201472984443,0.7901258380162778,0.10244315783595832,0.10521983227171053,0.0022106632798788188,5.085961744737964e-07,0.08915916773389887,0.4846119388328857,0.20704717574095644,0.10818368925347849,0.09083494543498812,0.019830153377600034,0.00033292962619239957
Flywheel,preprocess_Reading180.dat,50000,0.010977721787025998,0.22007787085272604,0.21980391002763308,0.048736254545547225,0.8022371079734839,0.10504477588245051,0.09085463709903871,0.0018630414227651117,4.3762226176358725e-07,0.09599720793760158,0.5186074267833038,0.18067419997224815,0.10741950883362762,0.08179016674010424,0.015259348082533396,0.0002521416505812746
Flywheel,preprocess_Reading181.dat,50000,0.011422349528434001,0.24967973171926403,0.2494183200221145,0.06141185892109172,0.8291456614501898,0.09171217665456981,0.07716327599133165,0.0019784697861343656,4.161177742750925e-07,0.10919647122808997,0.5403432721623496,0.16208034124714668,0.10033631544060996,0.07272758716932692,0.015057151160357402,0.0002588615921196474
Flywheel,preprocess_Reading182.dat,50000,0.025743425748392997,0.2545131273611979,0.2532078356408315,0.06097233509225291,0.7869915566573917,0.11640861770170577,0.09421771374136048,0.002381536561496831,5.753380451432364e-07,0.0914072049617619,0.5129303093607107,0.17391766219779975,0.11577912345037214,0.08976914660541101,0.01592391220461124,0.0002726412193331586
Flywheel,preprocess_Reading183.dat,50000,0.028486026575614002,0.22067715659770168,0.21883087929718686,0.048584608089256305,0.8092661444687833,0.09832321196971425,0.09023287587155439,0.002177294513433939,4.73176513930024e-07,0.10125133120268065,0.5260272907203551,0.17151224693498157,0.10311812590128436,0.08179030174093668,0.01603132378558276,0.0002693797141788325
Flywheel,preprocess_Reading184.dat,50000,0.004971128679685999,0.230297785477882,0.23024412669092462,0.05082382166767184,0.827531970842697,0.0882615035918366,0.08234784095866615,0.0018583425487940378,3.42058006239243e-07,0.09628345988265302,0.5555815876553031,0.1700767501435171,0.09366436913487376,0.07096837434808195,0.013207068774776703,0.00021839006079439057
Flywheel,preprocess_Reading185.dat,50000,-0.0368643090173956,0.22691343086260976,0.22389892323660324,0.05068244367342953,0.8290216007015567,0.08789010269327982,0.08103231776494997,0.002055541729361724,4.3711085172215307e-07,0.09613174090301306,0.5249104985558954,0.19833757335003024,0.09588393715656593,0.07056723703962234,0.013927705954889985,0.00024130703998337274
Flywheel,preprocess_Reading186.dat,50000,0.00750349913398,0.20962410794898598,0.20948977095351098,0.0440439299800099,0.7742264212719803,0.1230100043860534,0.10034159855286229,0.0024213155027036533,6.602864005516485e-07,0.0718635968121564,0.4305455347904366,0.26630089375374966,0.12407400240610263,0.0909711739173692,0.01597292674164113,0.00027187157854437877
Flywheel,preprocess_Reading187.dat,50000,0.0283751185986,0.25096200346546943,0.24935272171748532,0.061668682133445306,0.7934007905488101,0.11301334443208527,0.0911324245865801,0.002452914164132121,5.262683923328883e-07,0.08726788977113742,0.5008207014677382,0.1995253393763866,0.11503042211395148,0.08056542361513191,0.016507369713450536,0.00028285394220396617
Flywheel,preprocess_Reading188.dat,50000,0.08190783092200599,0.24735984248432435,0.23340522467914432,0.055109832244723114,0.8189752560356184,0.10657505323558725,0.07228226519794809,0.002166835917414755,5.896134314600107e-07,0.09939431867312212,0.5190420986557244,0.17889741306274343,0.11949269978778362,0.06908524383759566,0.013842899271966759,0.00024532671106379164
Flywheel,preprocess_Reading189.dat,50000,-0.038683730849224,0.2149647454809139,0.21145545811650002,0.047076572282768965,0.8473764041103331,0.08709821828345375,0.06382820512211633,0.0016966849990951867,4.874850016451597e-07,0.0944322225397798,0.47075663121244415,0.2592480978085561,0.10484672230290519,0.05949526994678959,0.011032252389754993,0.00018880379977006056
Flywheel,preprocess_Reading190.dat,50000,-0.0570724195981212,0.20636903432362214,0.1983202391307562,0.036297813547679074,0.8478312375537808,0.08297985791742646,0.06736025477128178,0.0018282332321726753,4.165253383502457e-07,0.08558034669515051,0.47372943802288414,0.25709716903673097,0.10935897573693061,0.06217697197197953,0.011846216761793189,0.00021088177453096934
Flywheel,preprocess_Reading191.dat,50000,0.00119786732734,0.21567800558495206,0.21567467910482377,0.04599223647553723,0.8164618306005553,0.10580889446421418,0.07563703879511208,0.0020917188516433793,5.172884751732139e-07,0.07879603326358033,0.4317277210965613,0.2812373229877595,0.12589436155211498,0.06767522988488837,0.014413616128744094,0.0002557150863512882
Flywheel,preprocess_Reading192.dat,50000,-0.003349929853442,0.2124703527751759,0.2124439426728489,0.045442305409607545,0.8360638044821631,0.09373405690332101,0.06853889881043657,0.0016628036755812286,4.361284980017399e-07,0.061318316347143915,0.3994711655277662,0.35405103689607403,0.10834674628047809,0.0639133756620589,0.012667356375605048,0.00023200291087369077
Flywheel,preprocess_Reading193.dat,50000,0.01566824812054,0.22622698127714802,0.2256837456677026,0.05051189158008491,0.8306314885234133,0.10118848596870034,0.06634473045634368,0.001834766357115108,5.286944276112374e-07,0.08728662822446767,0.46762425513100586,0.2582740827110546,0.10875540630158845,0.06649556071921474,0.011366239297773766,0.00019782761489492393
Flywheel,preprocess_Reading194.dat,50000,-0.038340127203424,0.2248536473838584,0.2215608209676291,0.04836441071980918,0.8245911783117775,0.10994300598922717,0.06366966215302944,0.0017956091407222913,5.444052436318661e-07,0.07573145096720137,0.4664694775203359,0.26290886243133327,0.120770950306822,0.06286159989628366,0.011061129536885404,0.00019652934113843288
Flywheel,preprocess_Reading195.dat,50000,-0.0340833627226052,0.19313452979975962,0.1901033166109775,0.029144404973591626,0.7927779698817885,0.13107139460646317,0.07429285542978858,0.0018572923147834272,4.877671762325875e-07,0.06684762942594716,0.45692427237281835,0.2535098735989675,0.13915858131841904,0.06992248556474562,0.013409901593183896,0.00022725612591845107
Flywheel,preprocess_Reading196.dat,50000,-0.021954536966254,0.2401376750834457,0.23913197465224076,0.05810254084912193,0.8093698267271383,0.11097467371462434,0.07768463088089328,0.001970465937398611,4.0273994543491746e-07,0.06429629137588366,0.43589877500045254,0.2924747194740009,0.12269276340411067,0.07103288683193658,0.013376057478104506,0.00022850643551106114
Flywheel,preprocess_Reading197.dat,50000,0.010550712071039381,0.2547513316017402,0.254532755117399,0.06544774720645667,0.823820923471537,0.10076818137559945,0.07355114669452874,0.001859329463663434,4.189946713591741e-07,0.06793891176863115,0.4411341993689447,0.2918218011978962,0.11617903050045475,0.06969313345014902,0.012992783000594652,0.0002401407133294161
Flywheel,preprocess_Reading198.dat,50000,-0.034641559691064,0.24547659581522288,0.24302000212986738,0.05591324228311921,0.8394944978162117,0.09527732978116142,0.06371972228117927,0.0015080858862906617,3.6423515695244216e-07,0.06851965788678414,0.4481901315596516,0.3027713650034836,0.11532312127533985,0.05421530723726377,0.010794805447836654,0.0001856115896402354
Flywheel,preprocess_Reading199.dat,50000,-0.065922638050702,0.22291613025217466,0.21294554918814487,0.04569660467401518,0.8237135601738144,0.11023266864052671,0.06440983433979047,0.0016436195853126638,3.1726055577074696e-07,0.06832530187007994,0.4371496679927213,0.29570235989716115,0.12407697082250682,0.06369482358915755,0.010861979629963183,0.00018889619840981644
Flywheel,preprocess_Reading200.dat,50000,-0.002041085440118,0.2387738243312702,0.23876510037274382,0.05577729045823205,0.8393701938673124,0.08968163963064804,0.06926049990602734,0.0016871709126372995,4.956833748483374e-07,0.06934534458371983,0.47002298900950995,0.27794734144241035,0.1081766692420353,0.062196174217635174,0.01210965786567691,0.00020182363901244326
Flywheel,preprocess_Reading201.dat,50000,-0.021101797704839602,0.2464721547183548,0.24556717448619358,0.06124694209298094,0.8378989258484452,0.1035595505050582,0.05680879776643519,0.0017322829841336415,4.428959276407463e-07,0.0832711951440717,0.47683105148112764,0.2637639381539722,0.10947539857537354,0.055513726379585175,0.01095434262108736,0.0001903476447824652
Flywheel,preprocess_Reading202.dat,50000,-0.04555615523843,0.24720301201037595,0.2429690636004801,0.0601279007101042,0.8292599528763492,0.10369067758513392,0.06538811760729979,0.001660929433820482,3.224973966222903e-07,0.06017869019092271,0.4224735185855989,0.3292019768113805,0.11632158869860602,0.05967593446734153,0.011939896422334754,0.0002083948238153773
Flywheel,preprocess_Reading203.dat,50000,-0.065636333955316,0.22169471214007155,0.21175555968090998,0.046396993329062476,0.8257987607754667,0.10150735231504669,0.07106344363181845,0.001630116631412598,3.266462555530836e-07,0.08064137581515472,0.45320560656081377,0.2717114979927712,0.11477874756349526,0.06682652990667336,0.0126283832067213,0.00020785895437053058
Flywheel,preprocess_Reading204.dat,50000,-0.042271022706624,0.20447568109600264,0.20005865339697315,0.04023175700808939,0.8247426040232518,0.09828475867337116,0.07522602300618621,0.0017462923435416684,3.219536488090581e-07,0.07504623993315461,0.4732923802725828,0.26282544604307523,0.10968221491005976,0.06638591772804678,0.012545469170730761,0.0002223319423499597
Flywheel,preprocess_Reading205.dat,50000,0.020211961647559402,0.21105215065579278,0.21008209562643132,0.04076676261102458,0.8046652343623651,0.11202778050859613,0.08124245165730543,0.0020641805034765223,3.5296825677957534e-07,0.08299656963968756,0.46996613031151346,0.25061523058841495,0.11285548555316195,0.0697977525195028,0.01354325533460002,0.00022557605311939702
Flywheel,preprocess_Reading206.dat,50000,0.037272920025703205,0.2277176098211213,0.22464647616956285,0.050026744757785985,0.8490674548590587,0.0863682561261586,0.0628513749583557,0.0017125670428994886,3.4701352777025843e-07,0.08227037855828666,0.5125121384654897,0.2375785072059047,0.09879983913810031,0.05746095497660584,0.01118650295731587,0.00019167869829676024
Flywheel,preprocess_Reading207.dat,50000,-0.06630681263263,0.2392732193074849,0.22990232725283374,0.05230907811134995,0.8134326332478069,0.09732240357019084,0.0870034968466655,0.0022410710020445064,3.953332923704318e-07,0.06989499093188455,0.5041021474036379,0.22889629594573527,0.10481687895388749,0.07731023833186541,0.014727619181410048,0.0002518292515793849
Flywheel,preprocess_Reading208.dat,50000,-0.03044049704732,0.27569252513283926,0.2740068330418665,0.07695196843467464,0.8040774701819337,0.0955661364927061,0.09802406317388651,0.0023319625825558373,3.6756891784632445e-07,0.07900585609438722,0.4990384160105275,0.21709615958980885,0.09992046010879091,0.08631051667219194,0.01832876230239237,0.00029982922190121923
Flywheel,preprocess_Reading209.dat,50000,0.017485724887632,0.23845681037917263,0.23781484361023966,0.05597191438373772,0.8450174846529004,0.08576502603554045,0.06754740360624213,0.0016697766292465056,3.0907607045045747e-07,0.09164446117430886,0.550800578047953,0.19657848301694428,0.09043844760970293,0.0596514621812773,0.010705794888485397,0.00018077308132819834
Flywheel,preprocess_Reading210.dat,50000,0.067081513014776,0.24227096150771898,0.23279881744013026,0.05353416814542524,0.8418045115492553,0.08567229288368275,0.07081904687403627,0.0017038293828241747,3.193102015293456e-07,0.09195580227863462,0.5358440757523786,0.20045108258945404,0.0914727060241612,0.06843524202709884,0.011645823420988431,0.00019526790728454792
Flywheel,preprocess_Reading211.dat,50000,-0.0409512954835786,0.24401889116060757,0.2405581232082365,0.05535222325561499,0.8402410244787698,0.08242345117156663,0.07509050796845593,0.002244726309649422,2.9007155815677197e-07,0.08782007129964381,0.5421055674773799,0.20346326497274705,0.08506787016079798,0.06771922537207291,0.013587649713374693,0.0002363510039836647
Flywheel,preprocess_Reading212.dat,50000,0.038806154985129994,0.234823064248917,0.23159437350359155,0.05146588148214694,0.8294231781148701,0.09513371095378008,0.07325965141821575,0.0021828006883276322,6.588248064624755e-07,0.08376485742736607,0.5338688580824665,0.2001361370147924,0.10180573269607461,0.06786460127596886,0.012352003702150274,0.0002078098011811553
Flywheel,preprocess_Reading213.dat,50000,-0.0143076167994,0.2152149795483635,0.21473886356112637,0.04074440070616593,0.8105736732097051,0.10276576011463856,0.084067261258658,0.002592970180684458,3.3523631391336007e-07,0.07937846233587573,0.5274929351968832,0.19647121989190097,0.10580961218945065,0.0763505303970006,0.014252321857051498,0.00024491813183724945
Flywheel,preprocess_Reading214.dat,50000,0.05250638206473401,0.2534941565048299,0.24799670809219904,0.06023812937248866,0.8150433581489741,0.09856816579931957,0.08401542548513,0.0023727177793532376,3.327872232247526e-07,0.08554438561006208,0.5180784949759685,0.20878242175489004,0.09983783609106583,0.07323813895244051,0.014278627583719596,0.0002400950318535782
Flywheel,preprocess_Reading215.dat,50000,0.10085634517068,0.25053432326692254,0.22933696774316062,0.052779290480522205,0.833718257005009,0.08657867659558491,0.07744235444303858,0.0022602864450855997,4.255112819396306e-07,0.0912357292653799,0.5503041079310012,0.18790032834553827,0.08492583872922552,0.0720309233121881,0.013378713430386433,0.0002243589862805323
Flywheel,preprocess_Reading216.dat,50000,0.0010960121238800002,0.2447114256961526,0.24470897127745012,0.05550893524850111,0.7970454043547718,0.0962081269072459,0.10391911363006072,0.002826918449323167,4.3665859833209704e-07,0.08483484123464258,0.5089619881169256,0.1906332335263862,0.11135293857008803,0.0879104457876187,0.016038353075765944,0.0002681996885729801
Flywheel,preprocess_Reading217.dat,50000,-0.012552546285879998,0.23059170882873936,0.23024979861511052,0.04863499871486848,0.8311085591192187,0.0847781295117655,0.08197415688479498,0.0021387616965846375,3.927876364003947e-07,0.09387213472490351,0.5597497179567507,0.16975720161073157,0.09090395386169683,0.07219737302169654,0.01329384967869362,0.00022576914552735578
Flywheel,preprocess_Reading218.dat,50000,-0.040564345684456,0.24537957204556676,0.2420034467449946,0.05839461661821643,0.8050549643574618,0.10389428659442407,0.08856407517444781,0.0024862604849733086,4.13388693085226e-07,0.07941768466215196,0.5257262752431021,0.1941303330003325,0.10300037005594728,0.08370905935901393,0.013783349506007177,0.00023292817344516592
Flywheel,preprocess_Reading219.dat,50000,-0.022047464998258,0.2570484035652932,0.25610113444226756,0.06714164949312816,0.7817677539347927,0.10133312946199213,0.11409793860234568,0.0028007407548270758,4.372460422153918e-07,0.08815269475378175,0.48630864617024966,0.19659791596382295,0.11118372789723777,0.09810747354721429,0.01933113486218916,0.00031840680550443727
Flywheel,preprocess_Reading220.dat,50000,-0.018683596644362,0.19886887047590782,0.19798926955972687,0.037910554092973,0.7856536815726316,0.10115139584545683,0.11026415390728396,0.0029300473198302585,7.213547973115023e-07,0.09457339227143588,0.4913754206948887,0.19753083822364773,0.10521931120112607,0.09400607498258888,0.017004829211070493,0.0002901334152421653
Flywheel,preprocess_Reading221.dat,50000,-0.036655039461724,0.23886406580827607,0.23603484915689868,0.05725034435315923,0.7936571332946478,0.09977930822571772,0.10380613420002166,0.0027566762724287363,7.480071841188707e-07,0.07303242970552357,0.4936580345012948,0.21544780900814245,0.10891540082269488,0.09157152880890296,0.01707418036878217,0.0003006167846592006
Flywheel,preprocess_Reading222.dat,50000,-0.0012569432554000001,0.22723569527176807,0.2272322188847711,0.05354115825967443,0.7622139476971383,0.10197694125498377,0.13233974490573888,0.003468933137436695,4.330047022241378e-07,0.06880708751320762,0.4937754237810946,0.19078487222086873,0.11174883402828277,0.11241648289708805,0.022103687138896617,0.00036361242056172366
Flywheel,preprocess_Reading223.dat,50000,0.0016619829456086003,0.2648108390391992,0.26480562359083915,0.06862309136543557,0.7887299026220366,0.09449460063995231,0.11400935381795543,0.0027656880965195255,4.548235362614616e-07,0.07666035888776457,0.5081068178022417,0.1952751109347094,0.10581095612571251,0.09625589776810899,0.017606443501918718,0.0002844149795442652
Flywheel,preprocess_Reading224.dat,50000,-0.022987440185876003,0.26856744327464,0.2675818551037752,0.06898218713417802,0.7838227510606325,0.09624124921020621,0.11655020645131457,0.003385339155804595,4.541220422077433e-07,0.08151017435761114,0.5221793491591864,0.18239749030245714,0.09884150658843369,0.09614170866239831,0.018618752969924872,0.0003110179599883791
Flywheel,preprocess_Reading225.dat,50000,0.012596490879592,0.20180661206661019,0.20141310059507958,0.040665248771554544,0.7850327503559273,0.09516049880036337,0.11693166111811493,0.0028745382599898372,5.514656044723476e-07,0.07741394198203244,0.493507152061224,0.20457995460873082,0.10562315922396527,0.1006566145754079,0.017926423690512467,0.00029275385812701116
LIV,preprocess_Reading1.dat,50000,0.12323833955144999,0.21636307194150312,0.17783500938950567,0.03218371209235865,0.6928657015241658,0.17446574490495964,0.13155561943516422,0.0011126270643717327,3.07071338677085e-07,0.026266387000061227,0.22479919872107457,0.4084386611051901,0.20468375295429514,0.12002294389887469,0.015565191483284871,0.00022386483721937816
LIV,preprocess_Reading2.dat,50000,0.17413293922440004,0.23950839606589075,0.16444449295469582,0.02651835767115573,0.7172167006689415,0.1558483616940292,0.12588851179696023,0.0010460792463886945,3.465936804262206e-07,0.029813820934056066,0.22573901778393635,0.42854798351388257,0.18596313337768386,0.11599010345141654,0.01373671463062126,0.00020922630840314145
LIV,preprocess_Reading3.dat,50000,0.120015352750432,0.20413967907817615,0.16513425955364355,0.02803736907325489,0.6863113890310499,0.15764281366900465,0.15490718532316475,0.0011382637520425951,3.4822473801767875e-07,0.031753382345736145,0.25721561402241705,0.3605355208999991,0.20221540890040626,0.13207038665050533,0.015982914941074695,0.00022677223986135878
LIV,preprocess_Reading4.dat,50000,0.050999178780656004,0.17956558030232164,0.17217108175593313,0.028419894274265556,0.6655844178291387,0.17649201727876862,0.15660150621807079,0.0013215655691380668,4.931048838592843e-07,0.025591869254883506,0.23695589046273438,0.37192531607847334,0.209393774173321,0.14040177184934793,0.015505100916336823,0.00022627726490304296
LIV,preprocess_Reading5.dat,50000,0.11171876631243202,0.20615762453667727,0.1732624697048781,0.03060078197993622,0.7053246177726407,0.1613421922928831,0.13210771290109347,0.0012251544819064763,3.2255147622122933e-07,0.026504488040099763,0.21917896214270852,0.4075601303227335,0.2045989779942353,0.12768364189666487,0.014262332674635638,0.00021146692892236066
LIV,preprocess_Reading6.dat,50000,0.034059271870874,0.16563662865750023,0.16209706583602468,0.023118622865268654,0.7306197856903062,0.15718320841842123,0.1109844473429196,0.0012121750977692632,3.8345058371192146e-07,0.03840470027611218,0.27221234330623795,0.3883945726801694,0.19249986923444745,0.09735828955051742,0.010960246844601495,0.00016997810791400848
LIV,preprocess_Reading7.dat,50000,0.021070315662818,0.1964114098116611,0.19527796522412225,0.03734626398442598,0.6719573740545116,0.19057891585456663,0.1359461539430338,0.0015171487541431375,4.0739374489770767e-07,0.02972603616132481,0.2580185152536568,0.35436063705399107,0.20892145942814686,0.13499554890736995,0.013768718587944935,0.00020908460756552936
LIV,preprocess_Reading8.dat,50000,0.022851367082924,0.1732991796787881,0.1717859735245644,0.02976881168673857,0.6642330798821828,0.17864172548316118,0.1556518201004212,0.0014729385703389438,4.359638958978614e-07,0.02844873615779617,0.2525697750450352,0.359978088595389,0.21246584201684213,0.1323550434059135,0.01396806907948083,0.00021444569954335479
LIV,preprocess_Reading9.dat,50000,0.063022726973362,0.18854248762126602,0.17769751130293387,0.03204654008005101,0.7084947034858926,0.16790192146188573,0.12214376250792672,0.001459147613600804,4.6493069406890957e-07,0.031055186859951248,0.2565288102800942,0.3843105714264614,0.20164446332928448,0.11434091771249247,0.011937140266892946,0.00018291012482325123
LIV,preprocess_Reading10.dat,50000,0.08829532014402801,0.20862268913689871,0.1890168322223571,0.03643755128390023,0.7553539587764059,0.15036537640272185,0.0933076471213145,0.0009727157592378398,3.019403198985196e-07,0.02890460575039107,0.25027601589793963,0.4447209226698253,0.1790708111771729,0.08711897955936727,0.00976330231938663,0.00014536262591703075
LIV,preprocess_Reading11.dat,50000,0.022752912225492,0.1874767567316613,0.18609094362671594,0.03549028692506172,0.7092064032700575,0.18100799041052873,0.10845881882055466,0.0013262999888245506,4.87510034628612e-07,0.04055942807776913,0.27875684915618565,0.3539089758591102,0.2019864026132139,0.11326613926232683,0.011341163385593055,0.00018104164580109238
LIV,preprocess_Reading12.dat,50000,-0.016200736241562,0.18135888725961943,0.18063383440894645,0.03321774996374042,0.7021709839524422,0.18944219469225454,0.10716899046364389,0.0012173078953000708,5.229963593612389e-07,0.034826839301053056,0.23952766036728954,0.3831717278316417,0.22840512434908145,0.10336267035015845,0.010530543189628499,0.0001754346111472826
LIV,preprocess_Reading13.dat,50000,-0.008458510634146,0.19478053126808442,0.19459678558221163,0.03803643723188095,0.7154161362838929,0.19220072754061426,0.09116984808296964,0.0012128952611356405,3.928313875594551e-07,0.03968210311401173,0.2876051627509487,0.3623227238294083,0.20636551648349447,0.09398690718380306,0.009884050305153404,0.00015353633318019596
LIV,preprocess_Reading14.dat,50000,0.040235830696821996,0.18411066623061895,0.1796602776019759,0.032112418356082854,0.7167963867876778,0.18172099471026396,0.1003284430618573,0.001153743545047118,4.318951536827477e-07,0.03589885893578549,0.2762322553418947,0.36616604613480286,0.20419641117283963,0.1068352685369929,0.0104718784313992,0.00019928144628530216
LIV,preprocess_Reading15.dat,50000,0.048908856267156006,0.1906633970467206,0.18428362583809257,0.03416920770286665,0.7259081913529731,0.18237467201856913,0.09064432561842559,0.0010723969081714384,4.1410186097149126e-07,0.029126644210848904,0.2634720807376778,0.38851780552715653,0.21539455522773654,0.0943438214012561,0.009000392143316672,0.00014470075200735005
LIV,preprocess_Reading16.dat,50000,0.043761503633421996,0.20404531766158998,0.1992973217566186,0.04031592397032046,0.8213561288343414,0.10930518334093589,0.06837238841384526,0.0009659419090577887,3.575018196476521e-07,0.039229441308566544,0.276785241969649,0.45435006736780537,0.15573183610907357,0.0658272534916452,0.007949252221390066,0.0001269075318703106
LIV,preprocess_Reading17.dat,50000,0.047849007143475994,0.19572578735995944,0.18978687086587323,0.036410807159756205,0.7883376909108191,0.12946465476881053,0.08108017625915034,0.0011170978786428194,3.801825772574395e-07,0.037162276902006665,0.2818453874284287,0.4198897736315414,0.17144306624858147,0.08072981727065379,0.008791353747363432,0.00013832477142451872
LIV,preprocess_Reading18.dat,50000,0.020063678912507998,0.19968587358777096,0.1986753555401551,0.03897267046530914,0.7697434814297245,0.13620372417702564,0.09292245208699342,0.001129998036695229,3.4426956139013765e-07,0.03877396737042618,0.28064597582069306,0.4006494272349197,0.17985252017896308,0.09044489844672407,0.009480017645158538,0.0001531933031152867
LIV,preprocess_Reading19.dat,50000,0.06518189470787,0.19716910145956001,0.18608324796354564,0.03511818035350954,0.7893907869401245,0.12471644694082898,0.08493634455298799,0.0009560731771649386,3.4838889335838246e-07,0.033444942020234396,0.271890497784101,0.43558206073996336,0.16676135189987015,0.08361420728912383,0.00857046133364666,0.0001364789330605944
LIV,preprocess_Reading20.dat,50000,0.094802569673256,0.2149605412905319,0.19292617006322893,0.036700658418171654,0.7568461895453581,0.1447885885446044,0.09740491949105766,0.0009599767639988775,3.2565498097293954e-07,0.03518840660426163,0.2478426904313478,0.4303478276770297,0.1903364843716808,0.08578761704485023,0.010341161180631659,0.00015581269019818156
LIV,preprocess_Reading21.dat,50000,0.08081420490315501,0.2195268511120074,0.20411051576296685,0.04314325458904529,0.805518030089773,0.1267085461831886,0.06698693820723793,0.0007861941839617326,2.913358385493684e-07,0.044031555404883134,0.281210005924316,0.4369328235635372,0.16841047964253325,0.061614125374910816,0.007680055347380334,0.00012095474243948093
LIV,preprocess_Reading22.dat,50000,0.058299872694496796,0.20393536736961784,0.19542456065701275,0.03646914738869563,0.7921076373439151,0.13216979516289204,0.07480422119212204,0.0009180970742632871,2.492268076187695e-07,0.041594378068116486,0.2702333531318236,0.43992466946117625,0.1725932295625351,0.06732482767008335,0.008199156946952049,0.00013038515931310937
LIV,preprocess_Reading23.dat,50000,0.04524234333445799,0.19821630776540855,0.19298402792396627,0.037530434685248706,0.7762963871440621,0.1462502623714126,0.07657342172360442,0.000879609164738822,3.1959618207847643e-07,0.03505330324125791,0.2549952142030167,0.43128234192319514,0.19468618102554308,0.0743197494884615,0.009510649998778148,0.00015256011974746934
LIV,preprocess_Reading24.dat,50000,-0.0039189472326340005,0.2079163094516629,0.2078793726866316,0.04328279688158314,0.7770937805068997,0.13986720963214808,0.08206966274332601,0.00096900141303156,3.457045947998416e-07,0.03731810814899563,0.28143911240370983,0.41196747725867716,0.18682337765155121,0.07340910887460614,0.008896072204593788,0.00014674345786624938
LIV,preprocess_Reading25.dat,50000,0.072053569273636,0.2195373812748938,0.20737633648024414,0.044014956298428755,0.7739779581973742,0.15191498283238417,0.07317100648197025,0.0009357681296929521,2.8435857859971e-07,0.03931550730513897,0.27004749586328525,0.43876219935800637,0.17294559897344375,0.06974502777227676,0.009036245601963722,0.0001479251258852178
LIV,preprocess_Reading26.dat,50000,0.052826360003782,0.19254748690145715,0.18515914884449441,0.03346791130764211,0.7720173363483971,0.14396957643056535,0.08301748997627763,0.0009951703627104026,4.268820497208612e-07,0.043903411279875786,0.27265226272215815,0.41404734561863626,0.18679386215970337,0.07236856553051903,0.01007420626333245,0.00016034642577486522
LIV,preprocess_Reading27.dat,50000,0.02237370623559,0.19010320004671358,0.18878200109460733,0.036492020745364985,0.7632075619597529,0.1538483818086745,0.08199924516673021,0.0009444727952107486,3.382696316021149e-07,0.04151171966491564,0.25351072459204044,0.41529925456427536,0.20516457294303908,0.07472595662259916,0.009634058155919743,0.00015371345721050777
LIV,preprocess_Reading28.dat,50000,0.0603608514478272,0.2460526107553588,0.23853397005881877,0.05817137013860399,0.8006314483170274,0.13239608240465744,0.06612187968308135,0.0008502752868439553,3.143083898133206e-07,0.05450382129821743,0.3097712341176744,0.3881625483791476,0.17201757831996392,0.06728803208598169,0.008126107834395449,0.0001306779646195283
LIV,preprocess_Reading29.dat,50000,0.024987003843846202,0.21412731364093637,0.212664421297949,0.04616756660298082,0.829012077368512,0.1078583873496082,0.06217800008254678,0.000951132818759212,4.023805736946332e-07,0.046278677986138904,0.3222396771435833,0.4103568971976905,0.15270426060434358,0.06029114400593404,0.00799817413828042,0.00013116892402925388
LIV,preprocess_Reading30.dat,50000,-0.0044240712522119995,0.21110842175644956,0.21106206037574432,0.045668804000411324,0.8113129007118385,0.10980852389318559,0.07792271635670467,0.0009554757683843027,3.8326988684299575e-07,0.04969487474097851,0.3204739715361209,0.39877467793868254,0.15427133884158625,0.06824141161006432,0.008409921952343033,0.00013380338022443567
LIV,preprocess_Reading31.dat,50000,0.008502258719717999,0.21610911202186348,0.21594179747223857,0.045412166356244045,0.8120527011062011,0.11313299464637541,0.07404651619775907,0.0007674941770957526,2.9387256868297407e-07,0.04305583696703746,0.28738346573591295,0.4348855466205172,0.1619212854012023,0.06524091810687019,0.007400262466509949,0.00011268470195016886
LIV,preprocess_Reading32.dat,50000,0.0909123977236,0.23425426083644624,0.21589347989269098,0.04696863488877409,0.8491720058953031,0.09931768023048522,0.050845471386792934,0.0006646156207861043,2.2686663251639518e-07,0.05343662751455104,0.33347024554381705,0.3831421971646383,0.17214925354413502,0.051299101982346024,0.0064020728213750365,0.00010050142913748304
LIV,preprocess_Reading33.dat,50000,0.05507617841603,0.218636600209637,0.21158586323834178,0.04457612115384081,0.8240715157872502,0.1104639784875863,0.06478507977998851,0.0006792070658630122,2.1887931199938667e-07,0.05274437596079386,0.29919399560253945,0.4132453478475177,0.1632132383767668,0.06429019637016647,0.007183187083896482,0.00012965875831910475
LIV,preprocess_Reading34.dat,50000,0.066198470116766,0.22576371325489736,0.21584025754441447,0.045981284983009504,0.7990787320376727,0.12135718438188427,0.07872489165628753,0.0008389008104603563,2.9111369516974506e-07,0.03794741512277393,0.2572006824207998,0.4331329133992937,0.19053288653779119,0.07338542718208545,0.007685297394338852,0.00011537794291708651
LIV,preprocess_Reading35.dat,50000,0.057673627943700005,0.22589260378459644,0.21840609214121373,0.04828208993701109,0.8066824509849496,0.11729494944503635,0.075207356098068,0.0008150082438663289,2.3522807968650005e-07,0.039091304557043086,0.26391588625730045,0.436858600023545,0.17579228113752543,0.07617790933647851,0.008041413003842587,0.00012260568426509199
LIV,preprocess_Reading36.dat,50000,0.052195206673607136,0.2261284322916092,0.2200221086412916,0.049483829021574596,0.788081225863748,0.1251111898329966,0.08593349681498899,0.0008738171846197918,2.7030364680977114e-07,0.028428915466656098,0.2572373756320612,0.4529772153158944,0.17233538505786777,0.07975688719217384,0.00912758932648831,0.00013663200885840278
LIV,preprocess_Reading37.dat,50000,0.118044843761814,0.23527706594519338,0.20352079161851694,0.041630277234186656,0.7743963968232241,0.13080592109025274,0.09391103559512669,0.0008863951245049233,2.5136689150893615e-07,0.04449700336240701,0.3051460953789302,0.3787226135046817,0.17427645759238306,0.08752871860565546,0.009678672203527038,0.00015043935241557327
LIV,preprocess_Reading38.dat,50000,0.10565123744194099,0.2487283929884291,0.22517466443983664,0.05099593407672108,0.773478013662035,0.1376230940812946,0.08798424117695185,0.0009143608197497967,2.9025996897519856e-07,0.03466342156089331,0.28431388900990084,0.4105875225306246,0.17794070275676685,0.08371186735595562,0.008644738819865695,0.00013785796599305954
LIV,preprocess_Reading39.dat,50000,0.08507476621677561,0.22469020455482835,0.2079614680080221,0.04344872308681195,0.77707998151302,0.13513537793864694,0.08686959825673964,0.0009147373407751559,3.0495081809244665e-07,0.03669701530234059,0.27697750587755676,0.4132020972579586,0.18511618650586756,0.07935919105828991,0.008513512289204935,0.00013449170878193889
LIV,preprocess_Reading40.dat,50000,0.08505439448635599,0.24058580759392326,0.22504950742932006,0.04974923320702642,0.7688347834214803,0.14602835526020316,0.08415338930322161,0.000983121197440473,3.508176544589932e-07,0.03899507524176095,0.2889811206978539,0.3914106208714748,0.19089813469021932,0.0793731718644736,0.010173914171871419,0.00016796246234596575
LIV,preprocess_Reading41.dat,50000,0.08046695956161401,0.2299838239978184,0.21544750571675014,0.04692618957171914,0.7843948441321474,0.12928226586819108,0.08529630365355047,0.0010263138247498735,2.7252136097644716e-07,0.03666932650078257,0.2846512283738841,0.3954706077204663,0.19457790696954805,0.0786369748823378,0.009847832658704576,0.00014612289427673168
LIV,preprocess_Reading42.dat,50000,0.0756547407342626,0.22480808508438407,0.2116956195194864,0.04487846813790398,0.7909881803837775,0.12539958750913216,0.08265961024014046,0.000952308634756535,3.132321933460262e-07,0.034809435003886474,0.2759441695047282,0.4429013369311328,0.16025119963803408,0.07684543229581964,0.009107115219091817,0.00014131140730700077
LIV,preprocess_Reading43.dat,50000,0.12062444627461001,0.23584655540514238,0.20266558824184885,0.04159499474960962,0.7950295526958702,0.1184115892109893,0.08564561818917928,0.0009129557080319377,2.8419592913089943e-07,0.04540206932784042,0.32395010289884474,0.3802648827683524,0.16333510584134844,0.07712221716366606,0.009751396962830035,0.00017422503711784945
LIV,preprocess_Reading44.dat,50000,0.054767347298023995,0.22191638750740808,0.21505213487495473,0.047013737034580255,0.7920043630926252,0.12138100027918965,0.08568582014464099,0.0009284617517741682,3.547317700701552e-07,0.04647163907771735,0.30671075508699713,0.3874157618181329,0.17571220828207637,0.07518307990143747,0.008375699721619785,0.00013085611201884913
LIV,preprocess_Reading45.dat,50000,0.031991328796440004,0.22356116766266418,0.221260368273516,0.04954786197372221,0.8364804367871133,0.09347689543851667,0.06908677002969243,0.0009554859726452832,4.117720323312117e-07,0.05749319599618131,0.3547351424301332,0.3576702985270081,0.1593452245920629,0.06172216171618625,0.008886638917343767,0.00014733782108446858
LIV,preprocess_Reading46.dat,50000,0.047058258464330004,0.21366922085296639,0.20842278246443702,0.04274871283218351,0.8044175478935146,0.11920030794000563,0.0754561642443244,0.0009257036492618448,2.7627289349090386e-07,0.03803722575356821,0.2656939674952499,0.42597872910089263,0.19094154720139547,0.07076421667673768,0.0084266767472703,0.00015763702488585197
LIV,preprocess_Reading47.dat,50000,0.098126951735436,0.23745844276659106,0.2162350882355725,0.0476759687478414,0.8321695579649405,0.09586168436122351,0.07101247511720073,0.0009559353108879418,3.4724574734702624e-07,0.04810875754408794,0.3463696216066708,0.37399688233241246,0.15679736785413265,0.06625737353174105,0.008335886978160916,0.0001341101527941975
LIV,preprocess_Reading48.dat,50000,0.030553226653397995,0.1967431242420593,0.1943562637981922,0.038988037569408045,0.8153792372452323,0.10679919684773245,0.0769134558365327,0.0009077913593855458,3.1871111715791e-07,0.04688388089430627,0.30027904723087134,0.39569359281772165,0.17715554975598213,0.07068831935024508,0.009154037125506533,0.0001455728253671289
LIV,preprocess_Reading49.dat,50000,-0.009911342156410001,0.19053435385094714,0.19027639184632575,0.03680159466099411,0.7787463654801846,0.12106511275518712,0.09923364290940481,0.0009544813847328791,3.974704905745861e-07,0.04997575456827524,0.2941032449600712,0.3806769878408038,0.1697594253743646,0.09515548958154264,0.010176468293119533,0.00015262938182309982
LIV,preprocess_Reading50.dat,50000,0.07943047085841999,0.23034568674647007,0.21621733441588956,0.04629425171059663,0.7777866031616874,0.12588569811295505,0.09544801525542088,0.0008793676686413675,3.1580129552843976e-07,0.048738967737664576,0.3000682006926231,0.38478904331030966,0.1689380560481918,0.08860259934949004,0.008730607287553262,0.00013252557416760518
LIV,preprocess_Reading51.dat,50000,0.06732890339816,0.20922537690369605,0.19809613097608672,0.03931827392462114,0.7962258506413198,0.11694417264846683,0.0860506062059996,0.0007790806117185148,2.8989249518120227e-07,0.03313147751064107,0.2369770046501667,0.4313559019197316,0.20683633342816418,0.08342150176306955,0.008155880242905757,0.00012190048532112448
LIV,preprocess_Reading52.dat,50000,0.04368703314374799,0.18352351274789536,0.1782479252794376,0.03198326780607125,0.7611535395280776,0.13926115685662865,0.09878199384027475,0.0008029735466337554,3.3622838498233333e-07,0.026795245795043242,0.22142608705381456,0.4233223108174597,0.2243119337091114,0.09467939924711534,0.009330513570703117,0.0001345098067525324
LIV,preprocess_Reading53.dat,50000,0.13096726624101998,0.21822187652596617,0.17455189075993363,0.028548287024895293,0.7627737220606116,0.13298329261694955,0.1033942875971426,0.0008484301483028369,2.6757699351837063e-07,0.025176467879499814,0.23296401678032025,0.42332358094062983,0.21796839542093396,0.0915876298613664,0.008852585473006646,0.00012732364424302805
LIV,preprocess_Reading54.dat,50000,0.05085958375164,0.20865574728152125,0.20236235720662074,0.038528226319880704,0.7476386473996628,0.138428680599172,0.113053532242061,0.0008788546362645499,2.8512283966232664e-07,0.03253023432182196,0.26218806000701056,0.3824119270981995,0.2143766263441752,0.09833157877763225,0.010015976559784548,0.00014559689137581935
LIV,preprocess_Reading55.dat,50000,0.07482156873498799,0.21781749237975792,0.2045634200893243,0.04147354307633319,0.7578029214980272,0.13376267281081716,0.10755739238171738,0.0008767299772837439,2.8333215458587455e-07,0.025185526395338637,0.24607781568623957,0.41783545843830333,0.20530169611367138,0.09612969885311405,0.009323736991913138,0.00014606752141982317
LIV,preprocess_Reading56.dat,50000,0.061434228133325997,0.18838703805146967,0.1780884940681692,0.031172716495542076,0.7960303548710276,0.11917608730904808,0.08407517046333986,0.0007181287027931631,2.5865379127285996e-07,0.026516481268525634,0.22598182326198663,0.44910116386654986,0.21514410499815656,0.07508085717695835,0.008048831704930733,0.00012673772289217424
LIV,preprocess_Reading57.dat,50000,0.07374616860866,0.20154404603133866,0.18756733485931246,0.03614494263844956,0.7890279679716071,0.12913486190072945,0.08103774769583004,0.0007991780678734772,2.4436395972059005e-07,0.02864308643682658,0.2448196018060211,0.4283470779463196,0.21119404921486445,0.07881367285103136,0.008059917319977202,0.00012259442495959885
LIV,preprocess_Reading58.dat,50000,0.079180922219818,0.19186970917520363,0.17476946774364324,0.03074861379060452,0.8176327288283523,0.11543033261227968,0.06610602994776818,0.0008305472632901826,3.6134830973845237e-07,0.033336719534946165,0.262620537764425,0.4433112438199842,0.18681349179352655,0.06641841573571612,0.007385238439020587,0.00011435291238149824
LIV,preprocess_Reading59.dat,50000,0.04378886874838199,0.16977696328339947,0.16403277793011295,0.02755009550865632,0.7873294384573583,0.14069708354793234,0.07110503663984441,0.0008680755944698385,3.6576039516654406e-07,0.02327035719865433,0.2106351343527483,0.46847337328652794,0.21973631670070828,0.06986326813175786,0.007897621798287057,0.0001239285313162948
LIV,preprocess_Reading60.dat,50000,0.086194082176726,0.19226063493931222,0.17185671923139723,0.03045103974300845,0.8220560796987935,0.10971763694054178,0.06750687641091818,0.0007191790370394889,2.2791270706255535e-07,0.031502247430347054,0.2044691779979132,0.47427263638761497,0.2156532934882815,0.06696716241612218,0.007027359658114567,0.00010812262160661043
LIV,preprocess_Reading61.dat,50000,0.036865386621078,0.18792415422038206,0.1842727082579631,0.0342662205026513,0.804647108588972,0.12291742933153972,0.07167473642405255,0.0007604715255683953,2.5412986724157116e-07,0.027724927652038496,0.2212152314307766,0.4607725769762304,0.21324540962555763,0.0690695118410173,0.007848678540318232,0.00012366393406121047
LIV,preprocess_Reading62.dat,50000,0.035607541097388,0.17430808332615028,0.1706323853488369,0.029099374943663672,0.8051035553065179,0.11878772443830359,0.07522642949189823,0.0008818148744615789,4.7588881863626596e-07,0.033058846400582875,0.21961873788838773,0.45054277352100525,0.21554260905129657,0.07262566065472904,0.008471699940586205,0.00013967254341214983
LIV,preprocess_Reading63.dat,50000,0.030568388320658002,0.18283078292232258,0.18025722959001367,0.03197699309490402,0.8243303192845886,0.10880652456562509,0.06610605014119973,0.0007568531850298118,2.5282355678623387e-07,0.028684284388586154,0.21595146704514773,0.4649337711751508,0.21772392731440127,0.06426345778438626,0.008314312938978271,0.00012877935334951795
LIV,preprocess_Reading64.dat,50000,0.08619831081576998,0.21667431757206174,0.19879036975624997,0.04088340155418457,0.805220099395494,0.11370116733348842,0.08013726002187802,0.0009411943597684651,2.7888937110222287e-07,0.04150111264974024,0.2731104349559782,0.40164921142327215,0.20036908244958346,0.07402025391108322,0.009213489661454391,0.00013641494888831505
LIV,preprocess_Reading65.dat,50000,0.12119174533931601,0.20359248943857208,0.1635923672345549,0.027182304487940966,0.8026244846123466,0.11102377205546848,0.08554371517495281,0.0008077111294234271,3.1702780872739607e-07,0.0430725351171936,0.2513819618976421,0.4254999247627522,0.18678940046584758,0.08322330333917588,0.009888893880218809,0.00014398053716991132
LIV,preprocess_Reading66.dat,50000,0.001163871147447,0.1894403387083848,0.18943676341697696,0.034108441791193905,0.7544179279605772,0.14147895311727562,0.1032599427131514,0.0008428770506045181,2.991583912633163e-07,0.026367656363241284,0.19016057317191135,0.455768948088235,0.22601457288479937,0.0923360819189856,0.009212565508461858,0.00013960206436559506
LIV,preprocess_Reading67.dat,50000,-0.00165052886194,0.18760880884750342,0.18760154826561262,0.033700947421838434,0.7508682975899514,0.1359707004696151,0.11228544878895035,0.0008753055450779459,2.4760640533684914e-07,0.032810427026368674,0.2040490372412453,0.4364759801248974,0.21847239207613997,0.09819360629881198,0.009852632594776778,0.00014592463776000355
LIV,preprocess_Reading68.dat,50000,0.040828138812076004,0.1954978423533296,0.1911870012473368,0.03724561498333474,0.7992754996674737,0.11719506193499427,0.08273835383241303,0.0007908029830957063,2.815820234351821e-07,0.03551450161224443,0.2423711416118606,0.4445738135948878,0.19441764263798186,0.07464087687123062,0.008357297392107561,0.00012472627968715188
LIV,preprocess_Reading69.dat,50000,0.054896978230261996,0.1992803105838616,0.19156973656500775,0.03662783150528222,0.769077838765527,0.1331981913381188,0.09682500251147991,0.0008987431485167333,2.2423635748272698e-07,0.03211624078190131,0.22630747933134526,0.42363593686147366,0.22115971972589793,0.08702717145633054,0.009613486126742503,0.00013996571630875326
LIV,preprocess_Reading70.dat,50000,0.07293699804188,0.19561872784573403,0.18151275712913997,0.03333841980252049,0.7643367100708519,0.13963921573384042,0.09512919580351817,0.0008946000685705841,2.7832321893639576e-07,0.031466056941784205,0.20986173401686822,0.4322267485204535,0.2248385534860022,0.0915993093367341,0.009861157888218005,0.0001464398099396268
LIV,preprocess_Reading71.dat,50000,0.026617807034596,0.17345465371828747,0.17140014365571588,0.030037829798824935,0.7843610912992081,0.13319451319613734,0.08179111771530242,0.000653059834754354,2.1795459781554997e-07,0.034040327833330254,0.2238134734920286,0.4309605528396609,0.22638015495926886,0.07651153350624473,0.008176756437120111,0.0001172009323467236
LIV,preprocess_Reading72.dat,50000,-0.030012190879421995,0.19170409278666262,0.18934024292203305,0.03548782844017266,0.7698564091161423,0.13400887118745744,0.09534418470019485,0.000790320483886365,2.1451231917288038e-07,0.03713496299735139,0.2789996374239632,0.3915744923797931,0.19369219183941738,0.08835100919052691,0.01010249040787221,0.00014521576107579331
LIV,preprocess_Reading73.dat,50000,-0.0001198522308199999,0.19973666252652558,0.19973662656778285,0.03997779918588256,0.7553593182523217,0.1440331639764074,0.0997404404952197,0.0008667922420243386,2.850340267107257e-07,0.03526482163403914,0.26504397844447297,0.3858933368196896,0.2086539091889587,0.09490627606465178,0.010087472115981731,0.00015020573220599477
LIV,preprocess_Reading74.dat,50000,0.055845597356710006,0.23021125394091602,0.22333492941526442,0.0513464775406303,0.7347464589142306,0.15192494456326355,0.1123690246344737,0.0009592717994917886,3.0008854025440347e-07,0.04090477660958173,0.2774696689826554,0.36704191080877,0.20029163183325394,0.10306243094048982,0.011067728501039636,0.0001618523242093871
LIV,preprocess_Reading75.dat,50000,0.034264421242214,0.17601155037260777,0.17264418699019426,0.027572463579353477,0.7119155483128443,0.16613769845683227,0.12113631225831746,0.0008101008024214081,3.4016958443676273e-07,0.03456847449692149,0.2804825248475206,0.356056331142915,0.20793234626994678,0.10983562319669364,0.010965296464833487,0.00015940358116901227
LIV,preprocess_Reading76.dat,50000,0.044629516021014004,0.16828503030984002,0.16225923001824527,0.025715266891936657,0.6333482367881571,0.19017483265893456,0.1748469907232302,0.0016294504750655923,4.893546123872256e-07,0.019943369921703074,0.21275492657893436,0.37209723229284275,0.20946795728757478,0.16570979365204927,0.01974506665715776,0.0002816536097379769
LIV,preprocess_Reading77.dat,50000,0.0062419953740342,0.15888261365778517,0.1587599521808934,0.025880919775062728,0.6561017994955366,0.177629260633414,0.16464204970466825,0.001626533378266637,3.567881145713633e-07,0.03777414336195116,0.24379663435705132,0.3466029722201636,0.19788710796485026,0.1559706717306774,0.01771564969437151,0.0002528206709346755
LIV,preprocess_Reading78.dat,50000,0.06983949623263601,0.1823283832816829,0.1684223385305046,0.02919109138129846,0.7084856382150864,0.15901141594186927,0.1309149084446841,0.0015876449953727437,3.924029875887932e-07,0.03353381898152641,0.23646170396638655,0.39805216880317723,0.19133054860982535,0.1252410256967221,0.015153674094667094,0.0002270598476952189
LIV,preprocess_Reading79.dat,50000,0.086113726324078,0.19768329030259493,0.1779413088730153,0.03124010480865924,0.716161047062919,0.15723492240507672,0.12524844702286578,0.0013552218714448143,3.616376935085914e-07,0.03846002048833599,0.26215005712906786,0.37897630991914766,0.18362344853978738,0.12168050211875185,0.014887839409944764,0.00022182239496446057
LIV,preprocess_Reading80.dat,50000,0.083711513482502,0.18937646808717706,0.16987003613245769,0.02814083044029138,0.7177291105687474,0.15657169141787564,0.12440092760067449,0.001297859166421243,4.1124628100333063e-07,0.023699074084853364,0.24781326949972027,0.40736708246710696,0.19267466367979735,0.11327375547481229,0.01495198324271915,0.00022017155099073827
LIV,preprocess_Reading81.dat,50000,0.036302100686064,0.17292323097102913,0.1690698118980404,0.02747768780781824,0.7115788818307792,0.1607262388556407,0.12637807406354545,0.0013164233023578633,3.819476768131066e-07,0.031210450091885115,0.26742092701791265,0.38211699296591545,0.18578024151101763,0.1198235927189744,0.013444575353102976,0.0002032203411917858
LIV,preprocess_Reading82.dat,50000,0.088377379930398,0.200281333967831,0.17972771475922109,0.033288485530004096,0.6722770546009622,0.1786065653336506,0.14748508630834656,0.001630950795638456,3.429614021046084e-07,0.02283465363118505,0.21944912639666317,0.4041616928322273,0.21086620281493584,0.128930967908292,0.01355604952861864,0.0002013068880779963
LIV,preprocess_Reading83.dat,50000,0.12517032710294,0.20885868465554822,0.1671955124068488,0.026888498121766805,0.6671867772997565,0.18994497335350394,0.1414525480328121,0.0014152980549874416,4.032589400093928e-07,0.024660696986963746,0.218538834450346,0.3984220631793923,0.21632965208579957,0.1276193632337091,0.014222253774611381,0.000207136289178037
LIV,preprocess_Reading84.dat,50000,0.11052334229480199,0.1993085523064757,0.16585683534448975,0.0278700715033224,0.6794082431921897,0.19185830120963548,0.12726727141676913,0.0014656463325159962,5.378488896406388e-07,0.03390598750003604,0.25820255299205974,0.3649636363373165,0.216340506658853,0.11299287672120402,0.01338220953945946,0.00021223025107125745
LIV,preprocess_Reading85.dat,50000,0.146221099948094,0.2248776150211328,0.1708488562079428,0.02818107264179451,0.7023867292053205,0.19443652122676144,0.10206981399507735,0.0011066092213639902,3.2635147667037365e-07,0.022747348288876455,0.22543434028618992,0.42133861575299,0.21756089027586492,0.10241091123455257,0.010355996952238542,0.0001518972092876052
LIV,preprocess_Reading86.dat,50000,0.121883506386496,0.22252176004081353,0.1861728889032836,0.033965420976155014,0.7273016161314604,0.16079641280343482,0.11069069770324726,0.001210956618053574,3.167438040412507e-07,0.024581622076620548,0.21415572726346055,0.4454010676012936,0.19575984269138189,0.11006450450348332,0.00988723233489242,0.00015000352886758257
LIV,preprocess_Reading87.dat,50000,0.10628216748479001,0.2029180534316851,0.1728578528249129,0.030105858046934008,0.7514517285754703,0.15034278983875218,0.09711473498313808,0.0010903841243549387,3.6247828451092617e-07,0.024828329410848442,0.23591314884409073,0.4429900010675207,0.19926885368660233,0.08820576835143643,0.00865391532697041,0.00013998331253109022
LIV,preprocess_Reading88.dat,50000,0.078372848710866,0.19441315912776533,0.17791619664038882,0.03239395817442173,0.7510396552775562,0.15377206261948362,0.09388767596047883,0.001300171573504451,4.345689769945718e-07,0.027556861585869445,0.2273661830941256,0.4361109367374096,0.2093968382865501,0.09053737343217073,0.008892968655290497,0.00013883820858419821
LIV,preprocess_Reading89.dat,50000,0.024154307307342002,0.1858499309825564,0.18427361798348527,0.03276722451473858,0.7652807647197741,0.14470150549456642,0.08903210976194023,0.0009852201013182853,3.9992240073930075e-07,0.040328621539487824,0.2752286280803098,0.4066696613594307,0.18740197582147175,0.08214872251442878,0.008091204856476462,0.0001311858283946765
LIV,preprocess_Reading90.dat,50000,0.062736391465272,0.1717155335405754,0.15984482989774995,0.02525400450079254,0.7955807405231738,0.13165155084269795,0.07197677253386155,0.0007906655273194245,2.705729472207992e-07,0.035331670929947295,0.2594450491784654,0.4493955676321928,0.18117208551652872,0.06746283963838924,0.007079970088234618,0.00011281701624182604
LIV,preprocess_Reading91.dat,50000,0.11150554452787599,0.20702741155618737,0.1744329747358476,0.030105974520252415,0.8096517325255485,0.11458223184463197,0.07480472130544662,0.0009610092523642734,3.050720086686819e-07,0.03311358182702778,0.265557168330985,0.45271298358976225,0.16697698508411288,0.07381366541149219,0.007698760738738168,0.0001268550178818042
LIV,preprocess_Reading92.dat,50000,0.11875504699746,0.21662087233719526,0.18116799150169577,0.03151754668367951,0.761922772239142,0.15275698107960828,0.0841281217364269,0.0011916370976992588,4.878471237515749e-07,0.03206839427083352,0.2567121866178971,0.4225963617651961,0.19298244030849276,0.0865713005603891,0.00891724406291934,0.00015207241427204755
LIV,preprocess_Reading93.dat,50000,0.046926140701408006,0.19048216280377636,0.18461146135946171,0.03411532558212934,0.7829562341724282,0.1279238342420463,0.08817044523786252,0.0009491063039778655,3.80043685095952e-07,0.030013071585776502,0.253133981639619,0.45717847985366833,0.1719640644511658,0.07961486269455349,0.007973481278488454,0.00012205849672833315
LIV,preprocess_Reading94.dat,50000,0.14789165909178398,0.243138894737202,0.192988547082742,0.03721488364127742,0.7700352138107178,0.1532824814884343,0.07555822702267846,0.0011235249947783418,5.526833911855822e-07,0.036798583969907976,0.25708712609643314,0.43709263102644597,0.1855893640423271,0.07451445172759233,0.008771554207865956,0.00014628892942755538
LIV,preprocess_Reading95.dat,50000,0.08622696292835201,0.20811089922098924,0.18940712034852691,0.03582651941843374,0.7945520195810507,0.13586406827633013,0.06858341290217251,0.0010001470647396466,3.5217570704945774e-07,0.03830653767799461,0.2816172755518237,0.42032511613114715,0.18442796746864865,0.0676501676687092,0.007553249751187119,0.0001196857504895251
LIV,preprocess_Reading96.dat,50000,0.12530628903752,0.21301468302345106,0.1722602365934368,0.03021963160908545,0.7936184362540593,0.14345433144744912,0.06225856442873073,0.0006684164877158126,2.513820452105642e-07,0.03212282255333389,0.2381001613568446,0.485450066396388,0.1715783416549442,0.06577578028917011,0.006863067678688654,0.00010976007063070707
LIV,preprocess_Reading97.dat,50000,0.09907159800703601,0.2123877066272527,0.18786526127710845,0.035377307561529826,0.7990665218353197,0.13561966693308214,0.06458103413633147,0.0007324741006311434,3.0299463544851614e-07,0.032766719661166774,0.25041494980120255,0.4617026450198655,0.1820499884804659,0.06594699503856624,0.00700120238337677,0.000117499615356214
LIV,preprocess_Reading98.dat,50000,0.13161265012367382,0.23202393335779684,0.19108431641096757,0.036656353368477716,0.7972177182150442,0.1399384169447019,0.06209792189721711,0.0007456166350816321,3.2630795517630155e-07,0.029718530809873918,0.246763210885382,0.4739542990966932,0.17838757676812003,0.06387833749443204,0.007187567067916309,0.00011047787758231131
LIV,preprocess_Reading99.dat,50000,0.14689443276280398,0.23902434103189454,0.1885594368601728,0.03672711076800727,0.8043621874161573,0.13358904121620982,0.06124552510177645,0.0008028856910938351,3.6057476272220075e-07,0.044227753916412524,0.2946858344067704,0.42157693446062744,0.1670372478534368,0.06570595094859129,0.00664604465100702,0.00012023376315467404
LIV,preprocess_Reading100.dat,50000,0.048081348139539806,0.22035977458084804,0.21505025974038383,0.046380486111531706,0.7868204872127204,0.1318156266066994,0.08030775873216608,0.0010556956393090288,4.318091051748113e-07,0.030005790187692515,0.215563707335427,0.4751086579556585,0.18896501966588558,0.08014908078709088,0.010052722606974276,0.0001550214612710251
LIV,preprocess_Reading101.dat,50000,0.050381651902930806,0.2336468658809484,0.22815027303845553,0.05238470823914775,0.8174328445413241,0.1192652563347557,0.062439482407257926,0.0008621877312919776,2.289853703236061e-07,0.06101461279496678,0.27509217648987677,0.43212344001437014,0.16501940795085046,0.0598158244076578,0.006825119783853334,0.00010941855842442254
LIV,preprocess_Reading102.dat,50000,0.08013168826736601,0.2071005007804241,0.1909699713539386,0.03636648646875732,0.7905612043139154,0.14608434436263062,0.06258907303737145,0.0007651776098092228,2.0067627330046985e-07,0.04731365814870761,0.24265986538121312,0.44547265541300324,0.19407413046692873,0.06380403877923281,0.006569683002389361,0.00010596880852522024
LIV,preprocess_Reading103.dat,50000,0.0834333751844,0.22096374964410773,0.20460657507060487,0.04365763702202596,0.809560303398818,0.12664016424248337,0.0630658685537468,0.0007333760618932874,2.877430585160623e-07,0.0509754582103608,0.30296562912520486,0.41413250781854827,0.16336730019914958,0.06146694021578297,0.006982910477181883,0.0001092539537717878
LIV,preprocess_Reading104.dat,50000,0.1051103303568736,0.24320094849909207,0.21931374741024998,0.04751533442253372,0.8051720237220511,0.12449306991486044,0.0694904441892673,0.0008442224589910073,2.3971483015771146e-07,0.04897461021520358,0.29400260987130605,0.41347238332284075,0.1702318361321308,0.06640907252603467,0.0068027138010645916,0.00010677413141959895
LIV,preprocess_Reading105.dat,50000,0.0503538862698,0.21131188753794394,0.2052247547260727,0.041861824768578505,0.8235578364153514,0.11951600055682192,0.05623500090641139,0.0006909021363182115,2.599850971290607e-07,0.037845703255326414,0.2542585447856018,0.451305215638162,0.19104758172455652,0.05911681949388845,0.006330068582852045,9.606651961256798e-05
LIV,preprocess_Reading106.dat,50000,0.06735334974283,0.211362191230251,0.200343460487417,0.04057810479587836,0.8275059026981799,0.11445030565152788,0.05726452644050592,0.000778971185858122,2.9402392786374563e-07,0.04427518024179112,0.27074857288343673,0.44129314197951675,0.17725513474713503,0.05999700932096621,0.006333098544103626,9.786228305048513e-05
LIV,preprocess_Reading107.dat,50000,0.08784729903412,0.2280829579084479,0.21048678756795333,0.0452472641767029,0.8226291366823254,0.11408783101575959,0.06241771639516547,0.000865035095159262,2.8081159031714124e-07,0.04078427015231405,0.2482587625837512,0.4699254324840163,0.17243792274158765,0.061729006078584364,0.006756366336105397,0.00010823962364095339
LIV,preprocess_Reading108.dat,50000,0.06840057549695559,0.19949938976645934,0.18740695768534033,0.03569502959300754,0.8178100141810988,0.11805429546455724,0.06330718172683535,0.0008282226042652384,2.860232435669457e-07,0.03424795502375885,0.2505880865694775,0.4586564413134659,0.186766866424171,0.06262812864975792,0.006995077572181958,0.00011744444718679799
LIV,preprocess_Reading109.dat,50000,0.0738754878878782,0.20982987080643445,0.19639497695199065,0.03797568001143298,0.811575930054024,0.12070272904566179,0.06696605255031338,0.0007550220845865405,2.6626541422935614e-07,0.032973890417084525,0.24485533286311556,0.4618283405603608,0.18527032933428608,0.06792314990246741,0.007043307697759066,0.0001056492249266239
LIV,preprocess_Reading110.dat,50000,0.09089860177685401,0.22462644918279825,0.20541296421473784,0.04366313065600839,0.8042227726355402,0.127475146465413,0.06741408169424024,0.0008877591736567014,2.4003115004523797e-07,0.031347458393464464,0.23430561027359437,0.473350772590879,0.18877189692742014,0.06516440844880274,0.006956753083276642,0.0001031002825626708
LIV,preprocess_Reading111.dat,50000,0.05587820287111,0.22501073742010375,0.21796205724445242,0.048191522816388783,0.7900023766259824,0.1251241706264164,0.08395374468481834,0.0009193906510374093,3.174117455714552e-07,0.04192868406564473,0.29349103447410313,0.3975022112997494,0.17953256037129364,0.07798492612528002,0.009417726894418806,0.00014285676951022945
LIV,preprocess_Reading112.dat,50000,0.127674694262684,0.21169741917450544,0.16886376085494612,0.029034703152015045,0.7970056158399793,0.1251802536100307,0.07685365995584548,0.0009600244117598067,4.461823847505199e-07,0.03925109286389531,0.29334204241724454,0.41131766663481967,0.17536160270920617,0.07255679291825473,0.008048403215696972,0.00012239924088256146
LIV,preprocess_Reading113.dat,50000,0.11462614960905201,0.24341130747555104,0.2147321830391534,0.04693958118072424,0.8064697069776349,0.12441692757509068,0.06828498035450806,0.0008280404878180203,3.446049484118787e-07,0.03832371359092648,0.31760306454999326,0.3974920426968197,0.1715474705835304,0.06727714725371797,0.007636291043254395,0.00012027028175776791
LIV,preprocess_Reading114.dat,50000,0.071320352826552,0.22492348316211053,0.21331662042717714,0.04571623756934846,0.8549800745751996,0.0805023457972906,0.0635770808387731,0.0009401709578403492,3.278308962291441e-07,0.06002734873274516,0.383516783926752,0.36059539947364194,0.13040623848555513,0.05755893634261706,0.007768497822170125,0.00012679521651846174
LIV,preprocess_Reading115.dat,50000,0.14390758480131,0.2719265975778235,0.23072642134550894,0.05114574938735524,0.8245993385470393,0.10247929517105588,0.0719193059856298,0.001001757826640044,3.02469635093459e-07,0.04002065405540068,0.31865441104548003,0.39888629239420514,0.1690921432282212,0.06476386268212848,0.008451550761887585,0.00013108583267702772
LIV,preprocess_Reading116.dat,50000,0.12635671273097,0.24457719324474722,0.2094086545568295,0.044676536972300264,0.8008716709277706,0.11801830208844087,0.08015434232701817,0.0009552890539639051,3.956028065833781e-07,0.03766561200191306,0.2949049821282717,0.4057644742858938,0.17923185773003944,0.0736925226449883,0.00860905184050547,0.0001314993683883194
LIV,preprocess_Reading117.dat,50000,0.138909353304412,0.25354382636055783,0.21210531216851394,0.04631293903958914,0.8300230505970012,0.10020532897406022,0.06904401040452458,0.0007273580126344097,2.5201177979403334e-07,0.045314080820681696,0.2930098520673155,0.4180833244369226,0.1717968660895247,0.06358394420671457,0.008089334700083372,0.00012259767875755727
LIV,preprocess_Reading118.dat,50000,0.12544056070056,0.24389671548134564,0.20916566055095562,0.043574981664368614,0.8405991984797687,0.09290745473340124,0.06574125253254923,0.0007517558693349521,3.383849458995542e-07,0.03276368587165398,0.28572459826771085,0.4378291126523389,0.17596958537554028,0.060087579101317255,0.007508512857501404,0.00011692587393722825
LIV,preprocess_Reading119.dat,50000,0.06874442632481799,0.21887799747879683,0.2078022656989087,0.03992490964107744,0.8245842531716797,0.09968514645208715,0.07499660014742854,0.0007336927683865236,3.074604181274921e-07,0.040817737831353514,0.29831248882726946,0.41097704888657594,0.17633695909126965,0.06496214128080491,0.008466102752800122,0.00012752132992656056
LIV,preprocess_Reading120.dat,50000,0.059493954673609996,0.21353011403358876,0.20507456925833553,0.043350554203089676,0.8071038289523443,0.1130685195909436,0.07907164433767991,0.000755766974492787,2.4014453934493313e-07,0.033525042231964376,0.261259779223861,0.4317592504831201,0.1944574758290414,0.07128665984310108,0.007600045573705915,0.00011174681520610284
LIV,preprocess_Reading121.dat,50000,0.12395669002620159,0.26203501586556294,0.23086162205402178,0.054288428035620825,0.7965643676698975,0.10831487869230692,0.09416303935448081,0.00095741238535604,3.01897958605467e-07,0.0375611968167215,0.3071430803214553,0.38889262646158473,0.17334105828633456,0.08322565935674228,0.009688544932331221,0.0001478338248304634
LIV,preprocess_Reading122.dat,50000,0.010313441422492001,0.18278855607074387,0.18249736753293813,0.033274303595060735,0.8107925065056942,0.10492979078362108,0.08344303135258677,0.0008342868365412165,3.845215566588033e-07,0.03266192924840397,0.2890513945368253,0.40282314823733056,0.19033335227363712,0.07576711138905808,0.009226119076707355,0.00013694523803745408
LIV,preprocess_Reading123.dat,50000,0.07658609643644801,0.22681858532794497,0.21349763577800418,0.04599581658330141,0.8064204570644734,0.10595665111363244,0.08684466774307079,0.0007779336347349283,2.904440883305528e-07,0.03852462040048147,0.3041819924397755,0.39266425729238114,0.17441928981480478,0.08101740267601597,0.009053645812619983,0.00013879156392103157
LIV,preprocess_Reading124.dat,50000,0.06095538858978201,0.2093488505829115,0.2002782610326315,0.04174931259765396,0.8236531054237047,0.09772727145363067,0.07792654263512522,0.0006928372953713087,2.4319216797425197e-07,0.0354353642560529,0.28905440223351314,0.4192392253915464,0.17300712135919752,0.07494108073089396,0.008197608567724836,0.00012519746107127953
LIV,preprocess_Reading125.dat,50000,0.052048923678004004,0.20959133053006024,0.20302570127282477,0.04215473544395721,0.8024073443580941,0.10959861450908816,0.08722992332426717,0.0007638285905363226,2.8921801422631216e-07,0.035615860376444465,0.27134542323803684,0.4230673989516828,0.17579780423459115,0.08552844055634613,0.008491616074294123,0.00015345656860441613
LIV,preprocess_Reading126.dat,50000,0.06802267260759039,0.22548059523767192,0.21497538193955004,0.04685701239461392,0.8083445061184873,0.11132833816776437,0.07961211156672905,0.0007148520374813396,1.921095380065778e-07,0.03922253817535641,0.24692038595420857,0.4499600244456839,0.1795868203363198,0.07615605550747616,0.008036107324102398,0.00011806825685264428
LIV,preprocess_Reading127.dat,50000,0.053844973339806,0.20552296445875912,0.19834416494051935,0.04042280536076454,0.8103559862959647,0.10937496898584129,0.07945646488670564,0.000812363244965683,2.165865225906731e-07,0.03342493234469937,0.23873463139668274,0.4495925185420308,0.19527991638474107,0.07515471801445812,0.0076974967919191855,0.00011578652546872308
LIV,preprocess_Reading128.dat,50000,0.08102301619078,0.23866394304688565,0.22448997429291956,0.05186123417584767,0.8094474626194773,0.11570123409953027,0.07386356364943958,0.000987434574962786,3.0505659023137544e-07,0.04819176501776621,0.3174016845421889,0.38367049349937826,0.17516902928675276,0.06719793374354639,0.008239521197789602,0.00012957271257788488
LIV,preprocess_Reading129.dat,50000,0.052642581664259995,0.23114142137701738,0.22506691287683675,0.05121807975413496,0.8211570953883718,0.09673462384632898,0.08102268012012664,0.001085213711698409,3.869334741584737e-07,0.04884335364398354,0.32650708696893727,0.38885526205783083,0.15707338958027392,0.06966683794140101,0.008915328759470273,0.00013874104810321478
LIV,preprocess_Reading130.dat,50000,0.1091684589045,0.2518883231321363,0.22700214737031896,0.05233303984623856,0.8244262861317663,0.09787741863484638,0.07679022830316988,0.0009057510387570321,3.158914601951742e-07,0.04971191763245578,0.31990138697753095,0.37162277012554173,0.17989514999754144,0.07011683738120686,0.008617367809224284,0.00013457007649900332
LIV,preprocess_Reading131.dat,50000,0.144148045789364,0.24053146196442296,0.19255317470727423,0.03655537858935067,0.8425626028917103,0.08847672106658033,0.06797724544956026,0.0009828144141625834,6.161779867249052e-07,0.05502726849671561,0.345629376358682,0.36479792607585293,0.1607604934377984,0.06447981685791851,0.009157501495213353,0.00014761727781929126
LIV,preprocess_Reading132.dat,50000,0.01974098700703,0.21747606808979114,0.21657823903565138,0.0490277254333533,0.7902211405238563,0.095238172971652,0.11339386997503335,0.0011464969189649633,3.1961049331476885e-07,0.05452251587128232,0.35162424005101023,0.33088795482226735,0.15234551530295715,0.09797938408298575,0.012456566663920456,0.0001838232055766232
LIV,preprocess_Reading133.dat,50000,0.10061004527744201,0.22452240034801013,0.20071852691593572,0.04113896152228386,0.797701979267527,0.11250741120463448,0.0888818655042537,0.0009084659790274858,2.780445573806818e-07,0.04979757284117211,0.29624196481891707,0.37585747926525903,0.18830628477517314,0.08027393425857174,0.009382235080545162,0.0001405289603617095
LIV,preprocess_Reading134.dat,50000,0.010422605079038002,0.17356396027134402,0.1732507362421271,0.03116439298682307,0.7780902587687079,0.12306097808869061,0.09796212203073713,0.0008862842670732318,3.5684479096413374e-07,0.02801020454931188,0.22080488982124094,0.4388191212856563,0.21516302395862621,0.08789294098429398,0.00917371488594734,0.00013610451492330428
LIV,preprocess_Reading135.dat,50000,0.050887164640476004,0.1912390708939024,0.18434445668697536,0.03380308409208789,0.8005720837617409,0.11749832879078002,0.08106264339567681,0.0008665421502263885,4.019015758508652e-07,0.03601215078035866,0.2584121291467532,0.41667374401057566,0.19916065438604072,0.08099919627629514,0.008609356449649871,0.00013276895032667815
LIV,preprocess_Reading136.dat,50000,0.041613291557748,0.18828386241976244,0.1836277397710757,0.03390160234545876,0.7725131074224298,0.12257708090853091,0.10411110634682716,0.0007984718673053899,2.3345490681516055e-07,0.03623322494834374,0.23708467260790567,0.4037509774848109,0.2186586072675505,0.09424730275298429,0.009881904764869782,0.00014331017353522385
LIV,preprocess_Reading137.dat,50000,0.024970210926299998,0.1878072757319866,0.18613989734650263,0.03277710935507846,0.7720150250396157,0.12913648696094976,0.09815177607935227,0.0006965183456461247,1.9357443629791946e-07,0.02794824398696148,0.20616082838386943,0.44335717575385564,0.23100567141887962,0.08297469023530445,0.008431564416720794,0.0001218258044085566
LIV,preprocess_Reading138.dat,50000,0.065344366286722,0.17310817116662064,0.16030144328495216,0.025909665572960348,0.7532713704693658,0.14812660586758528,0.09794055118331615,0.0006612107273743488,2.6175235851854155e-07,0.020952647440311948,0.17876223160575253,0.45747572875816295,0.23948338581200249,0.09569513760795242,0.007526901750935245,0.00010396702488254523
LIV,preprocess_Reading139.dat,50000,0.03055933565722,0.17390216412562928,0.1711960562973536,0.030349716564604348,0.7923441720098828,0.1192316724134195,0.08776482465933438,0.0006591084179770034,2.2249938625768556e-07,0.025473814240248527,0.2197710613174825,0.471033946732992,0.1937604442063037,0.08233177854084336,0.007521785691127649,0.00010716927100221286
LIV,preprocess_Reading140.dat,50000,0.029548660065659798,0.1735966812177565,0.17106339298091644,0.029824613176660703,0.7718606206493329,0.14080325760918727,0.08661588014596988,0.0007200598802103587,1.8171529956650713e-07,0.0256679112909561,0.22222826185058442,0.45500881632757023,0.2090677325535566,0.07988712185315187,0.008028159797293336,0.0001119963268874933
LIV,preprocess_Reading141.dat,50000,0.104703238512394,0.20451596632032604,0.17568156512552324,0.029047005232527952,0.77756500672,0.13700338695310443,0.0846024804442329,0.0008288364373602356,2.894453022873273e-07,0.02323104134449776,0.1973321896275591,0.48033677634481314,0.21284033424658783,0.07791988305366873,0.008216422787586103,0.00012335259528740283
LIV,preprocess_Reading142.dat,50000,-0.00948735016524,0.17433303550162368,0.17407468929759,0.03123059250286125,0.7941962055216009,0.12960626441572182,0.07542805622597577,0.0007692594892897113,2.1434741162751617e-07,0.020324518552498685,0.18633841903059908,0.4880696286537786,0.22401539071973228,0.07238199028159865,0.008727209720428366,0.00014284304136431554
LIV,preprocess_Reading143.dat,50000,0.017300260105804,0.1837914191140815,0.1829753719499963,0.034219033447422,0.766148889942232,0.13508922430537582,0.09783369241430738,0.000927784187004096,4.091510805325263e-07,0.023599660208061125,0.23289988101230313,0.42586207398551257,0.21937488610203412,0.08813443028776846,0.009981111208670306,0.00014795719565028178
LIV,preprocess_Reading144.dat,50000,0.04367291325484658,0.165518993096678,0.1596534175129765,0.026124100718085096,0.7941133944648201,0.12206460120495166,0.08308651755249452,0.0007352676653773067,2.1911235639920446e-07,0.02374294828521663,0.19692718391705893,0.4843654594485733,0.2050673208982354,0.08054862993529836,0.00920516142236636,0.0001432960932510396
LIV,preprocess_Reading145.dat,50000,0.015065458605524,0.18429901693683806,0.1836822245098588,0.0343711750307579,0.7665785537536323,0.13892880896612478,0.09363406278216473,0.0008582860251760128,2.884729022852425e-07,0.028383355863599236,0.2125952178538462,0.43730886126534657,0.22408623177985657,0.08795775629302939,0.009527573509068596,0.00014100343525349476
LIV,preprocess_Reading146.dat,50000,0.029157192441439998,0.18386548107358464,0.1815389028813206,0.03319435389767335,0.7488311615838233,0.15029051142644784,0.10004049955831801,0.0008375658092320278,2.6162217880442173e-07,0.03618396776328414,0.24089773229776545,0.39591613118004126,0.217958140830474,0.09922205617322309,0.009672459516676536,0.00014951223853564791
LIV,preprocess_Reading147.dat,50000,-0.004494773984480001,0.18306235853326572,0.18300716958247937,0.03305356755672626,0.7598516082447874,0.13978602829008105,0.0995039896113033,0.0008581273290625083,2.4652476572008705e-07,0.02836599999123003,0.2463718373988336,0.4124405572555743,0.2127230243762877,0.09004995211907907,0.009900973778406479,0.00014765508058881756
LIV,preprocess_Reading148.dat,50000,0.0004347953140400003,0.1860352279631713,0.18603471986794293,0.03585812010557149,0.7591946431948386,0.14696032837366577,0.09295545763636472,0.0008893398611790569,2.3093395198597878e-07,0.0311287167798313,0.24137786194454047,0.4016637206855519,0.22134985554202824,0.09531927730313293,0.009026563659239165,0.0001340040856759139
LIV,preprocess_Reading149.dat,50000,0.058587631623899995,0.18105138836270196,0.1713099373905791,0.029271139969882426,0.7288946983397936,0.1605302986043638,0.10963425788657326,0.0009404639317127289,2.812375567581052e-07,0.024451868159200585,0.199707819434031,0.41587118351820124,0.23398341405236062,0.11563784888241209,0.010202333697073353,0.0001455322567211582
LIV,preprocess_Reading150.dat,50000,0.0302690839113712,0.17517366203158288,0.17253867516797963,0.029783857212120048,0.7267504128221483,0.1544952561033763,0.11799387719310993,0.0007602273183038205,2.2656306170384205e-07,0.026300585675854575,0.212773055949824,0.40800603936907814,0.22007639031109033,0.12169426720680371,0.010989924292825142,0.00015973719452403167
LIV,preprocess_Reading151.dat,50000,0.054991688002318,0.20008898797673724,0.19238377623960556,0.037081775362636675,0.7148746240603521,0.14969352809936728,0.1337430328397364,0.0016882367209142372,5.782796302011725e-07,0.03826703195406985,0.228649871949346,0.4025813263992795,0.18931483748498543,0.12366988497347679,0.017247743874583287,0.00026930336425906847
LIV,preprocess_Reading152.dat,50000,0.069258063304368,0.19134491306230494,0.17837095173303638,0.03329191353929062,0.7219479804972331,0.14220291403592367,0.13416101150066007,0.0016875833076474885,5.10658535644406e-07,0.03232810788160018,0.2381077812841027,0.3994371433657005,0.19041461606647261,0.12394774693494628,0.015524021471746703,0.00024058299543104435
LIV,preprocess_Reading153.dat,50000,0.022104677844414,0.17806549495177215,0.17668815384686737,0.032010482270248615,0.7419190940164702,0.14028741038092502,0.11596311384491496,0.0018297133130410583,6.684446487713514e-07,0.030187503572118923,0.24923096600625655,0.41538489486095104,0.18110232748913527,0.1098466621794463,0.014021837490954968,0.00022580840113687846
LIV,preprocess_Reading154.dat,50000,0.12533065197715598,0.1982626869433406,0.1536239587726279,0.02423224758051958,0.7724923662488149,0.13247117033257808,0.0938837605590423,0.0011522758551953292,4.270043695434313e-07,0.02695248744509265,0.20429655895694884,0.4795750519565434,0.1824464697299687,0.09478908339208496,0.011759559858211954,0.00018078866114960292
LIV,preprocess_Reading155.dat,50000,0.10811244790142,0.20443265053297616,0.17350621663992535,0.029899287381218356,0.7639841243601331,0.12702340301546405,0.1077932410569231,0.0011988873174278774,3.442500518814477e-07,0.03151048193863524,0.248590830315842,0.431461847440579,0.17226219817968877,0.10238723659927938,0.013565735163059856,0.00022167036291575074
LIV,preprocess_Reading156.dat,50000,0.08041957935883019,0.18289235486691094,0.16426291341782812,0.027565296224988056,0.7958692598045929,0.11981902294065999,0.08331524646967708,0.0009960859773882566,3.848076817954279e-07,0.033358480701315585,0.2596057543950732,0.4557471901198271,0.16336462307343155,0.07881144445982559,0.00897452225937262,0.00013798499115418844
LIV,preprocess_Reading157.dat,50000,0.023512209848856002,0.16784942251240298,0.16619447832515535,0.028244884402404156,0.7434526716575297,0.1523437033872991,0.10273536305028733,0.0014678528425431097,4.0906234085128776e-07,0.033539198379989234,0.27558486704222784,0.38920136346221,0.18979354512222923,0.1000400548831884,0.011657655503503516,0.00018331560665174192
LIV,preprocess_Reading158.dat,50000,0.09086888427572,0.2118160655523264,0.19133450158440646,0.038633917323412904,0.7507135043980905,0.15759570880116452,0.09033747804179276,0.0013529733814965164,3.3537745561868584e-07,0.03548782626474595,0.2926026023082693,0.37597578060600484,0.19631036239463356,0.0889686006467717,0.010492794060513625,0.00016203371906119133
LIV,preprocess_Reading159.dat,50000,0.05675690219378,0.19781758594360999,0.18950053129720565,0.03627617337658727,0.7394336574868731,0.1625869702285814,0.09662970739369019,0.0013492162466570993,4.4864419840813854e-07,0.03731808316166402,0.27993086901253217,0.3892072890475788,0.18952013098550738,0.09251273645624916,0.011334344041734671,0.0001765472947337669
LIV,preprocess_Reading160.dat,50000,0.048339333447682604,0.18907553265621396,0.18279186494771804,0.033741242452414166,0.7609108119440781,0.14380114904120225,0.09402609034249408,0.0012615576606971601,3.910115284284833e-07,0.026474614523233114,0.24668719279876766,0.4400628536320804,0.18919918617378859,0.08712027476346093,0.010289474218087338,0.00016640389058187246
LIV,preprocess_Reading161.dat,50000,0.02128865389163,0.20454266070496316,0.20343179019943777,0.040984193279298094,0.7426477027501108,0.16941284826173295,0.08675551244927324,0.0011835951805761339,3.4135830684589626e-07,0.02837020389441009,0.22126901198421825,0.4482972714916979,0.20370241057639213,0.0889168113237756,0.009295521660668948,0.00014876906883711422
LIV,preprocess_Reading162.dat,50000,0.0896070174284754,0.20700097840271575,0.18660114546072462,0.03525165456040158,0.7531419390909383,0.15622947850872743,0.08950559830787042,0.001122680575643768,3.0351682005776247e-07,0.027563593689473354,0.25093082010999107,0.4248289395532546,0.20216767396140717,0.08530588971780503,0.009053485419979409,0.0001495975480893331
LIV,preprocess_Reading163.dat,50000,0.05258415377788,0.19220778311422768,0.18487492707544267,0.03482490348125077,0.7728499593131369,0.14255311666156245,0.08355028934895063,0.0010463348856729088,2.9979067714276156e-07,0.027640557203251617,0.23219312234973524,0.46242724357984033,0.19128945978088774,0.07754778156824794,0.0087615655965728,0.00014026992146430362
LIV,preprocess_Reading164.dat,50000,0.1187422029822486,0.2391355864933182,0.20757195850698554,0.04476888987440781,0.7923948918079585,0.13218086058098466,0.07463405731857163,0.0007899365414388874,2.5375104615205617e-07,0.02891491125233912,0.23870092214037655,0.47030108050647,0.18164860781078215,0.07287354058560933,0.007424677575558225,0.00013626012886441835
LIV,preprocess_Reading165.dat,50000,0.094946278440284,0.21599603648905497,0.19400899976372546,0.03868751033780504,0.8109994288754149,0.11619035582220213,0.072003928324932,0.0008060415864845377,2.4539096628946923e-07,0.029526470616510533,0.26878262980701306,0.45419676372848083,0.16749222975830327,0.0727641652416126,0.007125204814004856,0.00011253603407490689
LIV,preprocess_Reading166.dat,50000,0.038748746070834,0.18641513657824732,0.18234346114797928,0.03414593434623454,0.7756635066023243,0.14490641783797603,0.07847865963187178,0.0009511165701858729,2.9935764192879394e-07,0.029868003961429475,0.2596121117009702,0.4350876285080783,0.19248662591068544,0.07489306386062612,0.007929228834952649,0.000123337223257788
LIV,preprocess_Reading167.dat,50000,0.105810179343578,0.21121984367010072,0.1828059854252635,0.034120666474664975,0.7692334249522687,0.1532097338875869,0.07654311469703962,0.0010134211033096063,3.0535979501731756e-07,0.03310979326718806,0.23985172990261602,0.4472937458999819,0.19502151696785008,0.07644302882019238,0.00815562378159487,0.00012456136057685207
LIV,preprocess_Reading168.dat,50000,0.09711432084524,0.19999216783928656,0.17483042036163254,0.030646326397798483,0.783131273642611,0.1474834524007786,0.06850372604201678,0.0008812984683910135,2.4944620239415443e-07,0.025932668101573336,0.24515832697963957,0.46696747065873206,0.18290651228064925,0.07113494313692326,0.007770078462434714,0.00013000038004793807
LIV,preprocess_Reading169.dat,50000,0.079916515707856,0.22268625088327576,0.20785215141914037,0.042628957974162246,0.7861623559731126,0.1383721740876391,0.07448134104373272,0.0009838029175273104,3.259779883433711e-07,0.042273920101852165,0.27674870375400074,0.418512017818195,0.17582155627495963,0.077861750757898,0.008643590278963874,0.00013846101413050472
LIV,preprocess_Reading170.dat,50000,0.037457087842361805,0.1994280040823584,0.19587877726451824,0.038529145848861704,0.800886689720267,0.12482268830627492,0.07330562501850667,0.000984676184610545,3.207703409797909e-07,0.04135076706319303,0.28216796817196665,0.43583646323634795,0.15997162333972773,0.07272513455455185,0.00782444141223297,0.0001236022219798067
LIV,preprocess_Reading171.dat,50000,0.004858851760635201,0.20164745178703036,0.20158890438655325,0.04177456417956337,0.795348079331332,0.11570666093693491,0.08788936360659517,0.0010554701921505543,4.259329872909938e-07,0.03758427644603787,0.2634453885488722,0.4484743870148404,0.1621592345119709,0.07928723706735881,0.008901634825579659,0.00014784158534035925
LIV,preprocess_Reading172.dat,50000,0.034131592744788004,0.19788272911147944,0.19491692809325487,0.03817906224626825,0.7850643427055002,0.1267226633897293,0.0874186098034342,0.000793957556570495,4.265447657060801e-07,0.039631656095934734,0.25211440267288576,0.43523806511235874,0.185469859881641,0.07914757081531702,0.008268331677370077,0.00013011374449269642
LIV,preprocess_Reading173.dat,50000,0.092224913682462,0.22621336390419985,0.20656004285707433,0.04378439105373684,0.838379231187844,0.10857776130191749,0.05230630899653767,0.0007364160229922108,2.8249070868957843e-07,0.05399787803684075,0.32760740751042877,0.40647451927556955,0.15112510460377682,0.05452583882946061,0.0061699135330937965,9.93382108295916e-05
LIV,preprocess_Reading174.dat,50000,-0.05153975074699721,0.1814157923458458,0.17394063299128365,0.030107055147793726,0.8329472725684689,0.11265144931826887,0.05374762214295727,0.0006534399495251143,2.1602077981223124e-07,0.0524452539383667,0.3391271214884935,0.39558562504845085,0.15056050031042256,0.056369824683686204,0.005820766235948542,9.090829463174674e-05
LIV,preprocess_Reading175.dat,50000,0.012956301226426001,0.18930212547140607,0.18885822451384554,0.033186060446393675,0.814171173271462,0.12892362452399592,0.05615353319105341,0.000751399965152201,2.6904833649412407e-07,0.04094974681657945,0.2697868115800533,0.4377267438848956,0.18640997286873456,0.059248810767408906,0.005785552075089338,9.236200723896677e-05
LIV,preprocess_Reading176.dat,50000,0.120796989004368,0.24481463773421253,0.2129373013269688,0.04477009159289381,0.8103404343657281,0.1290668378899648,0.05976135044692237,0.0008310787833219719,2.985140629066414e-07,0.043245266782893046,0.2758874420247621,0.4392612087787973,0.17848082392474765,0.05649044658711465,0.006531725022735781,0.00010308687894960313
LIV,preprocess_Reading177.dat,50000,0.089144013365584,0.22428078937967763,0.20580383224286153,0.042666829817906086,0.8102859172448923,0.131467292435745,0.05740494562918904,0.0008416144581643801,2.302320092154607e-07,0.03665196438500196,0.24342735771597154,0.4630508804091812,0.1917720816658345,0.059097087279598566,0.005904831569176208,9.579697523593536e-05
LIV,preprocess_Reading178.dat,50000,0.093181655595246,0.22495074194037798,0.20474377978355163,0.042973006376859656,0.7966185669037233,0.13451666822094574,0.0678808980446598,0.0009834791811815186,3.876494896581307e-07,0.05417037315341786,0.33035355221765056,0.3744730421111729,0.16750847775543978,0.06556424241635904,0.007806490928582096,0.0001238214173778709
LIV,preprocess_Reading179.dat,50000,0.10293123401339599,0.21580973276876586,0.18968131648163358,0.03710729301792053,0.8292076778043102,0.11490677633471297,0.05509329751436876,0.0007919504992255982,2.978473825326123e-07,0.051021046004530134,0.3036245669771655,0.43426922976474774,0.15099944932203255,0.053943091163389675,0.00604737196693082,9.524480120360206e-05
LIV,preprocess_Reading180.dat,50000,0.035021987620452,0.21198026369470876,0.20906719632498827,0.03955868762959618,0.8170220360249135,0.10826906316937689,0.07364596791212683,0.0010626081976686135,3.246959141679622e-07,0.04144544235285453,0.3012705668374875,0.424595861702091,0.15929360044450147,0.06525970823319568,0.008011479325217811,0.00012334110465190908
LIV,preprocess_Reading181.dat,50000,0.0045994399001,0.2166686980758578,0.21661987415399492,0.04572121028260773,0.7916164620776162,0.13255002781164418,0.07495217232309448,0.0008809854422403862,3.523454046412379e-07,0.039162518761176594,0.26246923841274433,0.4332126399497158,0.18489417140713327,0.07261391299160846,0.007526431239447649,0.00012108723817400049
LIV,preprocess_Reading182.dat,50000,0.074235583149522,0.21651204429854543,0.20338766806467323,0.04291919217815167,0.7966005381451844,0.12189116792259523,0.08064942144528095,0.0008585213530820372,3.5113385747209943e-07,0.03396901968439612,0.24214715591765185,0.46342991621205015,0.1777299800991983,0.07506184616665017,0.007539822143616072,0.00012225977643737042
LIV,preprocess_Reading183.dat,50000,0.04473024559883999,0.20413380342887,0.19917282653766802,0.03994985581162309,0.8122748410106018,0.12230205204196203,0.0645470605583505,0.0008756973674186043,3.490216671510304e-07,0.04246986048515834,0.2813449597800055,0.43714034079712427,0.17150208806591496,0.06061867005165544,0.006817946008983255,0.00010613481115820522
LIV,preprocess_Reading184.dat,50000,0.053444088404356195,0.2067903896004828,0.1997648483736486,0.04149567993297763,0.8228123655145425,0.10734041700429235,0.0690396820141915,0.0008072764360869512,2.590308866008577e-07,0.04253631068816443,0.28525039827881127,0.4199558443274685,0.1798510174537093,0.06510615123689507,0.007183197642580105,0.00011708037237137025
LIV,preprocess_Reading185.dat,50000,0.064893001752066,0.22387950150071637,0.2142683586435842,0.046346265406925075,0.8286574222253003,0.10400152380994146,0.06661583078916662,0.0007248911491301133,3.3202646144354967e-07,0.037492721699404215,0.25563985312003995,0.4576501355396227,0.17787155677561697,0.06385848689005523,0.007375585527479898,0.00011166044778118457
LIV,preprocess_Reading186.dat,50000,0.06194459423098119,0.21431711662971203,0.205169914280902,0.04066953949693996,0.8297147393118882,0.1057380494312747,0.06366122296214562,0.0008857335716506396,2.5472304105291416e-07,0.04317356654180845,0.27287471900603594,0.4447038622872833,0.1757882041955514,0.05637019622874269,0.0069737067736080635,0.00011574496697010508
LIV,preprocess_Reading187.dat,50000,0.08726889127315421,0.23411859944852287,0.217245619573082,0.044704979584495576,0.815215449400489,0.12002787929534962,0.0639694058531066,0.0007870282094440315,2.3724161070466925e-07,0.03998680075015448,0.27000613906564847,0.4297483500745678,0.191725180257211,0.061373659917605704,0.007048767828620351,0.00011110210619230989
LIV,preprocess_Reading188.dat,50000,0.0479166722745546,0.19222027926984636,0.1861521643191684,0.034976409491264786,0.8075632882116653,0.11931142976680087,0.07221395908053285,0.0009109410049264685,3.8193607449517217e-07,0.03672615314955484,0.2980317602856326,0.4097453206153176,0.17715756751807535,0.07031720252187998,0.007899511488406953,0.0001224844211326981
LIV,preprocess_Reading189.dat,50000,0.082447801752772,0.2166301265827899,0.20032716173652335,0.04037181174352645,0.8157071554641507,0.11018034835879163,0.07326126184926333,0.000850926409010379,3.079187840065721e-07,0.03898482671256066,0.28081778599832996,0.42543793742944114,0.17480541244666492,0.07161902983873986,0.008191774141344123,0.00014323343291930608
LIV,preprocess_Reading190.dat,50000,0.14205330857363999,0.2579500848443752,0.2153116434252978,0.04753052312205036,0.8091781644001654,0.11698361856546333,0.07299515032196432,0.0008427827853720704,2.8392703478957634e-07,0.046130055972085054,0.31487024289505744,0.4018575805075096,0.1591770453543652,0.06971612430685517,0.008120576163466826,0.00012837480066074696
LIV,preprocess_Reading191.dat,50000,0.142153857506144,0.26662166009102933,0.22556460366338352,0.051977185982592614,0.7952807251623919,0.12177186426652513,0.08204699064529622,0.0009001213008718895,2.9862491479577474e-07,0.04157903846709522,0.26255681497692057,0.4222204814282625,0.18531937052133027,0.07945420846146363,0.008733294051889282,0.0001367920930386736
LIV,preprocess_Reading192.dat,50000,0.114534353650466,0.23245045711544846,0.2022748052700853,0.03989674390341029,0.818077684571893,0.11080657533816841,0.07031699052907904,0.000798325526286512,4.2403457314114966e-07,0.05214290686456378,0.32051316857818984,0.39084994093377556,0.16168372241190213,0.06726020441569559,0.00743164871273709,0.00011840808313598836
LIV,preprocess_Reading193.dat,50000,0.10831477812139921,0.23791105675561183,0.21182440786435358,0.047049878847207745,0.8088455773342424,0.1235472569527549,0.0666946892271762,0.0009121816060445462,2.9487978216066596e-07,0.03907038594737232,0.26256598712124174,0.43170278860258215,0.19240661284981778,0.06676322084870714,0.007375744893191829,0.00011525973708697696
LIV,preprocess_Reading194.dat,50000,0.12106923422140821,0.22704103357279243,0.1920673617532236,0.037638521899101024,0.8350867646885627,0.10286544520490436,0.06131771761248186,0.0007298281284555095,2.443655953978718e-07,0.03566099333565692,0.25106203204515415,0.46453216490283283,0.1818813661517654,0.06009361731082189,0.006668640380475704,0.00010118587329313063
LIV,preprocess_Reading195.dat,50000,0.009258451720578001,0.21049059271301426,0.21028687712839758,0.04589368901656543,0.8070332536955361,0.12726903583993796,0.06474377358755265,0.000953694351580545,2.425253926672435e-07,0.03583016265698638,0.29852866243618725,0.42075508813397094,0.17440683131072965,0.06256564717647202,0.007786926943630321,0.0001266813420232521
LIV,preprocess_Reading196.dat,50000,0.0488183010681,0.20442134044680013,0.19850656893637275,0.03951305577667997,0.7979442188920355,0.11992415235349431,0.08128111203266268,0.000850229902743908,2.8681906348580215e-07,0.03291160580778034,0.2790150070189939,0.41187484209878883,0.19658211320900304,0.07066453836595721,0.008814441852675279,0.000137451646801393
LIV,preprocess_Reading197.dat,50000,0.091993355413346,0.20677735653964135,0.18518665647750046,0.03354058679472948,0.8183184669837428,0.11354389218288542,0.06743930193875541,0.000698086979299885,2.5191531653469823e-07,0.03061658852485709,0.25842127234486884,0.4528192538636349,0.188226177968841,0.062088700487970674,0.007708818474137846,0.00011918833568972404
LIV,preprocess_Reading198.dat,50000,0.049267711427626,0.2204580777123066,0.2148824251521971,0.04769295337325791,0.8235018537881822,0.10392676423017065,0.07180670370651988,0.0007644859990029079,1.9227612440295403e-07,0.04344703193103559,0.31150415623454936,0.4011766689251974,0.17076674874951608,0.06421736486901103,0.008750821056427709,0.00013720823426287824
LIV,preprocess_Reading199.dat,50000,0.012630595256324,0.19245271076630108,0.1920377930116061,0.037294641363864664,0.8175608535212844,0.10781609680357329,0.07392671873091082,0.0006960797153483116,2.5122888334590213e-07,0.03406374493643996,0.2965412377036121,0.39594439948127974,0.2008297618069584,0.06423547314198126,0.008260643113184741,0.0001247398165438938
LIV,preprocess_Reading200.dat,50000,0.033230526621956,0.20037578782988053,0.19760108412878907,0.039253543571062546,0.7948569332404035,0.1254041005036709,0.07894780517033857,0.0007909096115890095,2.5147399823513255e-07,0.04056224941529109,0.2748030405749266,0.40721466525239153,0.19761461134450115,0.07148214341885119,0.008190686103123457,0.00013260389091496657
LIV,preprocess_Reading201.dat,50000,0.061284112675506,0.21797231407165493,0.2091797964319883,0.04152794274325135,0.7961143729830716,0.11213580560274453,0.09090289903090361,0.0008466414573066045,2.809259736533398e-07,0.03208500063327722,0.29268014965712524,0.40364575014378123,0.18000832399629774,0.08214823888788571,0.009293405425534357,0.0001391312560984097
LIV,preprocess_Reading202.dat,50000,-0.025122953982302597,0.16638797525276897,0.16448038026439252,0.025859251131373936,0.79782200421193,0.12562422479481355,0.07543767236644015,0.001115529898541955,5.687282744166553e-07,0.04087369563026536,0.3128924081328255,0.3891326869306834,0.1789560551354812,0.06953250836559412,0.008477548811601437,0.000135096993548993
LIV,preprocess_Reading203.dat,50000,0.11276505149774799,0.23744094739213445,0.20895513073189806,0.043988491645621075,0.8032730406391011,0.11441211853078578,0.08156647259097785,0.0007481598077464174,2.0843138876487856e-07,0.030107451197820285,0.26082565959200993,0.42500192572704437,0.20193742453444918,0.07398712069704376,0.008019412040740644,0.00012100621089167146
LIV,preprocess_Reading204.dat,50000,0.039448980525766,0.19518533168123053,0.19115724322920571,0.0367744574729484,0.7918921714765512,0.1074714173666722,0.09986931142647762,0.0007668839257738147,2.1580452513933434e-07,0.025236713126190868,0.24360997524719136,0.43563439377970664,0.19710790273618767,0.08874529929316322,0.009529312102790408,0.00013640371476979189
LIV,preprocess_Reading205.dat,50000,0.039802960364418,0.19231847754112416,0.18815451403026304,0.03528529206895304,0.7703339303998861,0.12975981682264925,0.09911660008071183,0.0007893655359938422,2.8716075891827867e-07,0.028116457021318663,0.23555111884828764,0.42506089804418185,0.20548221593162447,0.09703067709267513,0.008632585571091858,0.00012604749082027915
LIV,preprocess_Reading206.dat,50000,0.054840248636880994,0.1866269311532775,0.17838766370221693,0.031018967640611187,0.7975311130623918,0.12371368743535882,0.07798352904927602,0.0007712975378155343,3.7291515764783233e-07,0.03280093490833786,0.23961597471366738,0.43068845513727394,0.21202686922437736,0.07715584352018735,0.007598389840962791,0.00011353265519323671
LIV,preprocess_Reading207.dat,50000,0.06236431123541201,0.20093490034755374,0.19101185005599525,0.03750013908806382,0.7823244453643068,0.12070897586887891,0.09621797798212696,0.0007483961702017238,2.0461448584653253e-07,0.03275387915741545,0.21681446615472302,0.4499663791145991,0.2057813407559007,0.08641067944560778,0.008155250478096378,0.00011800489365758117
LIV,preprocess_Reading208.dat,50000,0.041183254497024,0.19017030320704467,0.18565743661618478,0.0319748132711623,0.7896637715430321,0.12780351159824105,0.08186946720875328,0.0006630189069853868,2.3074298795168627e-07,0.03013350137139327,0.21002386295311704,0.4734359540907214,0.20664549868500587,0.07243106108189816,0.007223535567116561,0.00010658625074758665
LIV,preprocess_Reading209.dat,50000,0.026338588727941998,0.17151086828844694,0.1694764192590737,0.027562434007947022,0.8276048038122364,0.10999926913966178,0.061455971056783756,0.0009393906700201683,5.653212978237406e-07,0.03811700448430378,0.2655115144642852,0.4156063707792626,0.21317497072679556,0.06015940984100721,0.007316964566278651,0.00011376513806684549
LIV,preprocess_Reading210.dat,50000,0.011318729402409999,0.17729097928260248,0.17692930141641097,0.03163566452601947,0.7998840921060881,0.12600413348925568,0.07343188413368708,0.00067963861138265,2.516595863474922e-07,0.030520391177635758,0.20166513917036025,0.46761637934096534,0.21846313378723145,0.07370581030048919,0.007912429470554861,0.0001167167527631457
LIV,preprocess_Reading211.dat,50000,0.02995993518969,0.1723462445745943,0.1697222151116213,0.029871967461606048,0.7945656011858955,0.12130644628629482,0.08332162127745928,0.0008060490799660417,2.8217038439961395e-07,0.02704813658175367,0.22492355817131107,0.44229225066380035,0.2172960998730929,0.07961976769935328,0.00869590928105046,0.00012427772963835313
LIV,preprocess_Reading212.dat,50000,0.0460367182074998,0.1829740431349364,0.1770878907148335,0.03273562948435482,0.8054967137253235,0.11801057897224489,0.07576235819828245,0.0007300786224830824,2.7048166609164026e-07,0.02704883820202644,0.21804508499194764,0.4581550341472487,0.21502165419672692,0.0732393759298389,0.008366937845693513,0.00012307468651796371
LIV,preprocess_Reading213.dat,50000,0.05092598961856,0.18127386916546054,0.17397344401829498,0.029362923014441066,0.8008349798381976,0.12414920223297246,0.07429546519037664,0.0007200297680277199,3.229704255633791e-07,0.030694481809966416,0.23870574091626848,0.4376554616146533,0.21401284271189452,0.07046474530498383,0.00833831794603227,0.00012840969620121287
LIV,preprocess_Reading214.dat,50000,0.07407023044406981,0.20934811208510745,0.19580662142931,0.038899785326304316,0.7835885205204504,0.13635433441900097,0.07929232224596208,0.0007646213108970233,2.015036895800091e-07,0.027090231867551197,0.21788095288277418,0.44901621967439614,0.22221644915153088,0.07601255692544016,0.007664050872286503,0.00011953862602105012
LIV,preprocess_Reading215.dat,50000,0.09112370989158601,0.20852003641374814,0.1875555253293939,0.03506660053988985,0.7800481474889626,0.13317937796690257,0.0860033126863827,0.0007689197321647038,2.421255871979345e-07,0.02793903742422633,0.22166348563734437,0.43114893181783936,0.2268127797804716,0.08446115358748497,0.007861049635403534,0.00011356211722987226
LIV,preprocess_Reading216.dat,50000,0.0733535493654718,0.20561250183323662,0.19208268455436067,0.037392742525802866,0.7126488014511319,0.1622791827902487,0.12411662872365598,0.0009551463436499032,2.4069131361869565e-07,0.024346168650563847,0.1971859976609274,0.40323117153567073,0.25189257527742637,0.11248704383437987,0.010702529099321434,0.00015451394171029175
LIV,preprocess_Reading217.dat,50000,0.030890549624250998,0.17661937597477878,0.1738970325038123,0.02908220579242863,0.7399705322721861,0.1576253307290098,0.10163353773612761,0.0007703717471075385,2.2751556895473978e-07,0.031681752316551966,0.18356118807302502,0.43659642948645677,0.24572106910283203,0.09400803207704526,0.008311999989243148,0.00011952895484585097
LIV,preprocess_Reading218.dat,50000,0.04347662187641999,0.19901218993756212,0.1942051366312413,0.03816309103387325,0.7589754088038516,0.15305416353410461,0.08730265012890809,0.0006675975110805521,1.8002205497506622e-07,0.025254641654155117,0.20025682980884232,0.4526080990010164,0.2272862429956762,0.08594887373628728,0.008512651855197362,0.0001326609488252331
LIV,preprocess_Reading219.dat,50000,0.070245501854454,0.17738887746448137,0.16288764016132312,0.026313560426218536,0.736065431803199,0.1650693136393986,0.0980916686774623,0.0007733478951388167,2.37984801112167e-07,0.025438215291991754,0.18925584315648367,0.4390826092982834,0.23268677856498982,0.10377776764155194,0.009618621578055144,0.00014016446864410822
LIV,preprocess_Reading220.dat,50000,-0.04290232650432999,0.17049725456764128,0.16501122445342603,0.02462212401241875,0.7814510661455639,0.13610203823666173,0.08179215428616819,0.0006545177743547409,2.235572516102436e-07,0.03344047915514463,0.2116469776250958,0.452783009777902,0.21793938630527493,0.07640027407299117,0.0076782590622726105,0.0001116140013190097
LIV,preprocess_Reading221.dat,50000,0.0639097042171762,0.1955629017844668,0.1848253182365286,0.03490126943609989,0.7568951014550074,0.1502823794483893,0.09196058900051562,0.0008616340916362453,2.960044515188641e-07,0.038162303511042474,0.23173988085319244,0.4069757105065365,0.22472788548814823,0.08910959301424598,0.009143188609391669,0.00014143801744245487
LIV,preprocess_Reading222.dat,50000,0.07336893931792,0.19576221679734204,0.18149337252024633,0.03219489674016032,0.7554499108051164,0.14328516313175332,0.10045495328297636,0.0008097310221579464,2.417579960101322e-07,0.03306111799252947,0.21863797398191193,0.4183180593835958,0.21924031549338002,0.10002619675117065,0.010554698066380739,0.00016163833103146458
LIV,preprocess_Reading223.dat,50000,-0.011519552048440001,0.17967348730508825,0.17930382584031773,0.03202544869887618,0.7681041666556584,0.14157862982324124,0.08960367346760473,0.0007133606645261999,1.6938896938864193e-07,0.03109131586605726,0.2192291230830185,0.4133879405971998,0.23128977880728682,0.09603430504752526,0.008840610480183763,0.00012692611872869246
LIV,preprocess_Reading224.dat,50000,0.018799477496128,0.17594031387850256,0.17493305489111707,0.03186682113307983,0.7384237923573811,0.1593132249299625,0.1015258041445526,0.0007369302329137462,2.483351900931879e-07,0.030972011159005768,0.23841750263602468,0.4120827987558111,0.21090795146101238,0.09805879859790169,0.009418326164768565,0.0001426112254755621
LIV,preprocess_Reading225.dat,50000,0.0133052513945316,0.20278784545268475,0.20235088472420937,0.04229984182300339,0.7397254051575386,0.1535102790377614,0.10595596756264401,0.0008081230318698309,2.2521018616821058e-07,0.03890619658907033,0.2239899014697362,0.4085266935465555,0.21932336441496628,0.09862684243783527,0.010474712173294673,0.0001522893685417265
LOV,preprocess_Reading1.dat,50000,-0.0341231530605032,0.2042111482209322,0.20134001957614142,0.04133805572399906,0.7012832549748199,0.1450851451416046,0.15145701603305872,0.002174105797565045,4.780529515402979e-07,0.050235354034150255,0.2896223175921625,0.3305909268063158,0.16878093079198894,0.13892897073011024,0.0215069001270067,0.00033459991826555326
LOV,preprocess_Reading2.dat,50000,-0.04648089865036151,0.2084809990528938,0.20323349386050402,0.04219080981759758,0.7325840070328563,0.13905614742165873,0.1264218785194864,0.0019374852281863722,4.817978120674182e-07,0.04555633097386574,0.2698079483549308,0.3714325429693652,0.17413525380257058,0.12058710508652458,0.01819480459251199,0.0002860142202310916
LOV,preprocess_Reading3.dat,50000,-0.0296363439861604,0.19777044728553805,0.19553730317935694,0.0392500428324636,0.8050610097109979,0.11419390976521446,0.07895288986878253,0.0017918214989124783,3.6915609282734707e-07,0.058106014571454194,0.3131384047589968,0.37951357132827085,0.15585475192000287,0.08245697021652947,0.010752854478472145,0.00017743272627347226
LOV,preprocess_Reading4.dat,50000,-0.0588503586075544,0.2018112526427381,0.19303993624375584,0.03676573302807955,0.8011739379224487,0.11848112672870026,0.07879533331485469,0.0015492667159132038,3.353180828222609e-07,0.049723722291140936,0.2831355261906665,0.4161041574427982,0.16174864129685557,0.0797576998247924,0.00937453004965605,0.00015572290409020866
LOV,preprocess_Reading5.dat,50000,0.060348131261266,0.2178772963095787,0.20935285835269835,0.043511209805115914,0.8205622755017269,0.11263038932532572,0.06509441945356102,0.0017125522579105991,3.6346147579493063e-07,0.05457788470905738,0.2927831492876777,0.42357770777326925,0.15422378434174283,0.0661381813220933,0.008552044276458821,0.00014724828970068602
LOV,preprocess_Reading6.dat,50000,-0.0002876578271680001,0.20375226835268437,0.20375206529465847,0.04120791468075798,0.8344412824518845,0.107905876115965,0.05609718179645821,0.0015552810257068608,3.786099855659657e-07,0.04197773298911087,0.2595940237945355,0.46707278745823233,0.16488758886969085,0.058749306690012056,0.007583776844935358,0.0001347833534830537
LOV,preprocess_Reading7.dat,50000,-0.019638166533072,0.21713473587941992,0.21624485182460362,0.04802477217420636,0.8416757954901044,0.09578459844787247,0.061005734110567277,0.0015334467469384882,4.2520451735524805e-07,0.047551491625197166,0.2964190021195548,0.44546177956477934,0.14438652639962432,0.05857697059210047,0.007468648009160267,0.00013558168958350032
LOV,preprocess_Reading8.dat,50000,-0.023748742754782,0.20396763906472468,0.2025803420946983,0.039405517426036804,0.8406687730547308,0.09892256174423579,0.05877484866278473,0.0016333971644899466,4.1937375860126046e-07,0.03494873729422648,0.2567557099551622,0.4946011284166334,0.14390220473278623,0.06185167047215427,0.007799998939756128,0.00014055018928124305
LOV,preprocess_Reading9.dat,50000,-0.022963845011168004,0.2200802882274684,0.21887895076637368,0.048385983922110465,0.8260895665618655,0.11131312823221062,0.060953700262984106,0.0016431720703653653,4.3287257449002577e-07,0.041949364441240686,0.26425687292513256,0.45952361945149484,0.16340868902432826,0.06299527398455997,0.007725159761418063,0.00014102041182550138
LOV,preprocess_Reading10.dat,50000,-0.026793933963794,0.18684683225774507,0.18491572087710056,0.03484771016333776,0.8293738119768881,0.10713175992142442,0.06188862772325692,0.0016054170635885925,3.833148421058178e-07,0.03547510798705205,0.2617022113867637,0.47341071782956945,0.15659514094622648,0.06449565674090882,0.008180738255751644,0.00014042685372772737
LOV,preprocess_Reading11.dat,50000,-0.0033117240256679997,0.2107247798572808,0.21069875493195794,0.04514763870541397,0.8440237120287907,0.0982784024072148,0.05625800381147041,0.0014394153365400568,4.664159842070826e-07,0.0439279375694145,0.2682779059267539,0.468951858732428,0.1510351372819029,0.06060174782898471,0.00706413188697001,0.0001412807735460466
LOV,preprocess_Reading12.dat,50000,0.018473120066808,0.21220950836613933,0.21140392445741363,0.04570048140962218,0.8687383192706216,0.08619470612953191,0.04379996939738369,0.0012666783989648154,3.268034981163618e-07,0.0466953646338992,0.28764626291561485,0.4623748538173937,0.14781622544679465,0.049319653835566774,0.0060299124543884515,0.00011772689634258465
LOV,preprocess_Reading13.dat,50000,-0.021736094076731997,0.21361551381029276,0.2125067762560122,0.045186590694873435,0.8472207368866487,0.09701868218115087,0.054452123972368524,0.0013081040257581678,3.529340737678886e-07,0.03950729095655126,0.2637961422204571,0.47937864455537826,0.1558526359612702,0.05415532708037723,0.007181016723525407,0.00012894250244063706
LOV,preprocess_Reading14.dat,50000,0.0291985101775122,0.21845219663650553,0.21649205347709233,0.046898070784182046,0.8688787968827211,0.07963363397476984,0.05019275137358642,0.001294363766052476,4.5400287023347854e-07,0.04852346083827184,0.28959024106323694,0.46562997737085443,0.13813942470589802,0.05081775554382653,0.007171745166985656,0.00012739531092660048
LOV,preprocess_Reading15.dat,50000,0.016802233367947998,0.20220819529924877,0.2015089060067275,0.040363565900463486,0.8815629627445182,0.0721461870136868,0.04504045276098048,0.001250091827151313,3.056536630641891e-07,0.05791224880154917,0.28770019152589477,0.4572672257206649,0.14685579663744275,0.04381428795074543,0.006338441246833309,0.00011180811686954602
LOV,preprocess_Reading16.dat,50000,0.0756829397607098,0.24120471753339773,0.22902359788795335,0.05387978368636707,0.8501892651729976,0.093741847913816,0.054889448570682446,0.0011790518350844347,3.865074195152215e-07,0.049363014137681294,0.2961259506619356,0.43521310805340324,0.1565126148403718,0.05589786501395728,0.006770989349744495,0.00011645794290627346
LOV,preprocess_Reading17.dat,50000,0.08384086415056602,0.23961786724655332,0.22447144986005055,0.05114193305882581,0.8169078827197283,0.11509739302993159,0.06685726840980673,0.0011371461618005993,3.096787328234842e-07,0.04738547845354995,0.2876251807851147,0.41509180105043575,0.1793557018918403,0.06353923521201557,0.006875673947766106,0.00012692865927759947
LOV,preprocess_Reading18.dat,50000,0.029248102225274002,0.21426898999900745,0.21226339437457103,0.04563311887806254,0.8214240361421679,0.11003209975563555,0.06725472806010686,0.0012887736057845963,3.624363050489868e-07,0.040705925423063276,0.26173003555983815,0.4488771420986458,0.17888606372972113,0.06245671730174897,0.007220223492503502,0.00012389239447904837
LOV,preprocess_Reading19.dat,50000,0.089204131324124,0.22355873450607477,0.2049905625356106,0.04234286313782639,0.8213383150766823,0.11247993027397245,0.06501518258893473,0.0011663202848647474,2.5177554576487253e-07,0.03155494137151021,0.22994292469295116,0.47092616747260035,0.18955257323907582,0.07073848438508365,0.007166001882182996,0.00011890695659570947
LOV,preprocess_Reading20.dat,50000,0.056105046763996,0.21202730855505317,0.20446956570773447,0.03933570343587593,0.8219842495375921,0.10985991001958177,0.06706432411714358,0.0010912705819626956,2.457437196964651e-07,0.03863552574325686,0.24591782613609464,0.4644749862560704,0.17584059876823685,0.06813514411583722,0.006886352028489378,0.00010956695201449485
LOV,preprocess_Reading21.dat,50000,0.10378177027654122,0.2439919150863591,0.2208198333161591,0.04937957710219946,0.804676947230941,0.11395114338167052,0.08022237242772569,0.0011492855648920493,2.513947710112625e-07,0.033118355016224926,0.2319879374566562,0.4585439898497962,0.18594812401538452,0.08233135623396724,0.007942787490852168,0.0001274499371186262
LOV,preprocess_Reading22.dat,50000,0.060857529537239996,0.21932438369377794,0.21071199866471646,0.045100596584601055,0.767459569300406,0.13824943985476593,0.09307103437569236,0.0012196990790446754,2.573900910133029e-07,0.03262429369845423,0.22243064023398634,0.45110742025221384,0.1951949820128079,0.08971651644534229,0.008788510747443573,0.00013763660975190845
LOV,preprocess_Reading23.dat,50000,0.04308599352736,0.22355299733143272,0.21936166433000062,0.04950820350031081,0.7391866154695443,0.1574470982599334,0.10201567097996843,0.0013502722419956917,3.430485582555765e-07,0.030998604288627527,0.21564340524597464,0.4445825865677095,0.20182821273528592,0.0971956313890049,0.00959897235790837,0.0001525874154891461
LOV,preprocess_Reading24.dat,50000,0.07215198659205,0.22168740943988058,0.20961726630930447,0.04407410420132654,0.7888387070030491,0.1249612958082697,0.08505200804058477,0.0011476117718953766,3.773762009192043e-07,0.03608534695354174,0.25566591557555024,0.4232468380303461,0.189583446069051,0.0870397318288198,0.008241419526442782,0.00013730201624839484
LOV,preprocess_Reading25.dat,50000,0.11912173098748001,0.2513276888401911,0.22130436142177215,0.04757941100319407,0.7581770103507457,0.14420887377344613,0.09634750696966703,0.00126629836867145,3.1053746964616613e-07,0.03462088256771179,0.24781252629424377,0.4099576993610488,0.19939329501894362,0.09854536136003358,0.009526371457658974,0.00014386394035938383
LOV,preprocess_Reading26.dat,50000,0.0478836587081534,0.22464411336551282,0.21948150924052454,0.04877016875223239,0.7313320328525378,0.17243861454718296,0.09489134592199215,0.0013376265148905859,3.801633965684743e-07,0.04104815105908535,0.25381600402367677,0.3893573294289209,0.2149128439437262,0.09119926369482406,0.009462749098807658,0.00020365875095920482
LOV,preprocess_Reading27.dat,50000,0.048861453127221996,0.22822969840396154,0.22293800400976846,0.04943446023704468,0.7049052842036028,0.1880784930743461,0.10545668662998646,0.0015591163724726809,4.1971959195428426e-07,0.03985395238018129,0.2432080199157442,0.3784665419375693,0.21824760308588953,0.11008766887330416,0.009973720332239014,0.00016249347507259941
LOV,preprocess_Reading28.dat,50000,0.043425747867563994,0.22858652955743905,0.22442371959589458,0.05108187605587005,0.7159829786292842,0.17878107832856818,0.1035440444972808,0.0016914324081429663,4.6613672377971536e-07,0.04984686859080767,0.2746197425994425,0.35028333608047757,0.21442166112989977,0.10085563682604115,0.009807372704854244,0.00016538206847722947
LOV,preprocess_Reading29.dat,50000,0.066131441250004,0.23956488646924123,0.23025630785543683,0.053687467455116794,0.7059623868191666,0.18417326642384887,0.10810122418425153,0.0017626069646397592,5.156080932509942e-07,0.058653336394406126,0.31200296532669836,0.314290771591203,0.20094105826523537,0.10365447362475248,0.010287633666112003,0.00016976113159270973
LOV,preprocess_Reading30.dat,50000,0.0730355882731374,0.2425786676220267,0.23132274603003153,0.05358379413083037,0.7116069672655666,0.18855168867672806,0.09814252988267633,0.001698369918777792,4.442562512775806e-07,0.05410128973226037,0.303560152153188,0.31740226083319817,0.2129801070107164,0.10184077843644447,0.009950345458454374,0.0001650663757383246
LOV,preprocess_Reading31.dat,50000,0.081855229564996,0.24234115218990215,0.2280985651809128,0.05376889992111361,0.7346811645395477,0.17730486851921945,0.08647346496882241,0.001539918820568285,5.831518421492268e-07,0.0617411444222064,0.3511975684085251,0.28896038740310365,0.1988952561934354,0.08874133064692684,0.010275191510117057,0.00018912141568549107
LOV,preprocess_Reading32.dat,50000,0.12483025450179,0.25795209617343895,0.22573588877555428,0.048845437850463205,0.676264643889814,0.21323301956025084,0.10884317823580715,0.0016587394735148608,4.1884061341536093e-07,0.05190382115235782,0.29876140415664076,0.2909371113236909,0.24585704231623143,0.10058269215287968,0.011769193498295772,0.00018873539990349686
LOV,preprocess_Reading33.dat,50000,0.08847646262674962,0.23360602255700139,0.21620288928679846,0.04653529116910479,0.6796619078037804,0.22457616222414473,0.09405756548706487,0.0017036978522269586,6.666327830768477e-07,0.0463827061351559,0.29691036562849354,0.30219167294717403,0.23870543731362198,0.1044412487373142,0.011161719407485943,0.0002068498307544053
LOV,preprocess_Reading34.dat,50000,0.026289636770324,0.23636239584911883,0.2348958006649331,0.05591067143259722,0.7124808921792533,0.19535421740781223,0.09049102375618734,0.0016732749896601444,5.916670870860049e-07,0.05676519163870144,0.3126245759733173,0.3043801523247705,0.22032317606340557,0.09395318998020165,0.011753384577850155,0.0002003294417534688
LOV,preprocess_Reading35.dat,50000,-0.006299074594326001,0.22825327712543114,0.22816634321861318,0.05124666250455111,0.693656505674475,0.2077972800564432,0.09667813796419622,0.0018674518914333113,6.24413452242688e-07,0.061103588251123435,0.28791634568584773,0.3139224335052054,0.2352635053527345,0.08970546723153254,0.011880726667481542,0.00020793330607500393
LOV,preprocess_Reading36.dat,50000,0.07304042846407201,0.22366225041291346,0.2113998535230183,0.043698081835910736,0.6597373984542463,0.24906293810863228,0.08936417794456016,0.0018349001039313917,5.853886297986346e-07,0.04366220364694311,0.2828942190816211,0.30600316129453725,0.26004343118517764,0.09593126236438491,0.011274982522179776,0.00019073990515604343
LOV,preprocess_Reading37.dat,50000,0.05639603443129999,0.21788807291932463,0.21046305999134515,0.04557355802647744,0.641929240471633,0.25812671421790356,0.09788435098132765,0.0020591902200696394,5.041090659037346e-07,0.039232800715042364,0.28346763170839784,0.28953978839982975,0.2687688007765875,0.10626130668233535,0.01252320250222168,0.0002064692155854657
LOV,preprocess_Reading38.dat,50000,0.062992018526914,0.2359594742910085,0.22739586431945946,0.05207603960411423,0.6838506499928165,0.22544715883248645,0.08878597360368891,0.0019155728854082987,6.446855998464626e-07,0.04299899381515348,0.31555655915755976,0.3069685081898928,0.23064291878756335,0.09244630784679962,0.011188633699736909,0.0001980785032941742
LOV,preprocess_Reading39.dat,50000,0.060065535484935796,0.23544805276882919,0.22765745540074303,0.05305079840141339,0.6663969340621292,0.23100724328440475,0.10049011130643282,0.002104961117219533,7.502298136152517e-07,0.047983961972433,0.3041375437587112,0.29383611707153395,0.2414879698315745,0.10002270121093786,0.012309508364248222,0.00022219779056130526
LOV,preprocess_Reading40.dat,50000,-0.0261714468719998,0.2474471234690476,0.2460592088943882,0.06087734369800089,0.6211484777763773,0.2693892281933171,0.10712025790070037,0.0023414351444853592,6.009851198983177e-07,0.037997914310592365,0.25734533983516006,0.3182606891761454,0.2657351439496309,0.10733964794244334,0.013071594307955176,0.00024967047807286045
LOV,preprocess_Reading41.dat,50000,-0.02394307395491,0.2195127275557253,0.21820304023671117,0.04717896809788861,0.6544108760706977,0.2527084676980349,0.09063781853334443,0.0022421487762745566,6.889216484546994e-07,0.04898240774956189,0.2908949534896682,0.30779887831057007,0.24322570905126073,0.09587842259560252,0.012993538412884408,0.00022609039045215395
LOV,preprocess_Reading42.dat,50000,0.018376781399544,0.24767443283547638,0.24699173788968787,0.06125189583203314,0.646526532556692,0.25358326399902337,0.09798237529295133,0.0019072760781736683,5.52073159579791e-07,0.050800761727989655,0.3103955773049869,0.2914464520099802,0.2375467032064803,0.09615593477359204,0.013423984608293717,0.00023058636867716634
LOV,preprocess_Reading43.dat,50000,0.07299762030945399,0.2580376190324139,0.24749699041619466,0.0622825105249038,0.6450988663705477,0.2564308179214367,0.09612984420464626,0.002339946601163161,5.249022063528893e-07,0.04444509327973679,0.280787390837012,0.3086752858583912,0.2554385518237827,0.09749608136305356,0.01292880510269573,0.00022879173532792493
LOV,preprocess_Reading44.dat,50000,-0.030208552785762,0.232957492718002,0.23099055554729458,0.05466823496195237,0.6962524907461316,0.21429322435933226,0.0873326882399015,0.0021208748303827543,7.218242518270321e-07,0.055991217877667906,0.3449253686132304,0.28469974462876013,0.21277248039014438,0.0891647955091695,0.012217763178253497,0.0002286298027742111
LOV,preprocess_Reading45.dat,50000,-0.016231702164286,0.22096803894454917,0.22037106452492738,0.04713225698674697,0.6906643677604992,0.21701957585699447,0.0903292195834473,0.001986246981799944,5.89817259128791e-07,0.0558225343740681,0.3607044881227165,0.2728682212899245,0.2099148509038219,0.08876384770347938,0.011719874338219204,0.00020618326777050466
LOV,preprocess_Reading46.dat,50000,0.01385288831284,0.2548360431670323,0.25445924306737516,0.06378568716235675,0.6687135415155153,0.22007052908077426,0.10852319326636863,0.0026920576103120837,6.785270297865299e-07,0.055290355343852626,0.32888233689572116,0.2721575708051003,0.2273293001047613,0.10160073157637384,0.014488315986449984,0.00025138928774095105
LOV,preprocess_Reading47.dat,50000,0.0714062398184952,0.2537317254863401,0.2434767698020881,0.05936664930838384,0.6810582751088815,0.22397368814724503,0.09270629452436432,0.0022608440124207477,8.982070884645787e-07,0.05057661527959929,0.33153454490742745,0.2771770815045314,0.2352908113392312,0.09071471633381775,0.014442610187421438,0.00026362044797133613
LOV,preprocess_Reading48.dat,50000,0.00029436130335600024,0.260205822475798,0.26020565597567163,0.06693759653451546,0.7001586538583918,0.21061709619991112,0.08695234832720061,0.0022710956301397523,8.059843566623842e-07,0.060920547333503945,0.3422093973290454,0.28366466264124246,0.21432415597948598,0.08576015270687254,0.012884049092576299,0.0002370349172734529
LOV,preprocess_Reading49.dat,50000,0.012628424144142,0.263833322330446,0.2635309182535451,0.0678061335560778,0.6853810826813127,0.2207555475391905,0.09098082850458049,0.0028820233850515406,5.178898648183178e-07,0.055885850245480664,0.32778870371959146,0.2899766975737098,0.22265427263540344,0.08937619053056364,0.014067408418871094,0.00025087687637969416
LOV,preprocess_Reading50.dat,50000,0.009711786634374,0.2458179049657275,0.24562598315753942,0.059945478381288386,0.6843639712189216,0.20810450005049044,0.10518701810552814,0.0023439071968335136,6.03428226451054e-07,0.05831045025076864,0.3393810040088565,0.27575775256228896,0.21550749245881484,0.0955914461369687,0.015174558718386312,0.0002772958639161546
LOV,preprocess_Reading51.dat,50000,0.006378859771351399,0.23005861401612085,0.2299701633495874,0.0529364085423444,0.7124835076045292,0.2056414000133748,0.07942265978576049,0.002451824290093667,6.083062420063259e-07,0.06082676337457576,0.3589045036181387,0.27852903285547925,0.21131536686202965,0.07801126441021576,0.012192083176333595,0.000220985703227104
LOV,preprocess_Reading52.dat,50000,0.0268098635366,0.25610107592463977,0.25469391886518805,0.06437641177230118,0.6417500341744825,0.22570191359730787,0.1297678444455617,0.0027796266180640664,5.811645838322874e-07,0.053356611771491175,0.30576698802058483,0.2769129404398105,0.2296429559794883,0.11503638068195937,0.018949593829116453,0.0003345292775492957
LOV,preprocess_Reading53.dat,50000,0.025910247343869996,0.2419611626764081,0.2405698720253613,0.0583469556470155,0.6557757424919015,0.2282543903094147,0.11335284112873621,0.002616265412457602,7.606574900217458e-07,0.04675458078369817,0.2973636531646254,0.2984479141581638,0.2391666629913471,0.10376478058498961,0.014248381157974143,0.0002540271592019294
LOV,preprocess_Reading54.dat,50000,-0.040830518956834,0.24574786087056397,0.24233216840562807,0.05874965336264019,0.6557138487837472,0.22644913199559052,0.11525446787953793,0.002581856755571688,6.945855526138707e-07,0.04297902533717874,0.2947586885637928,0.30179178338865087,0.23803149279387817,0.10739227839431066,0.014789547106705584,0.000257184415483028
LOV,preprocess_Reading55.dat,50000,-0.010779337328479998,0.257746389554105,0.25752088694887504,0.06645743271284048,0.6650217804790615,0.2217552985557202,0.11034414715140561,0.002878093611200243,6.802026123844169e-07,0.052289763071552725,0.2946882754885548,0.300652731490263,0.23078520663811636,0.10484739578824875,0.01644733418733061,0.0002892933359337696
LOV,preprocess_Reading56.dat,50000,0.031985667744124,0.25425849791566796,0.25223857916919495,0.06422186233274003,0.646763996887718,0.22196892693238068,0.1283638957362816,0.0029022893070053705,8.911366142048449e-07,0.0441892485499124,0.281691099487268,0.31330220362682876,0.22722423982218218,0.11590155542455581,0.017382707572980063,0.00030894551627280286
LOV,preprocess_Reading57.dat,50000,0.045237319036096,0.2523073536583588,0.24821882619275804,0.06103685837417037,0.6146869750647402,0.2352092798148628,0.1467696273392625,0.003333528075025494,5.897061088791256e-07,0.04669548443226159,0.28728957703705205,0.28078120685667834,0.2243432851307208,0.13813514835320026,0.022381866154240024,0.00037343203584705583
LOV,preprocess_Reading58.dat,50000,-0.005928681974318001,0.2515544024128867,0.2514845285566329,0.06351945046372467,0.6876661488119621,0.19036784696615303,0.11875153428800955,0.0032137512038324873,7.18730042779318e-07,0.048503110108977704,0.3297502321364999,0.2927513257343756,0.1972177054318346,0.11209654234044586,0.019351566858587407,0.0003295173892788452
LOV,preprocess_Reading59.dat,50000,0.11646746750261998,0.23678582973774762,0.20616221326450623,0.04258745694587263,0.6451610274941864,0.20330098773546418,0.148725236472968,0.002812129871442554,6.18425938836502e-07,0.045168224293849965,0.2956778495168233,0.29908687918906157,0.2131518854953593,0.12750530103631252,0.019104907425235775,0.0003049530433575916
LOV,preprocess_Reading60.dat,50000,0.044013924137024006,0.24596924706239776,0.24199926649166348,0.05918973669094014,0.638152225053841,0.22433038092763583,0.13416542079731947,0.003351305293376636,6.679278272179047e-07,0.044659338459234574,0.29398375826254486,0.3014509666351292,0.2169771739443674,0.12384915244496013,0.018734854026053363,0.00034475622771039117
LOV,preprocess_Reading61.dat,50000,0.017453088098686,0.2313493720184465,0.23069009872369697,0.053247962680900096,0.6463255757589079,0.202491440959277,0.14854527446770263,0.002637226613241271,4.822008711514083e-07,0.05588169918408913,0.30638517126661396,0.2883183372256935,0.2057106931697266,0.12290616564922038,0.020465422527844477,0.0003325109768118315
LOV,preprocess_Reading62.dat,50000,0.047799614978252004,0.25984797573274454,0.2554137179172956,0.06534608251527349,0.6583392360523349,0.19543913268633784,0.14365007237546032,0.0025709255828870446,6.333029797550969e-07,0.04249671133408062,0.27759730883827866,0.3094612192629578,0.21989822450718352,0.13040175501847198,0.0198160636922275,0.00032871734680004226
LOV,preprocess_Reading63.dat,50000,0.0204640718210356,0.22739881295301642,0.226476139796104,0.049912901060570065,0.6371862176008398,0.2027452442475256,0.15715923731982026,0.0029088546380647874,4.461937493831864e-07,0.03967661369127046,0.2697437839698985,0.30462997290378013,0.22596341870594136,0.1389415019997915,0.02071516568052958,0.0003295430487884867
LOV,preprocess_Reading64.dat,50000,0.02427874972315,0.2630024329717349,0.2618794036592656,0.06708889297271431,0.6705771694145318,0.1853984768166792,0.14118305892986235,0.002840738449903444,5.563890230897606e-07,0.0487103581187425,0.28970314501733907,0.3123598393657761,0.20660194642997046,0.12294515122166909,0.01936648791921262,0.00031307192729010684
LOV,preprocess_Reading65.dat,50000,0.028785007350328,0.247908326924337,0.24623152095185846,0.0607111166846537,0.6241376250139455,0.22638537225504787,0.14656591160172833,0.0029103964724006754,6.94656877536581e-07,0.03351435997411023,0.24703327574851563,0.3309594934473896,0.244924522812869,0.12323075028073513,0.020011387518857997,0.0003262102175223466
LOV,preprocess_Reading66.dat,50000,-0.07571898493422,0.24864995806735424,0.2368405306686936,0.05765499719162504,0.7115877866498539,0.16683508734216745,0.11934780034111017,0.002228715509972937,6.101568956736325e-07,0.044461254850584477,0.2909227716080493,0.33992660639846406,0.18957675748963734,0.11639261999277035,0.01842951061359509,0.0002904790468995123
LOV,preprocess_Reading67.dat,50000,0.01494799631436,0.2607833890792238,0.2603546301217471,0.06938899248203613,0.6667941283862296,0.17367743700027322,0.15718147835827292,0.0023464212409775582,5.350142464927163e-07,0.040034732916090644,0.27763370576237806,0.3206350207180266,0.20695754201483635,0.13286544335127792,0.021531306383492904,0.0003422488538977635
LOV,preprocess_Reading68.dat,50000,0.04833799270524,0.24646908776839527,0.24168253906025794,0.06087793420923538,0.6940306273561062,0.18295680432940095,0.1204270909038847,0.002584893085989553,5.84324618535486e-07,0.040244968325014556,0.29565346297270645,0.32384925084408744,0.21154772228351137,0.10866494591333917,0.01972085457433522,0.00031879508700587475
LOV,preprocess_Reading69.dat,50000,-0.035945153900436,0.23990762710709757,0.23719952667581812,0.05552801650517706,0.6598044839082697,0.20051029184167327,0.1366456750378246,0.0030386585214189506,8.906908134310437e-07,0.040617425204019904,0.2886636983284492,0.3188290427224588,0.21436176277259839,0.1184617613338206,0.018758362542961145,0.0003079470956920685
LOV,preprocess_Reading70.dat,50000,0.023409217852915998,0.26025993150764126,0.259205016286099,0.06632738419815058,0.6689860405150423,0.19377805692028902,0.13445041449679582,0.0027849743927386484,5.136751342217342e-07,0.04067781762813498,0.29770945150745787,0.32175087810257225,0.20349512133818223,0.1154484013870082,0.020580336517082038,0.000337993519562489
LOV,preprocess_Reading71.dat,50000,0.0259323699352536,0.26362960751801634,0.2623510666066454,0.070281664216665,0.6790467265511173,0.1871937836577469,0.1314755041091282,0.0022834779269221457,5.077550854139022e-07,0.05433304151520396,0.3057279886834791,0.3148397023194969,0.19823194472460792,0.10985721577348267,0.016737905594418668,0.000272201389310776
LOV,preprocess_Reading72.dat,50000,0.03596749139806,0.2560205564823234,0.253481488286717,0.0655069659088548,0.6360528241365802,0.20829000756297608,0.15331667979679595,0.0023398560367465485,6.324669011988725e-07,0.03948770960413813,0.27405057940704275,0.3051199683716004,0.22199442198451771,0.13808186077968626,0.020925158829360704,0.00034030102365391004
LOV,preprocess_Reading73.dat,50000,-0.015325751469434,0.2519446839926462,0.25147812058716257,0.06161586808068958,0.6594935398566096,0.20871107358164454,0.12943735027283923,0.0023575224704557194,5.138184508950684e-07,0.042471668995628965,0.29120347785225287,0.3158879916664889,0.21956109176602095,0.11472895282249777,0.015892258857998547,0.0002545580391120519
LOV,preprocess_Reading74.dat,50000,0.043153429097108,0.2456401400232177,0.24181989154696698,0.05810415057798995,0.6570193208373051,0.19453887868280195,0.14593626061958698,0.0025049943602098966,5.455000960513499e-07,0.05572414910051617,0.29864305346694614,0.30391269263258447,0.1971081111681201,0.12691840572760885,0.017416854856414175,0.0002767330478100667
LOV,preprocess_Reading75.dat,50000,-0.034294034507660005,0.1883732956704488,0.18522531608539303,0.0340939922443183,0.7203496645032157,0.14957836827327253,0.12730289915001716,0.002768530338128135,5.377353665835429e-07,0.06305384273461385,0.3499376821943995,0.29836193526108257,0.16839189998937626,0.10446031671652804,0.01553977508514468,0.00025454801885505706
LOV,preprocess_Reading76.dat,50000,0.004858312407874,0.21790627990478537,0.21785211411067412,0.04806996784722335,0.7336753521102248,0.13540191318674097,0.12909456659285082,0.0018277864166574248,3.8169352585739264e-07,0.044952450052065704,0.27303801566851627,0.37104567373328956,0.17066141813093988,0.1225011747546482,0.01754063950525449,0.0002606281552860521
LOV,preprocess_Reading77.dat,50000,0.038508527739562794,0.20499299404187024,0.2013435394979972,0.04188463911479977,0.723426950951481,0.1401294719657959,0.13395351548132461,0.00248970795630818,3.536450901301559e-07,0.04599663461119816,0.2755169628671482,0.36102508623835267,0.17717987342784733,0.1208567537256946,0.019113149180873763,0.00031153994888531586
LOV,preprocess_Reading78.dat,50000,-0.006216895100088,0.19859705625759205,0.19849972536377897,0.03943626315730372,0.7675965837508275,0.1345403185084418,0.09602910733376478,0.0018335049599880425,4.854469778280756e-07,0.05184436623379664,0.31511653785088617,0.3649227975610262,0.15850216925989336,0.09727166129942603,0.012133528258315148,0.00020893953665647035
LOV,preprocess_Reading79.dat,50000,0.0376755540940338,0.19685212048280393,0.193213120574882,0.036698047379569554,0.7762464064923043,0.13169915457249948,0.09048754178445367,0.0015665182827591343,3.7886798352492526e-07,0.043510722790706176,0.2726582042009197,0.4210387259403769,0.16285297376313793,0.08901106402363493,0.010752697582817284,0.00017561169840716283
LOV,preprocess_Reading80.dat,50000,0.026666995873214,0.1779403648654405,0.17593079542690665,0.029900833816346287,0.8012943629002196,0.1153454151893428,0.081699053633267,0.0016607477406396553,4.2053653092999976e-07,0.03815965333530304,0.2690839156941924,0.4380146746671605,0.16778252833116286,0.07652772796913301,0.010259223003240009,0.00017227699980821486
LOV,preprocess_Reading81.dat,50000,0.0064781365314560005,0.19432084612701597,0.19421283424789215,0.037225115446400246,0.8279793516935269,0.10674262324436146,0.06400382661604671,0.0012737971761094219,4.012699556942406e-07,0.035600920635100196,0.2527629914859474,0.480882045404164,0.15783481199401683,0.06432350778950088,0.00844782489269849,0.0001478977985723258
LOV,preprocess_Reading82.dat,50000,0.025009352329071997,0.2036980787850922,0.20215696771770686,0.043245460983055574,0.8528476746487368,0.09035576634765759,0.055390320637191535,0.0014058588504824226,3.795159317060986e-07,0.04574691849629802,0.2770088458628542,0.4668189987719038,0.14209975661586813,0.06025843829860915,0.007927417656017472,0.00013962429844917144
LOV,preprocess_Reading83.dat,50000,0.029035732828972,0.17795719319871456,0.1755724603411628,0.03083919568208709,0.8545145796624868,0.09143586740876744,0.052660432516553037,0.00138858945887847,5.309533142925386e-07,0.04062838977782758,0.28290424820330967,0.4704619704197947,0.14196649291876956,0.05649018475886406,0.007420189408526102,0.0001285245129082377
LOV,preprocess_Reading84.dat,50000,-0.00561460201178,0.2159586484282344,0.21588565046153266,0.04613208034436621,0.8460387217065589,0.09486474231512215,0.05744446394341912,0.001651666217993124,4.0581690668494363e-07,0.04187066944309205,0.2754943108928856,0.46679667915846484,0.1511406453583322,0.05735235268630198,0.007220692532354791,0.00012464992856870254
LOV,preprocess_Reading85.dat,50000,0.055374059685279996,0.21725317616450363,0.21007773815313202,0.04408547458265734,0.8172973476283258,0.11511538965173942,0.06592626015070707,0.001660636107771614,3.6646145623632145e-07,0.03956906384102853,0.25530033882320174,0.46800868667885637,0.16419556904405538,0.06452447538695871,0.008259330182432557,0.00014253604346665052
LOV,preprocess_Reading86.dat,50000,0.031345969881198,0.20361220140219916,0.20118488693750516,0.04092717657221987,0.8286047258790998,0.11150827281660049,0.05858159056666425,0.001305027732626331,3.830050088560479e-07,0.0386098447311645,0.25721833570342245,0.46839430590909703,0.16644099028069906,0.061644591603028785,0.007563131558125969,0.00012880021446223442
LOV,preprocess_Reading87.dat,50000,0.0421552109987372,0.19692404787245324,0.19235908820776887,0.03728298801708319,0.8603643683747059,0.08501001953208735,0.05289409343307087,0.0017311515422418636,3.671178941327645e-07,0.043095858634589077,0.268414884737713,0.48113806119039365,0.1490624814267011,0.05082852900573813,0.007320503938879168,0.00013968106598590154
LOV,preprocess_Reading88.dat,50000,0.0009603483136799997,0.1989154620752335,0.19891314381840147,0.04064067212226749,0.8594680777630322,0.08614328558382357,0.05295733102808357,0.0014309260616847373,3.795633759641123e-07,0.04158637735632558,0.2730446299719508,0.4735512100676699,0.1508685675900914,0.053117984961945586,0.007690758392509301,0.00014047165950730364
LOV,preprocess_Reading89.dat,50000,0.0692613609656,0.2179596315076679,0.20666219984349155,0.042287627331122755,0.8497996764480696,0.0942815149519864,0.05469763723537971,0.0012207563015776796,4.1506298664376234e-07,0.04707566075759432,0.27225707673111976,0.45797823439547225,0.16274414547538324,0.05280783608120103,0.00701254955668734,0.00012449700254194847
LOV,preprocess_Reading90.dat,50000,0.02814400558973,0.2128432819895714,0.21097435303244197,0.04639852215599094,0.862382395865241,0.08675458059365818,0.04969822603520925,0.001164394742907838,4.027629836651305e-07,0.04581466175209777,0.2845546238832102,0.45721207616705195,0.1542480151598463,0.05138291436420174,0.0066711509318654345,0.00011655774172648502
LOV,preprocess_Reading91.dat,50000,0.080647411757286,0.22891841180493433,0.21424199924418244,0.04753501899247006,0.8544151107461182,0.08795190876555656,0.056514929225830964,0.0011177524452889445,2.9881720535822855e-07,0.04746498984119355,0.3027168559433292,0.43381007172600994,0.1513131223868743,0.05812061582629675,0.006467491953426785,0.00010685232286948888
LOV,preprocess_Reading92.dat,50000,0.106337151380526,0.23201952674606618,0.20621704834407753,0.04294641778280391,0.826927921353187,0.10442135842018495,0.06748208182258655,0.0011682912016765666,3.472023649847817e-07,0.04025755063638004,0.2876779452279284,0.4325215704837934,0.17047680911058483,0.06207857454913181,0.0068679287768976735,0.00011962121528392609
LOV,preprocess_Reading93.dat,50000,0.088159527798,0.22470621791653983,0.20669006272385024,0.04143104143529305,0.8287193757122399,0.10544450510796197,0.06458675580244864,0.0012490726242580146,2.9075309171101647e-07,0.03813224746049998,0.2631434626828278,0.44441506234659756,0.1812029659345633,0.0656896561288491,0.007292339753452743,0.00012426569320961954
LOV,preprocess_Reading94.dat,50000,0.06981285521776001,0.22242288010209876,0.21118262911342087,0.04600834720363601,0.8159370714561649,0.11648983442600953,0.06647994539741552,0.0010928995097193664,2.4921069072067353e-07,0.033986638479110674,0.24276837195385176,0.46676782633016983,0.18096084927660194,0.06863498180296886,0.006763031719293918,0.00011830043800312226
LOV,preprocess_Reading95.dat,50000,0.054626142383022,0.21646003303430952,0.2094538862603513,0.04484744878082976,0.7891045364547643,0.13002424090801962,0.07979991742961251,0.0010710289779579318,2.762296454758194e-07,0.030649763199158964,0.2183005557072454,0.45812724529309395,0.20337548539694633,0.08201301555653918,0.007414879078860994,0.000119055768155153
LOV,preprocess_Reading96.dat,50000,0.014595859994582,0.20019114402312432,0.19965834572164987,0.04019140397573922,0.7769040988029392,0.13705049239192232,0.08492685964990705,0.0011182277942722268,3.2136095913285304e-07,0.030352349286966496,0.218207357573655,0.4524876769948472,0.2035466168564674,0.08646679544645733,0.008790686963899693,0.0001485168777070356
LOV,preprocess_Reading97.dat,50000,0.02934674350139,0.20623643992926727,0.20413779121113731,0.042331171556011675,0.7318595440404878,0.16652161983636493,0.10034099402200523,0.0012774873964680876,3.547046739553e-07,0.024378883835871126,0.20906352917523985,0.4464539924830491,0.21628627462322075,0.09456531186449114,0.009097071035778578,0.000154936982349443
LOV,preprocess_Reading98.dat,50000,0.050359577765697994,0.2306617625348462,0.2250972270440984,0.051919440952014735,0.7686906764136956,0.14282166618936307,0.08720753951899445,0.0012797805096334762,3.3736831348773166e-07,0.0341232164224001,0.2321544307357808,0.4449737748539705,0.19689601076418664,0.08306228137837486,0.008644911526900752,0.000145374318386258
LOV,preprocess_Reading99.dat,50000,0.044794243694160005,0.21510874075693734,0.21039307517573738,0.04556166473036297,0.7455237373206467,0.15475476904375637,0.09837282623753685,0.001348356583074493,3.108149855787693e-07,0.03144693585628795,0.2127966766026614,0.4418451681537903,0.20426682285337228,0.09920130492472112,0.010279721183746945,0.000163370425420096
LOV,preprocess_Reading100.dat,50000,0.017780567980330002,0.21436161801648482,0.21362292639354563,0.04609477913456907,0.7733559554822856,0.14002042643901455,0.08533339102768914,0.001289888887307558,3.381637032359076e-07,0.033749387766604626,0.2469599176516138,0.4257712207446133,0.1973980116481769,0.08669666823807319,0.00927340525244939,0.00015138869846873104
LOV,preprocess_Reading101.dat,50000,0.058627525168163996,0.21672026890458868,0.2086396133209931,0.043774552484203776,0.7222134421915307,0.17427790570813376,0.10210840463961322,0.001399851905063083,3.9555565919705735e-07,0.041211559274098704,0.2557515349496292,0.3758999035145789,0.20840486872163183,0.10850481172897626,0.010066731274600336,0.0001605905364847524
LOV,preprocess_Reading102.dat,50000,0.06111191275297,0.23571154757968016,0.22765163689743412,0.05189562686282322,0.7310412294820254,0.17289786477942917,0.09485248452530708,0.0012081467103585149,2.745028797814499e-07,0.039359362077523684,0.2324206927609633,0.3982426921024144,0.22508416127454747,0.09549836396516374,0.009247740830818866,0.00014698698856860425
LOV,preprocess_Reading103.dat,50000,0.0350967124131288,0.22079850078519084,0.21799128130908826,0.04566791421948795,0.7143445023039859,0.1802533087191724,0.10393345582054704,0.0014683967666287464,3.3638966566405606e-07,0.027981811116917322,0.20946141976266416,0.42792482914814844,0.21465136206471033,0.1094422100510986,0.010371949940513676,0.00016641791594725874
LOV,preprocess_Reading104.dat,50000,-0.009986368645934001,0.21833483326213407,0.2181063315377878,0.04857461454747849,0.723676898419061,0.18241258551617942,0.09253449184429857,0.0013757009562131717,3.232642480444005e-07,0.031756495006113085,0.22863073978397433,0.4119209726286948,0.22252935225547635,0.0950366398819506,0.00996441143269711,0.00016138901109347546
LOV,preprocess_Reading105.dat,50000,0.030442559628534,0.21966176022741846,0.2175420406943702,0.04837372978992553,0.7150435568238583,0.18846565223307438,0.09496447236180124,0.0015260032153181105,3.153659478966522e-07,0.04019174770071746,0.2543705847229897,0.37218555107228735,0.22544027069306816,0.0972597288517025,0.010378938796747096,0.0001731781624875523
LOV,preprocess_Reading106.dat,50000,-0.0009421468740636,0.22127949918309914,0.2212774934736718,0.04985223068440442,0.7178323954639725,0.19023873783769193,0.09053450725932746,0.0013940044214930311,3.550175149069639e-07,0.04458302119783379,0.292787297255964,0.34032751611199985,0.21665075163122488,0.0950996446268911,0.010388199336544697,0.00016356983954151147
LOV,preprocess_Reading107.dat,50000,0.054176370780308,0.20243299618731703,0.19504881131257606,0.037575602854500456,0.6944368127818854,0.1944509219399214,0.10947612070279586,0.0016355626490327816,5.819263647388769e-07,0.037455135794317335,0.250890862906485,0.3609457937711118,0.23403407918671318,0.1054947445311368,0.01100163897651336,0.00017774483372249886
LOV,preprocess_Reading108.dat,50000,-0.018685407767613998,0.22317232673258405,0.2223887203879577,0.047828282411533994,0.7102309307010352,0.1827774113273557,0.10519949799695144,0.001791728907195023,4.3106746286231873e-07,0.039171215538274885,0.281763604245337,0.3466752563429597,0.21542759301968414,0.10604427202816813,0.010742523364496116,0.00017553546108006374
LOV,preprocess_Reading109.dat,50000,-0.0056972147220879996,0.2320850258000054,0.23201508775292953,0.05420639509695365,0.7334206183931378,0.1772934379028354,0.0878585774288684,0.0014269626122571783,4.036629012943925e-07,0.04184953129789098,0.311710981993129,0.33696335163950386,0.21179935572451805,0.08782750232517803,0.009692322870880564,0.00015695414889945817
LOV,preprocess_Reading110.dat,50000,-0.026748674011978002,0.24233103869492986,0.2408502454920163,0.057073763013502636,0.7309656123883564,0.16756469245146188,0.09991923725635415,0.0015499872689341769,4.7063489320999645e-07,0.04749578264699518,0.34579864894282597,0.297406661956766,0.19734179662620996,0.10085515003160309,0.010919442802055602,0.0001825169935441141
LOV,preprocess_Reading111.dat,50000,0.016478457684024003,0.21636566842045532,0.21573725432429663,0.04824591023027419,0.6532610459956139,0.2282104288670427,0.11684333484825253,0.0016846299192136232,5.603698771850569e-07,0.03625352068023745,0.25031470390490546,0.3321429687997196,0.25103655705011085,0.11766253107717953,0.01239086581002619,0.00019885267782090868
LOV,preprocess_Reading112.dat,50000,-0.025147848957578604,0.2458639706050476,0.24457448299952825,0.06117594046567146,0.6926846145920422,0.20073492036381818,0.10463921932985189,0.0019408002675600602,4.45446727485689e-07,0.050520707220702156,0.30195513471589736,0.30291838911843577,0.22798140416450202,0.10378537466137686,0.012628309641200628,0.00021068047788514105
LOV,preprocess_Reading113.dat,50000,0.10946695169520398,0.25826638689563847,0.2339198860436784,0.0560010467225389,0.6933204503948706,0.22534644878185123,0.07969101032691586,0.0016416254403646296,4.6505599775331224e-07,0.04241134571282203,0.3075722016400185,0.31844768612289703,0.23415864450380233,0.08660532708385246,0.010625767398211909,0.00017902753839568077
LOV,preprocess_Reading114.dat,50000,0.06780305746911999,0.22423895886302117,0.2137424994469067,0.04581307590774748,0.6223109564122639,0.26549134705412925,0.1102646487127746,0.0019325273659139969,5.204549182911738e-07,0.04004507503395257,0.2779757666069697,0.2993971988595229,0.2605243350040049,0.11066143816740007,0.011206249111078478,0.00018993721707134603
LOV,preprocess_Reading115.dat,50000,0.0334861493463646,0.2116060190739324,0.2089396685894529,0.043166637741700806,0.6453642831508061,0.25918542882719603,0.09354918875710631,0.0019005526484982055,5.466163931690659e-07,0.041025079675556776,0.30241099764333657,0.2814517635213476,0.2623642538389885,0.10149905319012097,0.011054778221926522,0.00019407390872297763
LOV,preprocess_Reading116.dat,50000,0.027870252424466002,0.2144760997640867,0.21265758016071518,0.04607520704955335,0.6496340034766017,0.22395254815009333,0.12437233463825027,0.002040540904561208,5.728304933879002e-07,0.046289425079996664,0.28828398259396576,0.29305701685358215,0.24333813663622317,0.11534851667302946,0.013469043668070089,0.00021387849513262056
LOV,preprocess_Reading117.dat,50000,0.07968912165535999,0.22696058221173673,0.21251058742492746,0.04451033640287582,0.6714283452932563,0.20853877888175212,0.11758528973475936,0.0024470702768717286,5.158133603576195e-07,0.039571277227242456,0.29105800441778595,0.31949760178868175,0.22315794113049714,0.11287274940498387,0.013611857024330858,0.00023056900647784454
LOV,preprocess_Reading118.dat,50000,0.072574563453962,0.22870851117275287,0.21688825653392133,0.04688992834364917,0.6827915091974812,0.21961314900727286,0.09545233805659398,0.0021422806484373423,7.230902145573315e-07,0.05303372465236316,0.3282678817944712,0.30143405820212693,0.20846110356020128,0.09523384010873023,0.01333802696194234,0.000231364720164816
LOV,preprocess_Reading119.dat,50000,0.11058820734092,0.25459976069080725,0.2293279017933448,0.05285577134006314,0.6553229695334949,0.23198519498990056,0.1104298192445468,0.0022614690772882967,5.471547695159062e-07,0.04192154887880135,0.2997032115481891,0.31542944140276585,0.2288631992958225,0.1003142420715639,0.013537395136935238,0.00023096166592193745
LOV,preprocess_Reading120.dat,50000,0.011403959661784,0.22836098229337648,0.22807605735374376,0.04865254476612443,0.5629615205640157,0.2843416860607086,0.1500359703456625,0.0026600234001038676,7.996295093436904e-07,0.027857442315054312,0.2355423465011406,0.3004918438997209,0.27968839078823976,0.13636381859008187,0.019730457749540842,0.00032570015622182297
LOV,preprocess_Reading121.dat,50000,-0.038626664400828,0.25707180833747106,0.25415329122237085,0.06681421835993258,0.6447261469021811,0.22318625571114534,0.1298280715593918,0.0022588977161830614,6.281110988057997e-07,0.047071365443454326,0.3035788968804097,0.2800961746951541,0.23651613413826042,0.11852289437205382,0.013983153113571432,0.0002313813570962645
LOV,preprocess_Reading122.dat,50000,0.055773276369976005,0.2458803354046042,0.23947125293370583,0.0567176887587151,0.6294866215019816,0.2526391317461141,0.11575243316086023,0.0021210728249559,7.407660881476848e-07,0.03891123825949896,0.2981794276852573,0.2868378346496227,0.24497474524215024,0.11776711097191157,0.01310311977555306,0.00022652341600618868
LOV,preprocess_Reading123.dat,50000,0.12936571115426002,0.25475002838201916,0.21945862876221597,0.04810683992263923,0.6360536290638158,0.22855611417777594,0.13283166381427644,0.0025580585127454513,5.344313864377609e-07,0.04392731229336972,0.2864428988388652,0.29073972078426125,0.23467255458206748,0.1279258699403645,0.016022339349269252,0.0002693042118025979
LOV,preprocess_Reading124.dat,50000,0.059321768665094,0.22314375228474287,0.2151140672902629,0.046123915244701365,0.6259476231459787,0.23539942760406943,0.13651468339470135,0.002137788787671077,4.770675794956318e-07,0.03374645413404669,0.2739717773165412,0.3070054651391622,0.250371137192999,0.11925301853884866,0.015400944004474624,0.0002512036739274843
LOV,preprocess_Reading125.dat,50000,0.039788995083036,0.22345101183599056,0.2198799457904475,0.047373654973427465,0.6285005173922527,0.24528783864477036,0.12407505096700633,0.0021360783320351954,5.146639354310631e-07,0.07050869315795477,0.2927376065666791,0.28325392904705265,0.22466785291845442,0.11511288317920236,0.01349723055601452,0.00022180457464216174
LOV,preprocess_Reading126.dat,50000,0.0550921862606678,0.21169752392400332,0.20440325987756125,0.0420454305866175,0.5490969515229995,0.2762906880602545,0.17224736531470827,0.0023645869942650645,4.081077725746401e-07,0.02373598480495877,0.22873129701198913,0.28523396608586327,0.28528213722559553,0.15901790971667384,0.017721684789765428,0.00027702036515402285
LOV,preprocess_Reading127.dat,50000,0.0008338778084199998,0.2351236874698736,0.23512220877073997,0.05508339715036596,0.5946926776590471,0.27227664554586023,0.12999913477367112,0.003031132654009335,4.093674120959415e-07,0.03457656313365796,0.25194912760438054,0.30789845141627664,0.2618763684048633,0.12599262859135113,0.017424961181316534,0.00028189966815372257
LOV,preprocess_Reading128.dat,50000,0.0136504958839,0.21631306764692476,0.2158819288336721,0.046516711192929744,0.6314859092344229,0.23238488803143142,0.13365223238564095,0.0024763940656283515,5.762828762499804e-07,0.04462013259898977,0.2796709033819303,0.2975051862547172,0.23066641765707907,0.13054165124310374,0.016709727736092958,0.00028598112808695113
LOV,preprocess_Reading129.dat,50000,0.0292342181676392,0.22862838590509135,0.22675162475645957,0.0511465419126253,0.6047249506291956,0.2344380401234973,0.15839956664089722,0.0024369416628470804,5.009435627185478e-07,0.03039867115498162,0.2185704264277808,0.35540357704464137,0.2410832235249771,0.1387226567412015,0.015580441603364973,0.00024100350305252197
LOV,preprocess_Reading130.dat,50000,0.0630241817973959,0.24360394876484484,0.2353100855522218,0.0557402533094146,0.6234774727861386,0.22549616668447536,0.1488230232737215,0.002202852217447762,4.850382167342678e-07,0.047670123353339526,0.2584776115759628,0.30637590844275503,0.24136619401870474,0.1287582515597685,0.017070325107481372,0.0002815859419880539
LOV,preprocess_Reading131.dat,50000,0.03680054654004,0.2478289905997183,0.2450814728942798,0.05872405277996589,0.6674094708087195,0.20548882091289708,0.1242418987523173,0.0028592773378962343,5.321881699353245e-07,0.04314460470259333,0.30262687962878415,0.31115712348443036,0.20762284018087046,0.11755541971362089,0.017585906214131905,0.00030722607556881186
LOV,preprocess_Reading132.dat,50000,0.021879968916359998,0.25020010237161483,0.24924156592949273,0.06128593958047499,0.664730670673135,0.19005760546869552,0.14174894684620984,0.0034621308175768503,6.461943826868231e-07,0.04192393541252562,0.301497487253113,0.29264402745092605,0.21542201506568892,0.12788289047625154,0.020286716941280862,0.0003429274002140647
LOV,preprocess_Reading133.dat,50000,0.013845393995892,0.24211808211704614,0.24172188720332136,0.059607297951642435,0.5919048363520683,0.25522386380944384,0.14984836869078885,0.0030223942866676808,5.368610314231408e-07,0.030731776004163717,0.2296717846651117,0.33506453243658885,0.24220923833327138,0.14234789047816995,0.01965747433660336,0.0003173037460912329
LOV,preprocess_Reading134.dat,50000,0.032646887874892,0.2622224233997352,0.26018220547476767,0.06642170019650798,0.6509068591631629,0.19406924004372475,0.15210483865524296,0.00291853791793336,5.242199359072722e-07,0.04096725676863893,0.26904491386998647,0.3228122534194061,0.20503314488127855,0.1406471257469987,0.021155262124919735,0.00034004318877153806
LOV,preprocess_Reading135.dat,50000,0.042592334480584006,0.2551868644844985,0.25160729092958306,0.0642984007582,0.6875406802005875,0.1824643098581243,0.12681400726007208,0.00318045164021226,5.510410037999621e-07,0.04917846270114495,0.2912487853499258,0.3286271154027195,0.20030756736416158,0.111985309159875,0.018338857179098313,0.0003139028430746176
LOV,preprocess_Reading136.dat,50000,-0.05195064413488601,0.27123836430871756,0.2662167929467242,0.06858817060861826,0.6562353013367821,0.1965501016429922,0.14380388804720146,0.0034100252511151674,6.837219092305986e-07,0.04269658877965044,0.27275187604275813,0.340085275460493,0.2019684721728492,0.12255374692054136,0.019606687169666116,0.0003373534540417347
LOV,preprocess_Reading137.dat,50000,0.0057067833281800005,0.23075529161163114,0.23068471390799636,0.05363011154026207,0.6457745679757332,0.19548388205470918,0.15578497828597748,0.002955884336965538,6.873466146734059e-07,0.04031758159192278,0.27112924438913005,0.3264795521008287,0.20874362328404808,0.1308413386131632,0.022113715490298638,0.0003749445306087087
LOV,preprocess_Reading138.dat,50000,0.00766341626422,0.26510430177619115,0.26499351477234895,0.06992891271307647,0.6614515991945527,0.19902779376411708,0.13643683444292717,0.003082868434914003,9.041634890959367e-07,0.05263565754191457,0.2897417170367974,0.3034323017224207,0.2094299129087393,0.125455762153208,0.018969448163820863,0.00033520047309919027
LOV,preprocess_Reading139.dat,50000,0.05447339031146001,0.2645867938796246,0.25891856102542027,0.06503806972198015,0.6779673578294908,0.1820026539425691,0.1374367804769922,0.002592556690075397,6.510608727800767e-07,0.053129669153476534,0.31522965486985727,0.3000363397440938,0.19409196961976935,0.11906686820944841,0.01814966961680891,0.00029582878654587334
LOV,preprocess_Reading140.dat,50000,-0.041478240886438,0.25949326020686847,0.256156802809834,0.06458568088545429,0.648283202675613,0.20128485827939238,0.14793302885735246,0.002498127462068666,7.82725573335811e-07,0.03532877328609364,0.25194401946086625,0.3479113026349842,0.21788170351858768,0.12681658231639445,0.019801412585670256,0.0003162061974034462
LOV,preprocess_Reading141.dat,50000,0.06503077481624199,0.2562054617878437,0.24781492484659082,0.06097191288556528,0.6605717295356337,0.19691582280117,0.13978813129966056,0.0027237512376608436,5.651258747943683e-07,0.04478949179570923,0.27030078092118703,0.3303410918526284,0.21161063621254578,0.12313939655262404,0.01950146973782472,0.0003171329274808245
LOV,preprocess_Reading142.dat,50000,-0.002478870067098,0.23516484939621884,0.23515178416235064,0.05612178254055865,0.6177762867743507,0.1890434838506619,0.190004781378932,0.0031748334432429933,6.145528122339803e-07,0.04423671793463224,0.27401709648258593,0.29993276071272046,0.19549324879608557,0.1584503114776966,0.027420407117476214,0.00044945747880290927
LOV,preprocess_Reading143.dat,50000,-0.044069698148882,0.24149753165302784,0.2374424551329682,0.054605337607281694,0.6387546062123024,0.202570473539319,0.15642762020210818,0.0022468350989463225,4.649473240906477e-07,0.04052639685345673,0.2700729272830267,0.32289191180043203,0.21070896120999066,0.13393974498134728,0.021514973676189895,0.00034508419555674566
LOV,preprocess_Reading144.dat,50000,0.0561812080899,0.2545956636774947,0.2483196001546059,0.06293797457303181,0.683646682851875,0.18365599701332413,0.13027168697289174,0.0024251487475861686,4.844143227502251e-07,0.04707755187028371,0.2840743180645636,0.33348429632490867,0.20068972357944814,0.11719472412583776,0.017204447112776657,0.0002749389221817022
LOV,preprocess_Reading145.dat,50000,0.061472517416544595,0.24911477525455017,0.24141106199301984,0.05896320323175072,0.6348753338058201,0.20353646003503073,0.15851346438470348,0.0030742250258835365,5.167485621486056e-07,0.04215975253924966,0.2592645291981366,0.31126137552675803,0.22554270931613624,0.13922030986403616,0.022190705429030594,0.0003606181266527152
LOV,preprocess_Reading146.dat,50000,-0.014086475337439999,0.2552103038317843,0.2548212518501535,0.06473529296176636,0.6445367531711008,0.21566086631157044,0.13711092180641352,0.0026910137583204966,4.449525948992512e-07,0.0422347696419719,0.2539240720418544,0.32723292988838937,0.2338020139708579,0.12362209406818188,0.018873693689153266,0.0003104266995911932
LOV,preprocess_Reading147.dat,50000,-0.005544526953892,0.2716136446341518,0.27155704773086786,0.07407876273796314,0.6401959478945772,0.19090187894382954,0.16588272430183254,0.0030188920410025542,5.568187580950378e-07,0.036788218555379414,0.2623851915854905,0.3382244456110991,0.2006327140523754,0.13503115635612875,0.02650939957845918,0.0004288742610676137
LOV,preprocess_Reading148.dat,50000,0.016404283866595402,0.23986806091286644,0.239306469024393,0.05805566402844291,0.6862004452959097,0.1973054097906529,0.11438520138874429,0.0021084714739248492,4.720507682322877e-07,0.05301219290214174,0.30327910952628795,0.3289796775786362,0.19716740386797782,0.1012541259419139,0.016046652719633497,0.0002608374634088013
LOV,preprocess_Reading149.dat,50000,0.0167379147383774,0.23434196997143936,0.23374345145972708,0.05430616987436639,0.6473835624309098,0.189431054268435,0.16021479183747106,0.0029699478292953417,6.436338887752573e-07,0.03482421988614548,0.282216485096245,0.31234092801351343,0.2127391945389084,0.1351414926654014,0.022380837757088795,0.00035684204269752673
LOV,preprocess_Reading150.dat,50000,0.058740268077024,0.2586260776416173,0.2518670858657939,0.06367004187370588,0.5996919150681402,0.2241216329070032,0.17314851209724388,0.003037493880967095,4.46046645471921e-07,0.03636292968349661,0.25282885369555197,0.30382268066143375,0.22743378020385951,0.1531517951245639,0.025984162581417204,0.00041579804967705223
LOV,preprocess_Reading151.dat,50000,-0.13675930419954,0.24656673070536891,0.20516346021061257,0.04351343419159203,0.6540561698475781,0.1668699794820527,0.1758243920292768,0.0032483353323586165,1.12330873393117e-06,0.06096117665078509,0.3478386783763871,0.23454598258673112,0.1644528091720973,0.1659847429871053,0.02573790824861099,0.0004787019782829337
LOV,preprocess_Reading152.dat,50000,-0.026019698305419996,0.20293370826501986,0.20125870229703635,0.04080912519190971,0.7221056775679422,0.1437402038137227,0.13160103763705713,0.002552546378396982,5.346028808240255e-07,0.047674342773102014,0.3218957482927096,0.31905055894751116,0.1683702392975343,0.12707297260332218,0.015659757107765074,0.0002763809780556494
LOV,preprocess_Reading153.dat,50000,0.0290675417722906,0.17888815249858692,0.17651076205057248,0.030930355391737864,0.7100789032112089,0.14637446987341515,0.1404893726027068,0.003056603104351116,6.512083182078801e-07,0.037503411590455005,0.29571582047747597,0.335625059706191,0.1918721587992464,0.12170766105900625,0.017243911816477244,0.00033197655114801063
LOV,preprocess_Reading154.dat,50000,0.09680791680193,0.20836309082463925,0.18450854956469487,0.03372082419892645,0.7238084983520974,0.14178876942449709,0.13131974163868085,0.003082168476804645,8.221079199551626e-07,0.05168254126894448,0.3288385695097956,0.3258624414093954,0.16208700939677687,0.11610275932144888,0.015142335452189687,0.0002843436414491476
LOV,preprocess_Reading155.dat,50000,0.173532875523634,0.25626567487748736,0.18856944936259695,0.03565459240023671,0.716691652213019,0.14845910731163456,0.13212095965748816,0.0027277080205700553,5.727972882069055e-07,0.04984909080329823,0.3088851943561863,0.3253428435237779,0.18391383371782646,0.11617272536759483,0.015549761116105234,0.0002865511152109411
LOV,preprocess_Reading156.dat,50000,0.150793506469188,0.2305251471126802,0.1743650247556826,0.031060260674871096,0.7405677352932392,0.13309492905100478,0.12374971500780411,0.002587011972461232,6.086754906727555e-07,0.06540419543341724,0.33903943369573813,0.30249999905132935,0.16294053944534112,0.11413249504301068,0.01569592746937485,0.0002874098617885484
LOV,preprocess_Reading157.dat,50000,0.11117915807739999,0.21741951812498342,0.18684336132413296,0.034293363477229055,0.7471393831926667,0.12575083422046543,0.1247363344217963,0.0023729008299723767,5.473350992642872e-07,0.061015341303428706,0.3631455998270099,0.299015636948111,0.16013296476556246,0.10097052796761209,0.015450297589731054,0.0002696315985447922
LOV,preprocess_Reading158.dat,50000,0.1351903864175,0.23565173405666973,0.19301631844018377,0.03763593209856152,0.751001586521505,0.12164979949777355,0.12511892571421798,0.0022291360460779523,5.522204255578781e-07,0.0583701921251198,0.3602011512789468,0.3001646782274409,0.15920930584733,0.1084461516607306,0.01337078033361031,0.00023774052682170975
LOV,preprocess_Reading159.dat,50000,0.11357104732076001,0.22783055987176104,0.19750539542489917,0.03756137669345934,0.7305809799822555,0.12939390127661743,0.13753259470361753,0.002492070460372912,4.535771366537478e-07,0.045827192661171745,0.30927206119605666,0.3382536637799802,0.17513664964269632,0.11590942948752776,0.015341391400419905,0.0002596118321473771
LOV,preprocess_Reading160.dat,50000,0.08460810464271999,0.22196871747823504,0.2052110624885975,0.04311650578782824,0.754522929590803,0.11926527706494779,0.12418941713297695,0.0020219776604617984,3.985508103788564e-07,0.05400763787068213,0.326045672511677,0.3483094386106285,0.1527046682816288,0.10590247335044134,0.01280573128267017,0.00022437809227224454
LOV,preprocess_Reading161.dat,50000,0.0568180116894468,0.21827698753577232,0.21075235902677245,0.04519136720492749,0.8195497855302265,0.09988337722954843,0.07884166151019772,0.001724920693557292,2.550364701738882e-07,0.06761098013389184,0.3987505151356508,0.3256336179876066,0.12932051288787857,0.06860967150471999,0.009899108375340493,0.00017559397491177995
LOV,preprocess_Reading162.dat,50000,0.10741484641064226,0.23196076259255802,0.2055914544748862,0.043651972128145165,0.8385238734383574,0.09550375928165424,0.0644965196591471,0.0014756091011696676,2.385196716330473e-07,0.06168834005069481,0.3760886714542675,0.3593398558632843,0.13072007002838157,0.06351485126826814,0.00849850507796647,0.00014970625713726696
LOV,preprocess_Reading163.dat,50000,0.058719441792296004,0.19634385766299195,0.18735777965589367,0.03556512132300835,0.8184327881209736,0.10013352578964482,0.07956205404410398,0.0018712862041418868,3.4584113572962425e-07,0.06257313683611156,0.382385576982684,0.3403873489856286,0.1310544414103751,0.07368119961905362,0.009750505335588867,0.0001677908305583549
LOV,preprocess_Reading164.dat,50000,0.046476373240415994,0.19873759659682974,0.19322675547527515,0.036694585348185635,0.8200775137346071,0.10248530728747525,0.07578506842503935,0.0016518238215415912,2.8673133674978997e-07,0.06984523394627477,0.39111707629494297,0.31949508012677863,0.1394090198944808,0.07037940901842644,0.009580669571069032,0.0001735111480272953
LOV,preprocess_Reading165.dat,50000,-0.013789785814491399,0.21557314438417272,0.21513163966945872,0.04858138989087588,0.8380409933330925,0.09212799541992087,0.06825375138426226,0.0015770509873380752,2.088753863742824e-07,0.07002725632502572,0.39684343991823545,0.32643093507943033,0.13343883088221525,0.06393222291671352,0.009168949025126607,0.00015836585325297177
LOV,preprocess_Reading166.dat,50000,0.042716832263734,0.22589375151441757,0.2218180768436365,0.04945734273292981,0.8348927032749153,0.10380952731522172,0.05980501649686546,0.0014925149215551836,2.379914423553627e-07,0.06285248448982664,0.3472104891227355,0.37490897443581206,0.14578550239650245,0.060398128210831216,0.008687990290605763,0.00015643105368626266
LOV,preprocess_Reading167.dat,50000,0.030345462732142,0.20236960923134434,0.2000815124693413,0.03998522747786493,0.8254611970450408,0.10932524951932698,0.06358912041095835,0.0016241950898290573,2.379348446022536e-07,0.05200225405033783,0.32026665746275734,0.3964988761189117,0.15503957189167808,0.06680550937912205,0.009229580705334278,0.0001575503918588093
LOV,preprocess_Reading168.dat,50000,0.1006752203361158,0.24479103265999325,0.2231303423584977,0.04736803038281958,0.7915613731133277,0.1317845460855802,0.07442152835999093,0.0022317682520080874,7.841890932053714e-07,0.049382950549230975,0.3128534742764667,0.37983967322519946,0.1714372304075263,0.07552249959499097,0.010752605668289238,0.0002115662782963576
LOV,preprocess_Reading169.dat,50000,0.10278406667472001,0.24341352898245552,0.22064809477876626,0.04994936300903586,0.7974810295658726,0.12756942933595525,0.07293993082351324,0.0020085578745776852,1.0524000812254235e-06,0.053840955345101554,0.31210824265053816,0.37931837361020077,0.17375629518415617,0.07047235266004853,0.010288386131240349,0.00021539441871426892
LOV,preprocess_Reading170.dat,50000,0.09370670613606,0.22565369465992727,0.20527699125524462,0.04217323336419126,0.7840650284065965,0.13301574138400998,0.08050215329469598,0.002415311393032983,1.76552166445075e-06,0.04076735194969455,0.28222604709274285,0.4074698101122944,0.17772109112650702,0.08053582339167756,0.011018319816476491,0.00026155651060711803
LOV,preprocess_Reading171.dat,50000,0.080629441842806,0.24592770420368001,0.23233451918087913,0.05433538050105543,0.7807239167097867,0.13169937385429406,0.08559481961345046,0.00198059486438335,1.2949580854658262e-06,0.04666237221345581,0.3021684835567457,0.37825151478385227,0.1785774643305124,0.08282049478695848,0.011282636486626845,0.00023703384184845918
LOV,preprocess_Reading172.dat,50000,0.157093855619768,0.27948898641393505,0.2311614458624194,0.052735157727676445,0.799739374797373,0.12370789116646547,0.07490590143387062,0.0016465526172604432,2.79985030349696e-07,0.05169493834826789,0.3458265652076405,0.344957842490376,0.17546497705056616,0.07229246664606423,0.009588898796840582,0.0001743114602446669
LOV,preprocess_Reading173.dat,50000,0.142169366122082,0.270263573314482,0.22984836392099417,0.053816883895036166,0.8362942234847692,0.09912483587644827,0.0632752060232129,0.0013054643829617284,2.702326077996263e-07,0.056830797716565705,0.3652640509265793,0.36113575752956406,0.14624187914366946,0.06189783851374736,0.008481723845868141,0.00014795232400580482
LOV,preprocess_Reading174.dat,50000,0.085409012425694,0.2423454004887773,0.22679637063792166,0.05188128031354669,0.8328718347565919,0.10307858614039966,0.06251841158840872,0.001530960400197844,2.071144019472976e-07,0.05778466403528294,0.3262077510231176,0.38755492033286526,0.15808720883059266,0.062177948812399644,0.008040157654074969,0.00014734931166679696
LOV,preprocess_Reading175.dat,50000,0.11256453751368001,0.23514954951254421,0.20645710336601114,0.0438521757134759,0.8235088921543978,0.11271168914215861,0.06230023183072164,0.0014789603176109916,2.2655511081212744e-07,0.048594692612400785,0.33547670682999997,0.37511873385852834,0.17389726817510753,0.0591053794849082,0.007668330232312351,0.00013888880674288573
LOV,preprocess_Reading176.dat,50000,0.09411156487491859,0.23150259828627548,0.21150996754311752,0.045340278351322816,0.8275893305843216,0.11655881818130527,0.05452750312518162,0.0013241595073189931,1.8860187232270314e-07,0.05065785108492196,0.3445113953567964,0.3726371485676932,0.1692389839447949,0.05551355592583949,0.007314414884183126,0.0001266502357710918
LOV,preprocess_Reading177.dat,50000,0.12843906520287998,0.23850301117185202,0.20096540216627065,0.04095183274392933,0.8170398882295489,0.12029397733998909,0.061255362560261394,0.0014106110948637373,1.6077533683972277e-07,0.04315292730347556,0.2971650733142648,0.410773328944792,0.1761502359211732,0.06439426354064202,0.008227077997828972,0.00013709297782336108
LOV,preprocess_Reading178.dat,50000,0.1366309922776646,0.24211990743695988,0.19988502076569611,0.04035041675620095,0.7974859075445242,0.13902481801251618,0.06214433827356249,0.0013447533310410595,1.8283835599582924e-07,0.04354066723458966,0.2953449940149407,0.39465601669109224,0.19215577932397157,0.0657939208981635,0.00836794946519833,0.00014067237204398703
LOV,preprocess_Reading179.dat,50000,0.14051336064078002,0.2393352737557415,0.19374562897048758,0.03834033354133301,0.7999454324577079,0.13245107634123965,0.06599207943697218,0.0016112324100465197,1.7935403371359513e-07,0.040574280877109216,0.2783098975229959,0.4170728114660644,0.18819355549385022,0.06633200414938206,0.009353557755735457,0.00016389273486273862
LOV,preprocess_Reading180.dat,50000,0.13558069603567602,0.22514631484041456,0.17974631553581485,0.03319776435910932,0.7621880184467867,0.1642951015280291,0.07192654050862424,0.001590094380850803,2.451357089966395e-07,0.03761928913034816,0.25014269641280396,0.4059399119622087,0.224345116001257,0.07315516760143517,0.008656491475458572,0.0001413274164884177
LOV,preprocess_Reading181.dat,50000,0.031793366487736,0.20037192831732595,0.1978334943961212,0.0391258113290035,0.7458240425274921,0.1749374597539992,0.07772564426768748,0.0015126460260224222,2.0742479881484887e-07,0.0438797323268086,0.27398398401060614,0.36822330157681754,0.22625251587179307,0.07863392562535453,0.008879591483002776,0.00014694910561735645
LOV,preprocess_Reading182.dat,50000,0.098171759183432,0.22049132015141812,0.197430311656912,0.03840302124196485,0.7316464288104767,0.18786161809165142,0.0785983911906765,0.0018933313975780042,2.305096174752396e-07,0.043761742936120146,0.2518237067025156,0.37047701993905763,0.24008974403941746,0.08397231951251376,0.009709705279670203,0.00016576159070523183
LOV,preprocess_Reading183.dat,50000,0.10147494770778,0.2099488749465225,0.18379707581736407,0.0346786451731279,0.7142189245641628,0.18503658531608158,0.09890211464195524,0.0018421518671290183,2.236106712765952e-07,0.045843334807804205,0.2691903962970715,0.34694395345975043,0.23099786304537956,0.09511975976718144,0.01171194022527536,0.00019275239753749663
LOV,preprocess_Reading184.dat,50000,0.105850191365552,0.22240907482320812,0.19560555603456517,0.03911408010622631,0.7452040213649043,0.17130612233667275,0.08161138996290021,0.0018782135319132852,2.5280360952899574e-07,0.043265751844224015,0.2761484926431955,0.3641343163176291,0.22743777408003363,0.07962382323076293,0.009239098297482868,0.00015074358667198828
LOV,preprocess_Reading185.dat,50000,0.10714674002259199,0.23069147401455536,0.20429912453444182,0.04245435922023422,0.7303334958334675,0.17879348257320982,0.08906048408713546,0.0018122855954128693,2.519107742780426e-07,0.04185046128821173,0.285693391575906,0.36013793782185277,0.21492399441626225,0.08667473313328947,0.0105457196414218,0.00017376212305588815
LOV,preprocess_Reading186.dat,50000,0.069428319487796,0.2112443356473579,0.19950909201385816,0.04089919730797103,0.735064461953969,0.17417930735717552,0.08874843978462377,0.0020075338818652242,2.570223665284506e-07,0.052779352121800314,0.3315771904940793,0.30204512828125046,0.21383004846787157,0.08873841536636388,0.010851249033052686,0.0001786162355817907
LOV,preprocess_Reading187.dat,50000,0.086035271973576,0.22071961743767812,0.2032611165429035,0.03981237392198221,0.7106132076887638,0.1929216876777322,0.0943283803215465,0.00213648702946827,2.372824891129781e-07,0.03914603620240887,0.262768949528708,0.3495668142839679,0.24554459478542526,0.09161528366905898,0.011176400333393862,0.0001819211970372153
LOV,preprocess_Reading188.dat,50000,0.10596452460068,0.22584419785170737,0.1994420247325849,0.04021036761905409,0.7231732260354413,0.19212057821427816,0.0829867026987988,0.0017192766388728995,2.1641260898376474e-07,0.043409227979005385,0.2733793510615201,0.361478561595129,0.22787867014063012,0.08317639507931814,0.010505665509528889,0.00017212863486843762
LOV,preprocess_Reading189.dat,50000,0.03563568189553,0.21550490617964876,0.2125381442549544,0.04649567376119775,0.7144348363187945,0.19449707122877508,0.08920300399036106,0.001864867534544545,2.209275248339338e-07,0.042082558425752536,0.25879761607305585,0.3703319352682567,0.22755855550883258,0.0898547048086272,0.011191654541233826,0.0001829753742411668
LOV,preprocess_Reading190.dat,50000,0.106602136140432,0.23391813916769646,0.20821546628906942,0.045261112024604644,0.6926461320964866,0.2161214517571143,0.08920634190667566,0.002025831971159673,2.422685640864078e-07,0.04063593864957193,0.24241487005086243,0.36044440204329403,0.25183602571338504,0.09237691154794919,0.012091332216522406,0.00020051977841505856
LOV,preprocess_Reading191.dat,50000,0.04923280896857,0.2152163164727008,0.2095094112376387,0.04529543093520416,0.68955374769723,0.21030069131834744,0.09814241861218778,0.002002822647901995,3.197243326641117e-07,0.03592751309423534,0.23377617421786862,0.38568908856342643,0.23291568857011974,0.09960787495033943,0.011888011973745448,0.0001956486302648344
LOV,preprocess_Reading192.dat,50000,0.03328759687794,0.20324220082121205,0.2004977009562495,0.039913850190541875,0.6623159762055277,0.2366518267027053,0.09888628023961943,0.002145619858167383,2.9699398018097113e-07,0.036780382438835524,0.23151341198181807,0.3432688783635722,0.27256131335130246,0.1035523925948389,0.012119547614433734,0.0002040736551990212
LOV,preprocess_Reading193.dat,50000,0.06088580836892,0.22460860165689547,0.2161988489273916,0.04708833278854252,0.6660853635070377,0.2274855466693063,0.1039125256489263,0.0025162982383268,2.6593640288898234e-07,0.04068192083547243,0.23774891477972798,0.3383531098198397,0.26631287100077,0.10460548818888632,0.012093839968677281,0.00020385540662633126
LOV,preprocess_Reading194.dat,50000,0.025984898949476,0.21661128566559953,0.21504705090814308,0.046308575011042886,0.6566864061551551,0.22736949866045525,0.11334067358486091,0.0026031526339365635,2.6896559212193246e-07,0.03274587832187408,0.2058848868204953,0.3529068342710083,0.2814311474674909,0.11258985299264798,0.014207210252795484,0.00023418987368797723
LOV,preprocess_Reading195.dat,50000,0.08438176338719601,0.23296181582239364,0.21714263892412777,0.047511966132233484,0.677093637564489,0.2161626259088514,0.10435519756775449,0.002388257556532155,2.8140237303654005e-07,0.03313489488871596,0.227066659286036,0.3603810668474794,0.2518932916677401,0.11334595572444077,0.013894681098011806,0.0002834504875760974
LOV,preprocess_Reading196.dat,50000,-0.018659950058686,0.23015891498004085,0.22940124761778655,0.053105907947652936,0.6904084708164273,0.2071409612687171,0.10005075021902987,0.0023995613561752613,2.563396505421851e-07,0.03577219680894499,0.22964142950734398,0.35632933648173154,0.25657742999254046,0.10868274696792056,0.012788080292536076,0.00020877994898250567
LOV,preprocess_Reading197.dat,50000,0.045227470354198,0.21846386261071724,0.2137309879080581,0.04755551865584088,0.6523757614627518,0.23496657883335106,0.11057701796369407,0.0020803804296616354,2.613105414698263e-07,0.03439641325758272,0.23125051605543032,0.3346341507308192,0.2732467927563137,0.11365385363293926,0.012616177725909332,0.0002020958410053834
LOV,preprocess_Reading198.dat,50000,0.08114877116137201,0.21522630642092988,0.19934201743384478,0.0394867572557349,0.6440470705431837,0.2322561317332613,0.12103122256084199,0.0026651927412744783,3.824214386101376e-07,0.033425756599955475,0.23822777539321227,0.3196051852167353,0.2650813344224046,0.12872505717125782,0.014695069577804714,0.00023982161862970254
LOV,preprocess_Reading199.dat,50000,0.061651207623386,0.2240069283442294,0.21535605992122647,0.04799680018727126,0.6311831583207279,0.251205741723828,0.11516126407190813,0.0024495744056775917,2.6147785847028455e-07,0.03297648371171636,0.22667964753373993,0.3269049202809028,0.2842262608017066,0.11425329290473679,0.01472548491001596,0.00023390985718154585
LOV,preprocess_Reading200.dat,50000,0.058015846139067996,0.2350912422336647,0.22782022248197287,0.05350400399116082,0.669078911121893,0.21408505383123147,0.11441837942148766,0.002417406734821224,2.48890566813862e-07,0.04123724575578625,0.25247603883862674,0.3345394159242742,0.2427394699337087,0.11414086453795727,0.014627753916553793,0.00023921109309305415
LOV,preprocess_Reading201.dat,50000,0.053170196407892,0.2261820061955059,0.2198436493068882,0.04960705250520558,0.6429936889337766,0.23239155531026506,0.12185019235569794,0.0027642587452185448,3.0465504172162674e-07,0.04085551331962694,0.25516780131868255,0.32236264347239924,0.2596965237081904,0.10652483180587034,0.015149786078134674,0.00024290029709572624
LOV,preprocess_Reading202.dat,50000,-0.0025807530602439998,0.21911730601787116,0.21910210749824255,0.047087286031482344,0.6562830612484806,0.24492776687556958,0.09649370191465614,0.0022952411310683428,2.2883022543867562e-07,0.046725310153588204,0.27227957408505943,0.3170577214848688,0.2512178318185601,0.09984864330360317,0.012667601936658604,0.00020331721766167474
LOV,preprocess_Reading203.dat,50000,0.009042611540090001,0.21932709461408756,0.21914060693625897,0.04895225668995126,0.6722727926320271,0.2172495249353046,0.10785727849835319,0.002620086903935904,3.1703037913207046e-07,0.0414700092122901,0.26494066808669336,0.33699861140652476,0.23417642210180353,0.10886569252218369,0.013336050652217431,0.00021254601828699362
LOV,preprocess_Reading204.dat,50000,0.0804146226065,0.23236973257901639,0.21801188290984913,0.04791325205509263,0.6853516962481895,0.20093141717132917,0.11100422523471688,0.002712336354273588,3.249914909627744e-07,0.04002921295919407,0.2652065609841335,0.3468977616749128,0.22316651096779885,0.10954210932177676,0.014914864622124473,0.00024297947005956649
LOV,preprocess_Reading205.dat,50000,0.03542866837262,0.2212714571081595,0.21841672826986258,0.04807630723847029,0.6558942924870674,0.21016407088854408,0.1310784683680982,0.00286288269049351,2.855657969349995e-07,0.04511161548590923,0.28735419842065385,0.30537190292512834,0.22421391685835357,0.1212767524015118,0.0164119435326891,0.00025967037575406684
LOV,preprocess_Reading206.dat,50000,-0.030152235961414,0.21442645673929572,0.2122958973138583,0.045493297204922054,0.6300085890801131,0.2455613755538004,0.1214183065464269,0.003011360427428988,3.6839223071776833e-07,0.03903615633089466,0.2523489948667026,0.3268265722372497,0.2497251764730664,0.11671928298249344,0.015097536190927841,0.00024628091866521555
LOV,preprocess_Reading207.dat,50000,0.025720982781894,0.24391330212249634,0.24255335494903732,0.05932339441654644,0.6405316746016045,0.2509100025997473,0.10615946420301743,0.002398566398857313,2.921967733343638e-07,0.03819892940150907,0.2680553723738863,0.3227552539237848,0.25789018271765923,0.1003766906902794,0.012516022680089132,0.00020754821279195466
LOV,preprocess_Reading208.dat,50000,-0.0060526119464355994,0.22755532777136078,0.22747481857506185,0.052594980910847786,0.6353126264104938,0.22841455898797236,0.13348784620028822,0.0027846605261395737,3.0787510592796685e-07,0.04646842183877729,0.2729947136149513,0.2906130797355096,0.24648876091697836,0.12831126682550179,0.0148881696333671,0.00023558743491427814
LOV,preprocess_Reading209.dat,50000,-0.005831120581952,0.2595016665694719,0.25943614433053097,0.0680809970252076,0.6835355147760334,0.19827633429724828,0.1152214290056495,0.002966437348060234,2.8457300856087363e-07,0.04436494993295778,0.30924290190440357,0.324017208625816,0.20447093896815594,0.10229618315826058,0.015352737113061676,0.00025508029734429554
LOV,preprocess_Reading210.dat,50000,-0.03426864202238,0.23402695106793028,0.23150437144920916,0.05103316614059881,0.6684774878716766,0.208237641538974,0.11975175678502394,0.003532770775904224,3.4302842141879216e-07,0.04745579082333501,0.3177940102228381,0.30117059720887257,0.2053105701890027,0.11221784019061244,0.01579093884257576,0.000260252522763271
LOV,preprocess_Reading211.dat,50000,0.0363385926922596,0.22115137361088363,0.2181454485684418,0.0460274963080228,0.6110492805341695,0.24862778044284184,0.1376536007657289,0.0026690183279280914,3.199293317391339e-07,0.03921774613778874,0.2521795237141767,0.29337306886707915,0.2659996983017114,0.13293152164995298,0.01604407426183663,0.0002543670674544194
LOV,preprocess_Reading212.dat,50000,-0.058879258223819994,0.23692303872457957,0.2294902159777217,0.05216906512813898,0.6149100149418415,0.2593755563062253,0.12273231701962468,0.002981854948661003,2.5678364766615493e-07,0.03786092918080604,0.25689942318220044,0.3210577091035625,0.25362529885066165,0.11608296112138743,0.014237320027752525,0.00023635853362931843
LOV,preprocess_Reading213.dat,50000,0.010685027850234001,0.2351114929270752,0.23486856811041756,0.05418086064925398,0.6289472365250074,0.24673657011207184,0.12115807885496847,0.003157787133185084,3.273747672746993e-07,0.04573800376413754,0.2697303179436527,0.3139640391702421,0.23754314549379776,0.11748873602720412,0.015296137728108726,0.000239619872856807
LOV,preprocess_Reading214.dat,50000,0.049658499324796004,0.2181977189679722,0.2124718287388599,0.04627927717010479,0.6486063577579234,0.21333934814135194,0.13495863514642786,0.0030952719682037196,3.869860931944637e-07,0.04166902887247836,0.2655631617749015,0.3352272658448175,0.21202965431990883,0.12980679088703018,0.015459680320971779,0.00024441797989178113
LOV,preprocess_Reading215.dat,50000,0.013665654987908001,0.23981605013042628,0.23942637234421482,0.05674964722455124,0.6365662985753702,0.22021656792340527,0.13965448431308344,0.0035623414257996344,3.077623414931318e-07,0.038164478842693576,0.29320033257742856,0.31392520560878956,0.2104659675092939,0.127426937122775,0.016537501744169156,0.00027957659485042876
LOV,preprocess_Reading216.dat,50000,0.024928162320382,0.22537060233989872,0.22398771198969256,0.04913431586225875,0.6617620823262229,0.20688312435133982,0.12883019448801597,0.002524308152498362,2.906819227708407e-07,0.04854665757774148,0.31001958195932416,0.286804830925783,0.21847940368756452,0.12099526665826142,0.014898957244820496,0.0002553019465049387
LOV,preprocess_Reading217.dat,50000,0.0829634000786,0.26811504071545683,0.2549563674538238,0.06568344091106154,0.6881571556508462,0.18410045914768375,0.12469670586109337,0.0030454208990090114,2.5844136753713283e-07,0.05002184984897022,0.334319907487435,0.29146886477820566,0.2005838006817015,0.10790864108850398,0.015451984780280802,0.00024495133490268645
LOV,preprocess_Reading218.dat,50000,0.067826290059686,0.2580626101720872,0.2489897691584335,0.060002734576467154,0.6995655566730984,0.18339488041396687,0.11385161746222078,0.003187625373258201,3.200774556540036e-07,0.040331418680929314,0.29358507479774854,0.342152697904942,0.20380545473227468,0.10406636234098533,0.015804133388234456,0.00025485815488546817
LOV,preprocess_Reading219.dat,50000,-0.016049202394158,0.22945285936889337,0.2288908861773935,0.05279376954787412,0.6450168852115368,0.20142229616892238,0.15046946935985178,0.0030910389334728263,3.1032621629789157e-07,0.03778541213563466,0.25780954731178746,0.3288058614142144,0.2271693703764358,0.13159141369441582,0.016579677464667562,0.00025871760284426176
LOV,preprocess_Reading220.dat,50000,0.039345970492394,0.2120926701176082,0.20841112092119327,0.0419722038317544,0.6019110477615278,0.24383450486242997,0.15151036098477286,0.0027437492340689484,3.3715720052595504e-07,0.031189825435321984,0.24509523829054972,0.308282764214436,0.263752495269955,0.13438226114910803,0.01704207835295846,0.00025533728767092176
LOV,preprocess_Reading221.dat,50000,0.061379790561974006,0.25160316206827305,0.24400137801521093,0.06065761086902718,0.6508807479440789,0.20361503491946584,0.1424949545733633,0.0030089933492730907,2.692138187255603e-07,0.03512061503011056,0.26704082071388685,0.32909774962402244,0.22651195432938276,0.12136326205428932,0.02054576479457798,0.00031983345373013614
LOV,preprocess_Reading222.dat,50000,0.0074810125608599995,0.2363457093757305,0.23622728206407811,0.055851350174805366,0.6153660438524579,0.21029094679962304,0.17099608831407848,0.003346503021756491,4.180120841825482e-07,0.04290344598926602,0.2628259983494609,0.28265493406516196,0.24340082154221374,0.14602653013525999,0.021840414173071004,0.0003478557455663841
LOV,preprocess_Reading223.dat,50000,0.072100718694612,0.27039834673940005,0.26060842711455295,0.06596972779814957,0.6613177401424969,0.18535414481203444,0.14989999692290604,0.003427779311930531,3.388106320846127e-07,0.05351753703904492,0.3059088237408818,0.2851633748375833,0.20769390404730526,0.1265048323440088,0.020868552597892772,0.00034297539328318014
LOV,preprocess_Reading224.dat,50000,0.00888146391749,0.21103962945980254,0.21085266135672337,0.04382444360828979,0.6383125718437419,0.18981688390197501,0.1683084127863012,0.0035615303548098528,6.011131718183884e-07,0.05253251722637801,0.30055735831169017,0.24978014174385615,0.2062917696891699,0.16793499321765293,0.02255296991325829,0.0003502498979947569
LOV,preprocess_Reading225.dat,50000,0.060843343493556,0.2548388699201679,0.24746906306589803,0.06297432776797364,0.6442650870233297,0.18767149617328793,0.1646984927371485,0.003364482481534662,4.4158469914211224e-07,0.05170977334894189,0.32012868320364146,0.2632228778251919,0.20537789862273192,0.1376849135161302,0.021530893619161856,0.0003449598642009195
NRV,preprocess_Reading1.dat,50000,-0.0109649460800234,0.18068252178527058,0.18034950411949283,0.03134200432685766,0.6047281330327368,0.19554822501769056,0.19750065775990988,0.002222621499282849,3.626903796965072e-07,0.02359582481622252,0.23097073198128204,0.3500199023514193,0.19939576824321475,0.16534906061201615,0.03020472016718467,0.0004639918286605846
NRV,preprocess_Reading2.dat,50000,-0.0016970011562165998,0.15827358660513904,0.15826448876463173,0.024670050884790837,0.6186737397189446,0.19224053765695637,0.18674492412550725,0.002340344827278682,4.536713130991917e-07,0.020960528233427467,0.20576254381899717,0.37750610310394334,0.2071842933419737,0.16274788434751664,0.02543410634780804,0.0004045408063337952
NRV,preprocess_Reading3.dat,50000,0.07007232926114,0.19087346829589683,0.17754590834830047,0.03073512187365623,0.6705682255700925,0.16624344934616353,0.1608763830896562,0.0023114502578387816,4.917362490056876e-07,0.02549294192275045,0.22737459902324775,0.38794841827511534,0.1986206181056212,0.1396604471847346,0.02056755332711218,0.00033542216141843514
NRV,preprocess_Reading4.dat,50000,0.08534441291783999,0.1946210556913395,0.17491050998187813,0.02988684968512126,0.6733346326074243,0.17519117159519093,0.1495003740662114,0.0019733986026645787,4.2312850889325246e-07,0.02213760676871985,0.20927045308338654,0.41254719921306543,0.20555320390429982,0.13169480017895804,0.01849481718427992,0.0003019196672905173
NRV,preprocess_Reading5.dat,50000,-0.017447487641272002,0.18450086645317096,0.1836740452458607,0.034293215709733926,0.6934810536131555,0.16620794580009673,0.13851518273807298,0.0017955126774396076,3.0517123539260417e-07,0.02699851700160851,0.2308747396407929,0.39743835827141577,0.20263525829056528,0.1253386729917765,0.01645008424445376,0.00026436955938734957
NRV,preprocess_Reading6.dat,50000,0.041910177271600006,0.17883877177896673,0.17385868782569483,0.02936872392654638,0.6907211619331968,0.15844689687998983,0.14786221942299366,0.0029693183363485144,4.034274712225139e-07,0.03007703342616346,0.24635658856714204,0.3749848062290864,0.19324342297898647,0.13473104492296148,0.02028237084362657,0.00032473303203367775
NRV,preprocess_Reading7.dat,50000,0.004818054974837361,0.17331813398969353,0.1732511527116885,0.03093430477383029,0.6659682985909466,0.17614495560678883,0.1549861109411189,0.0029001869187818066,4.4794236391176656e-07,0.023245407437135164,0.21069287091698044,0.3925605467401371,0.2098394057778472,0.1419435513861451,0.021380480464006875,0.0003377372777481771
NRV,preprocess_Reading8.dat,50000,-0.033649452616874,0.17177095496111688,0.16844279535450246,0.02909985700969531,0.6321320188521542,0.19837814651494642,0.16705882009458686,0.0024304889572610753,5.25581051436479e-07,0.027766980874582483,0.22117576117295631,0.37184914854576073,0.21462699276551878,0.14534050602226006,0.018923911194615343,0.00031669942430629494
NRV,preprocess_Reading9.dat,50000,-0.077567635243752,0.18275248667112726,0.1654742679306145,0.02865533780897127,0.6540017465289814,0.1706117224717283,0.1737040343058647,0.0016821440378768278,3.5265554882595287e-07,0.030444841642640254,0.23147484370765067,0.3589367323566023,0.20916964591735335,0.15365054165303466,0.016073548974650808,0.0002498457480681317
NRV,preprocess_Reading10.dat,50000,-0.06020520150210001,0.18039418155038617,0.17005115244927105,0.030308063456606665,0.6384888396171968,0.19059701135433987,0.16907641748272217,0.0018373475497316923,3.8399600932106506e-07,0.03950760127173445,0.2531892377384562,0.3139685147967758,0.2283852463929809,0.14741562946536896,0.017265024983610634,0.00026874535107315186
NRV,preprocess_Reading11.dat,50000,-0.060454418587378,0.17377089228792975,0.16291588713138253,0.02774129505502822,0.6361128293880842,0.18626463955677086,0.17570268749259693,0.0019195055820240292,3.379805240435608e-07,0.0311353812107857,0.21959302109215695,0.35093533367750207,0.235331348225834,0.14488220327886941,0.017841324009437814,0.00028138850541393795
NRV,preprocess_Reading12.dat,50000,-0.018446860984168003,0.1902875000315653,0.18939125108645788,0.03616103939865113,0.699342326346842,0.17495753599390237,0.12382352884187431,0.0018762522267125234,3.565906685996103e-07,0.03447973364594135,0.27352636804129954,0.36335517243885235,0.1982899366629131,0.11342205821072905,0.016657260316616553,0.000269470683647962
NRV,preprocess_Reading13.dat,50000,-0.09372671831129,0.199123020843512,0.1756851721245758,0.030474386586984453,0.6968132509458489,0.1752181398579563,0.1259659991187809,0.0020022002164236485,4.0986099022363346e-07,0.04210716625781095,0.2559513292099313,0.3566512878496949,0.2172477334265687,0.11068836093392803,0.017075779524231265,0.0002783427978348805
NRV,preprocess_Reading14.dat,50000,-0.055482812319774005,0.18753788852508702,0.1791427284863572,0.03278574196136329,0.7555169901442692,0.14741289863242116,0.09596911894513364,0.001100706835189979,2.854429858032018e-07,0.04465301633193395,0.3037035999987081,0.3771501119291557,0.1692374655816692,0.09187516949854213,0.013171782446002079,0.00020885421398897497
NRV,preprocess_Reading15.dat,50000,-0.117347112626996,0.20845147525585692,0.17228369828411,0.030015410525179066,0.7350911900443253,0.15173124106252506,0.11211206553357374,0.00106518665147886,3.1670809706694214e-07,0.032407307313026545,0.2430508597994105,0.4092774066785244,0.19557038862501616,0.10481193436915683,0.0146572336234651,0.0002248695914005826
NRV,preprocess_Reading16.dat,50000,-0.0485301459448978,0.1992143542336788,0.19321279426401497,0.03732901081660439,0.6739311813844698,0.20059019156598631,0.1235616030920868,0.001916691458224573,3.324992324927367e-07,0.0408639351566752,0.2599403945893643,0.3711665129574583,0.2033249792268443,0.10710009799170653,0.017325661759427097,0.00027841831852433067
NRV,preprocess_Reading17.dat,50000,-0.03557853755055,0.19543403513047639,0.19216823294484545,0.03820616404406842,0.717110192442192,0.16611731608008246,0.11538996274513817,0.0013822528773699658,2.7585521744993643e-07,0.04561976061410033,0.29563631145106944,0.3615127004398066,0.1820786956784633,0.10036479296639955,0.014561006849148963,0.00022673200101171076
NRV,preprocess_Reading18.dat,50000,0.0008416827415199998,0.1919271891358614,0.1919253435577369,0.03500252010507848,0.6915206857310132,0.17764954127269186,0.12924111563051152,0.0015883386528408347,3.18712942518122e-07,0.03815830442493232,0.2610142800727153,0.3815110975678882,0.18621786584155398,0.11643682949796592,0.01637724443985751,0.0002843781550868874
NRV,preprocess_Reading19.dat,50000,0.050227459199952,0.16662595027382562,0.1588754532549713,0.024740252026983694,0.714159248981955,0.17255533571254267,0.11174768922503969,0.0015372933280733332,4.3275238916236705e-07,0.042745225969248846,0.2767974431809169,0.3707580073345009,0.19337234130968284,0.10052599731399892,0.015559110848239997,0.00024187404341165954
NRV,preprocess_Reading20.dat,50000,-0.014102351437632,0.19822642472497687,0.1977241491148121,0.03972922840098494,0.7044891838553641,0.1698758711419999,0.12409572001660615,0.0015389254446131356,2.9954141676090007e-07,0.036848791268090215,0.26053758509195507,0.3734086455604569,0.20502634137864892,0.10749992866913319,0.01642403659662546,0.00025467143509046885
NRV,preprocess_Reading21.dat,50000,-0.009957785314027998,0.1737147010058183,0.17342906289656462,0.030036427390771576,0.726151228677678,0.16440671102884208,0.1080622931876099,0.0013793652099966943,4.018958734631601e-07,0.04228193645198132,0.2927375928905586,0.3681320591602312,0.18917857765265608,0.09306708057285176,0.014362233517582304,0.00024051975413848624
NRV,preprocess_Reading22.dat,50000,-0.029522047468647998,0.20790832633593878,0.20580165420392058,0.04364112813640163,0.7030071973571984,0.17435562393774645,0.12142458530210765,0.0012123086712201132,2.847317271832831e-07,0.043071771605358335,0.26910425605527794,0.3518089177941299,0.21310200614993977,0.10542433063617296,0.017217191222420176,0.00027152653670097795
NRV,preprocess_Reading23.dat,50000,-0.003830150122934,0.21051321847138596,0.2104783720509479,0.044997392792375634,0.7143977178595656,0.16800351281686185,0.11643035356799762,0.0011681403209572309,2.754346175846701e-07,0.045415289671375536,0.28454848483549683,0.3653816632478758,0.18399939014623898,0.10533410583309777,0.015093478053725485,0.00022758821218953567
NRV,preprocess_Reading24.dat,50000,0.004772795443011999,0.18481048089763333,0.18474884106070508,0.03402301958506987,0.7746740164176241,0.13654142260412255,0.08766681673375595,0.00111743277812569,3.114663717660707e-07,0.049258228354954955,0.30695647094919537,0.3836315139925218,0.17089447243282477,0.07681004946964863,0.012260207118981388,0.00018905768187328038
NRV,preprocess_Reading25.dat,50000,-0.012044434690523999,0.1869738984941296,0.18658555761654966,0.03493734947571063,0.7633597605505165,0.1364395593712169,0.09915449456472047,0.001045942883685477,2.4262986071944296e-07,0.05577730263023096,0.31966757089345005,0.3572428894227757,0.17271676364194044,0.08213330100170398,0.012275775513862178,0.00018639689603651945
NRV,preprocess_Reading26.dat,50000,-0.04829192991895,0.21607966080670002,0.21061412421545178,0.044707244396745026,0.7412501323589064,0.1580592725270225,0.09960548834558937,0.0010848888148117842,2.1795366987358228e-07,0.0509931292188942,0.3188479503040747,0.33722018535265674,0.192959694966599,0.08621043824751373,0.013557495980994004,0.0002111059292675366
NRV,preprocess_Reading27.dat,50000,-0.0030703620458278,0.20428184081077663,0.20425876569182297,0.04132676600213025,0.7251157161579157,0.16756941563734865,0.10629968494539768,0.0010149719468622686,2.113124755936638e-07,0.0482372583100539,0.2895408077827815,0.3609593958723842,0.19266353912762893,0.09555319278901657,0.012846360888189648,0.00019944522994544634
NRV,preprocess_Reading28.dat,50000,0.053593856067843997,0.2202049476917454,0.21358351429757763,0.04514572554928495,0.7593191578688131,0.14600428817699737,0.09359243225514227,0.001083894781028378,2.2691801891375527e-07,0.056133436736938935,0.2912133350336864,0.37805193302930773,0.1766632754260449,0.08462399373941652,0.013111134370815026,0.00020289166379044182
NRV,preprocess_Reading29.dat,50000,-0.00926308869038,0.1891494047938399,0.18892245107921415,0.03590157574094983,0.7630996927391416,0.14176663017943938,0.09405261308249988,0.0010808662406564117,1.9775826281554205e-07,0.047905348846183866,0.29564133634584405,0.38710852792400463,0.16762257990392898,0.08746806837761925,0.014039583371729121,0.00021455523069000685
NRV,preprocess_Reading30.dat,50000,0.09012646444763799,0.2031392173856707,0.18205153678623925,0.033603991184304745,0.7524322086070491,0.14951056130185322,0.0970625656087839,0.0009943868857255943,2.775965884826037e-07,0.0479174452943295,0.3023428012013141,0.3615930430379705,0.18355304640473846,0.09083498548078883,0.013542295814739536,0.00021638276611912676
NRV,preprocess_Reading31.dat,50000,-0.09745823194536199,0.20269727338596516,0.17773035099326373,0.03187429722039462,0.7754044515468026,0.13034341060399574,0.09346904657000689,0.0007828350192945205,2.5625990029276413e-07,0.05782414626738918,0.3382830983844759,0.34687948650612965,0.1600775676377488,0.08290877964869413,0.013816692271860503,0.00021022928370174762
NRV,preprocess_Reading32.dat,50000,-0.062409426017924,0.2053247833330074,0.19561014849659442,0.038362058187861064,0.7908029810184932,0.13149027614942188,0.07687130635675132,0.0008352493049569293,1.8717037671873407e-07,0.05488617712960394,0.3210696665930988,0.36891106452926836,0.17299390792019517,0.06994264961729757,0.01201174624322412,0.00018478796731197895
NRV,preprocess_Reading33.dat,50000,0.002690800118922,0.18935840640895715,0.18933928718694332,0.03616555627010919,0.7530254437032242,0.1558283459583214,0.08999413938646442,0.0011518506711030445,2.202808870139847e-07,0.05651459723146813,0.2946583704724813,0.361830921981102,0.19305374608961806,0.08034109777635962,0.013389657997967135,0.00021160845100367645
NRV,preprocess_Reading34.dat,50000,-0.034202948979760006,0.1965472724092522,0.1935484140276141,0.03866049435453726,0.7539967549608227,0.15698584227762505,0.08801878016396339,0.0009984213600339768,2.012375549929133e-07,0.05911475354432813,0.3060612329274874,0.3605006929423631,0.17781178637316428,0.08281348324645663,0.013486477989906273,0.00021157297629432188
NRV,preprocess_Reading35.dat,50000,-0.052396595830584,0.1876508300895213,0.1801872103637015,0.03318642968845443,0.7217088099476087,0.1673014357494221,0.10977920000956189,0.0012102221113710258,3.3218203647798136e-07,0.05267322448011544,0.2963094581009644,0.32886562194356767,0.20044051781872563,0.10510087718187666,0.016358374656032727,0.0002519258187176777
NRV,preprocess_Reading36.dat,50000,0.01585341146424966,0.19231203061877805,0.19165747171885322,0.03681125593761651,0.7412519693515881,0.16943856856298417,0.08821471030285606,0.0010944944553186876,2.5732725310755405e-07,0.04397235618702734,0.25322503103998323,0.41538234564373155,0.19257397665384246,0.08228973606625886,0.012363604635937827,0.00019294977321879654
NRV,preprocess_Reading37.dat,50000,-0.0168332372797526,0.18647227999767596,0.18571094025451276,0.03396746952728925,0.7094091019233915,0.18262818063856406,0.10690336656668001,0.0010591321221663653,2.18749197957345e-07,0.044801564870786716,0.2699009943430603,0.3657302310445395,0.21428645483129483,0.09127766584939652,0.01379476465216173,0.0002083244087604314
NRV,preprocess_Reading38.dat,50000,0.02301066904688,0.19684340203731043,0.19549382096536244,0.03816649282072571,0.7448386008084588,0.1724260914606017,0.081853628153919,0.0008814826627096683,1.9691431114735052e-07,0.06158041161429388,0.30318603136110545,0.3612893250419171,0.18739942059734968,0.07602799297758918,0.010356406527476443,0.0001604118802683974
NRV,preprocess_Reading39.dat,50000,-0.029763474369152,0.199153484527553,0.19691685045455892,0.03911641338246839,0.7408529213737384,0.17136015561654114,0.08673779459993203,0.0010488788344271797,2.4957536129556224e-07,0.038702174818092336,0.25609145394618643,0.40783822095919886,0.21072311625825615,0.07513045234402323,0.011330984736142607,0.00018359693810036186
NRV,preprocess_Reading40.dat,50000,0.006562012779574,0.1855953892452523,0.18547934789991422,0.034571936607362644,0.7498910606500953,0.16417415952953535,0.08479275905295229,0.0011417661549847885,2.5461243240172434e-07,0.047916603925902905,0.2666837417644226,0.3847550653378333,0.2059165677972666,0.0831978122598181,0.01135230722172565,0.0001779016930309881
NRV,preprocess_Reading41.dat,50000,-0.09159296997077021,0.20319611482774566,0.18138188700370272,0.03227102067495977,0.7232857750580208,0.17162290422314846,0.10401022098358846,0.0010808862401307988,2.1349511139501432e-07,0.052440993455377345,0.27625080242328104,0.3503814340182595,0.20950430365793724,0.09856340527790061,0.012660488198277229,0.00019857296896704516
NRV,preprocess_Reading42.dat,50000,-0.08290682593207,0.1903668347249106,0.17136507805574291,0.030663562733446795,0.7019379157655065,0.18985478526022911,0.10708694437622589,0.0011201484765282238,2.061215104221133e-07,0.04801012185994317,0.28417926340098354,0.3487925249665515,0.20517959009523468,0.10035775563833124,0.013277391582280982,0.0002033524566747923
NRV,preprocess_Reading43.dat,50000,-0.005362304143118,0.18466153239680272,0.1845836591939062,0.03407457424314113,0.7216160173297527,0.17687651793767412,0.10024221887450177,0.0012650351363333724,2.1072173806822366e-07,0.04833547406987704,0.3022568934233543,0.3484813634937382,0.19605640669464344,0.09086774978388204,0.013785432136683066,0.00021668039782180313
NRV,preprocess_Reading44.dat,50000,-0.020181786149726,0.18677058493043935,0.18567699616017377,0.0350643599817988,0.7580517823732932,0.15640390676241595,0.08441686146854212,0.0011272227044050998,2.266913437582189e-07,0.05254455649560939,0.304985799722101,0.3534833525632737,0.19983678558805398,0.0766208484685444,0.012341568550961114,0.00018708861145645762
NRV,preprocess_Reading45.dat,50000,-0.028211560411537998,0.17598874339817402,0.17371282526634146,0.030381674676672132,0.7831870260022458,0.13520858529070548,0.08033246653255277,0.0012716138823955286,3.082921002598845e-07,0.05535727803501696,0.32999798519526574,0.35517941359273825,0.17487754917933293,0.07246583339743992,0.011935335213758723,0.0001866053864474748
NRV,preprocess_Reading46.dat,50000,-0.0785275341830556,0.22285074415879572,0.20855666028026543,0.04378002883422755,0.7729671113625071,0.13799386121851864,0.08771116147552867,0.001327621845217639,2.440982279626389e-07,0.05254511349515385,0.32091593050988354,0.3556380795633033,0.17552739122252653,0.08065398156979041,0.014495235116004828,0.00022426852333732634
NRV,preprocess_Reading47.dat,50000,0.023807525045859996,0.17695495083944,0.1753461045412169,0.03175299178282204,0.7597360823251199,0.15329771456494712,0.08561437349642649,0.0013515655885162148,2.640249904594434e-07,0.0514817658978819,0.32634615313200926,0.35442225853654935,0.17331793405931614,0.08109770971843289,0.01313104010825044,0.00020313854756002494
NRV,preprocess_Reading48.dat,50000,-0.06368702641288,0.2004189918609418,0.1900308789782371,0.03660480224178743,0.747895422485551,0.15280192782354743,0.09781296911629181,0.0014894849092559578,1.95665354001744e-07,0.05661617475252001,0.3265334734570807,0.32934164236519425,0.1835208436680103,0.08784807641191698,0.015893938925762876,0.00024585041951474373
NRV,preprocess_Reading49.dat,50000,0.08221181961083199,0.22078738917830615,0.20491043881766696,0.039552122077269374,0.7354988177243483,0.15740413682489537,0.10561186407451277,0.001484987764960384,1.9361128312449266e-07,0.046877911242316696,0.26092029676186845,0.37520259000473694,0.2091382784558222,0.09225164988151192,0.015369126722011048,0.00024014693173280216
NRV,preprocess_Reading50.dat,50000,-0.053484549054944,0.20891398139422773,0.20195161458720015,0.04048392217799581,0.7115869547541444,0.16724294431548645,0.11984729066634266,0.0013225520807721193,2.5818325436134944e-07,0.05113212879105901,0.300495243518392,0.335865386507197,0.18591197985059732,0.11134810238611224,0.015014913463566475,0.00023224548307588415
NRV,preprocess_Reading51.dat,50000,-0.036875905746410004,0.21095465077636727,0.20770660138657357,0.04107319135466937,0.7120253024078934,0.15677112787290015,0.12956539452972665,0.0016379959484275576,1.79241052367962e-07,0.05368593100400102,0.26415328168700225,0.34455676726622003,0.20994347936120641,0.10935118256995142,0.018034955266487337,0.000274402845131455
NRV,preprocess_Reading52.dat,50000,-0.05137108262809801,0.20874864114906289,0.20232895752016658,0.04135929869012793,0.7161761378324076,0.1440653529994687,0.13782494579384372,0.0019333060446813145,2.573295985964633e-07,0.04251247082439554,0.256453717732528,0.3719146318847537,0.19074577767932333,0.11961026375093603,0.01848602183173122,0.0002771162963321845
NRV,preprocess_Reading53.dat,50000,0.006926691443689402,0.19933433904662567,0.19921395450318996,0.03938996239703486,0.7372232036460467,0.14153870651790024,0.11987400027977779,0.001363927555581845,1.6200069344961207e-07,0.04034664912388788,0.23013411223796124,0.3850853301566619,0.21455312905943594,0.11331951673369825,0.016310028272301234,0.0002512344160536085
NRV,preprocess_Reading54.dat,50000,-0.038193117356476,0.1915420565104038,0.18769561848596567,0.0347388360487548,0.7108955707466028,0.14784969281952665,0.13947842774248956,0.0017759685267661164,3.401646147624903e-07,0.043696412627490674,0.261113601381084,0.36317472530610756,0.19658954623958844,0.11775102398385279,0.01741494450811199,0.0002597459537645495
NRV,preprocess_Reading55.dat,50000,-0.0849654986004306,0.19754214523709165,0.1783360961568141,0.030216593959227836,0.7148266733105103,0.14871204071369315,0.13495931734863947,0.0015017951847226274,1.7344243437318026e-07,0.043081123879734055,0.2791067079809112,0.3413050982421645,0.2024210076480393,0.1166405552015523,0.01718654886123371,0.00025895818636480233
NRV,preprocess_Reading56.dat,50000,-0.029728217879972,0.19785887853834336,0.1956128034616646,0.03910397497794798,0.7190133867862587,0.14596680402022771,0.13338292731468812,0.001636732081280356,1.497975450570561e-07,0.03985490776974724,0.25941595566682907,0.36421077725491163,0.20507213555849307,0.11457008987228688,0.016624088178902385,0.00025204569882967973
NRV,preprocess_Reading57.dat,50000,-0.0026878337154179997,0.18452323626937275,0.18450365924078854,0.03484777575074751,0.7331337097747107,0.1513222279465858,0.11438210240663299,0.0011618252548925637,1.3461717768348748e-07,0.04554278861374705,0.2572379195964621,0.3602772881164298,0.2179707826445375,0.10272813278710138,0.01599789391153893,0.000245194330183184
NRV,preprocess_Reading58.dat,50000,-0.0830755878782,0.21189061782140622,0.19492583363789598,0.03949643977041495,0.7226812296420229,0.15034659987806964,0.12564048440373005,0.0013315449514264784,1.4112475095984896e-07,0.04863607961766215,0.27743757306871775,0.33936953431334516,0.20240655320419865,0.116663484866888,0.015259143145682125,0.00022763178350616867
NRV,preprocess_Reading59.dat,50000,-0.02844932145061,0.17352337394550563,0.17117534114010594,0.03056873702575799,0.7522545329897313,0.13719823013626628,0.10941564538951783,0.0011314644730533606,1.2701143108100806e-07,0.03626517202962273,0.25267302718962087,0.3809005515379979,0.22270880289066775,0.0952685190667071,0.012004166412541043,0.00017976087284264696
NRV,preprocess_Reading60.dat,50000,0.0679692968443062,0.19659099728770446,0.18446732746224956,0.033633164307826216,0.7336285460235634,0.14667899526490763,0.11850917246552078,0.0011830910983019265,1.9514770639469256e-07,0.05814828079173028,0.30314152728772076,0.326222043615112,0.18679647521475287,0.11166006437142437,0.013820266692466075,0.0002113420267936195
NRV,preprocess_Reading61.dat,50000,-0.020165042038274,0.17544514757168483,0.17428244571971357,0.031174346726269533,0.7065546965320576,0.15546964595650745,0.1367321425069505,0.001243356289250115,1.5871523426945442e-07,0.043867222786232105,0.26727953534648674,0.3478025596059203,0.20356328124653297,0.12220859039403244,0.015055186464819879,0.00022362415597559197
NRV,preprocess_Reading62.dat,50000,0.026422771874966,0.19696780371975547,0.19518748122927257,0.038558404575752915,0.7706203643695724,0.12540823989280975,0.10289496989075819,0.0010762739412541033,1.51905605532254e-07,0.065489387783472,0.34141207500731896,0.3174469398132119,0.17068489174211063,0.09222583044512428,0.012553128864150265,0.00018774634461195055
NRV,preprocess_Reading63.dat,50000,0.043881125881944,0.20055014933425633,0.19569059555667334,0.03767278057826757,0.7712850407263871,0.12030182589998165,0.10707355650975454,0.0013393546159530102,2.2224792364885546e-07,0.06063844995753956,0.3324739161938809,0.32105722278289206,0.18138295410562924,0.09120153108603603,0.013034623897669115,0.00021130197635325167
NRV,preprocess_Reading64.dat,50000,-0.07087354560240801,0.2263151473901811,0.21493135292921503,0.04636794717900796,0.7629626697860715,0.1261276488666109,0.10980144056670237,0.0011081046992072957,1.3608140784594645e-07,0.05981590133858759,0.3104524651949202,0.3370647066135359,0.18377732445764106,0.0938943767184367,0.014774221014104682,0.00022100466277391218
NRV,preprocess_Reading65.dat,50000,-0.038355340597912,0.20916273346756517,0.20561594519696635,0.04263696122359217,0.7656986566826133,0.11866275526562521,0.11428764487116909,0.0013507955311113787,1.4764948107482115e-07,0.049917926009454515,0.2830823406034969,0.3670261180057269,0.19126992423547387,0.09655902358409252,0.011967679527686414,0.00017698803406876308
NRV,preprocess_Reading66.dat,50000,-0.047348126113179394,0.20514614572485607,0.19960735472255112,0.03982921915159762,0.7700140360985672,0.11642233170501111,0.1124070076777888,0.0011564800537272562,1.444649054898958e-07,0.056026721781874525,0.29708889181644194,0.34622655724712365,0.18978878803092972,0.0975764922370252,0.013096082978229909,0.00019646590837501813
NRV,preprocess_Reading67.dat,50000,-0.05887252217794,0.2106381482286989,0.2022435552041728,0.041106279649432566,0.7668695388046857,0.12144758801057096,0.11067605986007593,0.001006684407270529,1.2891739711999328e-07,0.05007137469910311,0.2884830486620004,0.3614726632674054,0.19201042826679296,0.09542671443520213,0.012353488941395145,0.00018228172810066788
NRV,preprocess_Reading68.dat,50000,-0.052785872987746,0.18855620523134828,0.1810168338695821,0.029156990358600792,0.7346952447472568,0.12512466654406626,0.1389055622494644,0.001274396972111285,1.294871013093228e-07,0.04331461833474397,0.26993894321080564,0.3504185131139843,0.20618688893148573,0.11710397349727175,0.012852620190767156,0.0001844427209416224
NRV,preprocess_Reading69.dat,50000,-0.054221312134618,0.17644377651558332,0.16790609155561165,0.02810458860771473,0.7470730075135686,0.12888823879933922,0.12272563868395263,0.0013127666990282972,3.483041111252186e-07,0.04863865581071017,0.27873227371503334,0.36139001073124843,0.19699000465061026,0.10148968254760367,0.012576156444804839,0.00018321609998929548
NRV,preprocess_Reading70.dat,50000,-0.050757660763924,0.21155071847228873,0.20537128903504492,0.04128160463024348,0.7736272011140836,0.12489264863537557,0.10033268379682805,0.0011472752499778042,1.9120373510028265e-07,0.053125075949803036,0.29661399078810224,0.37626630055215154,0.17366179280937852,0.0886228827533615,0.011540516686202556,0.0001694404610005937
NRV,preprocess_Reading71.dat,50000,-0.000860256214192,0.1836149676756673,0.18361295246736353,0.03469056408328655,0.712375902441373,0.14744373073874517,0.13874945988008003,0.0014307614112501615,1.4552855150056242e-07,0.04432749218368526,0.29359533641882557,0.33308696128194676,0.189504892963698,0.12565785632238616,0.013627592454143965,0.00019986837531430418
NRV,preprocess_Reading72.dat,50000,0.01999431892821,0.21680243897127885,0.21587849534979653,0.0464297252327509,0.7327322993653559,0.13703877602597261,0.12887453850523028,0.0013542245508298453,1.615526113757473e-07,0.04582459976975082,0.2958754464363538,0.3383117644198227,0.18918903096065537,0.117492405061062,0.013113833835165043,0.00019291951719030434
NRV,preprocess_Reading73.dat,50000,0.007596969416608,0.19947442826729944,0.1993297107514309,0.04073288260596821,0.7049372053746837,0.14600500969825436,0.1477352866115614,0.0013223266451616706,1.716703387926581e-07,0.052257675976900946,0.31433879961547306,0.307182272262376,0.18861930138519298,0.12261001829440146,0.014772813060028934,0.0002191194056265874
NRV,preprocess_Reading74.dat,50000,-0.04292501295477201,0.2062839498635489,0.20176845946316735,0.03912241128202997,0.6772372797068061,0.15540129373959732,0.16573237261860835,0.0016288737310286379,1.8020395961763483e-07,0.03929299251040841,0.2557736926984168,0.3342800888741057,0.20587096252819959,0.14906463394185662,0.01549922303616316,0.00021840641084957768
NRV,preprocess_Reading75.dat,50000,0.008666548904386,0.22051289132453625,0.22034252011446775,0.047122020746060735,0.7304016411139159,0.14241897154263267,0.1257995753327553,0.0013796392041619428,1.7280653410013406e-07,0.040179177612169,0.27881781663166927,0.364372349642669,0.19413746588618502,0.1075280207837991,0.014747322981158651,0.00021784646234976576
NRV,preprocess_Reading76.dat,50000,0.06884534874861199,0.1714640233185086,0.15703575786505458,0.02525608303103351,0.6378632714332632,0.1734114415361574,0.1870305767229074,0.0016943457294192115,3.6457825289309795e-07,0.02618078901019137,0.21883888758743775,0.35632344564764157,0.20110632317436608,0.17296311846460466,0.024232686107857258,0.0003547500079012931
NRV,preprocess_Reading77.dat,50000,0.0018323561884405998,0.18690196112199728,0.18689297884630995,0.03505617470971145,0.6339573682074134,0.18162886144395324,0.18273511164980305,0.0016783404113555537,3.182874745692324e-07,0.029944053201439277,0.22224877444120486,0.35962041580934695,0.20451285838990282,0.16065992086434192,0.022678421164704917,0.0003355561290590479
NRV,preprocess_Reading78.dat,50000,0.029761895303672,0.18169511246044198,0.1792410206396569,0.0316980912823125,0.6689848536089898,0.18332977183440452,0.1462570763211214,0.0014280022693416463,2.959661425811624e-07,0.031454023623560236,0.24738164506709295,0.3621955561298919,0.20576014129075407,0.13327127503371752,0.01964444854397274,0.00029291031101047287
NRV,preprocess_Reading79.dat,50000,0.02808484169804,0.17543011221095423,0.17316745057066593,0.03017166174607286,0.6629411554286582,0.1712765702797494,0.16426887153229575,0.0015129759014682986,4.26857828392271e-07,0.031439628072853394,0.2750408166697634,0.33313975110920774,0.19274872630607637,0.1497430374319025,0.017623125860675663,0.0002649145495210274
NRV,preprocess_Reading80.dat,50000,0.007462404981679999,0.1912046901668814,0.1910590119667285,0.036124632560878125,0.7144395102322926,0.15189361388888412,0.132088063473082,0.001578470777048317,3.416286930005911e-07,0.04025341908169165,0.2809143902170641,0.3581495055251045,0.18322801135505348,0.12141736984455927,0.015796597206325546,0.00024070677020145766
NRV,preprocess_Reading81.dat,50000,-0.019645258174689203,0.15041885967467417,0.14913047031736715,0.019749027334657214,0.6878223010340564,0.17049376349946255,0.14027002758629448,0.001413603194773909,3.0468541286788795e-07,0.02822781318780643,0.27719042589644327,0.36788519618260684,0.1973564097274134,0.11460528392989758,0.014510660423686535,0.00022421065214604026
NRV,preprocess_Reading82.dat,50000,0.013490339044328,0.1950617818598888,0.19459473141589398,0.03784494015369272,0.7029965733394175,0.16442546837303082,0.13120895490748893,0.001368729927452406,2.7345261041770805e-07,0.0297984608922488,0.25023939159100544,0.3890419630479973,0.19333492618667997,0.12250508911173737,0.014856751952462166,0.0002234172178688214
NRV,preprocess_Reading83.dat,50000,-0.0271626261571576,0.19991519454898785,0.19806129544109863,0.041379350155946765,0.7545846742814858,0.12594440509471158,0.11825540964226135,0.0012152453487587348,2.656327825484084e-07,0.03088067574186621,0.26082160161595724,0.4330836427109478,0.15427368274861677,0.10690290082966479,0.01382737358651468,0.00021012276643238897
NRV,preprocess_Reading84.dat,50000,0.03805480241635201,0.18851240315217813,0.18463141161585087,0.034459807734843556,0.7285301749650281,0.15425943739073256,0.11597950957272946,0.0012304793777647791,3.9869374541867834e-07,0.030034020938093823,0.2678595718217038,0.4027092665668186,0.17554012837460195,0.11061170578734232,0.0130465214840054,0.00019878502743411495
NRV,preprocess_Reading85.dat,50000,0.03994833937751,0.17280255477753728,0.1681215426964167,0.025095965153393296,0.7064465992034759,0.1685023762685213,0.12377193485449303,0.0012788637282957034,2.2594521407821387e-07,0.030608796344998426,0.2803640305812737,0.3680479110388626,0.19383688827712378,0.11168073664693996,0.015225582775510095,0.00023605433529159085
NRV,preprocess_Reading86.dat,50000,-0.022663868912152003,0.17392309812785847,0.1724401145566932,0.031526147389513585,0.7022138831475428,0.16313904084488393,0.1334095266960897,0.0012372220343854787,3.272770981360417e-07,0.03018273355645182,0.24178071185525296,0.4058920736934078,0.19167275789031749,0.11536495905295252,0.014884770824932322,0.00022199312668522156
NRV,preprocess_Reading87.dat,50000,0.010521967921036003,0.18428067202642867,0.1839800377040424,0.03452112226865132,0.7036195664891353,0.16953130331743607,0.12534202457375007,0.0015068653237188107,2.4029595973291877e-07,0.032192924477161024,0.23839980378566863,0.4005252598231628,0.20267166245924284,0.11043217961494506,0.01553649905834661,0.00024167078147327138
NRV,preprocess_Reading88.dat,50000,0.001971645250746,0.1799664178465727,0.17995561721583578,0.03359611863509532,0.7043747615297857,0.17636659274320252,0.11777939395322021,0.0014789292459570977,3.225278344522293e-07,0.02723121313240822,0.23686853745048303,0.4114040942628629,0.20401147521977123,0.10633701207684004,0.013923246669516245,0.00022442118811838685
NRV,preprocess_Reading89.dat,50000,0.021386296452836004,0.18355855061878582,0.18230844146473518,0.032848310820508236,0.7422289943277638,0.1493517190999259,0.1073248757437488,0.0010941832896337056,2.2753892780573462e-07,0.03710872156730061,0.24740411637024154,0.4153055211752153,0.19298568197704488,0.09368283352050752,0.013307535004413586,0.0002055903852764836
NRV,preprocess_Reading90.dat,50000,-0.044669564614706996,0.19032903097121828,0.18501289151725478,0.03290503865767087,0.7517184513375904,0.13742158941480745,0.10955338473041905,0.001306358745902079,2.1577128091993574e-07,0.03962946021740588,0.2968691643755048,0.38221467678978627,0.18516693681674792,0.08196805585930027,0.013931226146242058,0.00022047979501279845
NRV,preprocess_Reading91.dat,50000,0.010330458586738001,0.1809520135913911,0.18065689261184217,0.033470763412256646,0.7607033725214106,0.13431436986797762,0.10352367876085057,0.0014583578946614658,2.2095509972182578e-07,0.03731271748613678,0.2809593139990474,0.4065511826261558,0.1680769569495079,0.09447963108354407,0.012427568824724618,0.00019262903088358488
NRV,preprocess_Reading92.dat,50000,0.012397280535388,0.18506523066347083,0.18464952487307015,0.03394540663843765,0.723099335669258,0.15778938168287465,0.11765087339350803,0.0014601410254693307,2.6822888987685566e-07,0.03943821416908449,0.2533435502475711,0.39102475228775185,0.20498507085410492,0.0996288439727633,0.011409247536549306,0.00017032093217506162
NRV,preprocess_Reading93.dat,50000,0.006657247379171999,0.18013114877896266,0.18000808820095082,0.033388710632433434,0.7369985128572295,0.15846024900646494,0.1035148770831068,0.0010261869558290965,1.7409736975075502e-07,0.03682400777668259,0.265290781636363,0.41453177991306656,0.17683798222054473,0.09481494405508768,0.011526825558733491,0.00017367883952199272
NRV,preprocess_Reading94.dat,50000,0.04495100796559,0.1955093104423331,0.19027164095711702,0.03666911809197931,0.7657937016505676,0.14563619478424014,0.08755916256281963,0.0010107527332008663,1.8826917168817966e-07,0.03405680671162214,0.27736558503644804,0.4219245474395591,0.16839147457571238,0.08766477888477991,0.010428425350739554,0.0001683820011389699
NRV,preprocess_Reading95.dat,50000,0.001594821658212,0.1896296475836712,0.18962294108726888,0.03781806529090397,0.8086181061545132,0.1226376574739735,0.0678717722151127,0.0008722207700408859,2.433863596698204e-07,0.040008143937818604,0.2865432282331254,0.44350744923724045,0.15455893922430133,0.0657153652534287,0.009516851144947791,0.00015002296913778663
NRV,preprocess_Reading96.dat,50000,0.017014542343264,0.18543224294559268,0.18464999884289895,0.03593092990913832,0.7641087277870537,0.13874752116846728,0.09600692538515791,0.0011366087167964324,2.1694252465180213e-07,0.041818486979362315,0.2906556795758097,0.4015640156743421,0.17335819307218503,0.08081564523548579,0.011608012660258989,0.00017996680255601206
NRV,preprocess_Reading97.dat,50000,0.024115832118479997,0.1780204189079714,0.17637940976600106,0.03151874465283234,0.8184094670031195,0.10863784543901098,0.07167984672119795,0.0012726284551477008,2.1238152377743785e-07,0.03773231798632169,0.2952316141083212,0.4383703009018811,0.1540696964940802,0.06433885079728317,0.01010141468210008,0.00015580503001269273
NRV,preprocess_Reading98.dat,50000,0.012111890977857002,0.1890127998154067,0.18862433721818486,0.03458373551360563,0.7872597040925667,0.1319114188495743,0.07973557070224749,0.0010931449258093184,1.6142980207586864e-07,0.04092388610054926,0.3143789129933445,0.39689884019681276,0.16766509771486873,0.06965909743821627,0.010313746100568951,0.00016041945563975783
NRV,preprocess_Reading99.dat,50000,0.021438786673495996,0.19745764882312755,0.19629035000408424,0.03906721189740469,0.7448478171798445,0.16245191535791395,0.0916688288220046,0.0010311637264562264,2.7491378056963073e-07,0.03993307605332918,0.2695842183739596,0.4046623203619147,0.19202754542517275,0.08154809814307476,0.012057233598508955,0.00018750804404007372
NRV,preprocess_Reading100.dat,50000,0.024476754469135997,0.1709181787208597,0.16915647285254376,0.02906767839230373,0.7409669478687527,0.16051011246921207,0.09765007296538479,0.0008726244068584239,2.42289792028889e-07,0.042658095188212564,0.26389112704450396,0.3982149140221664,0.19036722803628603,0.09176256422554027,0.012901756517833462,0.00020431496545730902
NRV,preprocess_Reading101.dat,50000,-0.0057666770274160005,0.19308444801876837,0.1929983147666682,0.03833565130935026,0.7709698415816898,0.14534117254922604,0.08249971518268892,0.0011890449773186453,2.257090767271582e-07,0.04469784616213812,0.2850591508264365,0.3988191264941207,0.18529111494001616,0.074218294852003,0.011718254926660754,0.0001962117986247896
NRV,preprocess_Reading102.dat,50000,-0.0061172504540002,0.1847063187934717,0.18460499302326205,0.033641904355948736,0.7926322372089708,0.13061197356964974,0.07550705732128588,0.001248399118685467,3.327814079645393e-07,0.05094248448645047,0.29838376295260693,0.40102836486440335,0.16957908544949665,0.06812774558604884,0.011749722041880099,0.0001888346191137315
NRV,preprocess_Reading103.dat,50000,0.039425944943493996,0.15987378914855419,0.15493619113050683,0.023047954013749507,0.7927040889455262,0.13450569508036522,0.0714784845963673,0.0013110643553817909,6.670223592230596e-07,0.051769204983292176,0.3485871426947336,0.35459206880943744,0.16300234631263374,0.07061162489468684,0.011262404370048945,0.00017520793516716642
NRV,preprocess_Reading104.dat,50000,-0.0011660768518990002,0.17295116737783645,0.17294723635297518,0.030887645017510335,0.7699795601960057,0.1409097226276592,0.08810169576455361,0.0010088109967166632,2.1041506480362319e-07,0.05455634079916979,0.3109240903746519,0.3764191424330343,0.16526580314307565,0.07973790781560863,0.012900234764689645,0.00019648066977021218
NRV,preprocess_Reading105.dat,50000,-0.05419824118287601,0.18300084838711314,0.17479090698055771,0.03120337910558594,0.7413896763886116,0.14973449274398737,0.10792152611563521,0.000954097360493371,2.073912722619874e-07,0.06070013159680202,0.3338757371122655,0.3260072880998488,0.18136478212154286,0.08399445612491128,0.013840125864130087,0.0002174790804992635
NRV,preprocess_Reading106.dat,50000,0.045090667622072,0.19102367225156253,0.18562563145715683,0.03417914519873634,0.7782309304931312,0.13954026032773212,0.08122990388285321,0.0009987047032804924,2.0059300306487323e-07,0.05601931936781164,0.30469985761877216,0.3828722094089756,0.17132615157736117,0.0733900257448572,0.011513570600167033,0.00017886568205533927
NRV,preprocess_Reading107.dat,50000,-0.056190279855756,0.20014880908791477,0.19209944879942362,0.037887782175243946,0.7295845806600569,0.16385912305224856,0.10553425714675889,0.0010218864274539662,1.527134813721814e-07,0.05228177160017977,0.28951978562105296,0.35004291445417407,0.19988240751488529,0.09463353987359374,0.013431692839713369,0.00020788809640086528
NRV,preprocess_Reading108.dat,50000,-0.045613857658214,0.20131344690899028,0.1960777394196369,0.0391623725437218,0.7219021125083955,0.16995747949924286,0.10693199811016327,0.001208232911825837,1.7697037242844597e-07,0.048198464109265225,0.2891665366546053,0.3431947006070995,0.20858202051480815,0.09719629301895065,0.013456384054280035,0.00020560104099115283
NRV,preprocess_Reading109.dat,50000,-0.042520729828852,0.19536821479488098,0.190684888984315,0.036584889911622974,0.7142554651936116,0.16627003605636234,0.11832122944864672,0.0011530601662279674,2.0913515142374024e-07,0.04924873660975436,0.28241494345327034,0.3563223087111604,0.19545559702737744,0.10215973148716645,0.01418311523122305,0.00021556748004818743
NRV,preprocess_Reading110.dat,50000,-0.05414111634119001,0.17511765778875624,0.16653808450546578,0.027469000947654823,0.7556055897213207,0.1600497055094998,0.0830095165055582,0.001334668004797492,5.202588238332355e-07,0.049892734536031644,0.3147724952743437,0.3527632434859919,0.1841684260814581,0.08529012511179537,0.012910963247208881,0.000202012263170501
NRV,preprocess_Reading111.dat,50000,-0.020010917047894,0.16742663028835494,0.16622647120304215,0.027116333886961764,0.743086268138078,0.1653576663543257,0.09044215687192486,0.0011136932931381431,2.1534253351929655e-07,0.050801100943466994,0.27948186993086005,0.35620033287552955,0.21387537785675015,0.08735279207561832,0.012079105171032384,0.00020942114674252522
NRV,preprocess_Reading112.dat,50000,0.010887168277374001,0.18419567426516134,0.18387364135432124,0.03540124520071547,0.7607167566612271,0.150777127197604,0.08750551166250384,0.0010004071716150022,1.9730704972715928e-07,0.052329946032537863,0.281959053530933,0.38854500226076366,0.1811621130724874,0.08338696169085519,0.012417739403720578,0.00019918400870244643
NRV,preprocess_Reading113.dat,50000,-0.031912067039922,0.17303627957561257,0.17006814524363192,0.02863231440276321,0.7775152910138273,0.14019825464389649,0.08108188172997095,0.0012042503872493242,3.2222505596523814e-07,0.054315546483639086,0.3186476167387104,0.3716125878986103,0.16871174330169803,0.07507043418195002,0.011462733044199615,0.00017933835119266425
NRV,preprocess_Reading114.dat,50000,-0.0878103058992118,0.1870983894311662,0.1652124617140704,0.027712623458491775,0.7910163672324778,0.13017623321941774,0.0777626147683715,0.0010444397666933593,3.450130395646208e-07,0.0475303335797594,0.28295242118517394,0.3905781264264868,0.19450486796264954,0.0726065345538181,0.01164659267877235,0.00018112361333994618
NRV,preprocess_Reading115.dat,50000,0.033121889625002,0.19638047216469198,0.19356712085293967,0.03785927920737218,0.7585145510981371,0.16036632114383692,0.08012133986952012,0.0009975748872677317,2.1300123795915907e-07,0.04799321428671893,0.25939390938928203,0.39746634701651407,0.20760194039015992,0.07697245384111873,0.010411984199744194,0.000160150876462011
NRV,preprocess_Reading116.dat,50000,-0.0249546375435326,0.1973419635296263,0.19575780095515805,0.03881398199483162,0.7702216388714251,0.14317001860174222,0.08531516482572564,0.0012929798873714624,1.9781373559128053e-07,0.06335196552248731,0.31445095482991425,0.35566694881385175,0.175553285186525,0.07870371808511792,0.012077183920159254,0.00019594364194444627
NRV,preprocess_Reading117.dat,50000,-0.0481446597192594,0.18848280798405564,0.1822302407562233,0.03234854769306392,0.7805888625524355,0.14590534322759624,0.07224088070092667,0.001264722274626096,1.9124441544448113e-07,0.056632511816719903,0.3210939990602648,0.3436071924536218,0.1991415356398799,0.06803955647821507,0.011305924254719754,0.00017928029657874627
NRV,preprocess_Reading118.dat,50000,-0.069827498267502,0.19768257614453502,0.18493923703974202,0.03414844467069182,0.7987113591209426,0.1265046895719134,0.07351805855414441,0.0012656039510247285,2.8880197491336103e-07,0.05829665506407159,0.3126729367177475,0.3764970994178479,0.1710377971517212,0.06896299596941609,0.012337788625106516,0.0001947270540891764
NRV,preprocess_Reading119.dat,50000,0.02707794680488,0.1777598615204882,0.17568538119210497,0.030883314669697792,0.8002541074353643,0.1260409284492421,0.07236594582580261,0.0013387797917259199,2.3849786494706437e-07,0.06618907276300029,0.3557095615459233,0.33338685580412664,0.1652313463732728,0.06819352759041276,0.011114802624770178,0.00017483329849404307
NRV,preprocess_Reading120.dat,50000,-0.077036179159516,0.2010371083047792,0.18569153458370274,0.035821424744742966,0.8071601853453714,0.12057046029285018,0.07133780499038567,0.0009313685611190602,1.808102736268849e-07,0.053279542135565794,0.3067375686118931,0.38880644348046184,0.1689778924025338,0.07064774045770611,0.011368240606204078,0.00018257230563538596
NRV,preprocess_Reading121.dat,50000,-0.02488739184323,0.18935284855496262,0.18771019946481368,0.0339558324984967,0.7980123758120383,0.12788306364900848,0.07303218741875442,0.0010721941791873087,1.789410115574377e-07,0.0631861605058834,0.3763009685628781,0.3222871992983896,0.16156363053022327,0.06519640578892967,0.011283749150105039,0.00018188616359085234
NRV,preprocess_Reading122.dat,50000,-0.028986367309924,0.19167938912629007,0.18947500818314245,0.03434616100221353,0.7667839332894396,0.15059275584445078,0.081387585705524,0.0012354174193343176,3.077412510926408e-07,0.06441061318560079,0.3253165717021024,0.3309445818469146,0.1878381563598464,0.07997233849605119,0.01133096682923723,0.00018677158024745782
NRV,preprocess_Reading123.dat,50000,-0.010950612007080399,0.1981462671922352,0.19784344138456306,0.03983546529784123,0.7638446129189559,0.14750878069833975,0.08758760481122549,0.0010588171470777862,1.8442440101168732e-07,0.06581676905877235,0.3067297218418312,0.34671404074360074,0.19225070527344232,0.07809599769661225,0.010236047771652485,0.00015671761408867893
NRV,preprocess_Reading124.dat,50000,-0.007191352187492,0.1964170513176229,0.19628535987695356,0.038591452910904836,0.7651274492577446,0.15657501590724035,0.07718467140862595,0.0011127006293229027,1.627970660301218e-07,0.05388609672259059,0.28324324391181943,0.38485759334318187,0.18973715652869752,0.07662773028329105,0.011471689741026801,0.00017648946939276136
NRV,preprocess_Reading125.dat,50000,0.047986354191562004,0.19917798831970907,0.19331109860142048,0.03664158896582239,0.7476158088602118,0.1623606125243124,0.08880360310153032,0.0012198189933774627,1.5652056794726907e-07,0.057903218212827366,0.280206549002888,0.3644879455409256,0.19573528922309694,0.08970164615786604,0.011778476821287475,0.00018687504110844732
NRV,preprocess_Reading126.dat,50000,0.0513724134123541,0.21070015352289204,0.2043414540291824,0.0420985932345809,0.7337292548226337,0.14589994725311783,0.11911669474740297,0.0012539283639757001,1.7481286972558147e-07,0.04861160801946205,0.25810030077935825,0.36629089174889695,0.2121877395306552,0.10182985021400533,0.012775627054888054,0.00020398265273428455
NRV,preprocess_Reading127.dat,50000,-0.042633008007731996,0.20896534833092048,0.20457014305923435,0.0427872001717365,0.7300024170667355,0.1552957382158413,0.11333566600600294,0.0013660062680630742,1.7244335720858703e-07,0.04873791047474526,0.24052016951901986,0.388117312219752,0.20474000195514613,0.10508770273721271,0.01260382744962788,0.00019307564449627318
NRV,preprocess_Reading128.dat,50000,-0.03888839456473,0.19993448910848582,0.19611601847694418,0.039363643546587876,0.7100349257271931,0.163891815200842,0.12480253916626499,0.001270522599700637,1.9730599918892456e-07,0.038850872900880566,0.2364725846069535,0.3885891006615064,0.20936995283650747,0.11236523784530048,0.014135610650818994,0.00021664049803266162
NRV,preprocess_Reading129.dat,50000,-0.04586959740796459,0.19154866436057674,0.18597545766028412,0.03443760386231377,0.7571058388133409,0.14864796340944295,0.09312247409090443,0.001123484766911312,2.389194004531909e-07,0.04258898468470715,0.2577885299805451,0.39842404587916025,0.1988834885604357,0.09093810351036334,0.01120043173949943,0.00017641564528896546
NRV,preprocess_Reading130.dat,50000,0.01467140510316,0.20196866391074378,0.20143507905573435,0.040385134286617136,0.7492570906933096,0.1501950774240314,0.09937160625448394,0.0011760103046555216,2.1532351967020103e-07,0.057647881678704445,0.2984761143498132,0.3506991283242725,0.19796597740896263,0.08180893193848121,0.013190658687702236,0.0002113076120637315
NRV,preprocess_Reading131.dat,50000,0.0149777942337784,0.2024041489270124,0.20184921397607375,0.04037683093085889,0.7943389271985418,0.11909874550620514,0.08539151327465357,0.0011705618463464023,2.521742530935193e-07,0.05780374518490569,0.3149000349031191,0.37260581673155774,0.16438952793232095,0.07521426339905427,0.014849207101815868,0.00023740474722635285
NRV,preprocess_Reading132.dat,50000,0.043996103706828,0.18581871199515065,0.18053513947748448,0.029843555342027202,0.7949622957036018,0.11135845639058423,0.09205511009557477,0.001623926675030793,2.1113520842136496e-07,0.060125945016817874,0.31048845795668417,0.3588646413895125,0.17879773842740265,0.07616313793838585,0.015317395379126839,0.00024268389206980203
NRV,preprocess_Reading133.dat,50000,0.0326575392738524,0.20782759221993344,0.20524568988534628,0.04107847529608791,0.7983280458622617,0.11887406089143565,0.0815713246695754,0.0012263497535317702,2.1882319556042148e-07,0.0684529342451629,0.3177802275481885,0.36985653995399387,0.1568623706286009,0.07277885772038122,0.014019936573433716,0.0002491333302388115
NRV,preprocess_Reading134.dat,50000,-0.008091664277514002,0.20146304754816266,0.2013004831007945,0.041421178764225255,0.773818915885546,0.12777578620387206,0.09723412798475667,0.001171000833407617,1.6909241769693254e-07,0.04872035160543271,0.28651375937720375,0.3776371559319146,0.18758632553614638,0.08715045175325498,0.012206505325183109,0.000185450470864446
NRV,preprocess_Reading135.dat,50000,0.021757123439662,0.1774942491369822,0.1761557153666392,0.030689362222138517,0.7822676156105078,0.11970619878472176,0.09677781956826338,0.0012481002488856903,2.6578762137028956e-07,0.046652274743007476,0.26940776100459773,0.40743514521678437,0.17369596248107771,0.08973094930785777,0.012884965308138943,0.0001929419385360077
NRV,preprocess_Reading136.dat,50000,0.030868506278904,0.19969595335395315,0.1972957402126399,0.03994096189174639,0.763111262915906,0.11444236543455559,0.12122543591381615,0.0012207437465845956,1.9198913773044922e-07,0.04028986816581241,0.2621673783981607,0.3872875732304324,0.19948526226337926,0.09789290215399749,0.012690695723233864,0.00018632006498391229
NRV,preprocess_Reading137.dat,50000,0.035596950367478,0.17080136164228046,0.16705077750011338,0.028106696343315227,0.7702246696820988,0.1168716966545826,0.11180350380900154,0.001099823971506236,3.058828107857938e-07,0.04035246797339896,0.26333543164807066,0.3942450384477904,0.19281283964326382,0.09654418710360688,0.012524571996639394,0.00018546318722981788
NRV,preprocess_Reading138.dat,50000,-0.0009071249915360003,0.18263197260414227,0.18262971976523945,0.03367920350567549,0.7599208665838818,0.13437257254834067,0.10464610140394268,0.00106030884709371,1.5061674132747275e-07,0.047448334351545135,0.2578855773036332,0.38837100667555574,0.20104983312402475,0.0938662586485318,0.011212992278269617,0.00016599761843963398
NRV,preprocess_Reading139.dat,50000,-0.009270414187296,0.19866100424743052,0.1984445867979109,0.040608816488703674,0.772774689704461,0.11947472791640851,0.10657187895432968,0.0011785879356184883,1.1548918235028503e-07,0.03674736827513227,0.24632648102133725,0.4131672873221135,0.19145932025363663,0.09934249953166999,0.012765555751554459,0.00019148784455590346
NRV,preprocess_Reading140.dat,50000,-0.02645898739823,0.19002189498080216,0.18817078029799236,0.0355876023973993,0.7535010876194758,0.13692978478923734,0.1082991901184953,0.001269808919248299,1.2855354295647588e-07,0.036903317923754037,0.24813284111670167,0.40578963068892987,0.20085926450811295,0.09668229957025229,0.01146499444318928,0.00016765174905971765
NRV,preprocess_Reading141.dat,50000,-0.060761178191486,0.18695424351184722,0.17680488791848925,0.03201382475639744,0.7589982386998554,0.12314906081157538,0.11660980437229317,0.0012426832826323152,2.128336433715965e-07,0.04851026679647537,0.2709506384830123,0.3692953422879059,0.19915509965764763,0.1004810617154498,0.011442999254425955,0.00016459180508308972
NRV,preprocess_Reading142.dat,50000,-0.026784508423770004,0.21036375224268583,0.20865161961058223,0.043827789972828525,0.7541715947643578,0.13279643541844866,0.1118026266182739,0.0012291815360298333,1.6166288975740744e-07,0.05523524416220886,0.29780899684249745,0.3399217729735675,0.1847736696541532,0.1091901954554557,0.012882367017404996,0.000187753894712491
NRV,preprocess_Reading143.dat,50000,-0.04969144725035719,0.19810263337429607,0.1917691670211761,0.035722200874196496,0.7531480823791468,0.1274094320910758,0.11830675514143599,0.0011355497558809865,1.8063246040039258e-07,0.04581106038423737,0.2934514727958459,0.34129357707651764,0.20194099641100388,0.10525785802075817,0.01206845233194323,0.00017658297969384165
NRV,preprocess_Reading144.dat,50000,-0.0197509659658106,0.17965486054660468,0.1785658653310799,0.03273073143478873,0.7201281798620758,0.14687952918546057,0.13175202592853869,0.0012400991544783576,1.658694467112328e-07,0.04310458488356419,0.25308938560387445,0.3748307685723553,0.19923095636826485,0.11629040513500882,0.013267257420353562,0.00018664201657865988
NRV,preprocess_Reading145.dat,50000,-0.04690037969838,0.18819785041117382,0.18226021311173304,0.03308704728078952,0.7165325302405663,0.13674928645682374,0.14550582929392597,0.0012121847327245673,1.6927595947688632e-07,0.04071252228637926,0.2742754127378409,0.3468480001296898,0.20016268776290347,0.12313240011823219,0.014655491610373887,0.0002134853545804506
NRV,preprocess_Reading146.dat,50000,-0.061011020332439804,0.18544546066801204,0.17512188407039772,0.030439901031313048,0.7388112809759615,0.14342650952671815,0.11687239072708432,0.0008896713995223232,1.4737071387192007e-07,0.03299024071556063,0.2252262917729286,0.41000265417337245,0.21624231220337328,0.10360815579668825,0.011759827608324166,0.00017051772975265213
NRV,preprocess_Reading147.dat,50000,-0.033313161850324,0.19450680153542,0.19163279753495585,0.036303390792894324,0.7611041306829874,0.1336792920512628,0.10415815911675719,0.001058278374618776,1.3977437365836628e-07,0.035496151530579195,0.25342554682934376,0.38693811038034903,0.20921740408662684,0.10141795913454152,0.013308536469061895,0.00019629156949782547
NRV,preprocess_Reading148.dat,50000,-0.07895057736257201,0.19666631482663627,0.1801234180266579,0.03404036996234532,0.7381628525858175,0.15380932366301464,0.10677539560197488,0.0012522109033120865,2.1724588085560328e-07,0.032362896362637845,0.2320307413897166,0.3978214866576028,0.22815239126782483,0.09837312246329058,0.011097784127407716,0.0001615777315197527
NRV,preprocess_Reading149.dat,50000,-0.069512979109518,0.20442027605372087,0.1922383806558908,0.03770452678185645,0.7286896575444127,0.13519101735573527,0.13484270866352085,0.0012764584948826325,1.5794144857637477e-07,0.04327507441153832,0.27166794041903464,0.3494644842711741,0.19670576229112718,0.12647219669308515,0.012242831425588577,0.0001717104884519699
NRV,preprocess_Reading150.dat,50000,-0.08959830129194,0.20311582852056703,0.18228599562554207,0.035007124506301994,0.7123312700965684,0.14566800541134522,0.14048653313491863,0.0015140339625178282,1.5739465019724246e-07,0.03281998313827978,0.23514828969593055,0.3799891096691766,0.21629145387486579,0.12309403968440913,0.012477324356306264,0.0001797995810319192
NRV,preprocess_Reading151.dat,50000,-0.023787352553022,0.16711619276708342,0.16541458141132306,0.02507344554107474,0.6522911006765982,0.15067695064056294,0.1955819021616182,0.0014498027056620187,2.4381555859445143e-07,0.027229755599239236,0.2593868702224602,0.34616432481802584,0.1756169173491058,0.16374987725270349,0.027459807567484375,0.00039244719098098117
NRV,preprocess_Reading152.dat,50000,0.122884429178514,0.21807049365315526,0.1801503740423583,0.030776569125078104,0.7006483586719847,0.15274396715460076,0.14538313852655443,0.001224289617923027,2.460289370007824e-07,0.022123568733376564,0.21038155367693512,0.4216154306648577,0.1870869218072929,0.13741284879743487,0.021071224613402748,0.00030845170670022466
NRV,preprocess_Reading153.dat,50000,0.024585859772348,0.16390781138495736,0.16205340518563996,0.02590046288119605,0.7157691018777128,0.15327934413787458,0.12954013718162719,0.0014111381890760995,2.7861370941049735e-07,0.03007372069453062,0.23493355993554046,0.4121875050038836,0.18316313044526264,0.12172733969539182,0.017646748344487075,0.0002679958809036523
NRV,preprocess_Reading154.dat,50000,0.096593500783656,0.18516094445394546,0.15796920889032434,0.025062437832763938,0.7141669322496234,0.16730522877604698,0.11737379494508322,0.001153849665963649,1.9436328279797451e-07,0.025123884578632943,0.22836458219462313,0.41876014935036876,0.19906720614129375,0.11240646314158936,0.01603641832726707,0.00024129626622488461
NRV,preprocess_Reading155.dat,50000,0.077287483822198,0.18377228321843067,0.16673001206665997,0.028318686771368944,0.73921123478645,0.14087242548509576,0.11888380751515029,0.001032304951424409,2.2726187950085818e-07,0.026017543420764278,0.23890972351846432,0.43529771974077514,0.1764256873491222,0.10905790840920458,0.014086411431906108,0.00020500612976341275
NRV,preprocess_Reading156.dat,50000,0.057600745675804,0.1822638926027548,0.17292275918542324,0.029934725696038146,0.7437307721574737,0.1408490278305953,0.11441686911516591,0.0010031157237793407,2.1517298561239795e-07,0.03637913216135484,0.25798932286787707,0.41845956188944133,0.17503278375391934,0.09749432315836702,0.014433213701480591,0.00021166246755988975
NRV,preprocess_Reading157.dat,50000,-0.007851822227417999,0.1830197554794471,0.18285125042904582,0.03418159477447054,0.7446447870110434,0.1357463924379091,0.11838467361733321,0.0012238846772726563,2.622564415285169e-07,0.032580234601918445,0.25159863606105143,0.4176519972848327,0.18077908330036346,0.10341167194683444,0.013771066283540951,0.00020731052145855645
NRV,preprocess_Reading158.dat,50000,-0.014607670106486,0.19222691485601098,0.1916710796367573,0.03724326345694989,0.7271665518562593,0.1539144323271224,0.11745457933229166,0.0014640866628194747,3.498215069988016e-07,0.03747292681215403,0.2791014207398764,0.39385861964165,0.16960915133170784,0.10529449119439167,0.014439789414339476,0.0002236008658806464
NRV,preprocess_Reading159.dat,50000,0.02224106535982,0.1797011388265824,0.17831947259688397,0.032679929739231624,0.7593017199217609,0.13276509182341867,0.10668213561559267,0.0012507821710520013,2.704681757909233e-07,0.03600181763648973,0.26288203023053,0.4320355357763945,0.1549494356873291,0.10108599709961429,0.01284938651552651,0.0001957970541159056
NRV,preprocess_Reading160.dat,50000,0.0578728050882158,0.19229245162550346,0.18337700342018892,0.032448962460862915,0.7294227238167657,0.14891335171413272,0.12026111166191944,0.0014024616182610997,3.511889210825688e-07,0.035484734454356064,0.22366699101685236,0.4292351073405686,0.18105109541872458,0.1154519122793018,0.014872101587121747,0.00023805790307481758
NRV,preprocess_Reading161.dat,50000,0.0458823896438628,0.21114691170358935,0.20610149112156395,0.04255907575736029,0.7101969169366199,0.15523347177387614,0.13309553408503852,0.0014737221117858224,3.5509267964615137e-07,0.035362572246071707,0.25464580816153254,0.38250843513751687,0.19325022376335182,0.11841318159240861,0.015564584006198156,0.0002551950929202055
NRV,preprocess_Reading162.dat,50000,-0.0621651884094222,0.19338063800639704,0.18311624861213768,0.03313317938217943,0.7465909636237703,0.1356694018305792,0.11617620692274833,0.0015630830171624336,3.446057399253207e-07,0.05789668642155399,0.27985571213700094,0.3712521668133463,0.17111460903667283,0.10507309558273147,0.014547177022777254,0.0002605529859173402
NRV,preprocess_Reading163.dat,50000,-0.023653797263574,0.18695070973248157,0.18544828320718504,0.034128372273597676,0.7571836518162837,0.1413747958475468,0.0996651985640999,0.0017760545502113771,2.9922185841332563e-07,0.04909819659661288,0.29357284002040335,0.38288100112868434,0.16448756613413226,0.0969387978726185,0.012817565929395331,0.00020403231815330442
NRV,preprocess_Reading164.dat,50000,0.0203073486037706,0.1931456565183175,0.19207513171823368,0.03735662381895722,0.7725573492978814,0.12983361625272136,0.09629382149908829,0.0013149555372345763,2.5741307432739306e-07,0.058263396353325156,0.32184358303814903,0.3629478868785518,0.1579252257983583,0.08599277133963587,0.012817164833968513,0.00020997175801143412
NRV,preprocess_Reading165.dat,50000,-0.035460488817726,0.19287433503608,0.1895865576680424,0.03684948449871265,0.7589623973915406,0.1403451102826705,0.0993866646129268,0.0013055364826919926,2.9123017007204156e-07,0.03698869290318832,0.2579871411675542,0.4176182369159402,0.17918844984554333,0.09663463632396599,0.011402969115643521,0.00017987372816436544
NRV,preprocess_Reading166.dat,50000,-0.00374763628994,0.20024126999308953,0.20020619728341005,0.0394096656803215,0.7773971392381398,0.12536092492329318,0.09617253694282663,0.0010691607311807728,2.3816455949275938e-07,0.0394834681969148,0.2761778453396382,0.4280422095285718,0.15765103558782845,0.08686469837700779,0.011602504342567176,0.0001782386274718473
NRV,preprocess_Reading167.dat,50000,-0.017088545897483,0.19562152249845452,0.19487370695843748,0.038224648726458386,0.7606132081713639,0.1472039763989315,0.09098836852667311,0.0011941423450864256,3.0455794507337474e-07,0.04085136701734257,0.2844509960030264,0.40405614435683435,0.17237575040782205,0.08637528862476389,0.01170876176936623,0.00018169182084443132
NRV,preprocess_Reading168.dat,50000,-0.001055351113384,0.1828259811972842,0.18282293519899848,0.03415659339749884,0.7567579454362492,0.14760423457558422,0.09458509148820543,0.0010524749807142497,2.535192468776833e-07,0.03674084349738757,0.26554410300882586,0.4145553621139359,0.18636792752963025,0.08555796320062901,0.011067615490511757,0.0001661851590797281
NRV,preprocess_Reading169.dat,50000,0.015494703397983998,0.19093250331666362,0.1903027456170201,0.036786407751205105,0.754340529380611,0.14217765900597185,0.10224910949134206,0.0012324265265271953,2.755955478051663e-07,0.039772324982750074,0.29039329865985447,0.384757936280308,0.1816423794945098,0.09087787608315734,0.012366197489149112,0.00018998701027115794
NRV,preprocess_Reading170.dat,50000,0.0105472829696798,0.18177122242082108,0.1814649611421365,0.03349950223090784,0.7396582322536759,0.15336846780786678,0.10569847028101027,0.001274596617295589,2.3304015133353663e-07,0.03930998160269264,0.2664701104608078,0.3974987423431532,0.18670145926005205,0.09686524292699783,0.012958715130967321,0.00019574827532910287
NRV,preprocess_Reading171.dat,50000,0.0003705896350870001,0.19089114087483944,0.19089078114937916,0.037092626395998224,0.6882277568624742,0.17560215227501086,0.1345177514957526,0.001652034275885877,3.0509087634726137e-07,0.0374557926286996,0.26432063711099363,0.354735668293632,0.20763306568788642,0.12180052181054686,0.013841052669571167,0.00021326179867032195
NRV,preprocess_Reading172.dat,50000,0.05121481467224001,0.18620540086692905,0.17902372488053603,0.03232002530424799,0.7491744237617488,0.14499295808382132,0.1044214107953419,0.00141094434712023,2.6301196790136446e-07,0.03783284826991657,0.2601248581608466,0.40746865657066905,0.19021629075973234,0.09102045179411009,0.013127394227803502,0.00020950021692194405
NRV,preprocess_Reading173.dat,50000,-0.034606093194662,0.18924991146119038,0.18605898876934368,0.03291143115128063,0.7736288915389862,0.1443641867896611,0.0806015235653163,0.0014051519320129422,2.4617402353200564e-07,0.03631020064760552,0.2809321580942139,0.418603171492253,0.18087663213578056,0.07230112852756414,0.010806060237852804,0.00017064886473018852
NRV,preprocess_Reading174.dat,50000,-0.046137315949585,0.21454848498634663,0.20952899676871642,0.04495672815146256,0.7185156968373082,0.16848955568947618,0.11173528685927671,0.001259136958580411,3.2365535846419795e-07,0.042562804929574434,0.28086811668877976,0.381422340378174,0.1837611360014042,0.09789928075484765,0.013287261098673052,0.00019906014854701977
NRV,preprocess_Reading175.dat,50000,-0.0009000110623968001,0.19146518023513778,0.19146306490433437,0.03798102498004427,0.7448924332657862,0.1595337493850212,0.09440653760822437,0.0011670642206086828,2.1552035953699347e-07,0.04489964846774813,0.27478020237875883,0.38847651751878665,0.19965189238999326,0.07974468827020416,0.012246490117116572,0.00020056085739244328
NRV,preprocess_Reading176.dat,50000,0.033367909385464,0.1901343660637574,0.18718349227886083,0.03456648908124788,0.7973090213737768,0.12650947603858087,0.07503939923480127,0.0011417873472967586,3.1600554424067157e-07,0.055368136554696044,0.30955556979668347,0.3909122618063423,0.1632426311627733,0.07008221564374012,0.010672445005107344,0.00016674003065730254
NRV,preprocess_Reading177.dat,50000,-0.052908505183540004,0.16637952936259898,0.1577429487177264,0.024969854964506814,0.7141034357236868,0.1678376484720609,0.11675200068634145,0.0013064516729107394,4.6344500017862586e-07,0.05153339940927178,0.28969825464734755,0.3471175921125297,0.1942017479576939,0.10337096685681875,0.013853554698864508,0.00022448431747373827
NRV,preprocess_Reading178.dat,50000,0.023357280266062003,0.19400925513988557,0.19259810107710265,0.03696358597385915,0.7408909285828886,0.15354055873995692,0.10436141015920694,0.0012068626001609105,2.3991778647730604e-07,0.05176794046513422,0.2935917309314665,0.3509797834867745,0.19470238584636082,0.09663060175918896,0.012148524676987932,0.00017903283408710866
NRV,preprocess_Reading179.dat,50000,0.100419049193926,0.22418550948436025,0.20043741472527044,0.03996137917854133,0.7619830743469751,0.14940008216602096,0.08772801436289593,0.0008885764519182357,2.526721900237348e-07,0.05584728388524723,0.30085641089999837,0.3659966729863427,0.18233608918151542,0.0841443466290379,0.010660043757193947,0.0001591526606644408
NRV,preprocess_Reading180.dat,50000,0.077121858493786,0.20357722968809303,0.18840357584171016,0.03606519280063584,0.7528839337675902,0.15179170685163718,0.09436747512237509,0.0009566162538727594,2.6800452452363626e-07,0.049720072457035414,0.2842053433427679,0.3789900733886313,0.18734341498843352,0.08901368864840653,0.01056691557533646,0.00016049159938895854
NRV,preprocess_Reading181.dat,50000,-0.03238041417776,0.20495505082919438,0.20238103082570352,0.04249035375212421,0.759227436617761,0.1378770059464824,0.10196745797230201,0.0009278964232734568,2.0304018121409045e-07,0.052193147935483915,0.283671922443717,0.3802141937757624,0.17707599549183223,0.09509170464142655,0.01158071298713089,0.00017232272464689052
NRV,preprocess_Reading182.dat,50000,0.068239869899862,0.19154554712766014,0.1789776991149584,0.032435340057923534,0.7011440868987693,0.17982114527803447,0.1179739717565903,0.0010605813809274462,2.1468567833458743e-07,0.039707323433079915,0.2415287048794924,0.3848467421871308,0.2239019998293557,0.09741185187585792,0.01241724771970982,0.00018613007537337248
NRV,preprocess_Reading183.dat,50000,-0.024820082452360004,0.19456558501135987,0.19297598394067267,0.03834300684170705,0.7232426111745819,0.16501764284350814,0.11077727060749074,0.0009623047360242155,1.706383952511241e-07,0.04052427743524216,0.2511573459829635,0.3795060728204964,0.2132394105361795,0.10266213533956543,0.012721535913320113,0.00018922197223273152
NRV,preprocess_Reading184.dat,50000,0.049137739351736,0.18864835390774187,0.18213644337007762,0.03368181915787228,0.7212581238428754,0.1635875648547541,0.1141824884756026,0.0009716261823457508,1.966444222769246e-07,0.03826081351291002,0.23250704242974293,0.40065765626902194,0.2139485466621173,0.10337726245819907,0.011084595655060259,0.0001640830129485275
NRV,preprocess_Reading185.dat,50000,0.006686228274136,0.16464693714154888,0.16451111896026754,0.027793977218489824,0.7183588530345417,0.166938292426191,0.11374013259617155,0.0009625537634814762,1.6817961423559448e-07,0.04136749609911294,0.24201699191781656,0.3966423231885783,0.2030549037952459,0.10417882930855887,0.012545878882082646,0.00019357680860458852
NRV,preprocess_Reading186.dat,50000,0.0392156695035378,0.18618991120032383,0.18201322561334318,0.0319511857426121,0.7682663604263896,0.14894917069143082,0.08178493202320682,0.0009992729548872206,2.639040856919595e-07,0.05434719705336938,0.28505123993975656,0.3896171143332573,0.18825089221888197,0.07235833272472382,0.010218181306895507,0.0001570424231154966
NRV,preprocess_Reading187.dat,50000,-0.013682228285602,0.1725006921658389,0.17195721975780542,0.02834450461815611,0.758444196036462,0.15528322306242717,0.08522238864108758,0.0010498339602323077,3.582997910357511e-07,0.05422270025244843,0.29560080348612106,0.3708428218686242,0.18508965285685516,0.08298392482757888,0.01109013006411691,0.00016996664425539254
NRV,preprocess_Reading188.dat,50000,-0.015887235587022,0.1947421033308244,0.19409297399729838,0.03768085216262679,0.7777665497453341,0.1390582722282696,0.082082643950179,0.001092358679687622,1.753965297887437e-07,0.05419394082877367,0.28062713174819237,0.38244724465605245,0.18748125408088342,0.08303669576542487,0.012027316342813715,0.0001864165778595358
NRV,preprocess_Reading189.dat,50000,0.03852063979506472,0.20597421372173907,0.20234015179412,0.04223429809540747,0.8238941124791026,0.11312897679349487,0.06206522005087998,0.0009115093154067009,1.8136111586969783e-07,0.06990608062802008,0.3557281413029453,0.35498249341173804,0.14874547188880433,0.06067810460825692,0.009806214301878972,0.00015349385835643662
NRV,preprocess_Reading190.dat,50000,0.069918205955178,0.22232402431327072,0.21104363592124054,0.04289420083460968,0.7873507479073802,0.13400149714213114,0.0776721732704717,0.000975396502297317,1.8517771946211116e-07,0.06506663226434961,0.3363242004094075,0.334922866781903,0.17539043179162428,0.07827972791279769,0.009854571132966188,0.00016156970695168477
NRV,preprocess_Reading191.dat,50000,0.04517767673278,0.20296066163408724,0.19786866274368684,0.03898885562140615,0.7991309930922772,0.1275235001053596,0.07228888876030663,0.001056398456012836,2.1958604374522866e-07,0.06131365398725939,0.3483184705567344,0.34318330575000944,0.16808930758833218,0.06982091040102358,0.009122217821364352,0.00015213389527653505
NRV,preprocess_Reading192.dat,50000,0.07851209535690801,0.2113829004706876,0.19626151302297762,0.03960017712799169,0.8137699285922141,0.11803170967994236,0.06717239745184676,0.0010257851034394456,1.7917255714209837e-07,0.07538104909811866,0.3695295865843099,0.3218652586013497,0.15795327532624975,0.06581243331268634,0.00931406166530047,0.00014433541198512464
NRV,preprocess_Reading193.dat,50000,0.032408853106734,0.2043838901385832,0.20179801978336306,0.041330450266571644,0.7903541334696677,0.12638725007858972,0.0823364878446747,0.000921899110189343,2.2949687855012017e-07,0.06707833962876748,0.3444545889577293,0.33412389722905667,0.1704440452018398,0.07151452517133144,0.012190131758996026,0.0001944720522792686
NRV,preprocess_Reading194.dat,50000,0.0326353176455234,0.2109851075892258,0.20844580030936813,0.043958648856460884,0.8091200999109783,0.11508930110257534,0.07483975941909438,0.0009506736864396664,1.658809122876669e-07,0.06754152520902752,0.34005137424998916,0.3532154254596634,0.1571638053156724,0.07027996853623944,0.01156845085849268,0.0001794503709157198
NRV,preprocess_Reading195.dat,50000,0.111097654514006,0.23933471530868958,0.2119868324056427,0.043739471916315525,0.7825532729672632,0.11840615109382335,0.09790727822069022,0.0011331402888881206,1.574293350961183e-07,0.07648332787503939,0.3582912506414139,0.3032989805237241,0.171682905782194,0.07669225657973758,0.013345592523390671,0.00020568607450045513
NRV,preprocess_Reading196.dat,50000,0.031623055175036,0.19117362973757815,0.18854001985901364,0.03679514576631604,0.7646482020121743,0.13825159418623123,0.09588587542991411,0.001214167435942115,1.609357384353574e-07,0.06239671068448931,0.3138055295622736,0.31815601841898516,0.20122936327283958,0.09138387525845025,0.012831136509964638,0.00019736629299748102
NRV,preprocess_Reading197.dat,50000,-0.029702446078832,0.2122562585654705,0.21016775203904603,0.045390157649767116,0.7648615986337035,0.14348751158059866,0.09052499939354422,0.0011257031801904973,1.8721196322359755e-07,0.054661601324781144,0.30502962478291684,0.34753941583153,0.19740102943604906,0.08254756419361324,0.012627246110012263,0.0001935183210976413
NRV,preprocess_Reading198.dat,50000,0.060437924701878,0.20065451341958318,0.19133606825002913,0.03626901447256062,0.7577641899994852,0.15065176992477375,0.09046655206650196,0.0011172547282980606,2.3328094098571117e-07,0.059766733061349345,0.2907819247156322,0.3626618748561751,0.1871942867220441,0.08608066132826785,0.013302444172939212,0.00021207514359233498
NRV,preprocess_Reading199.dat,50000,0.021233492026206,0.17677599160550142,0.17549612538310172,0.03177060138401531,0.7676679223922959,0.14144477955351997,0.0897199029130485,0.0011671643972915684,2.307438441914881e-07,0.053566913717362004,0.2974096348787102,0.36515195814833507,0.17982104901740426,0.0906664893887922,0.013184541705963719,0.00019941314343260605
NRV,preprocess_Reading200.dat,50000,0.0036171479904546005,0.1777503117869666,0.1777135042161371,0.031551829639281645,0.7527931653398309,0.16079858716294781,0.08524761055359742,0.0011604136993029195,2.232443212199444e-07,0.05812808150380423,0.30068647200139714,0.3570553700391223,0.18529682808790954,0.08739618312707692,0.01125684400107493,0.00018022123961476355
NRV,preprocess_Reading201.dat,50000,0.014779971304778,0.17719847118443233,0.17658100305052646,0.031955068309573224,0.7223773437125205,0.16963367669426457,0.10694125154044096,0.0010475729596687378,1.5509310505823392e-07,0.05750423810065724,0.2716480555196446,0.3493643059266786,0.21441160404987028,0.09463003702215628,0.012251047909219746,0.00019071147177327947
NRV,preprocess_Reading202.dat,50000,0.0344341973961394,0.20410681307300307,0.20118120486889804,0.03849513983878209,0.7805035669348656,0.14018841507179888,0.07786248641400431,0.0014453104651809406,2.2111415019960272e-07,0.06136365291737907,0.3134716231296475,0.35915792128902835,0.1869751872989871,0.06666306944547569,0.012172387442343847,0.00019615847713839115
NRV,preprocess_Reading203.dat,50000,0.004505020791252001,0.19888429578021435,0.198833266571925,0.03870554163231879,0.7895430100002174,0.13192509941689703,0.07738518736391546,0.0011464782623582638,2.2495661172181147e-07,0.059231281350413875,0.30270914654753256,0.3680275257802618,0.18682926988377083,0.07121829236242164,0.01179583066865817,0.00018865340694119065
NRV,preprocess_Reading204.dat,50000,0.042524068387299996,0.1785633117107191,0.17342594931812155,0.029815693393192122,0.7365285485189865,0.1555801699382547,0.10667439770740225,0.0012166970599127153,1.8677544368547822e-07,0.055826502926143266,0.27733192038205157,0.33742436570291917,0.20986033788733782,0.10561221777579732,0.01373565447593501,0.00020900084981581484
NRV,preprocess_Reading205.dat,50000,-0.05972106445285999,0.17401162753408142,0.1634424699326256,0.026359084707487056,0.7122923696829611,0.1730011939319576,0.11351523762379344,0.001190902714138347,2.960471495986594e-07,0.0573461479656068,0.24301209981956337,0.34910158018698206,0.23043215062997804,0.10779698420874058,0.012122147569146698,0.00018888961998247405
NRV,preprocess_Reading206.dat,50000,-0.037314169630346,0.18908254170637648,0.1853641290081265,0.03568815341523104,0.6987427429132639,0.15675201522430035,0.14314569106693692,0.0013593861641501056,1.6463134853111637e-07,0.050310703090589014,0.24969912343189943,0.3545091551516758,0.21282071520373072,0.11793980914984102,0.014504173186162553,0.00021632078610147012
NRV,preprocess_Reading207.dat,50000,-0.0017903838188679999,0.17787374946653806,0.17786473870631547,0.03208217476346752,0.7123380603412611,0.1628913649225046,0.12348427407768829,0.0012861057248466166,1.9493369911625708e-07,0.05631276357641467,0.26067345737463543,0.3427853955022845,0.21686105100614578,0.10920489846074415,0.013952863929596743,0.0002095701501789207
NRV,preprocess_Reading208.dat,50000,-0.0247351715088204,0.17738935167867545,0.1756563502393524,0.031467233503902244,0.734926616535128,0.1545777913351686,0.10932959336575906,0.0011658326962365013,1.660677077979861e-07,0.047618633104161846,0.22788637596857209,0.3844854993803403,0.22213438952943226,0.10382803650747571,0.013840313382937989,0.00020675212707985325
NRV,preprocess_Reading209.dat,50000,0.006136998902448,0.2065930861399691,0.20650191399913959,0.043143887824477166,0.7061944588661099,0.1503126684501186,0.14214765214555147,0.001345034237907983,1.8630031206435115e-07,0.052370178706250416,0.29210635136715685,0.31815777544119267,0.19261935537913671,0.12719072586229424,0.017296421251319645,0.0002591919926494197
NRV,preprocess_Reading210.dat,50000,-0.09570173294137399,0.22089122671692124,0.1990831794816534,0.036037026595304986,0.7373586339233713,0.14040389891208832,0.12088377862904826,0.0013535004423441432,1.880931481814942e-07,0.05034217929533966,0.30264896818164055,0.33403425758677247,0.18489111859083568,0.11356208896377276,0.01430572293107766,0.00021566445056109198
NRV,preprocess_Reading211.dat,50000,0.020642923031636,0.19377313175273664,0.19267043446770288,0.03790069062677597,0.7145485076180758,0.14874840434457462,0.13531818916623276,0.0013847162374568752,1.826336601149347e-07,0.05561814045406502,0.27807440376483655,0.3424942200287105,0.20250007192523134,0.10643784979329511,0.014652651995575685,0.00022266203828584793
NRV,preprocess_Reading212.dat,50000,-0.04115352931985801,0.1940305183503445,0.1896160042713245,0.03746056842188801,0.7386029925209078,0.13803847744052747,0.12204941121059816,0.001308945443367877,1.7338459869947757e-07,0.04588566320260663,0.2549851310791981,0.3686131768254772,0.2119341269014632,0.10356544633019538,0.014790237579529028,0.00022621808153042185
NRV,preprocess_Reading213.dat,50000,-0.005698495191771999,0.19877500119963454,0.19869330198691668,0.03985684767064612,0.7284074721376775,0.12660004489140667,0.14355043216066968,0.0014418491141330258,2.0169611312878106e-07,0.048443915518444486,0.2635295994751602,0.3517678895082641,0.1911898916492493,0.12937360139999973,0.015462548249064192,0.0002325541998179476
NRV,preprocess_Reading214.dat,50000,-0.049642077591714004,0.2070569441694699,0.20101801476777453,0.04161743750511584,0.7289889617733254,0.12403954844921666,0.14546652291280984,0.0015047611307291567,2.057339189045298e-07,0.03877377653781925,0.2511192005506213,0.3710197731341437,0.20140514831068876,0.12180750580307388,0.01564112610057373,0.0002334695630792556
NRV,preprocess_Reading215.dat,50000,-0.12086450829694,0.21919260908946978,0.18285833454778053,0.03390261433604791,0.7568220320477322,0.12715926690050586,0.11472649891615111,0.0012920501694186467,1.5196619208585768e-07,0.02863249420927385,0.1930087788295042,0.45096429007413413,0.21661997450391876,0.09494363416928073,0.015590494401021018,0.00024033381286726484
NRV,preprocess_Reading216.dat,50000,-0.034674999209766,0.21125270771482393,0.20838750189646105,0.044080490401869864,0.7793428445081171,0.10555457012089173,0.11350402773930468,0.0015984022622928967,1.5536939351235304e-07,0.04427357959783145,0.2645616645172964,0.38939806111316877,0.18681551535335175,0.09841993546599638,0.016278181330596636,0.0002530626217583973
NRV,preprocess_Reading217.dat,50000,-0.013342143008041998,0.18963617146536313,0.18916623575044664,0.03512899815652044,0.741113524613552,0.11863647871007778,0.1386666947812412,0.0015831320748967356,1.698202323339192e-07,0.0388442106727672,0.256332634967771,0.3731349305557248,0.19010820266246148,0.12475956931153978,0.016577178670810704,0.00024327315892511576
NRV,preprocess_Reading218.dat,50000,-0.03614161195599799,0.20516149067216913,0.20195301716005287,0.04160901529712941,0.7477262718917937,0.13672354887490182,0.11407402888376575,0.0014759941375199145,1.5621201874810043e-07,0.03644663050540152,0.2476287359443415,0.38241118779568245,0.20729990647311816,0.11095160434502561,0.015022231814119581,0.00023970312231123394
NRV,preprocess_Reading219.dat,50000,-0.0255814245929168,0.1840867266594899,0.18230061340544815,0.03231325457088521,0.7537198450980012,0.12826688433894398,0.1166135524988844,0.001399518727201511,1.9933696893030028e-07,0.0406141425648069,0.24896270803995366,0.37760944401029256,0.2126954709105194,0.10463130810444926,0.01524550015168556,0.0002414262182926069
NRV,preprocess_Reading220.dat,50000,-0.010048561412624002,0.2161913739277129,0.21595771941352063,0.046533301156295684,0.758957007576134,0.12080719220094788,0.11859464499318634,0.0016410139481710469,1.412815606974592e-07,0.043206167384721335,0.28429171938466474,0.36652012128566547,0.18744121889259832,0.10266824491182427,0.015634875675003466,0.0002376524655223414
NRV,preprocess_Reading221.dat,50000,-0.032401655856702,0.2029655042223845,0.20036249300203526,0.04150019392468806,0.7456037970616555,0.11939715540069494,0.13345009499487287,0.0015487511952020766,2.013475747003715e-07,0.04722386805627434,0.28797503813424236,0.347188764840323,0.19110366723910863,0.11093546853842792,0.01534370634026827,0.0002294868513553719
NRV,preprocess_Reading222.dat,50000,-0.046880818261148,0.19344359913742215,0.18767688969717314,0.03521001869604139,0.7617663077213411,0.12665815185186077,0.11028918731226454,0.0012861978344685505,1.55280064934399e-07,0.04868096933304272,0.29297247014061417,0.3621412501664974,0.18228511711520368,0.09812344276155438,0.015563512236451868,0.00023323824663581968
NRV,preprocess_Reading223.dat,50000,0.011056631037488,0.19508282785021694,0.194769249708824,0.037635036840587215,0.7387248658420263,0.12377472898879381,0.13604874847059029,0.0014514119811924076,2.4471739707178437e-07,0.047117082342384646,0.29242531555281365,0.34564287077299166,0.18927503814046914,0.10891203427596431,0.016353941910037393,0.0002737170053392815
NRV,preprocess_Reading224.dat,50000,0.005728820249188,0.2122800303198533,0.21220271414652153,0.04391538005914684,0.7477315331326807,0.1256884479527586,0.12523826533747676,0.0013415607101174933,1.9286696622839146e-07,0.051260333636456636,0.30990592576099835,0.3444376524439864,0.17471138924875632,0.10704484108741916,0.012454331091708144,0.00018552673067519538
NRV,preprocess_Reading225.dat,50000,0.0038218592744399997,0.20661400082672965,0.206578650226286,0.04167730839760099,0.6942408931568788,0.1601017025446098,0.1441248651576176,0.0015323351801475242,2.0396074611844862e-07,0.043315742227440404,0.2975479492112452,0.30986076422556563,0.20036987911069046,0.1344350908347732,0.014264582699539589,0.00020599169074550096
Piston,preprocess_Reading1.dat,50000,-0.023449562370088,0.2529515555467473,0.2518622787917447,0.06331447967678813,0.6649152280333861,0.1275897638144253,0.20577892207768855,0.0017157940941371266,2.9198036263811416e-07,0.057437630893520636,0.33805600549464143,0.25881126108825775,0.1311233463947783,0.17907627908292548,0.034996325948477944,0.0004991510973985191
Piston,preprocess_Reading2.dat,50000,-0.039789453559438,0.22077448523591856,0.2171593256496855,0.046744383808178275,0.6792865161434657,0.1249816629757063,0.1939886364700138,0.0017428911987234631,2.9321209054733996e-07,0.05441469299319123,0.3605452707569799,0.25005728615751777,0.13313152651351862,0.16952228645066045,0.03187302045747703,0.00045591667065502615
Piston,preprocess_Reading3.dat,50000,-0.039013378208898,0.22217747151585499,0.21872536471545323,0.04751799351785892,0.6912063201463907,0.13052616366198225,0.17659003773511028,0.0016770880662460431,3.9039027063806094e-07,0.05961855967719667,0.3531243493247387,0.26683464154324693,0.13702176589409315,0.1557007168251564,0.02731359842380108,0.0003863683117670034
Piston,preprocess_Reading4.dat,50000,-0.008364221436380001,0.22170827038432203,0.2215504388543856,0.047324183652072804,0.7202295893137588,0.1221260997895446,0.1560957178276133,0.0015482074783527695,3.855907307080225e-07,0.0594607326914449,0.3841221509295033,0.2647929850462595,0.12955444733604288,0.13825924284194896,0.02346864318979777,0.00034179796500283927
Piston,preprocess_Reading5.dat,50000,-0.043199749420389996,0.22672935267639313,0.2225757871267038,0.04971091431481411,0.781318319792789,0.0959096798770751,0.12144319667275123,0.0013284215092026436,3.8214818227756204e-07,0.06822436691726537,0.41178286570622885,0.28198701882459604,0.1112911193797149,0.10790956386723186,0.01852333602548198,0.00028172927948101476
Piston,preprocess_Reading6.dat,50000,0.009289550095368,0.23628992672676877,0.2361072504849595,0.056713140038783444,0.7929972914884177,0.0940045458400236,0.11167812649478125,0.001319697930090929,3.382466866121971e-07,0.0600881697378306,0.4378854759384998,0.27269611123754456,0.11251450069017677,0.10085205872155824,0.01572332792198852,0.0002403557524017104
Piston,preprocess_Reading7.dat,50000,0.006722417710958,0.2482786236710985,0.2481875985462093,0.06158355855566016,0.7835988770314551,0.10182435101719302,0.11327672634116659,0.001299713623902509,3.319862827928402e-07,0.05111627060781033,0.404448474711955,0.30382536669034843,0.12067980659117894,0.10388065992748802,0.015806709035445614,0.0002427124357737059
Piston,preprocess_Reading8.dat,50000,-0.0290956060862,0.2120054830531433,0.2099994536923211,0.04410805705080995,0.7811120227665401,0.09708977809672051,0.12017025035260896,0.001627595577281107,3.532068492222065e-07,0.05700090149353064,0.4117857868286598,0.2891997061857316,0.1199654424139067,0.10509944139568463,0.016685575357284148,0.0002631463252025715
Piston,preprocess_Reading9.dat,50000,0.011239982984172,0.2338167487854972,0.23354642963474273,0.055799798922903904,0.7661513490954944,0.10360823464417945,0.12867221987623706,0.0015678284892243252,3.678948647162721e-07,0.06072444984853456,0.41034095209836396,0.27471076868109207,0.12522876051065962,0.11090117320648914,0.017813688700040717,0.00028020695481997056
Piston,preprocess_Reading10.dat,50000,-0.025085129788697997,0.2084982537975953,0.20698371457709092,0.04132099090142731,0.8012043482728622,0.09427481826248724,0.1029853688002718,0.001535016772868618,4.4789151018030213e-07,0.07378001119677789,0.3716814928633388,0.3272330658060242,0.12421759955057,0.08913279927984392,0.013677780898881898,0.0002772504045634124
Piston,preprocess_Reading11.dat,50000,0.04558611933280001,0.22073756253080695,0.2159791129628456,0.04688184260631599,0.7950025210307211,0.09395070575964123,0.109395066041435,0.0016513868098418673,3.20358360796437e-07,0.05815809145794217,0.37009966905803204,0.33069401288882927,0.12893837023359644,0.09632509545016855,0.015526784651901467,0.0002579762595302626
Piston,preprocess_Reading12.dat,50000,0.0132870328395194,0.2275444470716828,0.22715618008647573,0.05134677720138766,0.7833074122072556,0.11214509554349068,0.10282985991635561,0.001717228618217137,4.03714680879731e-07,0.07276821741153422,0.4031433593536961,0.2765005256353984,0.1395725809492596,0.09280158982078351,0.01496662296580121,0.00024710386352686203
Piston,preprocess_Reading13.dat,50000,0.07396499827398,0.22676517801053,0.2143633014031961,0.046787444814355386,0.7790082964523549,0.10803902572408801,0.11132611152563947,0.0016261462085214306,4.200893961255096e-07,0.06973800292894929,0.3798866267287879,0.3050461446982835,0.13214492333416397,0.09749753510891797,0.015432451108874161,0.0002543160920231862
Piston,preprocess_Reading14.dat,50000,0.039099878013587996,0.22235995668069963,0.21889529431754612,0.0486268982906682,0.8145358442104893,0.0951071171985042,0.08905332243567275,0.0013034253744832194,2.9078085055902674e-07,0.0920180291562956,0.4107935876830396,0.2828121676683889,0.11909568147973834,0.08156166191745344,0.01349092585991067,0.00022794623517336925
Piston,preprocess_Reading15.dat,50000,0.05863384638904141,0.23163408176706413,0.2240902048142606,0.045266495631815035,0.7818446832558231,0.10059699633296304,0.11546175656651746,0.002096166314847264,3.97529849181273e-07,0.08968043111923725,0.48116981002174297,0.21995208068062974,0.10363098832954706,0.08979053125452413,0.015508264213706982,0.0002678943806119394
Piston,preprocess_Reading16.dat,50000,0.09361342208165,0.23965682262840793,0.22061713405469446,0.04885244727517581,0.8014348855687639,0.09139506322819055,0.1054137708708149,0.0017558861752499917,3.941569807329408e-07,0.08962083314720225,0.45092472843088205,0.23847122927621384,0.1131324630801961,0.09205910117083888,0.01553364709555008,0.00025799779911702726
Piston,preprocess_Reading17.dat,50000,0.04843135019729199,0.21517394904097517,0.2096526476435617,0.04338616631923253,0.7961643541785925,0.09719845420745345,0.10498975365848041,0.001647041437903297,3.965175703152123e-07,0.07627809939479921,0.4071856798697428,0.28208960950366985,0.12894492470639415,0.09086228331073658,0.014406011549436973,0.00023339166522049463
Piston,preprocess_Reading18.dat,50000,-0.011075849064468,0.22469450309792177,0.22442135658159432,0.0511115065730069,0.8075007583967755,0.09863474916179786,0.09225394974749682,0.001610232563285807,3.1013064399720346e-07,0.07683044439336126,0.4109997332139204,0.2927469346834029,0.12741420060265776,0.07919856732791782,0.012599715466013831,0.00021040431272603685
Piston,preprocess_Reading19.dat,50000,0.06647752018258,0.23239795684875314,0.22268711156654214,0.04909997684590268,0.8183864812847336,0.08978292140369831,0.09020644903081192,0.0016237659796482222,3.823011077363626e-07,0.09110570407144887,0.4568299994216474,0.2511117875665207,0.107816281335739,0.07903077747236578,0.013871476274799023,0.0002339738574791453
Piston,preprocess_Reading20.dat,50000,0.027577190229928,0.20567042479936115,0.20381320422428975,0.041572552376100476,0.8193016241076645,0.09040315540701807,0.08867050758946936,0.001624391583653737,3.213121943899072e-07,0.09692287586726261,0.4451758450358172,0.25233210816238005,0.11593173289729757,0.07558794674363087,0.013821968168616486,0.0002275231249948591
Piston,preprocess_Reading21.dat,50000,0.0010757237525479998,0.2202689485685973,0.22026632180595282,0.047754654112779134,0.8522484213972398,0.07871375355746636,0.06778181048093092,0.0012557080852598939,3.0647910301820015e-07,0.11611954303380996,0.46520585718178387,0.2462605454684873,0.10088518739476954,0.061012277158000824,0.010333454645719756,0.00018313511742863977
Piston,preprocess_Reading22.dat,50000,0.017806023275069,0.23280854449085234,0.23212661183732655,0.05279525839623426,0.861445235032839,0.07276651029602277,0.06454162275015461,0.001246318533319631,3.133876638611753e-07,0.10608410935192095,0.4998234841648832,0.23023642421646875,0.09557060564835777,0.05839060663981977,0.0097244218534673,0.00017034812508236186
Piston,preprocess_Reading23.dat,50000,-0.027654252861251997,0.20643547468810014,0.20457479685529978,0.04285221825209752,0.8436856110046972,0.07249335772834664,0.08222463599795513,0.001596016656899191,3.786121017417545e-07,0.1022327350491645,0.5053956364516548,0.21868332067844032,0.08924899772377066,0.07058152298958173,0.013629554878833107,0.00022823222855479215
Piston,preprocess_Reading24.dat,50000,-0.02566640542063732,0.22734567815503637,0.22589221546692761,0.05270226568220631,0.860840236353027,0.06625237419400043,0.07164134779367036,0.001265740819564655,3.0083973762204775e-07,0.11185977428542541,0.5144752454748966,0.21181990046471547,0.08728614359590625,0.06305342670021696,0.011313925222105616,0.0001915842567336836
Piston,preprocess_Reading25.dat,50000,-0.051605468722576,0.2405960538530308,0.2349964610958508,0.0544141907605047,0.8639841566136105,0.06979133861541441,0.0649907106328703,0.0012334121386778838,3.8199942683265196e-07,0.10200544413622818,0.5043987018900908,0.23274493301594915,0.09242435764200788,0.05739258872517459,0.010850173375979462,0.00018380121456992185
Piston,preprocess_Reading26.dat,50000,0.083688407062568,0.24414477975246432,0.22935327336602204,0.05255941443333719,0.8771665591937213,0.06004539685119093,0.06149127635686144,0.0012964493903728637,3.1820785353238904e-07,0.11522047514758023,0.5305361583504413,0.2029765590944961,0.0856334238240744,0.05557307080010027,0.009894326794654644,0.00016598598865326906
Piston,preprocess_Reading27.dat,50000,0.025762869352468,0.22618317287808326,0.22471115294066862,0.05256146201916375,0.8676503566499477,0.07209803248134099,0.05917722054392325,0.001074172673271555,2.176515165455756e-07,0.09399171344256425,0.44688932001987897,0.2803178886271763,0.11477537934068077,0.05452110200479933,0.00934812939496072,0.0001564671699394776
Piston,preprocess_Reading28.dat,50000,0.013491315324863999,0.2366980470570502,0.23631324527293562,0.056951694813518444,0.8798596019889958,0.0619967696524167,0.05706648069292753,0.0010768859786273025,2.616870327148118e-07,0.10386974522764507,0.49194664512019937,0.23898405829492175,0.10371788051678829,0.05249072921671379,0.008843799586239081,0.0001471420374927091
Piston,preprocess_Reading29.dat,50000,0.027915929913259998,0.1982187604653228,0.19624316002726558,0.03855118513228449,0.8908072231265524,0.05814662062994919,0.050005736988499506,0.0010400796429782982,3.396120207779578e-07,0.10415982924410987,0.5236710732738462,0.22977973524371317,0.08915628001187845,0.04508149120078447,0.00800797896865259,0.00014361205701520733
Piston,preprocess_Reading30.dat,50000,-0.060119293546707996,0.22122910683234326,0.21290370652781296,0.04630022994246143,0.8554353551330979,0.07557256312337397,0.06777839287824947,0.0012133996658275728,2.891994511953676e-07,0.08187033748854675,0.39582968988508194,0.3245681409540568,0.12683429027164794,0.06086198992228155,0.009869868520296258,0.00016568295808882353
Piston,preprocess_Reading31.dat,50000,-0.032130561242,0.20623166367624696,0.20371334305083386,0.04316643858079319,0.8573334757563731,0.08041125464249323,0.06099698718377773,0.0012580127083697025,2.6970898601795225e-07,0.0869014293788872,0.43675348083310045,0.28638066205129137,0.12369187542144297,0.05646657732834012,0.009649665713927015,0.00015630927301077434
Piston,preprocess_Reading32.dat,50000,-0.030841266765620004,0.23345128337637436,0.23140509496199105,0.053086604017966096,0.8734063515320751,0.06833336418183479,0.057053141084500575,0.0012068531092867148,2.900923027567777e-07,0.09150633647822878,0.4789842356862757,0.2625469798143081,0.10689985699662692,0.051752946398089354,0.008170106093616784,0.00013953853285447325
Piston,preprocess_Reading33.dat,50000,-0.0487385182498,0.2270716034867441,0.22177932714492363,0.04836081775950291,0.8724392256015304,0.061279893898062106,0.0650613182615125,0.0012192629416984788,2.992971965068983e-07,0.11763716197457025,0.5385718790696222,0.1954333811242201,0.08214522138984216,0.05570524433044803,0.010335418414184977,0.00017169369711219544
Piston,preprocess_Reading34.dat,50000,-0.037581087748386005,0.23644273908770372,0.23343699516345742,0.05553954527240088,0.8783847776246339,0.06301402557972993,0.05752399340481764,0.0010769367016365981,2.6668918203333886e-07,0.10038184031397351,0.5410108753616915,0.20489204629347116,0.09089470070678465,0.052578728268716186,0.010075229935083549,0.0001665791202793514
Piston,preprocess_Reading35.dat,50000,-0.070154987596102,0.24932276348138505,0.23924907127382009,0.05343146383174121,0.8654872218777122,0.0631187330279717,0.07032699889323703,0.0010666628038026723,3.8339727636615135e-07,0.09481598076638284,0.4866442252114087,0.24820491593835214,0.10294488727721023,0.058012669672499004,0.00922495206799736,0.000152369066149739
Piston,preprocess_Reading36.dat,50000,-0.08594724301751906,0.23764858373914724,0.22156245343223208,0.048790257570980024,0.873259255691474,0.060657454248524666,0.06497247471180838,0.0011104517599367257,3.635882564268069e-07,0.09002633490246124,0.45306796568009217,0.2887004318894035,0.10075265782212282,0.057572892958748484,0.009718043385120407,0.00016167336205125254
Piston,preprocess_Reading37.dat,50000,0.009617111960156,0.21746322990485192,0.21725047184804067,0.046644544355002954,0.8813654452596761,0.06408182395951957,0.05353160174305587,0.0010207894684358119,3.3956931247882683e-07,0.06941241947487259,0.42429783005014504,0.33768653332706117,0.11128800360178161,0.04918337506908658,0.007996306010071721,0.00013553246698158258
Piston,preprocess_Reading38.dat,50000,-0.03009087183748,0.2142703899022113,0.21214697598812482,0.04425668702673142,0.8675881038336131,0.07246443994346144,0.05864564390150999,0.0013012619584607807,5.503629547665489e-07,0.08956788018169305,0.47814467275570466,0.26532056258066283,0.10417101177168829,0.05378935537331874,0.00885428074587513,0.00015223659105704533
Piston,preprocess_Reading39.dat,50000,-0.008921562595150001,0.24240112750954462,0.24223689301747442,0.059219255265005766,0.8750334261992412,0.06179412663675745,0.061838518549644214,0.0013336456364595167,2.8297789767098705e-07,0.09582096824070148,0.4908210598782096,0.25746660244233005,0.09305936564273926,0.05340326997958471,0.009268090191544774,0.00016064362489002785
Piston,preprocess_Reading40.dat,50000,0.037336917844642,0.2151252314673152,0.21186037803168478,0.046247358006354294,0.8683679432450487,0.060049272390275396,0.07035982697363065,0.0012225872492144893,3.701418305896824e-07,0.08464231026628115,0.4403057995577823,0.30152736567368044,0.10340023415366999,0.060673433190770544,0.009296965680632246,0.0001538914771835349
Piston,preprocess_Reading41.dat,50000,0.0369531854510872,0.1976833344513631,0.19419877137826344,0.03750669565561935,0.8740725080399516,0.07042724937553245,0.05443841198261103,0.001061542968600004,2.8763330498338906e-07,0.08268123527511997,0.45238201380564086,0.29813178256230666,0.10902277687957238,0.04955908899263433,0.008092017180899934,0.00013108530382601531
Piston,preprocess_Reading42.dat,50000,0.070750097546352,0.216753101530993,0.204881260051979,0.042818629609568615,0.8703874804040858,0.06809283093181945,0.06039628821908755,0.0011230534497867048,3.469952204324457e-07,0.0827661477073351,0.44127787692083054,0.30602019706382383,0.10778706861428594,0.05405971181228235,0.007955210175769068,0.0001337877056730927
Piston,preprocess_Reading43.dat,50000,-0.1060646937473206,0.2412027901462397,0.21663117669120954,0.042471107987660954,0.8630393420881274,0.07066398060945209,0.06503587018982829,0.0012603762752824575,4.3083730979088667e-07,0.10066029382404866,0.4999754471035437,0.23357873045653835,0.09729328603568026,0.05869302533315268,0.009633465259676233,0.00016575198736006372
Piston,preprocess_Reading44.dat,50000,-0.0143342381576768,0.24338287423019384,0.24296039406658312,0.05798243496548515,0.8838852373153676,0.06034431372172191,0.05468997385340816,0.0010801679723695364,3.0713713281224346e-07,0.08275645026013417,0.5210921723275093,0.24709342611441884,0.09306096370623121,0.04745301505577799,0.008389522425432542,0.00015445011049597737
Piston,preprocess_Reading45.dat,50000,-0.02006708933728,0.21797664020358565,0.21705097926517875,0.04692796353894785,0.8722289169674068,0.06677112242157249,0.059677154133448575,0.0013223763982058894,4.3007936624515286e-07,0.08201832958357713,0.4409426276966533,0.3019845768685686,0.11238398356879359,0.05364673226454478,0.008878088596490861,0.00014566142137149634
Piston,preprocess_Reading46.dat,50000,-0.049096168050166,0.228471360371166,0.2231338808711959,0.04899965137247128,0.8729212999509914,0.06425611373812323,0.06163012901931957,0.0011919556155632323,5.016760026084512e-07,0.08917936998876785,0.5121845181187901,0.2428650649555135,0.09418582420036811,0.05253635962445491,0.008896210889630177,0.00015265222247524122
Piston,preprocess_Reading47.dat,50000,0.018135949238406,0.2253064291188187,0.22457531998751604,0.04914421671211619,0.8531054137213978,0.0714567795772679,0.07415663475980293,0.0012806743808964549,4.97560634984479e-07,0.08614490241720431,0.46239294754618904,0.27342289857680774,0.10561375034884157,0.061878705908443105,0.010375029265570991,0.0001717659369432052
Piston,preprocess_Reading48.dat,50000,-0.0271184034179,0.20427273458437664,0.202464669240446,0.04151494719862296,0.8841420455930821,0.05517009838799702,0.059413030431427066,0.0012743411224344532,4.844650595047267e-07,0.08378175955913732,0.5032193935741198,0.2575763752553682,0.09574914066774427,0.050696178275836466,0.00882701503629843,0.00015013763149515557
Piston,preprocess_Reading49.dat,50000,0.035355472188685996,0.2024379160735697,0.19932661751638864,0.040726329595831064,0.8826954142806591,0.0650191368580051,0.0511515087417648,0.0011335506838707728,3.8943570019329534e-07,0.07975476175531522,0.47214511830346234,0.27702776292482967,0.11565636575461882,0.04761285371687908,0.007676608034383977,0.00012652951051087696
Piston,preprocess_Reading50.dat,50000,0.077980895879874,0.2227891131188445,0.2086958763417561,0.044265688671842,0.8766794893801737,0.0669423185868003,0.05532124535745001,0.0010566210722411414,3.256033349867612e-07,0.0702826915327243,0.44671234582464164,0.31136299323033506,0.11157885901557942,0.051867301035147605,0.008067139159371272,0.00012867020220061725
Piston,preprocess_Reading51.dat,50000,0.070064998835094,0.19592569394271228,0.1829693238911147,0.03348071577507184,0.8704325759735021,0.07046104375426757,0.0581212295630889,0.0009848642954813035,2.864136600332409e-07,0.06368741656457493,0.3802552317981731,0.365325227962337,0.12812578826581786,0.054755165557908346,0.007721833935528737,0.00012933591566021273
Piston,preprocess_Reading52.dat,50000,0.1270105632306322,0.20718810668639392,0.1636924811349933,0.02679585131514136,0.8791550966914803,0.06802218706170536,0.05151496952076363,0.0013070986781237302,6.480479270086814e-07,0.07423888196668864,0.4427457067663261,0.31485209384635937,0.10794952390502582,0.05140926865010756,0.008648632192790218,0.00015589267270233156
Piston,preprocess_Reading53.dat,50000,0.051096931093504,0.23129825257501493,0.22558365472055175,0.05068013273226192,0.8854963876513772,0.05475897235049126,0.05850614671035785,0.001238148649046655,3.446387270687124e-07,0.07686781894266252,0.4687158342027769,0.2902562193069496,0.10637774974142072,0.049651778365544824,0.008002444242162218,0.00012815519848324573
Piston,preprocess_Reading54.dat,50000,0.01924651922198,0.20007845657912496,0.19915059699866017,0.038131167712915096,0.8912443670111275,0.060462331653936156,0.047275834216303936,0.0010171889948425781,2.78123789772481e-07,0.07764850355287609,0.47514193290882656,0.29843771458664814,0.0975333694159265,0.044140657969746894,0.006988208168358182,0.00010961339761769465
Piston,preprocess_Reading55.dat,50000,0.063137296849196,0.23996230773193944,0.2315072156080983,0.053879660767030504,0.8724720018589459,0.06993920696690961,0.05664064049145803,0.0009478608611109814,2.8982157543213554e-07,0.06648079181501176,0.4705905558273433,0.30375394046143406,0.09743657587234032,0.054169531416988354,0.007450627385227669,0.00011797722165444869
Piston,preprocess_Reading56.dat,50000,0.083074360541318,0.24515976016189922,0.2306554977087931,0.05434155591909238,0.8647510077612548,0.06866749229437111,0.06539919289594527,0.0011819038739917984,4.0317443703816024e-07,0.06880392653626663,0.4691766028043767,0.2912543554254284,0.10416919107800292,0.057598037426721094,0.008857824131889656,0.00014006259731463047
Piston,preprocess_Reading57.dat,50000,0.08548472735598199,0.2033541507314485,0.18451360927742455,0.03480222792012638,0.8676378272964824,0.07978777072219684,0.05165616950902879,0.000917769763542709,4.627087494311211e-07,0.06090155883379051,0.42806260404487856,0.34012258537376855,0.11163417904376838,0.05143923752174267,0.007720432879792682,0.00011940230225869608
Piston,preprocess_Reading58.dat,50000,0.11712417189444001,0.23783069522702016,0.2069912267469552,0.04386124054717792,0.8525410783573008,0.0893309557296221,0.05714415397290268,0.000983443636480065,3.683036943714181e-07,0.0607389519154235,0.41527706824387295,0.3322199156782854,0.12581376027216332,0.057731668641303406,0.008090173757094553,0.00012846149185691686
Piston,preprocess_Reading59.dat,50000,0.037379533629469996,0.23254191720267314,0.22951800304537817,0.05386164961089311,0.8712045665493605,0.06436015356239032,0.06348597104795997,0.0009489814008978572,3.2743939126234907e-07,0.07874286610557847,0.46969758824749636,0.2871072767596772,0.09733670224522101,0.05899290474973577,0.00799718601755732,0.00012547587473392855
Piston,preprocess_Reading60.dat,50000,0.021783231222980003,0.2225597356778593,0.221491143801473,0.04981409305733602,0.8762138380313497,0.06630841890812227,0.05649344775823777,0.0009839351549324428,3.601473577381815e-07,0.07091627000205951,0.47756715086016827,0.29174740390892245,0.09957276360586377,0.05219288839444685,0.007879798308894114,0.0001237249196451128
Piston,preprocess_Reading61.dat,50000,0.08119179782304,0.2408305618893417,0.2267316729224187,0.05163663528892549,0.8713091784666799,0.06735999435628369,0.06044736714318044,0.0008831278141416466,3.322197144431335e-07,0.07076700198369161,0.47005761728064444,0.29052274978538795,0.10242332682272197,0.05830424239412958,0.00780147678375228,0.00012358494967206165
Piston,preprocess_Reading62.dat,50000,0.024821884339402005,0.2154036351982094,0.2139686895656573,0.04597249097971408,0.8764686372327847,0.06104968990219836,0.06147304211466305,0.0010082402626770345,3.9048767692261336e-07,0.07426654985618708,0.47689640968786207,0.2867319580819886,0.09800717630593526,0.05485757059916663,0.009078084435401791,0.00016225103345860647
Piston,preprocess_Reading63.dat,50000,0.10558524848554629,0.23742189351877727,0.21265208869015853,0.04505742162561537,0.8499322088501887,0.0789854310039212,0.0700938536615201,0.000988258718724942,2.4776564513310755e-07,0.07628598590104772,0.4393989303915058,0.29351971531973137,0.11824078490941975,0.06335487615287591,0.009058930628999711,0.00014077669641996275
Piston,preprocess_Reading64.dat,50000,0.031843535073769996,0.24343619488704196,0.2413445053343611,0.05980331576686604,0.878122258731043,0.06375602262535367,0.057149869052793276,0.0009715251930341672,3.243977758557089e-07,0.09405591160649764,0.538335864765067,0.22294954582607984,0.08202120384039727,0.05467929632505036,0.007830087422448763,0.00012809021445922813
Piston,preprocess_Reading65.dat,50000,0.04662010213371999,0.22399717653044032,0.21909199248409506,0.04819415033048325,0.8639771805813903,0.0695989124346284,0.06549714884212547,0.0009264398725294871,3.1826932634040824e-07,0.08448554853277813,0.46189016865310056,0.2882366793255575,0.09809916390204677,0.058990144642376174,0.008172399142638323,0.00012589580150250014
Piston,preprocess_Reading66.dat,50000,0.031202346366921402,0.23472152951320885,0.23263836742510646,0.056172911540079376,0.8500428284093607,0.08132021331830917,0.06754493488545696,0.0010916761910633975,3.471958097301136e-07,0.07983601389240681,0.4900112994163102,0.258467214329893,0.10010166782730781,0.06299516297338273,0.00845837592554729,0.00013026563515229687
Piston,preprocess_Reading67.dat,50000,0.013060575825999999,0.24410290396426065,0.24375325450725446,0.056022708362636314,0.8556424433616557,0.07603111647648944,0.0671662173902395,0.0011598648980260496,3.578735892091101e-07,0.08650057980467045,0.4870446850115916,0.2536208685585414,0.10177932964364009,0.06206400762579088,0.008852517405491008,0.0001380119502744654
Piston,preprocess_Reading68.dat,50000,0.031577404495346,0.21322123028611745,0.2108700087021927,0.04492980355929491,0.863131391833988,0.06824584308742516,0.06755193024942736,0.0010705497553607376,2.8507379869726446e-07,0.0803230172721855,0.4724236722215211,0.2774777185037423,0.10166933303045189,0.05935047955437545,0.00860556350209158,0.00015021591563210435
Piston,preprocess_Reading69.dat,50000,0.038681510081474,0.21128010575873046,0.20770898841224267,0.0437322076298805,0.8640114422291042,0.06837876180012613,0.06652092055376958,0.001088487531996941,3.8788500309198375e-07,0.08397364874098644,0.5069856726243582,0.24677778736870626,0.09030032028720303,0.0625567176173363,0.00926033904753099,0.0001455143138787102
Piston,preprocess_Reading70.dat,50000,0.023945784805508002,0.23019463901220286,0.22894578227171317,0.05274245216816462,0.8612686905014615,0.06634204266296181,0.07112574833638195,0.001263151135747601,3.6736344718997486e-07,0.08446163395140899,0.515167461163338,0.23206638703920043,0.09378094575878058,0.06474709661075619,0.009626911261316332,0.00014956421519956136
Piston,preprocess_Reading71.dat,50000,0.051041629947279996,0.2607242893359219,0.2556793051110051,0.0665028955247817,0.8527096659977681,0.07221134618613663,0.0739376230997976,0.0011409950860715606,3.696302261131027e-07,0.0806412603841204,0.5322581534648078,0.21755426716453208,0.092435590005549,0.06737038991591736,0.009591539931057356,0.00014879913401615814
Piston,preprocess_Reading72.dat,50000,0.0429410001259958,0.2479818096103882,0.24423564114564045,0.06017711391904291,0.8546588060379628,0.07094564945402142,0.07324535408655786,0.001149762203165167,4.282182927852875e-07,0.09577491362482204,0.507714172627785,0.22415525036463682,0.0972645936987183,0.06498902106560271,0.009947383772301676,0.00015466484613333445
Piston,preprocess_Reading73.dat,50000,0.025649998355847997,0.2463660778383917,0.245027186030076,0.0591805327211706,0.8381030279882328,0.07544384201308524,0.08526461143500172,0.001188101539774815,4.1702390537726825e-07,0.09942329495767424,0.5205254346638329,0.1983449863104375,0.09407129447806377,0.07618990513696701,0.011268437138866499,0.00017664731415781493
Piston,preprocess_Reading74.dat,50000,0.09331934539809202,0.25090353979548435,0.23290359820401185,0.05592722216896194,0.8399267229133721,0.0789738692120049,0.07977630638481005,0.001322679030980416,4.2245883247729754e-07,0.09559549993703782,0.5196820506616683,0.19901284200686703,0.10168868921272672,0.07336979652570326,0.010493013838452626,0.00015810781754433152
Piston,preprocess_Reading75.dat,50000,0.08004264996485401,0.23923238219105833,0.2254446869531692,0.050898078386095044,0.8279217764571106,0.07645144757968565,0.09370350570802259,0.001922554259527606,7.159956535988924e-07,0.08231545641058441,0.48213348848204757,0.2403699604805733,0.10259598597568986,0.07838339378501503,0.013985510363612915,0.00021620450247703137
Piston,preprocess_Reading76.dat,50000,-0.04834067933114,0.25864087181589296,0.2540832133288011,0.06556895947535682,0.6152158354248912,0.14859447868243772,0.2341391269082306,0.002050189947261143,3.6903717947526824e-07,0.05431797190066408,0.33205078945975175,0.2185896838289835,0.14567531781155818,0.2069327595472807,0.04183196759567035,0.0006015098560914422
Piston,preprocess_Reading77.dat,50000,-0.026913307492778003,0.23312698427620704,0.23156827217371134,0.05365995018351974,0.6948734546219497,0.1255039693120185,0.17797762919076954,0.0016446070358509997,3.398394112029435e-07,0.07159765625245779,0.37529829046350893,0.23264427316039174,0.1307366105071526,0.15859135459048718,0.03068502088803136,0.00044679413797047807
Piston,preprocess_Reading78.dat,50000,-0.006192849129773999,0.25236244108280437,0.25228644491713725,0.06424995538007824,0.7348069612718531,0.1153682599472521,0.1481983267874662,0.001626052828637704,3.991647909828487e-07,0.06450687577735087,0.3814430479958579,0.2611937917353887,0.12817610718549105,0.13926004080305002,0.025052994037139033,0.00036714246572230554
Piston,preprocess_Reading79.dat,50000,-0.0070327978544,0.2611548444838224,0.2610601320610036,0.06754693071389051,0.6884847424911218,0.12915602168399234,0.18058760986729563,0.0017712369894617096,3.8896812844165474e-07,0.05845302048036322,0.4016538639629634,0.22146658938750688,0.13625213740059533,0.15647555730507823,0.025335981992326485,0.0003628494711662662
Piston,preprocess_Reading80.dat,50000,-0.0110375855637068,0.25783178836209586,0.25759542463894897,0.06518072237091652,0.7291956459921929,0.12822623860206492,0.1409396545167694,0.0016380472478456961,4.136411271712524e-07,0.06139903005848053,0.40875755019300863,0.24501661886817586,0.13157753652818507,0.13330012062541138,0.019658317049027818,0.0002908266777108763
Piston,preprocess_Reading81.dat,50000,-0.017955923925868002,0.25553417610694695,0.2549025303025151,0.06452899469486714,0.7608205566117361,0.11598950244221555,0.12144823301553204,0.0017413429095493196,3.6502096699934856e-07,0.07470348482301953,0.4008278082093435,0.26223755484766487,0.13355195214101334,0.1127103193200838,0.015727669967552763,0.00024121069132224492
Piston,preprocess_Reading82.dat,50000,-0.004881552897299999,0.2513259591738042,0.2512785470268871,0.06213820330577855,0.7854817299912921,0.1020276865837244,0.11086897574778404,0.001621197455984294,4.102212150932712e-07,0.06254386392166561,0.4104594826914522,0.28198488216931816,0.12546708182475574,0.10325348653328084,0.016047069258607362,0.00024413360092002785
Piston,preprocess_Reading83.dat,50000,-0.025788380012101996,0.20555354939942777,0.2039294513478973,0.041413945704850366,0.8037836651923354,0.10035826289403531,0.0941814785976977,0.0016761095181118716,4.837978198488141e-07,0.08659182891684841,0.4074729070491675,0.2800696602458417,0.12512139703325187,0.08642718338242353,0.014092556132335843,0.00022446724013107448
Piston,preprocess_Reading84.dat,50000,0.006054431867514,0.23675065574890236,0.23667322800075405,0.056993878000006847,0.7967554674033613,0.10971054123002287,0.09216755820230534,0.001366110985932544,3.221783779926737e-07,0.07598581073236331,0.44717760128647366,0.25050579994269434,0.12988728642226519,0.08437719647552118,0.011875955143792319,0.00019034999689001474
Piston,preprocess_Reading85.dat,50000,0.009739456086214,0.2390767876848028,0.23887832343021204,0.057915715378937103,0.7905545158804699,0.10729668170948438,0.1002996383779105,0.0018487851813984105,3.7885073684100785e-07,0.08801207795381412,0.4071189497106086,0.2640396815502649,0.13278666038878106,0.09390823851164917,0.013913958382003986,0.00022043350287829412
Piston,preprocess_Reading86.dat,50000,0.002210683290252,0.2430515743216046,0.24304152044373134,0.059801261487371506,0.7931550113355931,0.11248691635074098,0.09260960974877626,0.0017480665012642828,3.9606362541509737e-07,0.07874904146173993,0.4064089458908862,0.2747754038007047,0.13827804624644516,0.0887829831778811,0.012789189660469262,0.0002163897618736466
Piston,preprocess_Reading87.dat,50000,0.07462702743956001,0.24402477931324207,0.2323335957075766,0.05402152036330465,0.8100963228650278,0.10222378648046368,0.08583183698873742,0.0018476746806710847,3.7898510019991565e-07,0.08267544445155187,0.4203271989407842,0.2741283440310096,0.12897029407883062,0.08109986866772263,0.012584888256179264,0.00021396157392179763
Piston,preprocess_Reading88.dat,50000,-0.014133123183674002,0.23259677692971267,0.2321669990915281,0.0541434140012795,0.825118116950954,0.09112226553383611,0.08222160078240673,0.001537702995271252,3.1373753192955195e-07,0.08503773017179121,0.4033533303779137,0.2964580779171668,0.12901976621208724,0.07473252435161147,0.011205909402577418,0.00019266156685232512
Piston,preprocess_Reading89.dat,50000,0.06581316566801,0.23091398855707215,0.2213366154437415,0.05060232267219433,0.7926654542668102,0.11404920977305365,0.09154512273459763,0.001739876803213053,3.3642232547228006e-07,0.07045961299947522,0.4046633695861452,0.28597954066601683,0.1427422031992471,0.08342616389921795,0.012523209287251308,0.0002059003626464936
Piston,preprocess_Reading90.dat,50000,0.029680213275263996,0.21098690854956567,0.20888887121921462,0.04310265071926869,0.8215577748971873,0.10233162610018377,0.0747042171477191,0.0014061363201657289,2.4553474408351507e-07,0.08305920280017956,0.4172009439562738,0.2878341002741819,0.13138056356014693,0.06965379087075686,0.010698649379900406,0.00017274915856054136
Piston,preprocess_Reading91.dat,50000,0.02523802692531276,0.21375631362055852,0.21226116839772594,0.04307082400269514,0.8259631610258831,0.0949382649871368,0.07758109059259925,0.001517186049048149,2.9734533290264924e-07,0.08825513734903825,0.4179204561478482,0.28807789079688056,0.12197352325014844,0.07247973125921853,0.011088300527169257,0.00020496066969687493
Piston,preprocess_Reading92.dat,50000,-0.04230000866738,0.237776603292333,0.2339838078585334,0.055065630526011405,0.8305574542134493,0.09391188393613585,0.07410701278886611,0.001423359646560344,2.894149883518817e-07,0.08628863553144218,0.44447476378952655,0.275948851800666,0.11548873245531019,0.06720693319831267,0.01041298657293995,0.0001790966518025398
Piston,preprocess_Reading93.dat,50000,0.011650567502328,0.2563815494577556,0.25611669836079276,0.06429331261807318,0.8309803541474404,0.08929192887566968,0.07824673838470333,0.0014806525682812097,3.260239053168207e-07,0.09621743486142681,0.46338516683189446,0.24574329774536632,0.11370846058618764,0.07004574704574974,0.010723007337358037,0.0001768855920169517
Piston,preprocess_Reading94.dat,50000,0.035874776697728004,0.24235867199731329,0.2396888113558692,0.057007822318342324,0.8237036891763457,0.09090461759328416,0.08386670593955262,0.0015246406719867686,3.4661883078346387e-07,0.08349904997691467,0.42604810884887395,0.2765854991984148,0.12940615978948655,0.07298755761730093,0.011283498272140317,0.00019012629686867156
Piston,preprocess_Reading95.dat,50000,-0.053012812699531994,0.23827269738193377,0.23230049506479086,0.05366102269403122,0.8486434198863186,0.08249122862840597,0.06729490862716583,0.0015701794726731952,2.633854364809515e-07,0.09808545659036651,0.44750557580735867,0.2712367509748133,0.11040462844236562,0.06296637384916158,0.009641390843710854,0.00015982349222344158
Piston,preprocess_Reading96.dat,50000,-0.007635804873748,0.20436114023380275,0.20421843727144234,0.03883332345163978,0.8425295995588616,0.0854573644988408,0.0705904313789193,0.0014222052366193413,3.993267588317117e-07,0.0970126926955867,0.45782050341816916,0.25999883501745275,0.11308937725991176,0.061523219671082326,0.010366500709830492,0.0001888712279668327
Piston,preprocess_Reading97.dat,50000,0.034397522338606,0.21804399607974098,0.21531371225118756,0.04455833174790065,0.8547829909419236,0.07970122821824545,0.06429405185082111,0.00122148554785008,2.434411595354169e-07,0.10403992560211284,0.4683138717903425,0.2454045655350618,0.1123044911922581,0.06049204289367243,0.009288402594058097,0.00015670039249436913
Piston,preprocess_Reading98.dat,50000,0.016838152368964,0.2592901585327113,0.2587428509866855,0.06695182616823833,0.8595559883476225,0.07813011524893883,0.060980417841875974,0.001333198783361782,2.7977820097388726e-07,0.111492499792065,0.49034382838829954,0.2277971518030083,0.10501012766064587,0.05643814800390978,0.008769769455070454,0.00014847489700094686
Piston,preprocess_Reading99.dat,50000,-0.038768787608586,0.21518122182086794,0.2116599615696883,0.044257796362640586,0.8560412856321913,0.07871441303366102,0.06410662334456599,0.0011372426036250385,4.35385956711914e-07,0.09040450718732072,0.44504297032960244,0.275040541661246,0.12251569085105078,0.05863418925820018,0.008223171676180868,0.00013892903639921758
Piston,preprocess_Reading100.dat,50000,0.0247880907904026,0.21087571227099022,0.20941374496618942,0.04580736061758491,0.8690986915711861,0.07395058706434092,0.055959763938121534,0.000990673449552464,2.839767987612426e-07,0.0970571194946427,0.45807190403890424,0.2740503090839923,0.11043267868673455,0.053023983057344605,0.007243924286012293,0.00012008135236924526
Piston,preprocess_Reading101.dat,50000,0.021543733305788,0.23473274800092953,0.2337420170600848,0.05364008716610509,0.8644818421397703,0.07345594363151908,0.06090265495200869,0.0011592249011443173,3.3437555758514014e-07,0.0923045609196871,0.4862918570211595,0.2488308717593728,0.10606010645132996,0.057613716336268134,0.008730667081921255,0.00016822043026145338
Piston,preprocess_Reading102.dat,50000,0.003676878657364,0.2369063014075414,0.23687776639005162,0.055786553008102695,0.8576436459253032,0.07011226589291254,0.07107934431966946,0.001164413599928284,3.3026218649664314e-07,0.0916542002957019,0.4431416346582396,0.28542429950453524,0.11009407324479684,0.060504438807551936,0.009008603460841896,0.00017275002833251952
Piston,preprocess_Reading103.dat,50000,0.0636816570349844,0.2461823341439573,0.23780325523811838,0.05559870302886816,0.8599382006889138,0.06796777963418159,0.07095385436083475,0.001139846063238559,3.192528312778506e-07,0.08427745056781,0.4630095560445764,0.26533555168240613,0.11832268862877202,0.06125521300494463,0.007670280390068981,0.00012925968142188526
Piston,preprocess_Reading104.dat,50000,-0.00893112539568,0.2383855949997002,0.23821823377425944,0.05671763385236706,0.8698220651299176,0.07470130020330926,0.054320762064483864,0.001155544006813356,3.2859547599973654e-07,0.09391248745951437,0.4893463257588047,0.24526436946741864,0.11284575493624925,0.05048670869407323,0.007993294334466418,0.00015105934947322395
Piston,preprocess_Reading105.dat,50000,0.063536292966568,0.23508888416112164,0.22634028128503267,0.05066217907325562,0.8722783730042324,0.07008407122342046,0.05647988959670693,0.0011573633064726938,3.02869167571525e-07,0.09134526545735303,0.4836086401147668,0.2598333659048165,0.10535991476926616,0.052087023997281406,0.007634861760936392,0.00013092799557962547
Piston,preprocess_Reading106.dat,50000,0.082591152364188,0.25250311281151083,0.2386137538589468,0.05658699471785283,0.8658554424947765,0.06977565809958756,0.06308793517212893,0.0012806031838977618,3.610496093317319e-07,0.08606107258541079,0.4757687675648793,0.2726956749144826,0.1019574923826204,0.055267423203017176,0.008111815824713988,0.00013775352487593404
Piston,preprocess_Reading107.dat,50000,0.06987476064558,0.2235927214827046,0.21239402751670117,0.04600751049997146,0.8762755914714818,0.06493272436432913,0.057746848617561866,0.0010445117667694773,3.2377985773809087e-07,0.08498749577856594,0.4698963773296731,0.27546452671128724,0.10899215198264868,0.05251684286448017,0.008008049793661485,0.00013455553968332102
Piston,preprocess_Reading108.dat,50000,0.0717736985596516,0.22261176969950242,0.21072383871743738,0.041246881901200474,0.8791034709410332,0.062083132683394125,0.057721358066160605,0.0010916709919451446,3.673174668668962e-07,0.087963630492765,0.4792879164502437,0.26648762336996995,0.10801580544491128,0.05108050844489884,0.007041921627559379,0.00012259416965188126
Piston,preprocess_Reading109.dat,50000,0.009641440230772,0.23320854592192317,0.23300915973689576,0.05302098536082537,0.8989146846727074,0.053538975030279407,0.046587793942414975,0.0009582503875275601,2.9596707060987784e-07,0.09758058649531635,0.5444464253799882,0.22560468911619735,0.08409706644553515,0.04160863216685886,0.006551790103234752,0.00011081029286930546
Piston,preprocess_Reading110.dat,50000,-0.0022873132728559995,0.2027200697512602,0.20270716533449826,0.0411018480162402,0.857310617451275,0.08148961503167512,0.06010689768121075,0.0010925402253310359,3.2961050817161617e-07,0.07450429720372957,0.4420872440911462,0.29002341356204175,0.12807988289774658,0.05699606564806443,0.008171747549712761,0.00013734904755864888
Piston,preprocess_Reading111.dat,50000,-0.004786410382664,0.20390266833766277,0.20384648250795898,0.04109468835081773,0.8705526638599735,0.07096110848956412,0.05736833236278146,0.0011174678672088796,4.274204720896159e-07,0.0821441388682776,0.46740866561233074,0.28122492165953045,0.10788348030976343,0.053097871487187115,0.00810272884168237,0.00013819322122815095
Piston,preprocess_Reading112.dat,50000,0.06762489912047881,0.2094920184368513,0.1982770254156823,0.03694598673569044,0.857746068934697,0.07957548483452204,0.06136643182396009,0.0013116114419791545,4.0296484197031276e-07,0.08107789865366159,0.43290009861571077,0.2913140575199571,0.12742161351292025,0.05805569228669093,0.009075355233521898,0.00015528417753737044
Piston,preprocess_Reading113.dat,50000,0.041379131622708,0.20394079758558617,0.1996988141827478,0.038576823353653526,0.8473212969267525,0.08371221246057059,0.06766810689661994,0.0012979638079451202,4.1990811189687436e-07,0.08034559439972443,0.4322313980404575,0.29553805027879093,0.12135363072778463,0.06153868878627431,0.008850615079573224,0.000142022687394815
Piston,preprocess_Reading114.dat,50000,0.0236744233816922,0.1909704641315433,0.1894973346729749,0.03566962105064626,0.8668183910563014,0.07423366768005643,0.057855985066843585,0.001091579933441485,3.762633568739717e-07,0.08208160183092317,0.4056662708885328,0.3265642243967605,0.1213382391847398,0.05627088633651687,0.007947618663868578,0.00013115869865829946
Piston,preprocess_Reading115.dat,50000,0.084383843641186,0.2153058305344373,0.19808070979896986,0.038151894453483486,0.8731419165719096,0.0655743299996884,0.06022957640777077,0.0010538483741326858,3.286464985998186e-07,0.08381735854869549,0.4495846629164167,0.29883661278460555,0.10709029790033903,0.05343272859443681,0.00711427720305516,0.00012406205245126773
Piston,preprocess_Reading116.dat,50000,0.042842925395176,0.2190612008741401,0.21483084851111056,0.0470751065371525,0.8714245228932981,0.06654560475607502,0.060767482444937584,0.0012620310349820676,3.588707071429782e-07,0.07850309263550717,0.460623013636212,0.29657181199113375,0.09939362998636066,0.05661293135711736,0.008156393371664078,0.00013912702200492236
Piston,preprocess_Reading117.dat,50000,0.00408861002756,0.18825980964418526,0.18821540637075226,0.033689710003050106,0.8568328302123343,0.07997629011115198,0.06211700943627077,0.0010734760442883155,3.941959549477087e-07,0.08081753426978719,0.4156365523123973,0.31854264576032804,0.11818683024151388,0.059001883030154766,0.007688064677308696,0.00012648970851011804
Piston,preprocess_Reading118.dat,50000,0.120074838304952,0.24052260316275428,0.2084062279257206,0.04319881390158191,0.8472397676950979,0.07637056993537433,0.07510207943953841,0.0012871676217333483,4.153082561071068e-07,0.06780922391038977,0.42257551175048497,0.3276630123271337,0.1048447889450988,0.06766835876377812,0.009282325237186985,0.0001567790659278783
Piston,preprocess_Reading119.dat,50000,0.0273932846005786,0.2510419196128553,0.24954288882214015,0.06356203601848949,0.8730684525986442,0.06651379253212532,0.059293172627514545,0.0011241483136231912,4.339280929409105e-07,0.07759970501641306,0.49655000690827866,0.26470736858782007,0.09853086084604058,0.054644632698357794,0.007835618228496644,0.0001318077145931842
Piston,preprocess_Reading120.dat,50000,0.021950368880467995,0.22756596456402817,0.22650485543133045,0.05075424163238335,0.8695513066109645,0.07029395481107319,0.05867522728207,0.0014791071684084436,4.041274838680892e-07,0.08254325119433784,0.4761605224278089,0.270605065729885,0.10590496504964489,0.05651690394118305,0.008135193717380489,0.000134097939759877
Piston,preprocess_Reading121.dat,50000,0.050773728923670006,0.21548891890510244,0.20942182938288811,0.042869951978893144,0.8646341641452094,0.06878650760111304,0.0651091968454755,0.0014697024919687004,4.2891623336035397e-07,0.0647196529024368,0.4808622823208163,0.2791921257591909,0.10683226910304004,0.059510016235011245,0.008740078845282035,0.00014357483422300214
Piston,preprocess_Reading122.dat,50000,0.06373352589731,0.1942773438233148,0.1835258128976395,0.033507686134842646,0.846959095541354,0.07811106972564863,0.07324599708855113,0.0016831641118370034,6.735326091852878e-07,0.07261389556309113,0.42801168259222633,0.3022556780979235,0.1216753088329661,0.06501129494314352,0.01026392724529751,0.0001682127253520704
Piston,preprocess_Reading123.dat,50000,0.04888871823547,0.20018120116662938,0.19411956761183907,0.0359643296720036,0.8624154540669229,0.07268274969326138,0.06352605699352033,0.0013752990525704965,4.4019372476067014e-07,0.06809792737869455,0.4790324437263873,0.2761509192835683,0.11096817943901519,0.05727760052496588,0.008336753865921925,0.00013617578144667008
Piston,preprocess_Reading124.dat,50000,0.073377152567458,0.2192468759372345,0.20660345130062346,0.04181011104314233,0.8832427989282065,0.06514039519944133,0.05041953402290582,0.0011967135573782432,5.582920682110381e-07,0.0822803948981054,0.5043639127695507,0.26508569316783814,0.09238755017427376,0.04805182912920636,0.0077021263623399325,0.0001284934986856984
Piston,preprocess_Reading125.dat,50000,-0.013150527493162,0.23997907141277014,0.23961848497723837,0.05487090898106753,0.8803424039974954,0.06444570119588476,0.05422651288822076,0.000984995919367534,3.859990316546608e-07,0.0796217749380975,0.5548752129124747,0.21755050645464835,0.0914586136301363,0.049332136215342576,0.0070453279280043146,0.00011642792129638928
Piston,preprocess_Reading126.dat,50000,0.012708116941152,0.20813276582909138,0.2077444390963989,0.04329287945287648,0.8720886613673937,0.06653170837885465,0.06016468102454789,0.0012142150326964608,7.341965072067193e-07,0.08839271268397587,0.5216730197437989,0.2296247359866291,0.09529803174694136,0.056274620129869245,0.008596726746119006,0.00014015296266658652
Piston,preprocess_Reading127.dat,50000,0.053118011593874,0.22570931831847527,0.21936994602748996,0.04561509424240855,0.8853323582766583,0.05946282560871663,0.054070312748662176,0.0011341058395819335,3.975263810018725e-07,0.09242431063144255,0.5126709552428435,0.24852799187896082,0.09024633342269711,0.04839131897297208,0.007613444603146109,0.00012564524793810353
Piston,preprocess_Reading128.dat,50000,0.009895693193058,0.25978959287146647,0.2596010551221839,0.06724697679313614,0.8827536738987616,0.06253057606003357,0.05363186522971182,0.001083501810624448,3.830008685848682e-07,0.08427748184408804,0.5396875987539366,0.22633434934136376,0.09336893231066748,0.04848604032849452,0.007719949898636222,0.00012564752281324224
Piston,preprocess_Reading129.dat,50000,0.029222172488300002,0.28153061728354456,0.2800099160799804,0.07708843809610325,0.8682472882198432,0.06828129897938948,0.062206324327903524,0.0012645756514511875,5.1282141268291e-07,0.08971215183208255,0.5307833165839853,0.2201823648982027,0.09558999986782028,0.05500082667268515,0.00858268003801901,0.00014866010720487408
Piston,preprocess_Reading130.dat,50000,0.0018853780546060005,0.21329847036307392,0.213290137626704,0.045984759350473615,0.8494931782941976,0.07764499499008223,0.07143673306888511,0.0014246157382051376,4.779086297799624e-07,0.0774058225817362,0.5042200197019097,0.24064186162961568,0.10471532969042947,0.06265095446334999,0.010198031095762335,0.00016798083719659777
Piston,preprocess_Reading131.dat,50000,0.007511230511852001,0.2464711964790715,0.24635671720093788,0.062235614534318764,0.876469154951164,0.06753539678803573,0.05495075008882163,0.0010441028724235166,5.952995553242841e-07,0.07808296155089497,0.5123939499938583,0.25079470765190404,0.09738782716833734,0.05337729956447986,0.007838678270515887,0.00012457580000945658
Piston,preprocess_Reading132.dat,50000,0.019561800693994002,0.2317031753056879,0.2308759350827773,0.05253357608158805,0.8832200617991814,0.062266612368398234,0.05339258205538219,0.0011204116830011836,3.320940370199972e-07,0.0774277143376094,0.5496826782766081,0.2291306404338638,0.08851397868842285,0.04813516746797989,0.006998081327010834,0.00011173946850509458
Piston,preprocess_Reading133.dat,50000,0.012457346877664999,0.23904763063235535,0.2387228188081578,0.0561156209901555,0.8837037478667451,0.06742608296311109,0.04779208530255259,0.0010777536811405115,3.3018645074661974e-07,0.08483471570544084,0.5434684059634304,0.2346086389755275,0.0844479139683655,0.045805467987374865,0.006717557580243013,0.00011729981961785404
Piston,preprocess_Reading134.dat,50000,0.020507877408161998,0.25241805045064886,0.2515835828457773,0.06379887169573331,0.8714872084194107,0.06608932956892881,0.06109532803787705,0.0013277607412018665,3.732325813341015e-07,0.08342117364804658,0.49789243023144897,0.2516076423854807,0.10068418858840955,0.057473405033538316,0.008782733864758564,0.00013842624831730124
Piston,preprocess_Reading135.dat,50000,0.01927788501954,0.24597570930233956,0.24521911164499893,0.06023276920525363,0.8692255398405226,0.06880845764414587,0.060798529657809866,0.0011670120956617312,4.6076185978601367e-07,0.07687226072849263,0.5190628004808693,0.23776849749061638,0.10152460807326745,0.05601029828094851,0.008622748882677172,0.0001387860631285089
Piston,preprocess_Reading136.dat,50000,-0.039039746339578,0.23442119559580127,0.23114756141976994,0.0528672754182371,0.8789368276365154,0.06657976077651201,0.05344199125258192,0.0010409892581612038,4.310762296926057e-07,0.09387301949458221,0.5549235508698972,0.21326778008900624,0.08202127984870022,0.048280788622451096,0.007508263743221579,0.00012531733214159453
Piston,preprocess_Reading137.dat,50000,0.057134954724439996,0.25502128087485226,0.24853863009135319,0.06288064901940314,0.8981135479017291,0.05644446472892721,0.044606083624975215,0.000835646894526768,2.568498417218991e-07,0.08391486745413647,0.5742091242881713,0.2149967367677265,0.0790187801859282,0.04111978483248264,0.006624983547710554,0.00011572292384419105
Piston,preprocess_Reading138.dat,50000,0.06838241525768601,0.2548351519532077,0.24548889986013595,0.05871419004925677,0.8816505802500438,0.06469234902621754,0.052598913675594654,0.0010577899433527641,3.671047911610391e-07,0.09082609142716609,0.5455884351012666,0.21714793106579763,0.09129810921491267,0.04766764465690727,0.007345845994399579,0.00012594253955014117
Piston,preprocess_Reading139.dat,50000,0.0600928676868468,0.2573368587611858,0.2502221135915961,0.06160715268030978,0.873933199711658,0.06451796753867665,0.06040364534914555,0.0011447651659215762,4.222345985474225e-07,0.09874936843246579,0.5872801375678206,0.1748434256966969,0.07830232460336352,0.05258704952699351,0.008107153089504446,0.0001305410831551929
Piston,preprocess_Reading140.dat,50000,-0.05042050225125,0.22893293408646184,0.22331157888064823,0.04843779784094341,0.8893691787255718,0.05497151586636013,0.05470350755482032,0.0009554651280132703,3.3272523450396106e-07,0.10361764606951646,0.5885723367920711,0.184014743364192,0.0685991808215956,0.04746628887058681,0.007600111625475192,0.00012969245656298706
Piston,preprocess_Reading141.dat,50000,-0.004221017777078,0.23819341084657863,0.23815600764971814,0.054269409136550865,0.8733929427136267,0.06220569970790558,0.0631354979607285,0.001265495384833617,3.642329056213243e-07,0.0981006620973767,0.5988542034054448,0.16409353917763778,0.0755124809813043,0.055221708219360344,0.008089709951457823,0.00012769616741825754
Piston,preprocess_Reading142.dat,50000,0.049840201425880006,0.2370165791727615,0.2317170971779718,0.0496391047134329,0.8554136303832603,0.07148825986964705,0.07185668626998554,0.0012409738443369964,4.4963276992444373e-07,0.10190699517782985,0.5212546584389651,0.20772409689606186,0.09768461690097842,0.06166262842210052,0.00961606276725701,0.00015094139680711964
Piston,preprocess_Reading143.dat,50000,0.019107587560276,0.25207924474727217,0.2513540246942179,0.0623748059377686,0.8332423238173574,0.0870392974409808,0.07837468765170422,0.0013431811330192175,5.099569382583589e-07,0.09614423108395762,0.5063765867122103,0.21288703077267282,0.10685804330668137,0.06807442857635455,0.009512906437959809,0.0001467731101633596
Piston,preprocess_Reading144.dat,50000,0.0426085097719,0.22550354336819894,0.2214415565485193,0.04988026018040663,0.8603234706092502,0.07699878595599892,0.06154962687073667,0.0011277593694572635,3.5719455676874137e-07,0.098160207087835,0.5199918778868688,0.21300597756586329,0.10236754040376234,0.05792900158020085,0.008411369391744583,0.00013402608372495897
Piston,preprocess_Reading145.dat,50000,0.08600573100208639,0.26661514129809677,0.25236213623323306,0.0660624647704136,0.8559442773135005,0.07362041842043161,0.06925827082474309,0.0011766232013681167,4.10239956806921e-07,0.09148307045486219,0.5134669158035318,0.21103868172544255,0.11061932315010231,0.06406879605577562,0.009180217348921493,0.00014299546136401487
Piston,preprocess_Reading146.dat,50000,-0.05552743424317439,0.24633422993371476,0.2399942851057212,0.05700953737438309,0.8532672543384018,0.07275971247351998,0.0726789934441876,0.0012936656606867606,3.7408320393568966e-07,0.09616591120714779,0.48177598442236197,0.24160167251059633,0.10500838547915467,0.06485683353300918,0.010415797107403495,0.00017541574032638142
Piston,preprocess_Reading147.dat,50000,0.053977438091859994,0.22947361672365615,0.22303492316064508,0.04866210248250856,0.8451334936844132,0.08151963659954332,0.07207281707359321,0.0012736098372305542,4.4280521993969613e-07,0.08644126331192291,0.49038366828008373,0.23658077992043988,0.11005620823432774,0.06666740557889513,0.00970713108490781,0.00016354358942283152
Piston,preprocess_Reading148.dat,50000,0.06982422582936,0.23032675486847393,0.21948802130315131,0.047330175725462637,0.8210863471912876,0.08482475732143899,0.09247929392742882,0.0016089945104243075,6.070494203911069e-07,0.08561590708021335,0.5088697898908618,0.20704284194151362,0.10441002240748781,0.08139540292724873,0.01247716847230049,0.00018886728037418644
Piston,preprocess_Reading149.dat,50000,0.0541082165916194,0.2191221557462012,0.21233657253553107,0.0453861049364743,0.8349831108653847,0.08345680895378807,0.08006826926471906,0.001491257849088473,5.530670198644656e-07,0.08109193965470567,0.4619234094408529,0.2573160422357769,0.11497061694159363,0.0725343763471133,0.01197915565590489,0.00018445972405267672
Piston,preprocess_Reading150.dat,50000,0.030009946118806002,0.2427841566128805,0.24092229003596582,0.05989930595013844,0.8516628820481764,0.06945407257218275,0.07751070567408733,0.0013719092797141812,4.3042583925347976e-07,0.09072226151119366,0.5428930068453546,0.19026351198463742,0.09529816871039126,0.06977192327093874,0.01088184045824349,0.00016928721924092355
Piston,preprocess_Reading151.dat,50000,0.03799445893329362,0.26506365113784025,0.2623264383261606,0.0693402983259644,0.6813274046817983,0.12883719849130434,0.18772407790887266,0.0021109576458813823,3.612721431285302e-07,0.07634726442175714,0.3670087898501239,0.22332719265975393,0.13191090669947284,0.16974371290719228,0.031202377972807383,0.00045975548889245685
Piston,preprocess_Reading152.dat,50000,0.030446382251609998,0.23632441549907168,0.23435495976993256,0.055027475782566455,0.6774021188322118,0.12789464092606553,0.19278374275987714,0.001919122583962825,3.748978828403951e-07,0.06718432345819882,0.37208057111813575,0.23283622824722533,0.13196849142219524,0.1655184899077998,0.029982792578454157,0.00042910326799099215
Piston,preprocess_Reading153.dat,50000,-0.00902872773056,0.21167366274403945,0.2114810194202893,0.04475581667702056,0.7118771498304882,0.11215041850434015,0.17410129799988017,0.0018706351900018266,4.984752897190555e-07,0.062298343546570066,0.3732315208499468,0.2581096526217661,0.11935069634691746,0.15732619783186683,0.02926121647775486,0.00042237232517777144
Piston,preprocess_Reading154.dat,50000,-0.00888118375721288,0.25125038379346865,0.25109336895154344,0.06136070583783503,0.6608002013644623,0.13223961620795996,0.20500255953834715,0.0019571037341107895,5.191551197066266e-07,0.05611121126006854,0.35559556669616427,0.24217075855206194,0.1339443046913803,0.18118965903646359,0.03054860111628281,0.00043989864757846626
Piston,preprocess_Reading155.dat,50000,-0.0051553743751999994,0.2257760827619441,0.22571721614086013,0.05023206948558403,0.7154867159484117,0.11361829601189875,0.16904100388004442,0.00185353912415699,4.450354881381245e-07,0.06439627034911638,0.38830671507154585,0.25098611807554044,0.12236943542708008,0.14781804381346017,0.02574739315255311,0.0003760241107040317
Piston,preprocess_Reading156.dat,50000,-0.0441285908452706,0.23335362134962703,0.2291431431812783,0.04916340769533816,0.7480108044098097,0.10726568725620422,0.14301911209709128,0.0017039325315801146,4.6370531455788455e-07,0.06659301983705167,0.42724804954468815,0.2464770338010919,0.11524582163444837,0.12478471008232263,0.019361356092387604,0.00029000900800971527
Piston,preprocess_Reading157.dat,50000,0.11198297555002,0.26161307637111614,0.23643437760893207,0.05630566062531257,0.7927205836274308,0.09458089388834505,0.11109332765162516,0.0016048041013932042,3.9073120592102936e-07,0.06515719231362004,0.4384271687532503,0.27409515743215435,0.10628079478801113,0.09986840227606908,0.015919688196317554,0.00025159624057743843
Piston,preprocess_Reading158.dat,50000,0.05551749737494201,0.24102868374478822,0.2345477219522041,0.056752024105899294,0.7600331528721916,0.09551266850548679,0.14287615953706745,0.0015775388613666504,4.80223887367239e-07,0.05888246308798428,0.40488984769556635,0.2738486061976705,0.11484746940636814,0.12629083529419838,0.02091895830612426,0.00032182001208821656
Piston,preprocess_Reading159.dat,50000,0.00997622328541,0.2381698097709652,0.2379607809184055,0.05696577041191551,0.7718269071641491,0.09860866608368386,0.12791635767505183,0.001647625852206003,4.432249092866476e-07,0.07052136342681138,0.4005616518689625,0.27301755662054217,0.12676210331137788,0.11069887810379744,0.01816098297936863,0.00027746368913969267
Piston,preprocess_Reading160.dat,50000,-0.0062350884004572,0.2357301460214811,0.2356476722056623,0.05490718866057269,0.7833083896608276,0.09953002970892454,0.11558117344089817,0.001580005411579168,4.017777704657578e-07,0.0725922972984481,0.40997771464598437,0.2810791088203119,0.11943168555726047,0.10089440348474861,0.015778320596334806,0.0002464695969116529
Piston,preprocess_Reading161.dat,50000,-0.0634501285894408,0.22785393673952295,0.21884126135096632,0.045360245435101816,0.7579806370419944,0.1078584423206424,0.13198755132175213,0.002172864872458003,5.044431531378574e-07,0.07363916874687351,0.4014978796896096,0.26648816153211674,0.12951152788677936,0.11030316596986627,0.01826383571841768,0.0002962604563367877
Piston,preprocess_Reading162.dat,50000,-0.028648898789158,0.2261434758910678,0.22432144856491668,0.04938396792328584,0.7756184106880444,0.10349271933716638,0.11885884483982455,0.0020294332204457664,5.919145190829916e-07,0.07335869505146896,0.3976562819336495,0.2728982037277224,0.13640225672059875,0.10310164687520582,0.016314795467440444,0.00026812022391410574
Piston,preprocess_Reading163.dat,50000,0.03583378217098,0.233504752528617,0.2307388339850347,0.052030409718233035,0.7789256976810919,0.09323747889382544,0.12622599152919048,0.0016102866181433243,5.452777490456971e-07,0.07714748967310955,0.39860274625077385,0.28154790207634967,0.1244433528384207,0.10221354875289226,0.015794752081435222,0.0002502083270188022
Piston,preprocess_Reading164.dat,50000,-0.046983896525914,0.24308181753412147,0.23849797375016446,0.0562779743918113,0.8043346784390614,0.10148920814875964,0.09247204395021545,0.0017036213137562497,4.4814820719939834e-07,0.08162973952965234,0.4182088458326115,0.27924622123570586,0.1236669433935,0.08332001269663969,0.013691122077506685,0.0002371152343839082
Piston,preprocess_Reading165.dat,50000,-0.042597482714276005,0.24390061590064202,0.24015196210549578,0.058666554058995,0.8144323739957415,0.09158524422249384,0.09252214286513466,0.0014597910132121803,4.4790341793083615e-07,0.0936898064749566,0.45071540856743175,0.24197944557832343,0.12008615364028773,0.07995872258605849,0.013344297355667764,0.00022616579727429098
Piston,preprocess_Reading166.dat,50000,0.036923220562900004,0.2358369784147356,0.23292865038688548,0.0538410588096757,0.8121530967631909,0.09184381161028127,0.09426130147495558,0.001741282460887739,5.076906843599606e-07,0.07908620027130828,0.4165239562659074,0.2888686232370068,0.12078334300956102,0.08085029489282256,0.013658763726216917,0.00022881859717702023
Piston,preprocess_Reading167.dat,50000,0.041676942981080004,0.222581590464655,0.21864491038560036,0.045937159533389636,0.8133600733155413,0.09719518724849206,0.08778233818929077,0.0016617907528131057,6.104938628418697e-07,0.08744369319298359,0.3958848074072726,0.2967488813100566,0.13242118869475694,0.07488758098428402,0.012404160352594283,0.00020968805805193097
Piston,preprocess_Reading168.dat,50000,-0.071311027983748,0.23956061107554538,0.22870072948460357,0.050441098769449355,0.8335293522901955,0.08663228982724099,0.07817774113722827,0.0016601255240607847,4.912212743472384e-07,0.08779200340761661,0.42842384410954815,0.2890291873909528,0.11550248142539889,0.06764190624315279,0.01141477348451833,0.00019580393881254082
Piston,preprocess_Reading169.dat,50000,0.04319407168652,0.22993575373109748,0.22584225250166912,0.04923943613054657,0.8349693489725823,0.09032082541617786,0.07332576644220878,0.001383739681724464,3.194873066494241e-07,0.09269964235036189,0.4109607381738924,0.30124648120501374,0.11820760033420959,0.06572912376096395,0.010970965599707195,0.00018544857585127902
Piston,preprocess_Reading170.dat,50000,-0.03039170665645,0.23533225155662743,0.23336154950895419,0.05441563508268005,0.8590983312610327,0.078101943417496,0.06145825821252501,0.001341067333015053,3.997759311971059e-07,0.09993857219203298,0.4579959590709286,0.2704490171601562,0.10369418944630968,0.05723844441263324,0.010506985941035904,0.00017683177690361183
Piston,preprocess_Reading171.dat,50000,-0.040922746878784,0.2094493331826395,0.20541263826392792,0.04170578792789756,0.8503607421415542,0.0814510847087652,0.06697530966531744,0.0012125096866620398,3.5379770115577865e-07,0.0994415835693552,0.4624686603933544,0.25569601054637786,0.11058026663702546,0.06178426847179843,0.009844845427093544,0.00018436495499518554
Piston,preprocess_Reading172.dat,50000,-0.035059855688739996,0.21817795651114993,0.2153425810806259,0.04623517104110476,0.8497839102759641,0.07741486238138706,0.07126522639451148,0.0015356508623492787,3.500857881222107e-07,0.10591391552427579,0.4663350505355016,0.24791504693417202,0.104419344197791,0.06359665476758301,0.01162954780732714,0.00019044023334959832
Piston,preprocess_Reading173.dat,50000,-0.025019184700918004,0.18893989302256445,0.1872760624646926,0.03552839627980029,0.850499146809968,0.079402887404738,0.0688762082731764,0.0012214774711155516,2.8004100187438395e-07,0.08462740124960347,0.4206487736834165,0.2937265098973726,0.12558697164717492,0.065144730541996,0.010094750741410287,0.00017086223902631234
Piston,preprocess_Reading174.dat,50000,-0.004180844485948,0.19444402880407588,0.19439907632739567,0.0383515598397484,0.8692502630143649,0.06705403605938019,0.06257703212303718,0.001118344795237655,3.240079801531428e-07,0.09276175011159687,0.4738975398792171,0.26229828038788433,0.10398534842105532,0.0576350915746067,0.00927082319813532,0.00015116642750431065
Piston,preprocess_Reading175.dat,50000,-0.036300668687179995,0.21198937945222712,0.20885822572597887,0.043165978607249085,0.856732176941087,0.06872371578572295,0.07311019636514177,0.0014335188262971953,3.9208175100157966e-07,0.106010958493764,0.5063973288627361,0.22291272297878129,0.08986053351294002,0.06365931105466446,0.010967342378453126,0.00019180271866095242
Piston,preprocess_Reading176.dat,50000,-0.024732319423788004,0.2159172271942668,0.21449606377549293,0.04615707773918906,0.8726278784609047,0.06315810933123941,0.0629802455074373,0.001233456634323562,3.1006609497371804e-07,0.0958352025173972,0.4903912085690534,0.2503198048161886,0.09805176031416855,0.055929434608378466,0.00931647655360172,0.00015611262121209665
Piston,preprocess_Reading177.dat,50000,-0.011040506546762599,0.18045196815830933,0.18011390847849137,0.0332584275311882,0.8849314512707601,0.06089192120336321,0.052918794176465334,0.00125745295815998,3.8039125125185415e-07,0.10049428282723105,0.5135950065365381,0.23345414856438176,0.09309376402995514,0.050617953381264895,0.008597600635732448,0.00014724402489636954
Piston,preprocess_Reading178.dat,50000,-0.050133759294164,0.2278604587224849,0.22227684276202966,0.04882605580561242,0.8696814642525438,0.06368217845144461,0.06521716662761241,0.001418810572464939,3.800959342186571e-07,0.08691271131595633,0.479261179854034,0.2672571395950565,0.09847716810199182,0.05745202971285517,0.010457325318631281,0.0001824461014748695
Piston,preprocess_Reading179.dat,50000,-0.019009484731554,0.23838313956948398,0.23762399020562908,0.05433251183130611,0.8480774248628797,0.07088608123376823,0.07935919736421304,0.0016768794834159469,4.17055722889577e-07,0.09055070519144809,0.4692082012780711,0.2537417979542153,0.10507814832049775,0.06925331927718129,0.011961087912434788,0.00020674006615162974
Piston,preprocess_Reading180.dat,50000,0.021200678034282,0.21082285008060914,0.20975415458816954,0.04340107502494983,0.8521404638252132,0.06890200115682002,0.07747310889928193,0.001484089054716387,3.370639684026389e-07,0.08675461071110119,0.4574265817710997,0.2660860503573965,0.10990990207526082,0.06781616133552787,0.011815069158205,0.00019162459140884528
Piston,preprocess_Reading181.dat,50000,-0.055683335687792004,0.2211357617598281,0.21401025969747367,0.04734917388920016,0.8515382864897829,0.07601599336611713,0.07082497746367065,0.0016203398370868711,4.028433424171546e-07,0.08280662463987222,0.42680504123769203,0.2902148549310827,0.1235049792663436,0.06593960483809767,0.01054327794742138,0.0001856171394904499
Piston,preprocess_Reading182.dat,50000,-0.1011652139695018,0.21422584753411092,0.1888340891741029,0.03576340653161446,0.8528255793693484,0.068785590166039,0.0770045065723557,0.0013839724388224172,3.5145343447918406e-07,0.0807605728707804,0.4368700559936229,0.2836530867632546,0.11985164035975637,0.06726293564710659,0.011407766259777442,0.00019394210570181943
Piston,preprocess_Reading183.dat,50000,-0.13072165787636,0.24426964957993078,0.20634803092823073,0.04238915639807467,0.8600790617120821,0.06969853366437403,0.06875381433531688,0.0014682751244976338,3.1516372937858e-07,0.08385324314771733,0.4457525784209334,0.28925873838075344,0.10893133056925346,0.061321169227055126,0.010682380836375406,0.0002005594179118682
Piston,preprocess_Reading184.dat,50000,-0.07160562688436,0.19746790025428068,0.18402773114216336,0.034593533955993766,0.8727579146492345,0.0641149280122936,0.06173392955042572,0.0013928743276381578,3.534604081057343e-07,0.07985674003769089,0.3913163682945186,0.34151082394327525,0.12180935063700904,0.05586103329158449,0.009487893996588162,0.00015778979933359031
Piston,preprocess_Reading185.dat,50000,-0.016732126761586,0.17819075097478915,0.17740343758505228,0.03277086354568282,0.8752893136718514,0.06240771848551839,0.06117722444725595,0.0011254184243312936,3.2497104297703964e-07,0.07394016601348902,0.3913629102171477,0.3435876787182296,0.12745653849224192,0.054942081575707145,0.008568180017969563,0.00014244496521534199
Piston,preprocess_Reading186.dat,50000,-0.0776112681754452,0.20860293203569838,0.19362766926782266,0.038128540667513464,0.8884390652749881,0.060971772760650286,0.04942940452619361,0.0011593204396185917,4.3699854964088883e-07,0.07446701235708102,0.3870940941917913,0.3612541211242697,0.12370874147463644,0.04631759370613954,0.007037849975469918,0.00012058717061211606
Piston,preprocess_Reading187.dat,50000,0.0070790384903599984,0.18918393036663547,0.18905143935717597,0.036350770653244366,0.8879733073003264,0.06545109819624385,0.04572942869404048,0.000845886162207533,2.7964718180295567e-07,0.06864184099890666,0.35806582102696344,0.39366066738624106,0.12864429504265498,0.044150353698000244,0.006725674754449137,0.000111347092784427
Piston,preprocess_Reading188.dat,50000,0.045355606180020006,0.17014948386072648,0.16399303596834391,0.026619441852797906,0.8790380463330938,0.06479052523838744,0.055153286249596534,0.001017849918848533,2.9226007366873135e-07,0.057741469503826685,0.3528530446288348,0.40531576099998323,0.12494664684301794,0.05184687544426702,0.007179144304968566,0.00011705827510176207
Piston,preprocess_Reading189.dat,50000,0.05401317111053801,0.17873591460249164,0.17037929602910362,0.029136326900131914,0.880223342148283,0.06768822552930652,0.05116475406540058,0.0009233860752999089,2.9218171007682554e-07,0.052127339325722166,0.32589513325228536,0.43313403660854055,0.13107643666255386,0.05054336893530183,0.007109992912761268,0.0001136923028349859
Piston,preprocess_Reading190.dat,50000,-0.022571054926217603,0.18863632228906316,0.18728109772815027,0.035514573538357214,0.8809865116418805,0.06810209427601586,0.0499784683977196,0.0009326269101744124,2.9877420979897785e-07,0.06633561492483049,0.37869194676871004,0.3839182422793751,0.1159564817873559,0.04798944023692802,0.006995698400748313,0.00011257560205214975
Piston,preprocess_Reading191.dat,50000,0.06478451573423599,0.18849980390648455,0.177017351109612,0.031400637487177356,0.8781544025804735,0.07119069701385852,0.04969785798197968,0.0009567286158137664,3.138078744987729e-07,0.06267882247278224,0.3390374658422692,0.4207814799384156,0.122936865805149,0.04794446248323384,0.006514579313609864,0.00010632414454024892
Piston,preprocess_Reading192.dat,50000,0.04452955536715201,0.20027017491504004,0.19525691193733574,0.03866206738494807,0.8755709898003216,0.07308018090456553,0.05031456509654155,0.001033875875141507,3.883234295827943e-07,0.06069003107622487,0.35709746593798986,0.4069956809506126,0.11854081939119668,0.049520576539949714,0.007038172407758307,0.00011725369626790346
Piston,preprocess_Reading193.dat,50000,0.04584952919921399,0.1859245082372622,0.18018252810824414,0.032563608989793213,0.8751955525417104,0.07123805650376328,0.05229940147409058,0.0012666598580606096,3.2962237524633475e-07,0.053529382631224164,0.363817941717933,0.39514702581846795,0.1328805899778244,0.046889948825074704,0.007606993557733936,0.00012811747174183247
Piston,preprocess_Reading194.dat,50000,0.04706212851534,0.1762242728334027,0.1698238805211657,0.02651767849749439,0.8620809489233474,0.07136084822978264,0.06507342290534661,0.0014844066648996045,3.73276623744573e-07,0.044342890084636925,0.34945031308444646,0.40673209097860147,0.13084884648346362,0.05888896499981833,0.00958244390576672,0.00015445046326659236
Piston,preprocess_Reading195.dat,50000,0.06440063518731799,0.20367544124497017,0.19322588738003837,0.03888911618553578,0.8847582163870633,0.062026643687366316,0.051863903362774876,0.0013508412105061995,3.953522894019687e-07,0.06654860511999482,0.4316139880808363,0.3339815010556214,0.10911119751836211,0.0502485079205034,0.00835597789324524,0.00014022241143678193
Piston,preprocess_Reading196.dat,50000,0.0640421853266,0.25187577064416755,0.2435980343438483,0.06017734389134404,0.858095900240209,0.07433098260224683,0.06600201179468279,0.0015704902961976436,6.150666636951813e-07,0.08181514143076846,0.48009584693532387,0.26017258271761395,0.10434388956649453,0.06376384376477114,0.009648012112619698,0.00016068347240835807
Piston,preprocess_Reading197.dat,50000,0.051810353376972,0.26949166979004324,0.26446445388592205,0.06997685898468411,0.8709638961408326,0.07314699599103926,0.0546847816059694,0.0012038956394157237,4.306227431175453e-07,0.06409403953773844,0.5004656193453736,0.27350875352200543,0.10356633432087546,0.05048139901203872,0.007754378489965836,0.00012947577200257237
Piston,preprocess_Reading198.dat,50000,0.01784648149548,0.22092529927125318,0.22020329460824214,0.04928008273365348,0.8554497512397262,0.07858259106690996,0.06461158651210466,0.0013554728485431608,5.983327160606545e-07,0.06339217811942864,0.483814681449506,0.27322460995970466,0.10756963941377569,0.061699239850469094,0.010135946305088206,0.00016370490202763767
Piston,preprocess_Reading199.dat,50000,0.027581931902487998,0.24102458445167696,0.23944119808969816,0.05850720829796964,0.8843366887860297,0.0661207462889835,0.04835312227566854,0.0011891390986357873,3.0355068238790237e-07,0.06774283732426468,0.4762087982382228,0.2966882528778624,0.10352439728486901,0.04787506496200934,0.007829530568093972,0.0001311187446778769
Piston,preprocess_Reading200.dat,50000,0.035974355055221605,0.2216696679072986,0.21873108477875955,0.04702651245820357,0.8619218042742428,0.07926351422312977,0.05747074279148956,0.0013434423894266182,4.963217112658428e-07,0.06512823232424386,0.47621411814087883,0.28390374281883046,0.11198978823540691,0.053576879893418736,0.00903221815115379,0.00015502043606738195
Piston,preprocess_Reading201.dat,50000,0.041502467542552005,0.2341903144506113,0.2304835104087831,0.053702197623208915,0.8622264346970155,0.07723453859164048,0.059268138517457075,0.0012705123941142862,3.7579977258133415e-07,0.06786014456363183,0.4394591571089473,0.3137067737394776,0.11299367646398778,0.05681089545809373,0.009021410818010809,0.00014794184785096238
Piston,preprocess_Reading202.dat,50000,-0.0098744599513654,0.2028937855683956,0.20265335739371054,0.0416686985869536,0.8620128890227419,0.07935859354852014,0.057448042968111464,0.0011800818209292381,3.926396972247782e-07,0.06735109001841995,0.4744913925420549,0.28559981043004146,0.10733055081469355,0.05647735720398184,0.008605541922246147,0.00014425706856235394
Piston,preprocess_Reading203.dat,50000,0.059242644235695995,0.259747712585369,0.2529015288551934,0.06229620244775695,0.8596790498712387,0.07435445651175887,0.06475561955207722,0.00121039271086754,4.813540575486439e-07,0.07198498295626969,0.48254712826036433,0.27657407989450195,0.10179951680298234,0.05779810765794192,0.009146057143133025,0.00015012728480688655
Piston,preprocess_Reading204.dat,50000,0.07388796596498,0.2389748524191725,0.22726537038080225,0.05145610313958534,0.8701275602163289,0.07301391636805832,0.055698861502859874,0.0011592718629680272,3.9004978486524367e-07,0.08342355821864923,0.5140795257943127,0.24220987415861392,0.10020303442089429,0.051782773592229096,0.008168554566062832,0.00013267924923774052
Piston,preprocess_Reading205.dat,50000,0.054167546470612,0.24225298131165526,0.23611942712055542,0.055684249431329866,0.870540292820537,0.07142267087557187,0.05673559516852935,0.0013010075715886456,4.3356377308634516e-07,0.07739737451134121,0.48677278963849097,0.26865306313291754,0.1065377612945055,0.05200340911573562,0.008497254074924403,0.0001383482320848088
Piston,preprocess_Reading206.dat,50000,0.031019666173518,0.2377142698748646,0.23568168026519043,0.05597383463083856,0.8676009458086227,0.07341867327315024,0.057797384204504,0.001182615530292073,3.8118343106109996e-07,0.08632504332048772,0.4906915976534053,0.25560445580755775,0.10494797986898814,0.05371590844360621,0.008570971768479124,0.00014404313747590718
Piston,preprocess_Reading207.dat,50000,0.08792708799909,0.24530016526772713,0.2289999962366256,0.05171634350027423,0.8841966914574618,0.05888148787215488,0.05576759655691993,0.001153878365685028,3.457477783131629e-07,0.08530441512879526,0.5063625630369758,0.2540398138149362,0.09398851312220109,0.05192086715620154,0.008248685052020194,0.0001351426888699015
Piston,preprocess_Reading208.dat,50000,0.03627477440896,0.2481501625852057,0.24548450853901774,0.061495008129584146,0.8805312139374986,0.059952293029835,0.058388560621471346,0.0011275156297174769,4.1678147760723444e-07,0.0735441355545381,0.523827969133302,0.24869078876944062,0.09030616207267031,0.05525403442136691,0.008244715686174605,0.0001321943625076344
Piston,preprocess_Reading209.dat,50000,0.06823766412894,0.2396125416439128,0.22969064262020303,0.05422404240237509,0.8781688271175354,0.06627609888833642,0.05448273164733349,0.0010720196699440681,3.2267685045440886e-07,0.06924823536872508,0.4860041607919587,0.28423074417331334,0.09834923957044846,0.05405288543788192,0.007987234043616323,0.00012750061405629933
Piston,preprocess_Reading210.dat,50000,-0.031773464549942,0.25300898961420715,0.25100596761052424,0.06577875493783675,0.8645982961572748,0.06248676002698009,0.07160561383768878,0.0013088568711579025,4.7310689848271614e-07,0.08302666571182298,0.5480912412917475,0.2126803204637164,0.0816118704740968,0.06433797257887015,0.01008840373351414,0.00016352574623207383
Piston,preprocess_Reading211.dat,50000,0.0697462770589842,0.2408440438735033,0.23052399073795637,0.053414091237613655,0.859920991467101,0.07605949059764407,0.06287344197397139,0.0011456285936126275,4.473676706996672e-07,0.08166800337630782,0.5234631605076573,0.22486808050882676,0.10202219568375931,0.0586282412503839,0.009201159299897784,0.00014915937316704143
Piston,preprocess_Reading212.dat,50000,-0.022423441939142003,0.25942400608058863,0.25845309861269455,0.06403101766164213,0.8516805304822583,0.07994347188000812,0.06716805369202192,0.001207515901179443,4.2804453202605446e-07,0.08218151748114659,0.48696085471628164,0.2528551964339173,0.10668793847240432,0.06138366261878798,0.009773714764491,0.00015711551297109774
Piston,preprocess_Reading213.dat,50000,-0.04707527633436,0.25331816406610286,0.24890562589838075,0.06262578724141082,0.8410074055695225,0.07220785608131723,0.08536644724201027,0.0014177661178395708,5.249893104056641e-07,0.08207998942440814,0.49050923631922383,0.24259155909307048,0.09742006908754844,0.07567774920219159,0.01154414035012147,0.00017725652343603148
Piston,preprocess_Reading214.dat,50000,0.0019032821304999995,0.2653089492891178,0.26530212228707745,0.07213425166290287,0.8454764827453651,0.07123080792677529,0.08204143009833163,0.0012508004742187535,4.787553093109278e-07,0.08919801138654433,0.5352542211450602,0.1999499204124492,0.09258525847487598,0.07219573203182754,0.01065386830599221,0.00016298824325056659
Piston,preprocess_Reading215.dat,50000,0.023715799279809997,0.2521372721293263,0.2510194511613347,0.06329675971613584,0.8529405063219914,0.06768249535639154,0.07806509695713154,0.0013114645995319757,4.367649533762012e-07,0.08531212114519555,0.5247981543314121,0.21569184315004547,0.09487686742380523,0.06905639288932314,0.010105916262669762,0.00015870479754873337
Piston,preprocess_Reading216.dat,50000,0.06511523160443002,0.22265918775145546,0.21292515234992634,0.04517746322983489,0.8507954566474528,0.06777284696004042,0.07992122610179525,0.001509886807081607,5.834836299516129e-07,0.09641666772413034,0.5174303948136971,0.21352635208778323,0.09014909539855342,0.07106641790974244,0.011239104041586652,0.00017196802450673254
Piston,preprocess_Reading217.dat,50000,-0.008862488433328,0.24496921867963453,0.2448088527796324,0.06113511078904599,0.8487670463887296,0.06919530766870383,0.08084416127650745,0.00119305585304434,4.2881301486640164e-07,0.08615743850765821,0.5476536086290008,0.196047319688803,0.09079438098792067,0.06835782060956205,0.01082501665338356,0.00016441492367163805
Piston,preprocess_Reading218.dat,50000,0.061692699188892,0.2417548885980182,0.23375080112767332,0.05352248059735126,0.8453837238785042,0.06605634625104428,0.08721104194349912,0.001348381846070609,5.060808816918642e-07,0.09608730113601285,0.5742703179814863,0.16002121584579881,0.0830117041034436,0.07489172019579003,0.011537222936674488,0.0001805178007939066
Piston,preprocess_Reading219.dat,50000,-0.00931559170008,0.22994826478903305,0.22975949214507912,0.0529556351840329,0.83843108216927,0.07192716533791747,0.0883697890426199,0.0012715314363289246,4.3201386368999653e-07,0.08861810920050078,0.5461703302299157,0.18942358641269202,0.08755374941068836,0.07671620894695412,0.0113443149950832,0.00017370080416589907
Piston,preprocess_Reading220.dat,50000,0.014464700784737999,0.19895801897680232,0.19843151399508502,0.03897154482568809,0.8562825935060833,0.06651414575219212,0.0758517891294815,0.0013508199630468624,6.516491960833125e-07,0.09054494879032575,0.528858967209742,0.21010539966987388,0.09217793710580124,0.06744105417478997,0.010705956710943574,0.00016573633852352997
Piston,preprocess_Reading221.dat,50000,-0.016666496990454,0.23135451279316943,0.23075341485627465,0.05430295647314618,0.84948499372215,0.0687570623435208,0.08028671135929306,0.001470784016318279,4.4855871777629934e-07,0.09344223733534729,0.4993834152561528,0.22822426245164348,0.0959410830040261,0.07140385107619,0.011427726322907596,0.0001774245537327518
Piston,preprocess_Reading222.dat,50000,0.02605501725604,0.2443362167328711,0.2429430445250903,0.059372550698519,0.8391528284483041,0.06470375881857322,0.09485885915220794,0.0012840235522301867,5.300286847091643e-07,0.0904535989961907,0.4937747105315198,0.22348024568515407,0.0987046335865852,0.08040160641003179,0.012984065623415067,0.00020113916710324785
Piston,preprocess_Reading223.dat,50000,0.0108041837206634,0.2402852370374335,0.2400422145212499,0.057552174475007295,0.8490725163780254,0.06876766234651929,0.08074795802384406,0.001411367462886284,4.95788724947677e-07,0.08174547404999058,0.5283968820697301,0.21335365388612526,0.09450288836204312,0.07098264628124375,0.010849563161821028,0.0001688921890461968
Piston,preprocess_Reading224.dat,50000,-0.04353007251004399,0.23387699163046308,0.22979029570759948,0.0543786707184882,0.8589057443677219,0.05834664148174441,0.08134350268513207,0.0014037177307877973,3.9373461387353864e-07,0.07881772185623982,0.5512445734855015,0.209324559184557,0.07864326762493316,0.06972021768976161,0.012064135469349981,0.00018552468965713132
Piston,preprocess_Reading225.dat,50000,-0.0009627568067600001,0.23424938139753793,0.2342474029406948,0.05396037064572388,0.8360265996737433,0.08747890317301203,0.07501652860721168,0.0014773261642242305,6.423818087939525e-07,0.07635549839710307,0.48608271355485194,0.2420995884975368,0.11508329385156978,0.07017052035835732,0.010049409129326259,0.00015897621125485832
Riderbelt,preprocess_Reading1.dat,50000,0.0040975724512200004,0.157474829948885,0.15742151049788988,0.02427094150125394,0.45880390460449905,0.23012045442603274,0.3083554460997872,0.0027197587277570977,4.3614192404560466e-07,0.02444733917449118,0.1872423314631349,0.24608820410629015,0.2394675326234451,0.26314387091453384,0.03904669141937012,0.0005640302987348464
Riderbelt,preprocess_Reading2.dat,50000,0.075567700321834,0.18031725683834463,0.16371877040148766,0.027527334726405495,0.6131956767330669,0.1847589028960541,0.20005372472619565,0.0019912793843086065,4.1626037479960797e-07,0.025233823961669025,0.2161603829026715,0.3293283335462344,0.22107678206983924,0.1849648087302803,0.022902159146697874,0.00033370964260775093
Riderbelt,preprocess_Reading3.dat,50000,-0.08197107699477801,0.18520439628345794,0.166076521335908,0.028082542617211884,0.5778723432406481,0.20277600729796083,0.21608959761556265,0.0032613457925744693,7.060532538592805e-07,0.030270146580717697,0.2273586487330985,0.2919091800759653,0.24153068976076827,0.1870141427855111,0.021580571066701523,0.0003366209972376713
Riderbelt,preprocess_Reading4.dat,50000,0.0937471057888,0.18143503679675133,0.15533883202104373,0.02353432539928554,0.6889807427890393,0.15920416291396441,0.1492462252181636,0.0025683554716204103,5.13607212280136e-07,0.028790458660436693,0.2518494684900791,0.3774486488577898,0.18072239729737602,0.14288745961094224,0.018020904800499275,0.00028066228287676
Riderbelt,preprocess_Reading5.dat,50000,0.1087562779117118,0.20383557218954904,0.1723978320763674,0.029050620478931984,0.7151398855764447,0.15048517645372203,0.13231903886733787,0.0020555198996851233,3.7920281011282265e-07,0.035780934851602116,0.2745152121955108,0.3716798311750955,0.17706529881516284,0.12384977182933606,0.01684981301782065,0.00025913811547199754
Riderbelt,preprocess_Reading6.dat,50000,0.111588681779738,0.19219081788335118,0.15647771910828656,0.0238125998533804,0.6518321342434119,0.18979104609625608,0.15532258343437333,0.0030535187117327446,7.175142259025511e-07,0.03704686757410856,0.24240195665699793,0.34374933083190296,0.21481104913237628,0.14364091843717322,0.018040672843103775,0.0003092045243371596
Riderbelt,preprocess_Reading7.dat,50000,0.008246033956727399,0.153260382745107,0.15303838682879922,0.024728078967710895,0.5728230266586392,0.20419295294436032,0.21977953732360803,0.003204005972062144,4.771013302055766e-07,0.03547755196122354,0.22825604692985657,0.2867102779916166,0.2315301840118993,0.1945251344173167,0.023141223872944715,0.00035958081514267116
Riderbelt,preprocess_Reading8.dat,50000,-0.029759462799002004,0.15772365087827087,0.1548906853890365,0.023588979225338983,0.587297041601358,0.2048943478592511,0.20471739022050453,0.0030906718247886815,5.484940980129397e-07,0.029118965381352436,0.22683983396634017,0.3010949717776141,0.23290804211541466,0.18742385281127766,0.022271163227287928,0.0003431707207131253
Riderbelt,preprocess_Reading9.dat,50000,0.000381238697368,0.15731561854241374,0.15731515659477271,0.02452819037102497,0.5905446492638667,0.1955258119579795,0.21096965749390292,0.0029594470272055738,4.3425704529173673e-07,0.027685327705495543,0.21593352626060325,0.32079086885634917,0.2310530297062342,0.1846860482379696,0.019547559901339287,0.000303639332008843
Riderbelt,preprocess_Reading10.dat,50000,0.0070220905392932,0.15615872851442386,0.1560007651766475,0.024985160752800436,0.553901647726456,0.21935652340894393,0.22410938039199665,0.0026319457720106205,5.027005929099015e-07,0.032445057147484795,0.23025142100027018,0.2775367372951435,0.23438860688254914,0.20280311921591093,0.022253014436883455,0.0003220440217580532
Riderbelt,preprocess_Reading11.dat,50000,-0.0176393803678918,0.16384748278234487,0.16289521133031393,0.026340534359409293,0.5762478424557971,0.21727779441783468,0.20351846716393612,0.002955431385598864,4.645768332787259e-07,0.03147615426637475,0.21515919802914305,0.3145147473908274,0.23830324780882053,0.17815187065885058,0.02207117479424946,0.000323607051734273
Riderbelt,preprocess_Reading12.dat,50000,0.0223062615750918,0.17093020445782955,0.1694684793421449,0.028404824456896363,0.585054259320842,0.21451629178744094,0.1977111903462915,0.002717897912918543,3.606325070476873e-07,0.03870690807698271,0.24984872369674332,0.261708549719629,0.24422176325794442,0.18247735724018538,0.02265061704520925,0.000386080963306026
Riderbelt,preprocess_Reading13.dat,50000,-0.021013945370488,0.15561105446424947,0.15418564904504492,0.02312669813768843,0.5753950117960279,0.2186062758805305,0.20273556201776233,0.00326241739410139,7.329115779168908e-07,0.03748995956018512,0.27850237016981166,0.26841282726061694,0.21777582062404444,0.17576096733746313,0.021729332976113954,0.00032872207176468587
Riderbelt,preprocess_Reading14.dat,50000,-0.007246831679258,0.1660436299199704,0.16588541366742465,0.028273408298686988,0.5166776419521768,0.2375452329070742,0.2427155898228668,0.0030611369633600834,3.983545220096155e-07,0.03086460906461332,0.21193830806051267,0.2551540509787353,0.27197322431605025,0.20618839015232182,0.023537197019198656,0.00034422040856802653
Riderbelt,preprocess_Reading15.dat,50000,0.013879580318600001,0.1777295071558223,0.17718672344177208,0.03070745123722631,0.5684408369180406,0.23110523633363128,0.1976852099061605,0.0027682465199667878,4.7032220078002854e-07,0.043045818614928864,0.26021875065416017,0.2589649379455072,0.23708938702352225,0.17854555769599634,0.021815563655832537,0.000319984410052627
Riderbelt,preprocess_Reading16.dat,50000,-0.029765474602634002,0.18107060672541592,0.17860733787162883,0.030253700590813545,0.5754525439341412,0.21638781223955517,0.2049363725998369,0.0032228733553417536,3.978711249138146e-07,0.04158617525576563,0.2701703137799166,0.23541067463222984,0.2406011153448569,0.1888387965395535,0.023051930913661717,0.0003409935340157861
Riderbelt,preprocess_Reading17.dat,50000,-0.039105491177382,0.17896801399221515,0.17464338118604272,0.03145929674760892,0.5581623079312,0.2082377780753577,0.23046390816203513,0.003135547019300111,4.588121069094814e-07,0.0477840844368988,0.27883103960315714,0.2140565276967763,0.24575872528142537,0.1897813318875931,0.02343982540433786,0.0003484656898114771
Riderbelt,preprocess_Reading18.dat,50000,-0.0173607209516924,0.17209985350370602,0.17122197564575214,0.030167868657320268,0.542900722365402,0.21179289262237952,0.24229737405623075,0.003008537109431811,4.738465558746137e-07,0.03974095919074685,0.26991711400160423,0.22637706012128447,0.2182315127792972,0.21855443339831182,0.026787138322880915,0.00039178218587468665
Riderbelt,preprocess_Reading19.dat,50000,-0.049693099528294,0.16218320340322245,0.15438260046197594,0.023679800412710707,0.5339397611259836,0.21196288926313944,0.2503784204135462,0.00371841735640431,5.118409264854323e-07,0.037235339780692815,0.25567822678599617,0.21739591554206378,0.2377104768290383,0.22511888181858916,0.026460180333168864,0.00040097891045095066
Riderbelt,preprocess_Reading20.dat,50000,0.054206160667922006,0.16378094585854938,0.15455060780198995,0.0241356738088977,0.5349773391767656,0.22256132937755213,0.23865488192348702,0.0038058763955175967,5.731266775261873e-07,0.03895011308968211,0.273099640806394,0.2260067693954069,0.225708893331833,0.20814265330572748,0.027677525641280055,0.00041440442967622814
Riderbelt,preprocess_Reading21.dat,50000,-0.0382726563552436,0.18148904168802846,0.177407654931664,0.03240762626931723,0.5490112649552494,0.20710659068309725,0.2398567068332989,0.004025057656968117,3.7987138627749194e-07,0.04323262987181214,0.26307504915302604,0.22510926267731518,0.2414472496175107,0.19967558338649005,0.027056734987429013,0.0004034903064167302
Riderbelt,preprocess_Reading22.dat,50000,0.032969800952832,0.17502588115351989,0.17189255742671555,0.03010591210185984,0.5440089781565435,0.2110129864335092,0.2413033605341501,0.0036742896385497715,3.8523724720877567e-07,0.04040854067694608,0.24626251814443706,0.23769540135417197,0.2270256917093252,0.22015339935718647,0.028040200015567434,0.0004142487423656392
Riderbelt,preprocess_Reading23.dat,50000,-0.02969874829554,0.1775912174652466,0.17509033345809433,0.031496870196315536,0.6059851209004412,0.1906875874441642,0.19994678338802271,0.0033801515999796012,3.5666739229741735e-07,0.05126638122238014,0.30307365415038945,0.24136046068231343,0.20688846324954233,0.17237245591600073,0.02467937635148051,0.00035920842789336795
Riderbelt,preprocess_Reading24.dat,50000,0.007930972701125999,0.1796793089870532,0.17950418867001108,0.033514525234098314,0.6270802401355421,0.20155974668588644,0.16790938690235624,0.0034502653260684445,3.6095014679309385e-07,0.04469476156499249,0.30384930745188576,0.2597633705021284,0.21170925192436693,0.15501090935998044,0.02459227821198858,0.0003801209846572443
Riderbelt,preprocess_Reading25.dat,50000,0.0282039376231588,0.17489531060764993,0.17260622113671142,0.03068512444729488,0.6289249160191344,0.20520598882967186,0.1627288690688142,0.0031398121131644844,4.1396921507273303e-07,0.05099241641495952,0.29602691367806583,0.25980856656753004,0.21337033415455212,0.1589718992478062,0.020510454359777948,0.0003194155773084719
Riderbelt,preprocess_Reading26.dat,50000,-0.080822035039968,0.19317723702168557,0.17545724138755484,0.03014639652849611,0.6796233351740139,0.1753603447782597,0.141792068278939,0.0032238054468097443,4.463219777414205e-07,0.06556705518115988,0.3270577990162718,0.2608148238180226,0.17055467547071582,0.15695639063524905,0.018747581038472506,0.000301674840108282
Riderbelt,preprocess_Reading27.dat,50000,-0.0031449443727979997,0.18492060374965957,0.18489385878398074,0.03523118144099009,0.644213174020447,0.19332182408956158,0.1596046273495749,0.002860031613327767,3.4292708864170807e-07,0.056443075037845424,0.2787483022555984,0.29039595191656525,0.20247517753658378,0.15125459666287236,0.020362478948866378,0.00032041764166846064
Riderbelt,preprocess_Reading28.dat,50000,-0.004866411507424,0.16560167377062907,0.16553015554476552,0.026824416673031194,0.669020714424157,0.1645776994915818,0.16285947243752671,0.0035415280090396488,5.856376948703958e-07,0.04769930458382864,0.2826197595891559,0.30433615348506843,0.19498763379276735,0.15070309466483056,0.019339022998843353,0.0003150308855059614
Riderbelt,preprocess_Reading29.dat,50000,-0.03020246686534,0.18644462662665132,0.18398209095778714,0.03397274250265963,0.6612796067743663,0.17357926001043575,0.1619233315531374,0.003217336656733507,4.6500532718005247e-07,0.04667220458239125,0.2670071785269627,0.2927477966218427,0.21477133938890944,0.15739867956713563,0.021074587080600574,0.00032821423215783117
Riderbelt,preprocess_Reading30.dat,50000,-0.018832272228836,0.18842477115053635,0.1874813054835895,0.034388828877981524,0.6393931150298361,0.17917890895290658,0.17730080152712108,0.004126823707942802,3.5078219357646345e-07,0.04879683997861394,0.2559736286351957,0.29714558999248797,0.20743188622367406,0.16825189995198392,0.02204826020290112,0.0003518950151433648
Riderbelt,preprocess_Reading31.dat,50000,0.03547356705126,0.1995338939070035,0.19635529241237953,0.039390300001879645,0.6393062720331899,0.17630757349741677,0.18120378629129819,0.0031819308969603904,4.372811347473092e-07,0.052603486208872556,0.3059232357536864,0.25337144522235877,0.19882531056315628,0.16422113791519768,0.024687413191964942,0.0003679711447634012
Riderbelt,preprocess_Reading32.dat,50000,-0.00038175733407260024,0.19738975199024733,0.19738938282518953,0.03793076975011844,0.659206701593932,0.16366767448491673,0.17411629147295993,0.0030088744917109635,4.579564800853585e-07,0.060183561415237216,0.296792710518587,0.25601133139386456,0.19879114060246128,0.16402637219249105,0.023835217772398786,0.00035966610496000723
Riderbelt,preprocess_Reading33.dat,50000,-0.002258541273192,0.20390319185580397,0.2038906830639941,0.041187724702244265,0.6318547546141755,0.1926976784414951,0.17206976101207777,0.0033772186781831776,5.872540683857131e-07,0.04967381721592956,0.2632683468982371,0.2887308562914143,0.20366486922797122,0.17030095370932835,0.024001531588253813,0.0003596250688657445
Riderbelt,preprocess_Reading34.dat,50000,-0.029373446981714,0.19311427278450857,0.1908672915025045,0.037780460149025044,0.6214604681157648,0.19660592521037998,0.17858852415908882,0.003344651262667389,4.3125209907762336e-07,0.045325293437313466,0.26262157481006604,0.2851832415597833,0.2208693686792533,0.1608805686597968,0.024752449524920363,0.0003675033288667115
Riderbelt,preprocess_Reading35.dat,50000,0.0024572403293440003,0.20396331197295747,0.2039485096806099,0.039869835477591174,0.639851672524493,0.19213901660943253,0.16525170935686562,0.0027572746740051344,3.268352037510547e-07,0.054913864338645695,0.2738037892549117,0.2820295160740621,0.2153037291721308,0.1516148816395694,0.02201194987152894,0.0003222696491512525
Riderbelt,preprocess_Reading36.dat,50000,-0.00307595355039,0.20811298549222418,0.20809025263150255,0.04347596672227267,0.6498968680790823,0.1773043047058217,0.17012650591421888,0.0026720217124395146,2.995884375693015e-07,0.053211497317456787,0.2692922928935333,0.3005153254520435,0.19828726523975454,0.15669326568238023,0.02168234656505987,0.00031800684977180123
Riderbelt,preprocess_Reading37.dat,50000,0.03612962627507,0.22081120958904496,0.21783535155112202,0.04849904841465892,0.7354864619352603,0.130339757238216,0.131460005788886,0.0027134065898409302,3.6844779663515405e-07,0.06234744051342456,0.3275951240732951,0.30249766663917754,0.16501564778377353,0.12282887158759892,0.019420336525991053,0.00029491287673925274
Riderbelt,preprocess_Reading38.dat,50000,0.002176735975474,0.20520112443803432,0.20518957890479408,0.042633315215304037,0.6882602436123213,0.14791190894731446,0.1612618409830788,0.00256571063230023,2.9582498517554714e-07,0.05682480546058616,0.29238619041508285,0.2989839199272981,0.1802140449045257,0.14968682993284899,0.02159205771944196,0.00031215164021638987
Riderbelt,preprocess_Reading39.dat,50000,0.004637500202596,0.1876738463582135,0.18761654031230093,0.0339746268367767,0.6433712244653804,0.16901935803155999,0.1851627847426424,0.0024463372237005085,2.955367166558196e-07,0.0533836065268543,0.27035359062432585,0.288003567159931,0.205105181063609,0.15826879538177166,0.02452227875971347,0.00036298048379481687
Riderbelt,preprocess_Reading40.dat,50000,-0.015411259209224001,0.19391581180504958,0.19330244477915307,0.03797041979974374,0.6576835971099044,0.1632283124197744,0.17638674571776547,0.002701060118284151,2.846342716185602e-07,0.05512753852382356,0.2770878668685528,0.2818099514034445,0.19310780491572851,0.16830653250377808,0.024207779873929015,0.0003525259107435766
Riderbelt,preprocess_Reading41.dat,50000,0.0500782042297894,0.20078520182234136,0.19443988976534074,0.03793076480821819,0.6706358115584354,0.15298208573182814,0.17321680698018288,0.0031648551916473337,4.4053790618057845e-07,0.056943361086624365,0.31363250796893843,0.2644020042163762,0.18828182232846558,0.15104652508264307,0.025325067042998996,0.00036871227395320863
Riderbelt,preprocess_Reading42.dat,50000,-0.027251765209677998,0.2012361243765627,0.19938234386990236,0.037924731868383944,0.6500181819586165,0.17352331571314641,0.1737272249845742,0.0027309373468146743,3.399968482858556e-07,0.062117051171823603,0.28998206610865906,0.272101502454026,0.19510195999747765,0.1585397746758781,0.021832310130442893,0.0003253354616926723
Riderbelt,preprocess_Reading43.dat,50000,-0.024635931272098004,0.20123227146089473,0.19971854687952165,0.04082040343282168,0.6379988345887867,0.16799300648577362,0.1915592423082349,0.002448588808866194,3.2780833852294356e-07,0.05382959306767293,0.2995270196469324,0.248266854415312,0.19883991290867398,0.17291616051170963,0.02625176872857257,0.0003686907211266182
Riderbelt,preprocess_Reading44.dat,50000,-0.061172862040528,0.19801132454734752,0.18832515922936457,0.037779113030046,0.6899130165029334,0.1573167859432207,0.1503554854645186,0.002414399276786119,3.1281254113662156e-07,0.05849954145487455,0.3196474447149004,0.2823103905965018,0.16918401806633065,0.1495273911514155,0.020529843066368215,0.0003013709496090295
Riderbelt,preprocess_Reading45.dat,50000,0.049898424008525996,0.21323469691853011,0.20731421381903065,0.044386691910958356,0.6672007214257594,0.16679937515335996,0.16310224525339004,0.0028973887471048353,2.69420385819461e-07,0.07127164651236706,0.3378312681057349,0.2356978663261215,0.1751802128845128,0.15559627374591817,0.024078659226796313,0.000344073198549123
Riderbelt,preprocess_Reading46.dat,50000,-0.030713685625422,0.21073520286861486,0.20848500004407752,0.04422215869934458,0.6931894997615675,0.16358834424977867,0.1403297450985094,0.0028920551642650748,3.5572587940904624e-07,0.06910505068016361,0.3523950614110011,0.2347623199895167,0.1837866444646364,0.13900031504014837,0.020649117269613833,0.0003014911449200192
Riderbelt,preprocess_Reading47.dat,50000,-0.018879291954394,0.2232685367280675,0.22246890081086207,0.048541826391559614,0.6583892249671632,0.18153102342030158,0.15705047091222477,0.003028903566439992,3.7713387047180397e-07,0.06838622446873215,0.3250879070171996,0.24892359136075218,0.1841340799106546,0.15067228174500671,0.022466379622666285,0.0003295358749883302
Riderbelt,preprocess_Reading48.dat,50000,-0.067869428434728,0.21327626238602684,0.20218927959042907,0.040173954137530755,0.680718762876587,0.1790891019569064,0.1375940429810064,0.0025978117102162255,2.804752841235392e-07,0.06516841472984455,0.34188399807711056,0.2535879002171146,0.18090620210836425,0.13868866402938965,0.019478942776471365,0.0002858780617051285
Riderbelt,preprocess_Reading49.dat,50000,0.001808584062004,0.2275778141021711,0.2275706274878483,0.05150463830401471,0.6863963076544376,0.16011185566272976,0.15069224725830951,0.0027993001975623252,2.892269608886805e-07,0.07211576068520789,0.35999321686641667,0.24123612728230953,0.1713988828650927,0.13377049872115798,0.021174034997087053,0.0003114785827281706
Riderbelt,preprocess_Reading50.dat,50000,0.0015119080962779999,0.22857202794388498,0.22856702757022623,0.052986147443817924,0.702458657444671,0.14070472902018322,0.15389711546829285,0.002939220386307259,2.7768054562370234e-07,0.07753527625183154,0.3416012672828899,0.25042884721186454,0.16595306357384723,0.13974502793596438,0.024383071779755707,0.00035344596384667785
Riderbelt,preprocess_Reading51.dat,50000,0.037477011414016,0.20601201258607432,0.20257448739966877,0.04043677469546464,0.6528753865506081,0.16336295703511008,0.1812990709359907,0.0024622809273121557,3.0455097900477024e-07,0.0638486728934455,0.3166446543209311,0.23862021103673337,0.18451833550871385,0.1689851018921734,0.027001892912651492,0.0003811314353515047
Riderbelt,preprocess_Reading52.dat,50000,0.022842234766924,0.21141406245570749,0.21017644519517054,0.044184062547112844,0.6166027923299883,0.19144862861561926,0.18894647327074443,0.0030017844834387543,3.2130020913804405e-07,0.06046004472247539,0.2766495549339899,0.25138186520656247,0.19735489002586243,0.1885277940644457,0.025262356628691023,0.00036349441797313046
Riderbelt,preprocess_Reading53.dat,50000,-0.0133414135099042,0.2288469071970628,0.22845768452651974,0.054164296978779725,0.6744609768405344,0.14957639511748766,0.1731551906584588,0.0028071364807843776,3.009027346829604e-07,0.08022147880621751,0.3461795837438499,0.22042486167580186,0.16188269319876358,0.16309458457199344,0.02778705812616064,0.0004097398772130453
Riderbelt,preprocess_Reading54.dat,50000,0.029265849146236006,0.22137811411024516,0.21943513729746766,0.048620531393091915,0.6583809746530083,0.17287701714292197,0.16613716146382107,0.002604577715695365,2.690245534100215e-07,0.06810914500904715,0.3263867938086453,0.24222856894305425,0.16943858472540352,0.1693923651772884,0.024104576153321525,0.00033996618323974925
Riderbelt,preprocess_Reading55.dat,50000,-0.03550714208575,0.22631614302580932,0.2235133988265154,0.04780856873162158,0.6759672106534247,0.1571103901773753,0.1643038658324045,0.0026183035964771726,2.2974031850252147e-07,0.08436201666392297,0.3774501037151776,0.20682388126923457,0.16336778309395383,0.14787171733775117,0.019837723573165753,0.0002867743467940136
Riderbelt,preprocess_Reading56.dat,50000,-0.05312077061864,0.2031653204996826,0.1960977592493616,0.03616487594367499,0.6353002392302314,0.17842978992337147,0.1832533952068992,0.003016336554402787,2.390850952736281e-07,0.0679026049611342,0.32632141238309226,0.2342799852147269,0.1849817229429313,0.16465220689256113,0.02155454171991385,0.00030752588564041355
Riderbelt,preprocess_Reading57.dat,50000,-0.02597421097045,0.18102963597260827,0.17915655015889764,0.031304927810769476,0.6753842374037232,0.15815150690442775,0.16373874787314996,0.00272501649841795,4.913202809096262e-07,0.08616849425696095,0.3621273912841447,0.21242828584225476,0.16953616466222554,0.149871017649226,0.019587501548798406,0.0002811447563896521
Riderbelt,preprocess_Reading58.dat,50000,-0.027226162542356002,0.14575386218908135,0.14318842277311017,0.020041070445873044,0.6844911841124277,0.1469175618233812,0.1657856198407573,0.00280505552644664,5.786969870412526e-07,0.08154532976980297,0.3728031306015009,0.21505961691198047,0.16468020327214275,0.14583696089041379,0.019794729119434824,0.0002800294347241521
Riderbelt,preprocess_Reading59.dat,50000,-0.03294397128157,0.21105143136857202,0.2084643888987329,0.04519474288404001,0.6025433175480667,0.18729240183883086,0.20714745851053598,0.003016494639231601,3.2746333499572754e-07,0.05670441003250121,0.2974005725016663,0.24245781919740636,0.19328217287170132,0.18604028874902173,0.023775158755954078,0.00033957789174909707
Riderbelt,preprocess_Reading60.dat,50000,-0.07517214742032,0.23445000185724943,0.22207195145511271,0.05036187778662803,0.644614828244693,0.16922291872515421,0.18249621044625394,0.0036657780523654086,2.6453153344955003e-07,0.06941150606312123,0.3081110334115104,0.24677071430993727,0.18884959047094416,0.1628541924440949,0.023662242549798727,0.0003407207505933394
Riderbelt,preprocess_Reading61.dat,50000,-0.019307691752738002,0.21445888810790636,0.2135879859160172,0.04692626771788099,0.6213037503425894,0.1873344488889989,0.18837560393187786,0.002985910490712305,2.863458214681766e-07,0.05544774558097781,0.2749207340250337,0.2494795612157623,0.2180561417994907,0.17698061898803907,0.024750873287603344,0.0003643251030931629
Riderbelt,preprocess_Reading62.dat,50000,0.06446353228747141,0.21725115716456106,0.20746690891407946,0.04413391813332032,0.6207239110543059,0.19200401224279187,0.18441619248224161,0.002855607606050392,2.766146101616975e-07,0.0471719055045569,0.2578641512731245,0.2867313895656792,0.21659888779102965,0.1664627287768874,0.024814856250256166,0.0003560808384663137
Riderbelt,preprocess_Reading63.dat,50000,-0.00821130774093,0.18021805339969318,0.1800308895616483,0.03128991711029229,0.5974645145144665,0.17870506646580617,0.2206291082760626,0.003201072817144599,2.3792652014528094e-07,0.05703450126253732,0.28440882222321895,0.2271706943975265,0.20167319233755207,0.20535100425193722,0.024028856158149477,0.0003329293690783164
Riderbelt,preprocess_Reading64.dat,50000,-0.005405031308452001,0.1766449783169202,0.17656226664024186,0.030447711037866126,0.5485341723731794,0.22096820050306498,0.22769754697386313,0.002799840938457998,2.392114345775704e-07,0.03959701595303651,0.2205048016503508,0.25950475547834606,0.2545663830755854,0.20339776855766345,0.02211695091632147,0.00031232436869649835
Riderbelt,preprocess_Reading65.dat,50000,-0.0426044001233792,0.1990948251070126,0.194482941345813,0.037575332948659314,0.5594001092148827,0.1986212343933639,0.2392943381691787,0.0026840649737218075,2.532488529519571e-07,0.04375398158700352,0.2163748429798572,0.24916266046322275,0.2575461300239466,0.21004846237465027,0.022802533584494678,0.000311388986825062
Riderbelt,preprocess_Reading66.dat,50000,-0.00463450341428,0.20044901122273748,0.2003954277878519,0.04028414804514108,0.560940301615679,0.19738212835570487,0.23878313828363826,0.0028941351531457434,2.9659183199142153e-07,0.040404505381993895,0.20997486471308865,0.2641891205852056,0.25657685102039235,0.2043849791208297,0.024139026867948027,0.0003306523105418107
Riderbelt,preprocess_Reading67.dat,50000,0.0381397322531398,0.18420215875670784,0.18021042176935884,0.03253382248707537,0.581932993770234,0.19082141683888493,0.22496940754227826,0.0022758585067131896,3.2334188973164224e-07,0.04572526348970153,0.25555617417153875,0.26886897185880476,0.21908451958607292,0.19104109752546028,0.019448519338706848,0.0002754540297148554
Riderbelt,preprocess_Reading68.dat,50000,0.0041543260351202,0.19403738893305741,0.19399291193018497,0.03784204448086599,0.5665981521429123,0.19690262717376966,0.23388215086883798,0.002616809598021315,2.602164586845613e-07,0.03986132477136224,0.1999544335445175,0.2825749424457192,0.2542632793990344,0.19996258370829384,0.023066068602170156,0.0003173675289026714
Riderbelt,preprocess_Reading69.dat,50000,-0.0040273918655268,0.18300905521380295,0.18296473541371372,0.031944839721331234,0.503494123592171,0.21644843293929783,0.2769933316548027,0.0030638671832853618,2.446304427297913e-07,0.03619202476538768,0.21896315724361368,0.233531119044796,0.24315488339891983,0.24055595415383488,0.02723362916866204,0.00036923222478587225
Riderbelt,preprocess_Reading70.dat,50000,-0.025212540806766,0.1884885538044536,0.18679470736977952,0.03461724418941619,0.5311983452435575,0.19381432862606035,0.27238899552778445,0.0025981135252994003,2.1707729825052146e-07,0.0447220176726324,0.2521742512309338,0.21749137627441062,0.22134691646557586,0.23912173137108642,0.024802806313562614,0.0003409006717983012
Riderbelt,preprocess_Reading71.dat,50000,-0.002878828449486,0.18037081351308568,0.1803478381188163,0.03202936317517887,0.5269673816014786,0.20232478499190407,0.2678695681503979,0.0028379133635196554,3.5189269973921143e-07,0.03648056059784387,0.19988977256392748,0.2514128530690677,0.24709348590156505,0.2392468062649602,0.025523077174602296,0.0003534444280335882
Riderbelt,preprocess_Reading72.dat,50000,-0.0006664226837440001,0.21821844933369874,0.21821743172902258,0.04837026753817037,0.523583472443725,0.20576698208536803,0.26723125425861066,0.0034180237276936042,2.674846024325915e-07,0.042088626240009336,0.22521001459658224,0.2355036365679871,0.24077254033862122,0.22752234584331027,0.028490789425391527,0.0004120469880982376
Riderbelt,preprocess_Reading73.dat,50000,-0.050764951633997996,0.20162491589786144,0.19512951185409536,0.0364810772610842,0.5829320541637218,0.19603740121488536,0.2179871272599722,0.00304317394199397,2.434194264460568e-07,0.04012656039139814,0.2638240455058451,0.25786022358688815,0.2152122092978977,0.1970576788112556,0.025562187129702478,0.00035709527701286163
Riderbelt,preprocess_Reading74.dat,50000,0.021855282922764,0.1876585108027182,0.18638149931004377,0.034299433370492356,0.5820727440161803,0.17023308946676902,0.24475315107461637,0.0029407501700284403,2.6527240593382935e-07,0.0423009763054556,0.26752903532056416,0.2424735726547739,0.22410272662921601,0.19842761847635257,0.024818306546930267,0.0003477640667074933
Riderbelt,preprocess_Reading75.dat,50000,0.046879574216414005,0.17826196167670083,0.17198730331659162,0.030676431759908977,0.5055453009843762,0.18264500908266657,0.30891171203968054,0.0028977389692984553,2.3892397815765083e-07,0.03710859351391452,0.203676506223951,0.24523121847749538,0.22724169560597116,0.2600418893292372,0.026341600443606925,0.0003584964058236291
Riderbelt,preprocess_Reading76.dat,50000,-0.00217290778694,0.16455271171284977,0.1645383645348455,0.02709319118514911,0.5262655270048593,0.2289400309091996,0.24122152199160654,0.003572158653841908,7.614404925949339e-07,0.035880942186472926,0.22559297887713256,0.27275598467751205,0.217828028705011,0.21921745395618497,0.028280451857728726,0.00044415973995780365
Riderbelt,preprocess_Reading77.dat,50000,0.012276754622592003,0.15768027003513418,0.15720161848495548,0.025477186795161876,0.529238414785613,0.2221589461503447,0.2449587241606915,0.003643335304141732,5.795992089953098e-07,0.03430084389144508,0.2191133441271249,0.2653220388530904,0.25199557851839305,0.20235967071851318,0.02650339472501371,0.0004051291664197527
Riderbelt,preprocess_Reading78.dat,50000,0.10114805399321002,0.2006931139714385,0.1733401199057491,0.030481698349788134,0.6669578056397295,0.16657163131596392,0.16393137838905608,0.0025386467293396857,5.379259108151905e-07,0.038275464785601156,0.25691313638162316,0.34655881973477615,0.19633108530983598,0.14215966696882293,0.019467291951472638,0.0002945348678678989
Riderbelt,preprocess_Reading79.dat,50000,0.0642698374463776,0.18444739197266755,0.17288790703844806,0.029115354486831977,0.6376374143249915,0.1687288664529772,0.1897596211012236,0.003873537317867384,5.608029402844862e-07,0.039717367487209464,0.2625564047403554,0.3085602928542393,0.21055593252802624,0.15703186718780374,0.021217745092414194,0.0003603901099516592
Riderbelt,preprocess_Reading80.dat,50000,0.00126731418963,0.16717294358118714,0.16716813984830825,0.02840352338605314,0.5854980928649685,0.1883630599959703,0.22290230643118286,0.0032360345304843718,5.061773939255914e-07,0.031084681708507245,0.22586194835822218,0.2939509338877509,0.25397950165027033,0.17258940031234968,0.022194734163929294,0.0003387999189703159
Riderbelt,preprocess_Reading81.dat,50000,0.053468565264140004,0.18274067262530286,0.1747434289469636,0.029864080578912405,0.6742703023381428,0.15960110672097383,0.16413774752442883,0.0019904039956744053,4.394207802449496e-07,0.037426351084593905,0.23565533661225474,0.3620759576997089,0.19307051693207436,0.15430031040738224,0.017218425956888758,0.0002531013070973095
Riderbelt,preprocess_Reading82.dat,50000,0.041104527445518,0.19688209598129497,0.19254344325753733,0.038487005032327916,0.6253739588244174,0.18473420468189874,0.18785925358203298,0.002032228874882783,3.5403676804650157e-07,0.03779677865570353,0.2505624637169431,0.31287554106784593,0.21155779244815529,0.16804180886220824,0.018892786852578707,0.0002728283965652377
Riderbelt,preprocess_Reading83.dat,50000,0.0018419616119580001,0.19282997715763672,0.19282117951105573,0.03799650709291388,0.6318793213833821,0.18905814073793217,0.17688402597125086,0.002178077786078338,4.3412135641819146e-07,0.03988262349545059,0.24773083466780815,0.31777273178639515,0.22137868113483725,0.15313011831930215,0.0198117779337905,0.00029323266241599894
Riderbelt,preprocess_Reading84.dat,50000,-0.0039548203883876,0.19755786986124158,0.19751828102686309,0.03894484687583828,0.6536236447045354,0.17239434763152042,0.1720070245373878,0.0019742906448411072,6.92481715180472e-07,0.038083342256100536,0.24789220466783496,0.3322745425848035,0.21036173209720263,0.15272377038599755,0.01839742115698445,0.00026698685107632913
Riderbelt,preprocess_Reading85.dat,50000,0.014890913006212,0.19412301115219177,0.1935510376325464,0.03790369300137898,0.6640785043981543,0.18687511213805844,0.14693475630875974,0.0021111361663060076,4.90988721399701e-07,0.03524231487224218,0.23740616982244842,0.34324347935736216,0.20967203082336086,0.1569428955450935,0.017237823684916838,0.00025528589457596474
Riderbelt,preprocess_Reading86.dat,50000,-0.0154197291832616,0.19643970608306602,0.19583357750374739,0.03986955217897017,0.6551677842607698,0.17637408026439938,0.16646607513221492,0.0019916945805672675,3.657620485978935e-07,0.03740036464287926,0.25238954161434196,0.3351293086214744,0.2173679949005224,0.14000046953071588,0.017460182827835638,0.00025213786223046415
Riderbelt,preprocess_Reading87.dat,50000,0.00022646341456200006,0.19768471092637885,0.1976845812104926,0.038191945149766315,0.6786330236641642,0.1689204533204372,0.1503570077345115,0.0020890443882817943,4.708926051963706e-07,0.040396382588343945,0.26216091545383724,0.3347536988333686,0.20802307032420547,0.13732431232079895,0.01708912282721637,0.00025249765222936716
Riderbelt,preprocess_Reading88.dat,50000,0.018757126480054398,0.1896524807606069,0.1887226368639004,0.03605332133289003,0.6934946020391949,0.16181842636451568,0.14297124960071575,0.0017153579183307038,3.640772431790375e-07,0.03706076552491042,0.26713458900735615,0.3588501930900601,0.19478064700635553,0.1260841991455805,0.01585823976624793,0.00023136645948939734
Riderbelt,preprocess_Reading89.dat,50000,-0.04430830291597466,0.18983594807107496,0.1845926907348991,0.0349558892495149,0.6819976961910849,0.16253522785067956,0.15337444849070173,0.0020923081709952936,3.19296538724057e-07,0.03345820258436789,0.26355674217321223,0.34919669318108293,0.19471279416490048,0.1412840410703498,0.017528699147558897,0.00026282767852757786
Riderbelt,preprocess_Reading90.dat,50000,0.035695824794744,0.1845649546929978,0.1810801772504414,0.0317597324807462,0.6274784132623776,0.1808988231329884,0.18931463353959183,0.0023077618798480384,3.6818519443042943e-07,0.03380874352968381,0.24322402254540598,0.33072417806414384,0.2100070162591861,0.1612721389997546,0.02066959341957636,0.00029430718224925746
Riderbelt,preprocess_Reading91.dat,50000,0.029204565641935996,0.18567974991603403,0.1833686529223215,0.03420866823464234,0.6275937553806492,0.19467176545772755,0.17540013183744146,0.002334024110967379,3.232132142921753e-07,0.03941089227404765,0.2786429322873702,0.3000578059976238,0.21378287488718886,0.14903317180924475,0.018793409745938294,0.0002789129985864899
Riderbelt,preprocess_Reading92.dat,50000,0.001201871546682,0.15905485775933614,0.1590503168234126,0.026500449746166176,0.619972110906028,0.16886495281369687,0.20856487100605145,0.0025977729978798126,2.922763438565226e-07,0.045125676773191334,0.2932047800345278,0.2705133068973999,0.19658969544518398,0.17114699353750107,0.023092359305160955,0.00032718800703479225
Riderbelt,preprocess_Reading93.dat,50000,0.007809130597778,0.1827429317585,0.18257600222098916,0.03377551416706566,0.5986856270663685,0.21114836230773085,0.1871724995563782,0.0029931569383103377,3.541312119712641e-07,0.04723222055035456,0.26647327305905216,0.2606540674761459,0.22967434180914503,0.17473451845874002,0.020917001511685757,0.00031457713487671865
Riderbelt,preprocess_Reading94.dat,50000,-0.06763374327596,0.17583199591827467,0.16230393574736782,0.02764753204467021,0.5612457882640854,0.23598058437014346,0.1976824538148756,0.0050906078534203834,5.656974750338884e-07,0.03812439523249304,0.24053788782190874,0.2561322400410876,0.2713729488751695,0.16985894383857295,0.02359572834294733,0.00037785584782097366
Riderbelt,preprocess_Reading95.dat,50000,-0.0033197931173192,0.19472798746524894,0.19469968689220934,0.03823122603190678,0.6192090259264622,0.18895140396160598,0.18807668675645645,0.003762314025520209,5.69329955145666e-07,0.04208040808274651,0.272911315877553,0.27499752738285077,0.22580978302218382,0.16184409216931617,0.02200816210346912,0.0003487113618804771
Riderbelt,preprocess_Reading96.dat,50000,0.05135686716353799,0.18790184063982265,0.18074726529322654,0.03226158542154718,0.570633286753401,0.20835473941621616,0.21647308178751362,0.0045381333284058665,7.587144632382843e-07,0.04254797155561321,0.2623109609369085,0.25038235833778094,0.23226483656545474,0.1853333832348314,0.026747157581022044,0.0004133317883894111
Riderbelt,preprocess_Reading97.dat,50000,-0.030627276940188002,0.18108123250084013,0.17847235828343938,0.0321127004797649,0.5776951809108952,0.2009848716286335,0.2172093609689075,0.004110008942666224,5.775488975889724e-07,0.03229181482266818,0.24175695367533426,0.2779075032077476,0.21613631633327005,0.20468185741394462,0.026811245678030643,0.00041430886900462304
Riderbelt,preprocess_Reading98.dat,50000,-0.02593392645146,0.18075732124312271,0.17888722883928782,0.03288600473551353,0.6112292823423827,0.18953397088327956,0.19543742629911648,0.003798801114354197,5.19360866849247e-07,0.054860107525615334,0.28558401732489447,0.24194003137337736,0.21401827800040932,0.18027046764457452,0.022976042203459057,0.0003510559276700504
Riderbelt,preprocess_Reading99.dat,50000,-0.01955554347694,0.1779528094203829,0.17687504939908463,0.032300143997320764,0.626430071937153,0.19721725257521283,0.17332248201049733,0.003029705636790536,4.878403464249922e-07,0.05040074674190106,0.2826611591888853,0.2601112849717892,0.2414714688397658,0.14552027609078852,0.019543012041081935,0.00029205212578802247
Riderbelt,preprocess_Reading100.dat,50000,0.0030234154205012,0.1731456381829846,0.17311923919942604,0.03073955689525241,0.6326532245439112,0.18362231301474385,0.18073314468846605,0.0029909101550411794,4.075978377603703e-07,0.05033485953756306,0.2634673069312108,0.2866895328835806,0.21845856917796683,0.15969234379024627,0.021045315404394686,0.00031207227503775233
Riderbelt,preprocess_Reading101.dat,50000,0.055886020589788005,0.19206513671377376,0.1837546446855654,0.0330820243322781,0.6735388829354652,0.16535081459549683,0.15830314911892465,0.0028067073635589636,4.4598655456363534e-07,0.05240639096898124,0.28367508543902176,0.285047139952304,0.20912619429787846,0.1501818123498326,0.019267633749245328,0.00029574324273666107
Riderbelt,preprocess_Reading102.dat,50000,0.036514947023042005,0.18955174021207388,0.18600140015959554,0.03596568422481614,0.646977395762129,0.17768299487779424,0.17200260761356564,0.0033365718634248698,4.298830861834227e-07,0.04505724953698656,0.25220953378948946,0.3096400818774335,0.2112356082510574,0.16074142619724374,0.020803333183660056,0.0003127671641292702
Riderbelt,preprocess_Reading103.dat,50000,0.037971371851438,0.19660526260394964,0.19290361376420045,0.03754348028630897,0.661113419911219,0.16846616936588668,0.16789332092538778,0.0025267136204484976,3.7617705800568004e-07,0.06444128091436056,0.29707564591858815,0.2665387399422331,0.18930287364090553,0.1613561841349473,0.02097633089719817,0.00030894455176713097
Riderbelt,preprocess_Reading104.dat,50000,0.020023927542746,0.1893285920280907,0.18826672059900035,0.031638418918157156,0.6632349443778437,0.17728544707903865,0.15685045234448355,0.002628807243344148,3.489552900804325e-07,0.04424281316383544,0.2636855569354798,0.31012667849992476,0.20878108151989588,0.15182385106205187,0.021027197763890677,0.0003128210549214906
Riderbelt,preprocess_Reading105.dat,50000,0.029843095423814,0.19565632512334877,0.19336697550589835,0.03743150950765873,0.6902212723164077,0.16891331940166418,0.13861832387783327,0.002246724640687095,3.5976340758584627e-07,0.05418552616901005,0.2987566377662781,0.2874704019176706,0.19277650264753848,0.14629507144700854,0.02021022050740783,0.0003056395450864662
Riderbelt,preprocess_Reading106.dat,50000,0.01509936952011,0.18440549094209177,0.18378627296315975,0.033606901330707234,0.6952685757258944,0.15926862569860997,0.1426899050989033,0.002772514493763819,3.789828285034654e-07,0.057793339988154224,0.3047962724460285,0.28716487478601865,0.1912657227708322,0.13758778970372246,0.021076251055022626,0.0003157492502212742
Riderbelt,preprocess_Reading107.dat,50000,0.025638947832422,0.17983900569847253,0.17800200090072463,0.03165182395702051,0.6616776976985544,0.16992826304933212,0.16576317897155537,0.0026305522864631275,3.079940949396866e-07,0.05208649963448999,0.26219188715168956,0.2987365147627302,0.2029956733332516,0.162243540950525,0.02142301545214747,0.0003228687151660553
Riderbelt,preprocess_Reading108.dat,50000,0.032007160126619805,0.19756529040070478,0.19495534276275614,0.03811709019691039,0.6699403365450269,0.17704314892002804,0.15046311745592536,0.0025530838989730265,3.1318004660968236e-07,0.043265551695621685,0.25065147128784326,0.3333483069965152,0.1965952577592571,0.15716370625954074,0.01869569351556982,0.00028001248565227534
Riderbelt,preprocess_Reading109.dat,50000,-0.050323981934559996,0.19537741681603685,0.18878514730761392,0.03696692413021443,0.656873887656974,0.17367319007642665,0.16704584781685422,0.002406806864520448,2.675852248110967e-07,0.051354112832796395,0.25639738449903854,0.314063316911942,0.2011191812117776,0.15610790995584217,0.02065490180532276,0.0003031927832806611
Riderbelt,preprocess_Reading110.dat,50000,0.039018334211224,0.18680744153634424,0.18268713640739978,0.03389032427258185,0.6899289701806107,0.16356129773673805,0.1441377151318214,0.002371516374252123,5.005765778003409e-07,0.05030865089842771,0.28424107002167914,0.31963149781192673,0.1903951920950688,0.13692834717985666,0.018226339248814703,0.00026890274422608024
Riderbelt,preprocess_Reading111.dat,50000,-0.0008979433448498,0.18679047099243565,0.18678831267326493,0.03590454077997882,0.6735246998550837,0.16529268616667114,0.15863931851460317,0.0025429183511376787,3.7711250422253223e-07,0.049638936822538615,0.2833540831552224,0.29726293066872916,0.20863845365441636,0.1400741605116373,0.020718683647675016,0.0003127515397812008
Riderbelt,preprocess_Reading112.dat,50000,-0.035310510520557996,0.1984112620219556,0.19524394163180245,0.03785925757100273,0.670148447524977,0.1725351128081809,0.15459007662589078,0.002726060023267162,3.03017684098745e-07,0.05653907886322888,0.2959916376880452,0.28650708668484165,0.20428336321107182,0.13594331164908466,0.020434878687374772,0.0003006432163530373
Riderbelt,preprocess_Reading113.dat,50000,-0.0027346748487719996,0.19790347588951895,0.19788458081069604,0.0399787953205455,0.6959321843790196,0.15640932798019752,0.14520745471524488,0.002450754430075334,2.784954626525587e-07,0.05654827776693525,0.2853571842638015,0.30367906453923305,0.18215301622191044,0.15200161260700412,0.019965252386116593,0.00029559221499888215
Riderbelt,preprocess_Reading114.dat,50000,0.0481499725052098,0.2163271743052104,0.21090051325358225,0.04271701254003995,0.6810822471600735,0.15875168427598915,0.15783836450984323,0.002327444350345544,2.597037486676887e-07,0.052182362719428076,0.27377449290059924,0.30602805897498997,0.19518871240941904,0.15224891920975978,0.020277892911068622,0.00029956087473545625
Riderbelt,preprocess_Reading115.dat,50000,0.019797820465272,0.19900308487890336,0.19801584304329004,0.03925386726161575,0.679763903495873,0.16394195064661787,0.1537244585199272,0.002569440327257275,2.4701032431870297e-07,0.05526593443353967,0.27039378904720557,0.3003735372619793,0.19562797935683804,0.15688372035006698,0.021143456842639016,0.00031158270773127975
Riderbelt,preprocess_Reading116.dat,50000,0.050122827359894,0.20646382773497016,0.2002873294555242,0.03926506789130882,0.6880123286209049,0.1649867846454934,0.14451279788140073,0.0024878135490588498,2.7530314230980103e-07,0.05512826380161353,0.29417892158270503,0.29629402668705435,0.1911101988848098,0.1451308408762599,0.01788477948217996,0.0002729686853775224
Riderbelt,preprocess_Reading117.dat,50000,0.060878183660096875,0.2054583523736378,0.1962319579333026,0.03883897854624548,0.6674055729498672,0.16646689387096042,0.16390077525744529,0.002226512689042537,2.4523268431978556e-07,0.05871575485326275,0.28716979033299855,0.28023100620618147,0.20134458429424343,0.15170240804834562,0.020540834406953774,0.0002956218580142769
Riderbelt,preprocess_Reading118.dat,50000,0.030380049753014,0.20567671856550546,0.2034206605457728,0.04036163610908381,0.6754158480784856,0.17382487710544547,0.1481555471922761,0.0026034382131014406,2.894106916198927e-07,0.062096972462349395,0.29989112241017096,0.27437676830522073,0.1947125539955037,0.14681563041434073,0.02177641641724522,0.0003305359951692597
Riderbelt,preprocess_Reading119.dat,50000,0.04290076433195566,0.19339246181805173,0.188574040386742,0.036552593600418556,0.6500348007172104,0.1933441641777757,0.1542722407627706,0.0023485471229417894,2.472193017351126e-07,0.0541271067738594,0.27600776247496517,0.2907061460079069,0.2023699665752573,0.15503564832379216,0.02144121268910007,0.0003121571551189554
Riderbelt,preprocess_Reading120.dat,50000,0.005232145707355601,0.21966461008293706,0.21960228954677538,0.047191284432598055,0.6561880051083328,0.179517740780254,0.16162287260757685,0.0026711231118494378,2.583919869196326e-07,0.07328375156310182,0.3390979733741973,0.2292538612783615,0.18779043889229563,0.14736259725610404,0.02288080232583152,0.00033057531010816354
Riderbelt,preprocess_Reading121.dat,50000,-0.027244223225596,0.2068785949966134,0.2050768279660252,0.04163201150924696,0.7003389159241903,0.1497354410813399,0.14743138225883481,0.002493998634458255,2.621011768097322e-07,0.07045297688836996,0.3580445329476077,0.24187777572183897,0.17767916867173014,0.13127475844390082,0.020366684110949655,0.00030410321560303506
Riderbelt,preprocess_Reading122.dat,50000,0.028955338774398195,0.21441803210932942,0.2124539499517419,0.04618014722331372,0.6610373325650513,0.175230934554127,0.16102350214877884,0.002707966846613341,2.638854296581118e-07,0.06712162875623191,0.31654497793056463,0.2574279500047161,0.18782310566365878,0.1487005189496036,0.022056797113627968,0.0003250215815970767
Riderbelt,preprocess_Reading123.dat,50000,0.0085786925132448,0.1813188141345366,0.18111575965088691,0.033575149453964656,0.6109522461502561,0.1979423796397209,0.1882599531597512,0.002845166982125952,2.5406814580888565e-07,0.058934131050143126,0.2832209580299841,0.2420589472776619,0.21438858175334166,0.1773389506373888,0.023706638722589757,0.0003517925288907441
Riderbelt,preprocess_Reading124.dat,50000,-0.010232070520672,0.24167910421684485,0.2414624073182336,0.06080732037540595,0.6780525296569955,0.14595340925316827,0.17318231026373196,0.002811467587692499,2.8323841174872434e-07,0.05915989532694473,0.3342676738790321,0.2594080056104169,0.16757599587286687,0.15279119394275287,0.026423003047111707,0.00037423232087485566
Riderbelt,preprocess_Reading125.dat,50000,0.02516447051892,0.21410465970063502,0.2126206827404783,0.04320728318429994,0.6252626347209761,0.1857558264841422,0.1861927856860719,0.002788454095475609,2.9901333412578074e-07,0.07254160266609135,0.314616544590491,0.2198639753044804,0.20277302861369698,0.16455349582889786,0.02528266371807102,0.00036868927827141075
Riderbelt,preprocess_Reading126.dat,50000,0.0720301754151,0.23982081769050084,0.22874806759273478,0.05456319931331348,0.6543191249994839,0.17683028235672674,0.16575724265332592,0.0030930604704674587,2.8951999600552223e-07,0.06770036825847243,0.34006918842242156,0.2276637023105518,0.18502294778255665,0.15541129527329023,0.02378418202029755,0.0003483159324097702
Riderbelt,preprocess_Reading127.dat,50000,0.0180174211857,0.2111993850363275,0.21042944844659933,0.04343516085721684,0.6183588434493794,0.20912230825492328,0.16917883117874508,0.0033397178318876333,2.9928506471407547e-07,0.05785742679712942,0.2920024058888404,0.2330791054643866,0.23001590802177502,0.16329543835434074,0.023397582242713266,0.00035213323081440413
Riderbelt,preprocess_Reading128.dat,50000,0.04282546147446,0.2068589738540294,0.20237740712204408,0.041603247990743296,0.6139178489864036,0.18124895698726104,0.2024131695428046,0.002419798798196331,2.256853346156791e-07,0.06894215337524233,0.3183945479838365,0.2250128297779669,0.1903444911920507,0.17334703873413945,0.023624636272814886,0.00033430266394930593
Riderbelt,preprocess_Reading129.dat,50000,-0.065567448661836,0.2238260556430084,0.2140070392783485,0.044823953443556365,0.6396268349923658,0.18814400281618868,0.1694355985416083,0.0027933069376480657,2.5671218935493245e-07,0.06311899558038515,0.3109770977476161,0.24585766966449898,0.19967395466479632,0.15830074978704442,0.02175754068026428,0.00031399187539476114
Riderbelt,preprocess_Reading130.dat,50000,-0.00968577112644,0.2349993176291629,0.23479962760587675,0.055975686881554375,0.6963170498604763,0.15003268544410994,0.1511281157103113,0.0025219484453982786,2.0053970418415238e-07,0.07819913078027808,0.36064944410417954,0.22867677210296886,0.17513218841680886,0.13622684154622142,0.020815081903054734,0.00030054114648852913
Riderbelt,preprocess_Reading131.dat,50000,0.05593134845921,0.21705562138025852,0.20972559937285806,0.04377049742266204,0.6539344798123125,0.17953536609476525,0.16361514317697193,0.002914699725164239,3.111907860631301e-07,0.055434924791039855,0.2999119444855014,0.27703727570706177,0.1970072975924532,0.1486026829284415,0.0216948811180541,0.00031099337744798614
Riderbelt,preprocess_Reading132.dat,50000,0.003285537483854,0.19308946382547737,0.19306150906861919,0.03677292145105327,0.6213386739244511,0.19318223464329248,0.1830325822459595,0.002446258757512785,2.504287840908636e-07,0.05034082022956356,0.2744162826548185,0.27258202573680473,0.20848273081551233,0.17182058403533307,0.022041835468026735,0.000315721059940954
Riderbelt,preprocess_Reading133.dat,50000,0.017435503222446,0.22057349408584337,0.219883308872269,0.04908604717624384,0.6008472620590835,0.2071877665361368,0.18868048155379638,0.0032841783256098993,3.1152537339429895e-07,0.04399220884402038,0.26358603497689814,0.2720935399176551,0.2088744509647343,0.18494037917882902,0.026140349340887933,0.0003730367769749049
Riderbelt,preprocess_Reading134.dat,50000,-0.007715755780666,0.20837289994045644,0.20822999914116264,0.04260344310614597,0.6095687758488154,0.20529192152503892,0.18186755900492,0.003271455393798867,2.882274269407245e-07,0.05612638640475949,0.2781119842771545,0.2525773710036192,0.22457716757710336,0.1639456259504709,0.02430340580429466,0.0003580589825978723
Riderbelt,preprocess_Reading135.dat,50000,0.0308150196262,0.21177583787616566,0.20952193220183157,0.04422688676379344,0.6093988284033245,0.2020110091948468,0.18547630764988798,0.0031135834271733332,2.7132476733978044e-07,0.04757805813505051,0.26946653117187747,0.27425101772430416,0.20947754540141417,0.17435340165488855,0.024522057880618026,0.0003513880318468973
Riderbelt,preprocess_Reading136.dat,50000,-0.0688856953194646,0.22558029910501398,0.2148051031159676,0.04706399866475104,0.6477804090729983,0.16683305411696928,0.18270108582311986,0.0026851773844056665,2.736025068292996e-07,0.06743158035864472,0.3314375034676184,0.23042135439306854,0.1884529904795675,0.15924418116386993,0.022676815124758762,0.0003355750124721921
Riderbelt,preprocess_Reading137.dat,50000,-0.005228504222928,0.21805431413519868,0.21799162061089128,0.04707422870783655,0.6537611819338376,0.17935510430761892,0.16396007775270272,0.00292338951028858,2.464955523150271e-07,0.05565871491143974,0.3030350855058676,0.27372454625794046,0.18727019079251295,0.15823552524426795,0.021766036952125138,0.00030990033584628806
Riderbelt,preprocess_Reading138.dat,50000,0.029574875233277998,0.22146446318445212,0.2194808310730429,0.0492965977828019,0.6770285398992347,0.1620480371923627,0.1582763767242983,0.0026466882463303445,3.5793777399321846e-07,0.06997850181590459,0.336843102854931,0.23474169926288305,0.18598465747696488,0.15073620390130385,0.021408601162930686,0.0003072335250820394
Riderbelt,preprocess_Reading139.dat,50000,0.038068815458734,0.2116611469488078,0.2082095252798336,0.04430558406579128,0.632847408007341,0.1759594799668183,0.18860409919032764,0.0025887672155245835,2.4561998851785774e-07,0.059949330245109504,0.2798986740019311,0.2679278896395114,0.2015634391920842,0.16778241617321227,0.02255967474035936,0.00031857600779214333
Riderbelt,preprocess_Reading140.dat,50000,-0.038555371508126,0.19369617116686294,0.18982015186110524,0.03659038587359982,0.6223532536861975,0.18769503010353691,0.18715809797589694,0.002793310962407385,3.072719612176521e-07,0.05617054002180086,0.2713627483501781,0.2708406257232076,0.2035931714924723,0.17676763957716243,0.020965247053225493,0.0003000277819531685
Riderbelt,preprocess_Reading141.dat,50000,-0.02519376138611,0.20736632533588276,0.2058301903767446,0.043121841780719435,0.6123612097651379,0.18055746291937663,0.2040183211968476,0.0030627613106687015,2.448079690574905e-07,0.05400953133688435,0.28466872742650207,0.24284371221791032,0.21093999720422577,0.18169969304875977,0.02547503964276509,0.0003632991229526015
Riderbelt,preprocess_Reading142.dat,50000,0.0004778040790599997,0.189970329779068,0.1899697289033963,0.03708556123355047,0.6057956344871293,0.18598551441054972,0.20478300864670884,0.0034353789326970535,4.6352291526213277e-07,0.05246145855122955,0.27057822194412395,0.265406813854065,0.20740005326096728,0.1778170419135745,0.025956129687095934,0.00038028078894368
Riderbelt,preprocess_Reading143.dat,50000,-6.84682726586001e-05,0.18991596143569514,0.18991594909364531,0.03707225259377119,0.5673542573342168,0.1705099826097936,0.25923487423605424,0.0029005090124961147,3.7680743902483344e-07,0.05216567872302381,0.26174268011665114,0.22833189647541183,0.2191916627913325,0.2127955069159637,0.02542259195132101,0.00034998302629594876
Riderbelt,preprocess_Reading144.dat,50000,-0.054628734865004,0.20704923443890924,0.19971251039628812,0.03937880175342328,0.5580070299891471,0.20454814261680393,0.23429431024560005,0.003150296968185379,2.2018026391350778e-07,0.039174300701636945,0.21806563442686577,0.27229571422298626,0.2389409545728965,0.2065539707895679,0.02462482595955707,0.0003445993264896143
Riderbelt,preprocess_Reading145.dat,50000,-0.024718819591525998,0.20120773272918419,0.1996835788642131,0.04102797991285301,0.5800825662612202,0.18602659452510337,0.23108296159986466,0.002807660315547859,2.1729826383807538e-07,0.040342235382514934,0.24929971201456516,0.26003304464897964,0.22264396592449612,0.20203419787441,0.02529259750955815,0.00035424664547590917
Riderbelt,preprocess_Reading146.dat,50000,-0.000554045447848,0.1894557148057795,0.18945490467710402,0.03597421141293843,0.5949398169556568,0.18467914996010765,0.2175066971559692,0.0028740462779637743,2.8965030257553606e-07,0.041426020749723985,0.2281415922036031,0.2688801059252782,0.25590719926110844,0.1842280768162778,0.021123081718335414,0.00029392332567303186
Riderbelt,preprocess_Reading147.dat,50000,0.07957991296892,0.20359673274564882,0.18739975196505002,0.03518967473374048,0.5475440470144148,0.19846052941218872,0.2510551451760455,0.0029400583098775335,2.2008747326629834e-07,0.035020490150700044,0.20706062340624748,0.2769049106319702,0.24462900620256756,0.21197910464518122,0.024060857438126828,0.00034500752520670027
Riderbelt,preprocess_Reading148.dat,50000,0.0328874153516758,0.1914891277319665,0.1886438547926641,0.036727107110494796,0.5868194476735638,0.19000599464769274,0.22042548638755807,0.002748712658463244,3.58632722053756e-07,0.03496030409173599,0.22650510829801143,0.2968995866886946,0.23233959244174895,0.18654288278761544,0.022433256194254885,0.0003192694979387973
Riderbelt,preprocess_Reading149.dat,50000,0.00782726485632,0.17125544854110575,0.17107648166794975,0.029984733741688193,0.546462221572237,0.18445405675527676,0.26575131635518545,0.0033320278442078616,3.7747309290101457e-07,0.041816702808650366,0.23753789056882157,0.23473281724391323,0.23756003032588646,0.2217846593060582,0.02619943781484445,0.00036846193182580293
Riderbelt,preprocess_Reading150.dat,50000,0.0059483167124654,0.1742273812491721,0.17412581056590248,0.03178276334931755,0.5349503186036858,0.1719310058323761,0.29036479569763374,0.0027535635549808517,3.163113233616164e-07,0.04833782643613456,0.2468574526248183,0.2209004576424234,0.216009662164518,0.24182552392602397,0.02571256412614652,0.00035651307993535557
Riderbelt,preprocess_Reading151.dat,50000,0.00046151226111200005,0.16681241109848613,0.16681177267484204,0.02874653383759089,0.5538723949006873,0.22264241943197527,0.21841995581595522,0.005064590192611409,6.396587707938253e-07,0.024207553306709127,0.20168401853760687,0.30125943232877544,0.2447787851485304,0.2011592784159786,0.026496009980276524,0.0004149222821230115
Riderbelt,preprocess_Reading152.dat,50000,0.05334116866725001,0.18481400413426577,0.17694896396801083,0.03177761938143225,0.620633401606745,0.18738571777588747,0.18837905153871076,0.0036013449529967525,4.84125660145575e-07,0.02633406302984208,0.23352829794516675,0.32522442401228907,0.2151010722889167,0.17806297486846054,0.021417534444370997,0.000331633410953875
Riderbelt,preprocess_Reading153.dat,50000,0.06316964349981999,0.18604361282260334,0.17499091979926384,0.030630747417634968,0.6449965413326426,0.17085436172223487,0.18097215444231696,0.003176406961810729,5.355409948502253e-07,0.04633866180829282,0.258379858584592,0.31997994559752524,0.18593157017544365,0.16957494296199402,0.019474577684291443,0.0003204431878608858
Riderbelt,preprocess_Reading154.dat,50000,0.11158811098001799,0.20594848538345079,0.17309786861671242,0.030280914265552343,0.6663403747035886,0.16511516714152763,0.16659125185399398,0.0019528554260751212,3.5087481448313363e-07,0.03328138927915184,0.2345643412558081,0.36872214440553075,0.19778166510435707,0.14815210298457965,0.01723870193901775,0.0002596550315549883
Riderbelt,preprocess_Reading155.dat,50000,0.010732720410402,0.17774123116554874,0.17741689313263598,0.03221878614145644,0.6193056384860313,0.18649780751090506,0.19104294141524583,0.0031530629893525087,5.495984654462451e-07,0.03279222235510266,0.23389394362331864,0.3229041113346264,0.21561814610405228,0.17279745882771166,0.02165803694503936,0.00033608081014905434
Riderbelt,preprocess_Reading156.dat,50000,0.02432068782258,0.18079479232211823,0.17915150313250086,0.03081681413625807,0.6389095751064282,0.18536533425383056,0.17350951439645532,0.002214976078765053,6.001645208128512e-07,0.03372539377870101,0.24080529424553335,0.32333317580428605,0.22914244926347055,0.15450328486061551,0.018216288392579865,0.00027411365481372726
Riderbelt,preprocess_Reading157.dat,50000,0.04716879640460562,0.18450646239660756,0.17837527662726027,0.03359543566654268,0.5828512155986671,0.20180706908774543,0.21328490343078563,0.002056228626015833,5.832567857503343e-07,0.0258365818261657,0.2174148241566955,0.3170830244196186,0.24045360751994607,0.17926135912634966,0.01967217792048404,0.0002784250307404103
Riderbelt,preprocess_Reading158.dat,50000,0.037058200371464,0.18531934739761854,0.18157629334554568,0.03344398329699686,0.564296395654486,0.2201004996638232,0.21290362713901137,0.002698909162773484,5.683799059998114e-07,0.02829076804715221,0.19302044920108186,0.32963529886138965,0.2394952382782621,0.18725467941867147,0.021962684208404085,0.0003408819850387854
Riderbelt,preprocess_Reading159.dat,50000,0.018972891944802,0.1845862545276631,0.1836085911165436,0.035345569145973976,0.5885825448710064,0.20679938557776123,0.20188470020683247,0.0027328009560540286,5.683883457752822e-07,0.030153204317298336,0.2275634842216112,0.3100978695265411,0.2322530686554105,0.1779752492584503,0.021635155120667344,0.00032196890002136674
Riderbelt,preprocess_Reading160.dat,50000,-0.043892304062504,0.1841543797334439,0.17884714484468053,0.03286435309315967,0.5885161621901838,0.20704238780328846,0.20185883812429725,0.00258208009133307,5.317908975822448e-07,0.03478411272062959,0.2540818910933677,0.2879624063634854,0.23081200245343297,0.17219724196482503,0.019850649861924044,0.0003116955423352798
Riderbelt,preprocess_Reading161.dat,50000,0.024935382096012,0.19710192038846167,0.19551826958252613,0.03838535668363969,0.5733196958388578,0.22336491465508562,0.2003713992532489,0.002943460403845941,5.298489617520782e-07,0.03264865816397082,0.24624448288181688,0.27807140247841217,0.23831863368360634,0.18149566892780802,0.02288023643545203,0.0003409174289338423
Riderbelt,preprocess_Reading162.dat,50000,0.027358273371636002,0.17989502501793148,0.1778025447071133,0.03227183565521396,0.5646957066483416,0.22788178370058473,0.20433414634253785,0.003087739586278888,6.237222570634753e-07,0.029575924328783053,0.22924561967968232,0.2917824082858542,0.2360985506615605,0.18831205795391529,0.024625807812934032,0.0003596312772705899
Riderbelt,preprocess_Reading163.dat,50000,0.08224951320002201,0.19865665333135935,0.180829985044448,0.03364317717623258,0.5713883388976397,0.22041903059665188,0.2052724652245733,0.00291963456423211,5.307169031230489e-07,0.03707019429648946,0.2370100228630078,0.28073306639742873,0.23146853766373993,0.19035866059330458,0.02301979377846179,0.000339724407567748
Riderbelt,preprocess_Reading164.dat,50000,0.028606800868484,0.18696077243890374,0.18475925247473388,0.034566788454898745,0.5855128821913991,0.21493559325701247,0.19662000164616245,0.002931084504924841,4.3840050111917116e-07,0.043244999508742395,0.2691099588825343,0.2657944336876358,0.21708960600974345,0.18102500658622142,0.023395108224464348,0.0003408871006582572
Riderbelt,preprocess_Reading165.dat,50000,0.050808797814093996,0.18799816684260456,0.18100214584602664,0.032546920932360966,0.6203091087788772,0.20853416323705293,0.16816615704453067,0.002990072179790996,4.987597480229485e-07,0.040215950340340714,0.2857837928982482,0.27761980997746855,0.21252528992876246,0.16187386768217735,0.02165140921533829,0.00032987995766442464
Riderbelt,preprocess_Reading166.dat,50000,0.0282575432875,0.16961453773999824,0.1672441408842425,0.028231057213686097,0.6023115157659952,0.2102458379479004,0.18465809812885323,0.00278389431907243,6.538381789029235e-07,0.04546342435947645,0.29596790315904603,0.254252427388979,0.2181065321460738,0.1650186683061444,0.02087822092260268,0.000312823717677783
Riderbelt,preprocess_Reading167.dat,50000,-0.009468230472871,0.18028931850244123,0.1800405259317671,0.03202103430496762,0.5945891983280382,0.21360691925454778,0.18862797935202572,0.003175413047960975,4.90017427370549e-07,0.04435963233684244,0.2763412647553132,0.27476986548775695,0.2140626835005737,0.16828739261813697,0.02184993476975535,0.00032922653162152714
Riderbelt,preprocess_Reading168.dat,50000,-0.012875565518438,0.18154408750710407,0.18108692807976912,0.032933029277384486,0.5765470461446768,0.22203314310062605,0.19811595579704677,0.003303331425941862,5.235317083429798e-07,0.03793443785966494,0.2596103108748418,0.2754964271579251,0.22830480499210282,0.17504704091617798,0.02325715059596276,0.0003498276033245007
Riderbelt,preprocess_Reading169.dat,50000,0.025445992983476,0.1718938227976872,0.16999996399143025,0.029980069288553887,0.6469598572309134,0.19279651199096304,0.15765198657219986,0.0025911697420176356,4.744639060237824e-07,0.043289368936872887,0.2875332884489923,0.29274387395310814,0.2067427962771613,0.15082584399790083,0.018585633562891377,0.00027919482307310264
Riderbelt,preprocess_Reading170.dat,50000,0.035184290185194,0.18512583976633254,0.18175159496784035,0.03118326766660783,0.6115878916064441,0.195378060322523,0.1902662705834302,0.002767287931053149,4.895565495054764e-07,0.055236609909481885,0.30558125215672804,0.2292934390508754,0.21892078530222905,0.16964888458302096,0.021009605217770663,0.0003094237798939596
Riderbelt,preprocess_Reading171.dat,50000,0.022330982960062,0.184578182954945,0.18322235896032604,0.03465861595272236,0.6283338563162585,0.1907187460043672,0.17844025865040086,0.0025067249098172984,4.141191563316152e-07,0.04739472183700338,0.2991941366367612,0.2630967546350491,0.22222825755750858,0.14815246731966966,0.0196402111518804,0.00029345086212770327
Riderbelt,preprocess_Reading172.dat,50000,-0.009763942200159999,0.19524260454015374,0.19499830783967023,0.03821229861209225,0.6109990725362329,0.20608233177687443,0.18021170782320023,0.002706476344117764,4.1151957480515957e-07,0.046344173233801605,0.2925217991794054,0.2587011180253942,0.22476116700443907,0.1555240710331822,0.021829251896849325,0.0003184196269282615
Riderbelt,preprocess_Reading173.dat,50000,0.016444954937184002,0.1555956693164778,0.1547241925723211,0.024246414951418712,0.5719074934304059,0.2130843870364827,0.21205957666549083,0.002948134535811861,4.0833180881777193e-07,0.03960239225912238,0.25826955118739636,0.2593354046112327,0.2242923230277409,0.19259043841870982,0.025537428104112258,0.0003724623916855757
Riderbelt,preprocess_Reading174.dat,50000,0.009257784646439199,0.17446638722565705,0.17422058918225786,0.03123787848836846,0.5723524298765962,0.21334004622255112,0.21125774230413313,0.0030493155595343025,4.660371852260831e-07,0.04217265719873854,0.26599160301469477,0.24462398356278464,0.2327498653950221,0.18704864445862837,0.027008777255906107,0.00040446911422552565
Riderbelt,preprocess_Reading175.dat,50000,0.013394627680328001,0.17553986091383603,0.17502807408799964,0.0316218562368793,0.6070809747574561,0.2081400367363751,0.18128466398513207,0.0034936989777056577,6.25543330807304e-07,0.04160676982355934,0.2905635774183964,0.26571032724326493,0.21612683390665524,0.16208866700237196,0.02354688734980479,0.0003569372559473909
Riderbelt,preprocess_Reading176.dat,50000,0.04442458043078199,0.17807364474368056,0.17244326488978207,0.030864289912878217,0.5912309278462028,0.21305171271928228,0.1922362906220693,0.0034802642225954896,8.045898503097202e-07,0.03654664196703289,0.26232099672786247,0.2936992917464962,0.20697374643123434,0.1762214439138844,0.023871733016875285,0.0003661461966144823
Riderbelt,preprocess_Reading177.dat,50000,-0.039648182219875996,0.18767470649115495,0.18343886475662854,0.034367509765405146,0.6274893400611559,0.18515011474665477,0.18474892567511206,0.002611072468685786,5.470483915499738e-07,0.0515577183676301,0.2970356024922531,0.2643546526882575,0.19740523921219272,0.16833258758845132,0.02099555258050179,0.00031864707071343546
Riderbelt,preprocess_Reading178.dat,50000,-0.032907696614687995,0.1995122535811589,0.19677963012605829,0.03884610981617053,0.6625106641199261,0.17303473052633003,0.16191929655182033,0.002534856580268201,4.5222165521363826e-07,0.05780585090956113,0.3247390822598757,0.2581766307387996,0.19369583412912592,0.14550871490695494,0.019781096906422588,0.00029279014926017396
Riderbelt,preprocess_Reading179.dat,50000,-0.048316595051894,0.1938787208713436,0.18776172413274134,0.03553052870245344,0.6710186002215432,0.17995726879223833,0.1466379898490497,0.0023856193319389146,5.21805229973341e-07,0.05805574105828655,0.3152129871246169,0.26846520734801127,0.19814445308313733,0.1412059060448004,0.01863588094559409,0.0002798243955534755
Riderbelt,preprocess_Reading180.dat,50000,0.009835831089185999,0.19428621757256656,0.19403708605686612,0.03826916586388844,0.6536499865397676,0.18194647098763397,0.16197713527362045,0.002426006151064407,4.010479135048768e-07,0.05671269768451355,0.3196290016858368,0.25718508936073053,0.2027903827501178,0.14369753823539336,0.019688004288212223,0.000297285995195748
Riderbelt,preprocess_Reading181.dat,50000,-0.067781624452114,0.1931313603628856,0.1808462710211393,0.033142725055016774,0.5843388742683451,0.2240033145572347,0.18892751300640567,0.0027298886583332917,4.0950968114593046e-07,0.04608819392982007,0.27464153219290555,0.2557384840882046,0.23459150102363904,0.1673703125411308,0.021248011138149576,0.00032196508615035374
Riderbelt,preprocess_Reading182.dat,50000,-0.081409636959868,0.20021774379899454,0.18291969807000644,0.032419564668410075,0.6137324133518772,0.23741948467698645,0.14591453828000434,0.0029331407864229123,4.2290470895375575e-07,0.052719069498133514,0.31702500951642676,0.24737567316716125,0.2178521616659349,0.1464547973668179,0.018296310625274828,0.00027697816025089897
Riderbelt,preprocess_Reading183.dat,50000,-0.01515936339011,0.20445707520185935,0.2038943091449719,0.040580006628722645,0.6731375948337621,0.1837498984324109,0.14048933731143165,0.002622719172840035,4.5024955525035803e-07,0.05809928955350116,0.33367575598384763,0.2688273177107255,0.18431906159490657,0.1364169187609093,0.018386295692596977,0.0002753607035129385
Riderbelt,preprocess_Reading184.dat,50000,-0.00387184674444,0.21532936531614175,0.21529455257911198,0.0443399879505875,0.7165102583859403,0.1609595981067333,0.12016190293712305,0.002367825694414388,4.148757888009595e-07,0.05560171660653695,0.3432135241733349,0.2864840954159983,0.18328623545582656,0.11509135474964206,0.016078945893018493,0.0002441277056428637
Riderbelt,preprocess_Reading185.dat,50000,0.059742731218057996,0.20341054239050274,0.19443933455503645,0.038357438013246654,0.6520295344567307,0.18291789620803803,0.16196932423826588,0.003082842946304977,4.0215066056904187e-07,0.04570447090689632,0.25846173777587983,0.30761741163113493,0.19106696714907828,0.1744145238000344,0.02239510845760638,0.00033978027936986
Riderbelt,preprocess_Reading186.dat,50000,-0.008099297017998,0.19629773058229164,0.19613056982421734,0.0398352970750955,0.6308663499876828,0.19210146717682902,0.17378284196275787,0.0032490532571354427,2.876155949388964e-07,0.05423062077664629,0.290043682983112,0.2573826826337407,0.22714649117054103,0.14882380384267985,0.02203628187970514,0.0003364367135749048
Riderbelt,preprocess_Reading187.dat,50000,-0.055025963228460005,0.1976023045367575,0.18978623271728018,0.036221677838617156,0.6339633654719932,0.1796069335189503,0.18374165507820012,0.0026877912503896952,2.5468046658129145e-07,0.056179886448454716,0.27239065806158147,0.2689642859044768,0.2142499925794168,0.1639248513746993,0.023951348846592554,0.000338976784778311
Riderbelt,preprocess_Reading188.dat,50000,0.024228354137266,0.1955468888285046,0.19404013138087378,0.03890485495277088,0.632139596378769,0.20063754030337777,0.16488012144676037,0.0023424960155128557,2.4585558002792537e-07,0.04900044688680484,0.2755105947646906,0.27883360332814283,0.21587835384561851,0.1575428378670834,0.02290224594618357,0.0003319173614762861
Riderbelt,preprocess_Reading189.dat,50000,0.0027725410674536,0.2069460070753747,0.20692743380342377,0.04322683020587144,0.5903823450328525,0.21672359504327418,0.18992844025179123,0.0029653764420369726,2.4323004506215374e-07,0.03930096608384043,0.23313781474592477,0.2875382879986505,0.23125200862429138,0.1839791876830415,0.024450550042402902,0.00034118482184848783
Riderbelt,preprocess_Reading190.dat,50000,-0.054435296678811994,0.2012749047591234,0.1937740585354085,0.03769089959610079,0.6501704187004929,0.1961521398488025,0.1512884421531392,0.002388624043362568,3.752542027990672e-07,0.048079277097978185,0.27874860038277055,0.3004786390590182,0.20118725842816426,0.1530097407243972,0.018223342741549835,0.00027314156612164877
Riderbelt,preprocess_Reading191.dat,50000,-0.0103733736300268,0.19908910369190386,0.1988186719812239,0.03839383178746081,0.6337489120769796,0.1957250762774894,0.16771418007819774,0.002811506491594018,3.2507573936773845e-07,0.04629588657613237,0.27777687570740867,0.27667595121020894,0.21131223201459787,0.16622293694137838,0.021407013001875,0.0003091045483987761
Riderbelt,preprocess_Reading192.dat,50000,-0.039738787336846,0.21008623044441,0.20629360873119326,0.04417088453757624,0.6559593758401632,0.18784259037144196,0.15368769388141976,0.002510118822252388,2.210847228603199e-07,0.06470295268471878,0.3217744285325898,0.25088378834095243,0.19557851288658745,0.14598628215256687,0.020775034049930974,0.0002990013526536868
Riderbelt,preprocess_Reading193.dat,50000,-0.033044908543068,0.1872333386737401,0.18429421350193206,0.034357498092777106,0.638666793583122,0.19315748560646295,0.16539299424532286,0.002782399280398592,3.272846936846452e-07,0.0570029704500443,0.313836647090936,0.2576324180794146,0.19440512627611944,0.15629115745468714,0.02052874301485252,0.000302937633946029
Riderbelt,preprocess_Reading194.dat,50000,-0.056644608216760005,0.18761753855064447,0.1788623189265205,0.03264884256091099,0.6012221478141689,0.19929345696867076,0.1964049826124553,0.003079128456591185,2.841481138899835e-07,0.050826950801488816,0.279184710277852,0.2483504862983808,0.20932391621649324,0.18754629689640795,0.02441103152007074,0.0003566079893062844
Riderbelt,preprocess_Reading195.dat,50000,-0.026830381646078,0.20922282765884817,0.20749535472942493,0.042900303516250037,0.6238493462373619,0.20254809176671104,0.17089165007202967,0.0027105245180290625,3.874058682185118e-07,0.05350288590491336,0.2714092046004014,0.2642786484960344,0.2096425348924199,0.177358874828256,0.023467893522560863,0.00033995775541419766
Riderbelt,preprocess_Reading196.dat,50000,-0.035474070806462,0.18962281730139585,0.18627507386050524,0.033437219139096606,0.6542350311247466,0.16601105144786107,0.17697240194774458,0.0027812225567277016,2.929229199902925e-07,0.07006831264477918,0.34307821737963323,0.22552071853853345,0.18341113264841247,0.15407583010139891,0.02350879806575822,0.0003369906214847123
Riderbelt,preprocess_Reading197.dat,50000,0.0019647961947109995,0.2274026316825197,0.2273941434427214,0.051788776724405385,0.6529375184936675,0.18970709747265438,0.1545719094052411,0.0027831594701071987,3.151583298998879e-07,0.06229311665183593,0.31179527105855004,0.251403811285236,0.19962853270147968,0.15291342650598902,0.021659426504258075,0.0003064152926511776
Riderbelt,preprocess_Reading198.dat,50000,0.0095577106739028,0.20466796540641216,0.20444467767656435,0.0410269322305474,0.6918914130148789,0.14746962879402828,0.15794578077101754,0.002692866336835235,3.110832402393136e-07,0.08080372098403324,0.3705985056476349,0.2326821837817543,0.15737325829169255,0.1371639032810322,0.021075547690344344,0.0003028803235084008
Riderbelt,preprocess_Reading199.dat,50000,-0.007977014914158,0.22394379990180904,0.22380168173523804,0.04946690234244347,0.6531425053014946,0.17065859676043577,0.17325771406617696,0.002940847773813013,3.360980794214944e-07,0.05473706991549695,0.31791333482311024,0.26477016206436027,0.18199989456327,0.1559392564401389,0.024284177468601894,0.0003561047250214408
Riderbelt,preprocess_Reading200.dat,50000,-0.08736294352878116,0.2236413149433814,0.20587169268161104,0.04129739437663851,0.6744079696170738,0.16724109812121776,0.15574889841291242,0.0026016837715764937,3.50077219380814e-07,0.0680748914280237,0.34232370676155266,0.24390610947756763,0.18159401924869836,0.14352243362028733,0.020278564748988103,0.00030027471488214475
Riderbelt,preprocess_Reading201.dat,50000,0.049294691427512,0.2246795033854134,0.21920518387707527,0.04956462319595613,0.6812376726706713,0.1593749201124313,0.15696099309026282,0.0024261589890507847,2.5513758393076026e-07,0.06749651996483587,0.35302550586565407,0.23563412927109142,0.18107434750219464,0.14015278781574972,0.022296078762636586,0.0003206308178377271
Riderbelt,preprocess_Reading202.dat,50000,0.099653929700026,0.22260375074187963,0.19905156151031608,0.04004381251474446,0.6425727729634299,0.18651884426415635,0.1684395793970502,0.0024684567762073856,3.465991560640845e-07,0.05726557654939472,0.3093661900092618,0.24365344024726288,0.2018752984298185,0.1660737282410054,0.021459050198408988,0.00030671632484764917
Riderbelt,preprocess_Reading203.dat,50000,0.005334559375947999,0.20010032995448934,0.20002920917745987,0.04075758296740743,0.5880797667674162,0.18432842837321955,0.22467335826865875,0.002918157791141821,2.8879956359218323e-07,0.05184718201444793,0.28448377436708894,0.23788235600570415,0.20089106233062878,0.1978430710483706,0.026679857348969764,0.0003726968847899025
Riderbelt,preprocess_Reading204.dat,50000,0.038635249026976,0.2192257733269001,0.21579447913095676,0.04766639477665966,0.6331184336587635,0.17734043437505634,0.18638406727646442,0.0031567864906739303,2.7819904165390314e-07,0.06163936186949695,0.2871565807010506,0.2584429220222743,0.1936517039544301,0.1726050607315168,0.026126935423182517,0.0003774352980485894
Riderbelt,preprocess_Reading205.dat,50000,0.031942898421131,0.20479223370898117,0.20228571434476353,0.04273781839340252,0.5722904677074223,0.20843741517364733,0.21615069605576123,0.003121143077360507,2.779858085933924e-07,0.043480950659219995,0.24786233839537603,0.2658138945709763,0.21636863984509097,0.19812064366200988,0.02795354498283825,0.0003999878844885742
Riderbelt,preprocess_Reading206.dat,50000,0.008577851568609999,0.20023143664501525,0.20004761604026589,0.04149856770607669,0.6626484099582896,0.18995005250271974,0.1447926264852524,0.002608614550391945,2.9650334622433896e-07,0.06730458190317262,0.3219136586017787,0.2585035307122377,0.1920209756455708,0.14065588130338647,0.019324049096839355,0.0002773227370143482
Riderbelt,preprocess_Reading207.dat,50000,-0.008505465368882002,0.21578080250685158,0.21561310671979017,0.04648715628155938,0.6385038697928074,0.1683046895445576,0.19057930022582634,0.002611854086494407,2.8635031421020477e-07,0.05968849475723675,0.2966981091330446,0.27393691920428,0.18283147142710257,0.1655283082449691,0.021017308319939285,0.0002993889134278454
Riderbelt,preprocess_Reading208.dat,50000,0.0006260217287939997,0.21492904207546795,0.2149281303698363,0.04863286695300637,0.6233548414961071,0.16376031771999086,0.21051754771069378,0.0023670045447163,2.8852849197713327e-07,0.06270651002863296,0.3017839224546989,0.22811662567190635,0.2015675765387726,0.1853422682409495,0.020199882570041374,0.0002832144949983519
Riderbelt,preprocess_Reading209.dat,50000,-0.057150345949644195,0.23064844035592663,0.22345590391944767,0.049888509813001296,0.6648119620549812,0.1627404171984519,0.16934272145206844,0.0031045805633394844,3.1873115913535435e-07,0.06753128842987532,0.306953797567137,0.25862155881981047,0.19169065973374372,0.1530545674160201,0.021818180173904515,0.00032994785950904275
Riderbelt,preprocess_Reading210.dat,50000,-0.011020162757540001,0.2474887153171708,0.24724324100395734,0.06132581262767003,0.6721296702609203,0.14744119121492755,0.17776877312783967,0.0026600416856632394,3.2371064933993857e-07,0.071561397146215,0.32225425682294156,0.2508571137433242,0.17231050067168033,0.16014521205525187,0.022548235532018058,0.0003232840285690238
Riderbelt,preprocess_Reading211.dat,50000,0.023377226284415995,0.2334946397116613,0.2323214412518262,0.056677321224951636,0.6873265654182205,0.14171015174520424,0.16778447817445216,0.0031785191875618127,2.854745612051359e-07,0.07280297653958172,0.3382596979187017,0.24499653115551343,0.1692392611137473,0.15163170757642508,0.022733489060920025,0.0003363366351108153
Riderbelt,preprocess_Reading212.dat,50000,0.047743067408496,0.221110469974626,0.21589450999696078,0.04773363091839337,0.6171062215399221,0.17558315577449096,0.20433534798530031,0.002975032237657099,2.4246262960872925e-07,0.0664632511835437,0.29960134439986946,0.22533193608160015,0.1922780734570842,0.18906537694431103,0.026878067295151867,0.00038195063843959745
Riderbelt,preprocess_Reading213.dat,50000,0.075355013992612,0.2187822953729277,0.20539550782531793,0.040896633860438,0.5411741563252698,0.2350375349635934,0.219810021324289,0.003977980109748261,3.072770994871333e-07,0.04035012781956846,0.23021721300249354,0.24622495107689005,0.2452049867357469,0.2088312001015271,0.02875332171693235,0.00041819954684172144
Riderbelt,preprocess_Reading214.dat,50000,0.034164531653672676,0.22098113540053593,0.21832417864220902,0.048546218292801334,0.5729932025155116,0.19980479406396917,0.22346432024019633,0.00373738507102932,2.9810929360891874e-07,0.04574770017349782,0.23481174677884234,0.27603843006313067,0.20420537418911572,0.20805360943719772,0.030700684100629132,0.0004424552575866241
Riderbelt,preprocess_Reading215.dat,50000,-0.0032080139854699995,0.22389911100279403,0.22387612770036586,0.04660007175018198,0.607269063525269,0.1856155338898164,0.20393336144061752,0.0031817749013435775,2.662429536418256e-07,0.0637816615296114,0.2930620098424692,0.24894993991112166,0.19489956561114774,0.17549507872943812,0.023469650135820957,0.000342094240390863
Riderbelt,preprocess_Reading216.dat,50000,0.0301015145443626,0.21566953054755525,0.2135585288129191,0.04692652860387963,0.6260517507431148,0.17696684526505183,0.1945311308245481,0.0024499966668862653,2.765003988616131e-07,0.05593670473329788,0.2825540756610132,0.24926605849185096,0.22127962482493752,0.16975151741399874,0.020912395625505363,0.00029962324939633757
Riderbelt,preprocess_Reading217.dat,50000,-0.0350260882866,0.20579025289037983,0.20278757684835083,0.041824011782970925,0.6355214959344976,0.17257329749300337,0.18922494107634,0.002680014039181991,2.5145697708466576e-07,0.04275725831355897,0.2609381169520411,0.2894351895338941,0.22303361130006313,0.16196155508989382,0.021565895994504737,0.00030837281604378664
Riderbelt,preprocess_Reading218.dat,50000,0.048063278981219995,0.20860181291387103,0.20298925480065952,0.04192659544574878,0.627747178842085,0.18219045630452704,0.18738216761425971,0.0026798903860397105,3.0685308871282884e-07,0.040840196754347476,0.2502640919097729,0.28574141386124313,0.23463945860626895,0.16867398814712453,0.01955644611119017,0.0002844046100528503
Riderbelt,preprocess_Reading219.dat,50000,-0.09008744064463801,0.20194577385805132,0.1807383429635948,0.03352382547973943,0.5934496287843986,0.18663234907541873,0.21701600730135273,0.0029016827890535266,3.320497766496215e-07,0.04736169304544421,0.25623699555114227,0.25576529367456663,0.2303089927246339,0.1860859447849128,0.023902406894125067,0.0003386733251751493
Riderbelt,preprocess_Reading220.dat,50000,-0.026308064520854,0.20744780169789176,0.20577287520578214,0.04220420752599559,0.5780277647723013,0.1871020121668828,0.2318372379879823,0.0030326086403805064,3.7643245309693084e-07,0.037551720490764745,0.22922052835131748,0.2710445064006347,0.2234723590534491,0.21101294606709378,0.027319630664409653,0.0003783089723306032
Riderbelt,preprocess_Reading221.dat,50000,0.00085385528002,0.19207581932731357,0.1920739214506217,0.03725449101288847,0.5798778569285917,0.16615332850078243,0.25129598694995886,0.0026725400882965035,2.8753237055407596e-07,0.04656298111313834,0.2633689197797103,0.23998673277073937,0.21501019941794763,0.2088951358635644,0.02581938702595387,0.0003566440289459915
Riderbelt,preprocess_Reading222.dat,50000,0.003726461747534,0.2064788760221168,0.20644524631533862,0.041878850022942574,0.577299979591688,0.1870994347650144,0.23223343437739913,0.0033668585480432006,2.927178552848026e-07,0.04461477497456578,0.23593310746959953,0.2594463242956895,0.23302770064034617,0.1992092220982949,0.027380794432772748,0.00038807608873141317
Riderbelt,preprocess_Reading223.dat,50000,0.049839174386019994,0.2008875968423936,0.19460699694931824,0.037970111470549836,0.5233233779268502,0.19516862108627647,0.27888289576888037,0.002624829731294269,2.7548669867454133e-07,0.026671821499604568,0.1856129440495955,0.26409097991585945,0.25883805931596293,0.24025322638850655,0.02420841634545523,0.0003245524850158379
Riderbelt,preprocess_Reading224.dat,50000,-0.0748750539413913,0.18302356976195183,0.167007045916278,0.026447882410929303,0.5889187200527995,0.16367516258716475,0.24457649454900066,0.0028292236785230915,3.991325118543767e-07,0.045975316644623496,0.2686369247243814,0.23286269777702626,0.21034939683373866,0.21807036619917233,0.023766378083472553,0.00033891973758514224
Riderbelt,preprocess_Reading225.dat,50000,0.0358325648044944,0.2071234624011711,0.2040003822951836,0.042503589999336275,0.5715801974990908,0.1716755785107912,0.2538050611111617,0.002938829373200163,3.3350575614359637e-07,0.03997663223266642,0.24637116778403031,0.2538965308748422,0.22425797415242507,0.2086283730977823,0.026497267382352602,0.00037205447590117266
