classe,arquivo,PC1,PC2,PC3,PC4,PC5,PC6
Healthy,preprocess_Reading1.dat,-5.612656433683862,-2.505514227607947,-0.6368459005511284,-0.5943545547873801,0.39313103951256323,-1.7352872968640382e-06
Healthy,preprocess_Reading2.dat,-4.730983159952693,-2.362460434503745,-0.5046103171009887,0.6380153539738904,0.15294756415189353,-1.6955292649993637e-06
Healthy,preprocess_Reading3.dat,-4.141108151795494,-2.3105091684591446,-0.4165713505776739,0.15210716059901594,0.4773165887759411,-1.5492938545118701e-06
Healthy,preprocess_Reading4.dat,-3.1856085701897032,-1.9435130043867173,-0.21218016339341664,0.7666523672003395,0.502221023011339,-1.4705126401255841e-06
Healthy,preprocess_Reading5.dat,-1.5404246810917803,-2.1757542617666252,0.22259450155977833,0.3541748811322368,0.10424573105941297,-8.630519567567912e-07
Healthy,preprocess_Reading6.dat,-3.0121002364423624,-1.8441597242566579,-0.12462874989521847,0.675673529275909,0.6992600521303973,-1.6989051760137864e-06
Healthy,preprocess_Reading7.dat,-3.4593387512123557,-2.1419388150945453,-0.21914927032717674,0.3419795244123969,0.44186168317617674,-1.8398997562767808e-06
Healthy,preprocess_Reading8.dat,-3.6323489170563636,-1.5933616610725057,-0.06216255840123418,0.8500846436426266,0.19255613921554038,-8.002481419527027e-07
Healthy,preprocess_Reading9.dat,-2.94151828784522,-1.7216479682839865,-0.33393911396867293,0.6553902224590935,0.3456953989473963,-6.166806806119229e-07
Healthy,preprocess_Reading10.dat,-2.475235588758052,-2.2057274773739786,-0.48355752216457515,0.13595364000579363,0.10690225761286092,-7.116850060571943e-07
Healthy,preprocess_Reading11.dat,-3.2084665788830202,-2.180546617891671,-0.9132385506922238,0.04925442056500334,0.00692251901950002,-1.3018125106991883e-06
Healthy,preprocess_Reading12.dat,-2.4541137603908085,-1.9265411305991027,-0.1822518008068395,0.182569942107208,0.14394838025227527,-1.2698151883946963e-06
Healthy,preprocess_Reading13.dat,-3.2702797713836365,-1.6159015921367592,-0.32561793892651164,-0.13335239030860366,0.3404264301034131,-5.172993015189115e-07
Healthy,preprocess_Reading14.dat,-2.864794648875149,-1.3725971172673301,0.46364358861519656,0.05170723479211074,0.6632327402143668,-2.7161902093898445e-07
Healthy,preprocess_Reading15.dat,-2.9052526154729423,-2.1238120265135656,-0.08579127433406895,0.44817262456433066,0.452387255530225,-1.016993206131999e-06
Healthy,preprocess_Reading16.dat,-1.7101176338356752,-1.6411552358792398,0.6789921969595992,0.5124014559023561,0.5236654036720013,-8.620660730354971e-07
Healthy,preprocess_Reading17.dat,-2.7485363957687485,-2.1515867785952136,0.5453606793515607,-0.05935284729425011,0.7529215774553113,-8.909089943236436e-07
Healthy,preprocess_Reading18.dat,-2.0955708723304975,-1.545554115302585,0.04801574939162859,0.040111192789275975,0.6883355638349367,-7.570185899583256e-07
Healthy,preprocess_Reading19.dat,-1.9446993579632774,-2.4395979873381877,0.4258030581138032,0.2078920378150555,0.2913158686370081,-1.0847285436988804e-06
Healthy,preprocess_Reading20.dat,-2.829369754869694,-2.203829367500323,-0.33147031564339685,-0.11504132156747766,0.3979858804641271,-5.754051817300472e-07
Healthy,preprocess_Reading21.dat,-1.9973091408479513,-1.9111534777272567,0.5787800636644944,0.2630235774535906,0.08537083023308482,-1.8670580718878977e-07
Healthy,preprocess_Reading22.dat,-1.8932043395323623,-2.2740295902973005,-0.11212842609815897,0.22517840156997893,0.5865388580429088,-1.2288970800553212e-06
Healthy,preprocess_Reading23.dat,-1.581526668304481,-2.7247338952061657,-1.1568066911046744,-0.03664980229425517,0.45088893647133604,-1.591074519669084e-06
Healthy,preprocess_Reading24.dat,-1.6523546700169418,-2.512845461618271,-0.0969939948844632,0.1767846658207593,0.2993390330128313,-1.317987559312882e-06
Healthy,preprocess_Reading25.dat,-2.3785553179460464,-2.32076368273925,-0.15890280159784345,0.1350971991163834,0.5645428766864282,-1.2047215941633874e-06
Healthy,preprocess_Reading26.dat,-2.0979978570429774,-1.3342583631837877,-0.7002584608963888,0.2560566084175382,0.911999007287044,3.7126602791389185e-07
Healthy,preprocess_Reading27.dat,-2.1879650264533375,-2.171948880219408,0.8413984782215836,0.42410630253951426,0.47567777345990836,-8.022076597119875e-07
Healthy,preprocess_Reading28.dat,-1.6266050467330078,-1.735116467551129,-0.49293694497786844,-0.20260459879994444,0.5139990587863048,-9.195223630135283e-07
Healthy,preprocess_Reading29.dat,-1.3086958810462732,-1.5116516384787189,-0.4405845962895253,0.2958152698319775,0.30413108880578066,-3.389113718867707e-07
Healthy,preprocess_Reading30.dat,-1.521780716290666,-2.1966788848761607,-0.014918545082419795,0.07831804713024557,0.4484524739540914,-5.599473114838734e-07
Healthy,preprocess_Reading31.dat,-2.2074303315709365,-2.0295414639751965,-0.023354330102648178,0.5737363919897848,0.8452683607716183,-1.6518051560486155e-06
Healthy,preprocess_Reading32.dat,-2.118753639937707,-2.3832108168664914,-0.0393126857679915,-0.4102995965199357,-0.008949045571476369,-9.038937816167309e-07
Healthy,preprocess_Reading33.dat,-1.3595652945639878,-1.4325434942018662,-1.3892666104884557,-0.10580691999290473,1.0494652491357652,-4.6307885392769e-07
Healthy,preprocess_Reading34.dat,-0.8728782708537165,-2.334797590124248,-0.1376120621424762,0.37306070428685273,0.2827103134657219,-7.408415271726093e-07
Healthy,preprocess_Reading35.dat,-1.013737518857527,-2.1792718182925155,-1.0704804197714122,0.45079937722654906,-0.04725847455642647,-6.828204529250378e-09
Healthy,preprocess_Reading36.dat,-1.6960690239215943,-2.069707878790189,-0.7569504376720603,0.08271980831045277,0.2441826693993487,-1.0134775188327353e-06
Healthy,preprocess_Reading37.dat,-1.6266534062500273,-2.3503303182522006,-0.6458775542902643,0.3015478661333371,0.8603207739727354,-1.0252255773203155e-06
Healthy,preprocess_Reading38.dat,-1.221506007473342,-1.3808416380242128,-0.09805855760164739,-0.5091031040786693,0.6544695458566856,2.3183382087437342e-07
Healthy,preprocess_Reading39.dat,-1.9180356843366677,-2.2342466524657563,-1.0283933852827614,0.4061459211840071,0.5307430394726169,-3.319035306445682e-07
Healthy,preprocess_Reading40.dat,-2.042363298487786,-2.120097128807986,-0.5224564300638961,0.43463679180972786,0.8241339238209946,2.5648469431381847e-07
Healthy,preprocess_Reading41.dat,-1.7669423729584255,-2.1013565851813345,-0.839928417588554,-0.28411793004176383,0.26089030257193124,1.24253417907228e-06
Healthy,preprocess_Reading42.dat,-1.1219913285663319,-1.7563948322756473,0.027003348122241592,0.36037052275239134,0.5874267813499854,-3.888288564983288e-07
Healthy,preprocess_Reading43.dat,-1.8522363131214714,-1.7169042427324752,0.558555757688658,0.6958284111169476,0.8940946102224804,3.439506528083054e-07
Healthy,preprocess_Reading44.dat,-1.9201534166771683,-2.490016884728231,-0.590191790034728,0.06451914196858134,0.3245875973845604,9.078554184024145e-07
Healthy,preprocess_Reading45.dat,-1.8163913739669393,-2.3771243134698765,0.2218903537188072,0.5046039119922577,0.8197878383317908,2.4617341219804424e-06
Healthy,preprocess_Reading46.dat,-1.8701925567646733,-2.2392697334534932,-0.32202754774761416,0.13012749079114203,0.37784152350409006,8.151847105393932e-07
Healthy,preprocess_Reading47.dat,-3.1267383003782285,-2.1275046614670567,-1.3323684346015583,-0.32074048801069865,0.2871256538217845,2.4637039079396667e-06
Healthy,preprocess_Reading48.dat,-2.1012188602806128,-2.6204819983092817,-0.7842745628330168,0.2519567309368519,0.4325618109032418,-1.8379163084588155e-07
Healthy,preprocess_Reading49.dat,-3.146286189588459,-2.4418943910569597,-0.40375292762625553,-0.22431016034397605,0.6016053698260536,1.4182747653785855e-06
Healthy,preprocess_Reading50.dat,-2.3818433092943616,-2.2172115981896314,-1.0032802344991545,0.10737768007127607,0.5859585421802771,1.3482522095881998e-06
Healthy,preprocess_Reading51.dat,-2.6320537887308206,-2.1074283667414195,1.5260140005931986,-0.0161764050681322,1.0307884549663187,1.6372861421790896e-06
Healthy,preprocess_Reading52.dat,-1.5054280557978914,-2.680762924436109,-0.44687601468809685,0.22759267014001916,0.3216522147070571,1.0325267023563279e-06
Healthy,preprocess_Reading53.dat,-1.8989726010487906,-1.5935115791188292,-0.5470276729647471,0.27127438668910325,1.2956925907493053,3.530297162821369e-07
Healthy,preprocess_Reading54.dat,-1.7411964692315982,-2.4292369376084513,-0.17721346396371798,0.17022764939432206,0.24258321205613062,1.0606242188712757e-06
Healthy,preprocess_Reading55.dat,-1.2564749675681692,-2.1344408672254622,-0.7054202490940261,0.09618895777777084,0.05727601438075709,3.753991153610749e-07
Healthy,preprocess_Reading56.dat,-1.0951404686653003,-1.9506435976615393,-0.29624412347648305,0.543366283586134,0.29989923330971824,7.244714765286564e-07
Healthy,preprocess_Reading57.dat,-2.305565528330001,-2.4108045211992857,-0.5045363310222003,0.054734937081751346,-0.01694936910621981,1.8877738395877376e-07
Healthy,preprocess_Reading58.dat,-1.961487537068998,-2.6563585315968616,0.07349209902930597,0.25787603104095713,0.24829355767986303,-6.306739042749995e-08
Healthy,preprocess_Reading59.dat,-1.819924159962854,-2.6291279264083105,-1.348391379368609,-0.5189739792698325,0.4213633209323035,2.421432410299193e-07
Healthy,preprocess_Reading60.dat,-2.314300513069697,-2.194942337753735,0.3849971483870161,0.4277679157128139,0.6893943787461099,7.235131659184838e-08
Healthy,preprocess_Reading61.dat,-1.8963596551343036,-2.0780844732234534,-0.16470310490841572,0.08466619575524335,0.47476453730635976,3.4422343410117894e-07
Healthy,preprocess_Reading62.dat,-1.3045542892698159,-2.136915900064909,-1.4468126561635992,-0.37024368288256115,0.8415384463513971,-4.4072342019753214e-08
Healthy,preprocess_Reading63.dat,-2.269533305303934,-3.198872502923008,-0.1606079737782181,0.016885045569048063,0.7722832056640383,1.0775338350995788e-06
Healthy,preprocess_Reading64.dat,-1.5404731764181212,-2.324845739509765,-0.7592070263716575,-0.31602048881615086,0.5233405041948654,9.462749645004517e-08
Healthy,preprocess_Reading65.dat,-1.754426425801876,-2.0327737843172655,-0.8132133889507629,-0.30103947603175074,0.8982410072213144,1.3360308233402028e-06
Healthy,preprocess_Reading66.dat,-2.577382050153179,-2.710659391716122,-0.576751781904317,-0.17422946641933415,0.5093351672706767,1.6889366866584372e-06
Healthy,preprocess_Reading67.dat,-2.111586432935204,-2.6989640352543494,0.09588360772206449,-0.07657449970882062,0.9592129711841174,1.055222903869439e-06
Healthy,preprocess_Reading68.dat,-1.5459757892224653,-2.5863251710594217,-0.2604761459419425,-0.1562849033829898,0.932895265573309,-9.375854703984499e-07
Healthy,preprocess_Reading69.dat,-2.068606214267588,-2.1716940429402367,-0.04551965223690978,0.16004932243553802,1.1310195827791287,8.560824005397743e-08
Healthy,preprocess_Reading70.dat,-1.5359890671808025,-2.7945646642870545,0.519700103095915,0.24743093605514055,1.0430727598766,-9.478860581392518e-07
Healthy,preprocess_Reading71.dat,-2.4772885112945198,-2.303056257031156,-0.4041065276831746,0.20977831710756337,1.2016956422030818,7.807162692000492e-07
Healthy,preprocess_Reading72.dat,-1.653141806984452,-2.4306482068124615,-1.3531661419281638,0.024908469104116156,1.104906328942794,-3.6620553581044605e-07
Healthy,preprocess_Reading73.dat,-1.5756702625987626,-2.314269312607527,0.1826636676061571,-0.016362465086618833,1.061459012210059,5.131090049019032e-07
Healthy,preprocess_Reading74.dat,-1.8092284222655028,-2.3802100681905265,-1.3298064348662568,0.13575992795957972,1.2709822717574988,-5.986501349885892e-07
Healthy,preprocess_Reading75.dat,-1.4858183229536883,-2.708434905650564,0.338018586634919,-0.2016952405363393,1.174282371567473,1.049617814132151e-07
Healthy,preprocess_Reading76.dat,-5.6055377716807335,-2.1669716934606047,-0.11286620110163297,-0.3890644189988326,0.44249305506990805,-3.170057204012629e-06
Healthy,preprocess_Reading77.dat,-4.500239051494517,-2.002268979736398,-1.0417164411561235,0.18967075244842735,0.18762711042897834,-1.7137780383374443e-06
Healthy,preprocess_Reading78.dat,-3.155684328544209,-2.0749437993650917,0.2613690650682472,0.10831473343764059,0.8648631269926165,-1.906741456015492e-06
Healthy,preprocess_Reading79.dat,-2.515211074963864,-1.5564849079548684,-0.3978751637202259,0.08338203901324591,0.21411890169443545,-1.14331429416637e-06
Healthy,preprocess_Reading80.dat,-2.9973589013369715,-2.46754652826961,-0.09661098806052529,0.4177773192290218,-0.2794968944391664,-4.4560759783733754e-07
Healthy,preprocess_Reading81.dat,-2.527553681055121,-2.016412301072481,0.37614670798701033,0.6993482481862262,0.07063932408236834,-3.993211879532799e-07
Healthy,preprocess_Reading82.dat,-2.9330000518418733,-1.8997415748430537,-0.43339269203351705,0.47446090946495073,0.7497303231069248,-1.2111269512886576e-06
Healthy,preprocess_Reading83.dat,-2.8472627850355603,-1.7852546653437014,-0.12337602929384403,0.6136262292284208,0.25334838991486014,-1.493485106341716e-07
Healthy,preprocess_Reading84.dat,-2.6167086201196708,-1.2999761667907266,-0.03872315104361863,0.6630239195311121,0.7737143967011486,-3.110435546691622e-07
Healthy,preprocess_Reading85.dat,-3.3140634986155124,-2.18122828249039,-0.8101177992440368,0.16468786746300482,-0.038973264807261765,-9.75293638443126e-07
Healthy,preprocess_Reading86.dat,-2.2085763723966387,-1.848646153241442,-1.2096473143335116,0.4753911763796975,0.5278205883576831,-4.271837660607764e-07
Healthy,preprocess_Reading87.dat,-1.6881870987813576,-1.9850552148970506,-0.03975627325125657,0.4604030085641515,0.09208029205509068,-1.5238339314057731e-06
Healthy,preprocess_Reading88.dat,-1.738159490461932,-2.0860032551234866,0.03861347998322304,0.46886959492123725,0.22469965569192266,-1.4893646147149033e-06
Healthy,preprocess_Reading89.dat,-2.4828109693927276,-2.2531669292168037,-0.6201484222924865,0.28284576274238443,0.43958416599509564,-1.1981033869445502e-06
Healthy,preprocess_Reading90.dat,-2.0075638581339703,-2.1550799654311095,-0.4600330174271695,-0.5858911829674183,-0.022966851559087592,-5.3851532566812e-07
Healthy,preprocess_Reading91.dat,-1.9596424290623575,-1.7403573114840296,-0.7659510125617748,-0.15714860257997082,0.338042951841803,-3.890342483993192e-07
Healthy,preprocess_Reading92.dat,-2.701563889164969,-2.3291037380411534,-0.7077578857959079,0.32447201869050063,-0.2658727667311313,-1.5663340757266086e-07
Healthy,preprocess_Reading93.dat,-1.5817128262110285,-2.1439379420246674,-0.06168563329235225,-0.11322176717768248,0.31351978016121756,-9.840635191886225e-07
Healthy,preprocess_Reading94.dat,-1.6590394641339168,-1.634469198007051,0.28147012353270207,0.11268782830687185,0.9958025865791915,-3.762516451841117e-07
Healthy,preprocess_Reading95.dat,-1.64926442308184,-1.6952128647257967,0.4670923248610478,0.054427640759701953,0.7358526982913663,-5.240298128827339e-07
Healthy,preprocess_Reading96.dat,-0.9176211625514269,-2.6678094636971696,0.15806089363302328,-0.25092783504649085,0.2773095913900914,-1.1435434144914766e-06
Healthy,preprocess_Reading97.dat,-1.4900227446285603,-1.8627701084904271,-0.29039323747711887,-0.019088135442828773,0.09341060029103498,-5.722963426384556e-07
Healthy,preprocess_Reading98.dat,-1.4699437750145248,-1.2595610026079402,-0.8656838846174509,-0.18010880417043001,1.300678799144711,-1.0138308475937937e-06
Healthy,preprocess_Reading99.dat,-2.400905225829311,-2.1355139555593423,0.3590558059261036,0.4419104676084723,0.7032234642698325,-1.870774654557469e-06
Healthy,preprocess_Reading100.dat,-1.9262447089193953,-2.642667554445456,-0.7974318608035925,-0.40099570401327217,0.43405798283093966,-9.36236775153563e-07
Healthy,preprocess_Reading101.dat,-1.8499447931709139,-2.174993371725088,-0.592445536907501,0.08321751907379221,0.5094529292130646,-1.809617950085885e-06
Healthy,preprocess_Reading102.dat,-1.2942799480978244,-1.9644300008030318,-0.848745383906514,-0.012782731553623146,0.577633996591549,-1.562077126064008e-06
Healthy,preprocess_Reading103.dat,-2.2173563009576687,-2.497060973880697,0.025908627057305837,-0.02605571536802755,0.08291248013277876,-2.995191688878537e-07
Healthy,preprocess_Reading104.dat,-1.5864275185924464,-1.7440940924184027,-1.80223395442156,-0.22238764161804891,0.5383679482379558,-9.959392989116494e-07
Healthy,preprocess_Reading105.dat,-1.9504519723130542,-1.9298212596248123,-1.3777935837511668,0.6279424945919797,0.45833096204696017,-1.3656803574694937e-06
Healthy,preprocess_Reading106.dat,-2.0854082836119674,-2.5022877324942803,0.5882774296593439,0.5798212806392593,0.061379339798772706,8.825526444262974e-07
Healthy,preprocess_Reading107.dat,-2.389075869840552,-2.487589689667003,-0.08071801824265412,0.28655589579111634,0.6006632354895802,1.726077802988249e-06
Healthy,preprocess_Reading108.dat,-2.20782240384313,-2.648966709871718,-1.0417384020018965,0.5675008946833549,0.48353602797740775,4.645971747123741e-07
Healthy,preprocess_Reading109.dat,-1.652253191367644,-1.6556327787775542,-0.6562106055597616,0.1764615493869906,0.899106645388691,4.4688970179354274e-07
Healthy,preprocess_Reading110.dat,-2.3480385522173512,-2.7562562993137063,-0.006458840639552679,0.4183490863770958,0.5927029468519011,-4.973427937915656e-08
Healthy,preprocess_Reading111.dat,-2.1962895881477373,-2.410525848977708,0.15279885193028667,0.2716556694868697,0.2093698003484684,3.711979577695006e-07
Healthy,preprocess_Reading112.dat,-1.992138186163718,-2.9829587767046974,-0.9053480690172431,0.00408282254320848,0.5742638653620308,9.10422421238341e-08
Healthy,preprocess_Reading113.dat,-1.8254039539922153,-2.2380117781734374,0.21184227363382563,0.2435111591178789,1.110579495103907,1.3762320104683592e-06
Healthy,preprocess_Reading114.dat,-1.9440441692841701,-1.7615256374562698,-0.23153956935502534,0.1555669621174602,1.0454986458135092,2.2255847874018874e-06
Healthy,preprocess_Reading115.dat,-1.7416823458218245,-2.5187651258461576,-1.1749667032598663,-0.04962348968177825,0.04918984827637161,8.506267246749404e-07
Healthy,preprocess_Reading116.dat,-1.850383414635967,-2.007948116371933,-1.224681832602623,0.23527452088379736,0.5765487619948626,1.418320899604041e-06
Healthy,preprocess_Reading117.dat,-1.9203968907307407,-2.338726156178633,-0.23830140879512715,0.8016228928557178,0.613203521068896,2.302138076840382e-06
Healthy,preprocess_Reading118.dat,-2.94427946443848,-2.182868765243309,-0.21113636307799916,0.6320278989955574,0.8943573957321233,1.9434480838961985e-06
Healthy,preprocess_Reading119.dat,-1.9351500054232567,-2.6538359396658273,-1.316675615360758,0.1484543172030332,0.3109479854933267,7.239085744248517e-07
Healthy,preprocess_Reading120.dat,-1.9592959837548505,-1.7972902806436788,-2.56092782527043,0.149777750636313,0.8921177467500938,1.0888433890503862e-06
Healthy,preprocess_Reading121.dat,-2.0825206341819693,-2.2062491332645977,-1.71627091253837,0.3085074653944734,0.5321291044111337,2.4308855617107245e-06
Healthy,preprocess_Reading122.dat,-2.4517363538163206,-2.722352354641985,-0.133602501063362,0.6210109578594228,0.5367238959469046,1.970481636982134e-06
Healthy,preprocess_Reading123.dat,-2.2692773043684875,-2.616653811509043,-0.43005696834307133,0.643375784525561,0.6905975275328864,2.0659950742762796e-06
Healthy,preprocess_Reading124.dat,-2.1310866640795476,-2.0502087671858624,-1.8554129949160032,0.49251345010319086,0.9350012056145652,-4.986514650781659e-07
Healthy,preprocess_Reading125.dat,-1.6728955136035022,-1.3114034765061795,-0.41858816959371486,0.46929753641301186,1.7110528750460707,2.8932596583397596e-06
Healthy,preprocess_Reading126.dat,-2.2415048234903137,-2.097819157508748,1.826797663160095,0.893495383529182,1.072013605266776,1.7963227864798532e-07
Healthy,preprocess_Reading127.dat,-1.8775219464552408,-2.7310670463218725,-1.1693580997176105,-0.1781623818839867,0.3261385070845816,7.758865345321106e-07
Healthy,preprocess_Reading128.dat,-0.9642562888087873,-3.0770829479175865,-0.11257738712686527,0.05348006433028723,0.4052815300984878,7.364333701464291e-07
Healthy,preprocess_Reading129.dat,-1.1879573323110166,-1.5164842150655617,-1.5615233565618307,0.3768614229960188,0.7665381976494438,-2.141513530549061e-07
Healthy,preprocess_Reading130.dat,-3.4265833667058443,-1.340198389789363,-1.6125716141327557,1.016386997137774,0.0363687590360761,-3.384882057806409e-07
Healthy,preprocess_Reading131.dat,-2.9406018781038297,-0.6374795708909239,-1.809514440582369,0.8614934991160552,0.6723104396359045,-1.177878435607738e-06
Healthy,preprocess_Reading132.dat,-4.328419577562841,-1.6429679400250543,-1.1591768432184881,0.9453412793219624,0.15032745110752554,-1.0457356060130117e-06
Healthy,preprocess_Reading133.dat,-2.407831042459508,-2.427388240748761,-0.1783391759473659,0.6029749317598474,-0.07618148123448958,-1.1119099930023141e-06
Healthy,preprocess_Reading134.dat,-3.1835321405601906,-2.0896536783463944,-0.49723056938380755,1.089085747820428,-0.28295427898732683,-8.937783381725236e-07
Healthy,preprocess_Reading135.dat,-2.1347450782795443,-2.4068057537627263,-0.34070815179469854,0.5763186098024135,0.46961674272260173,-3.609242126617849e-07
Healthy,preprocess_Reading136.dat,-2.6112292930432015,-1.7702098361943808,-0.20570345118473576,0.7610382701839165,0.20527763097537025,4.919437756480769e-07
Healthy,preprocess_Reading137.dat,-2.678058735329216,-1.9775671222280178,-0.5564267586791088,0.9407855210521513,0.04448299495558494,-8.372740274198286e-07
Healthy,preprocess_Reading138.dat,-2.308890752581236,-3.0572335868797746,-0.7226359893581765,0.0402519616335301,0.9073560929214258,-1.542524907937113e-07
Healthy,preprocess_Reading139.dat,-2.0907465012940194,-2.3714093046925777,-0.26737939792341864,-0.05287088772002146,0.7934727742832794,3.61107639966381e-07
Healthy,preprocess_Reading140.dat,-2.2839579563633645,-2.746044517387919,-1.0174884981234538,-0.10192848132745506,0.7521166859572794,5.502869545980904e-07
Healthy,preprocess_Reading141.dat,-2.288356691049381,-2.197657032323997,-0.08017077100075551,0.5029418241695743,0.7451881279371868,1.8908986711855417e-07
Healthy,preprocess_Reading142.dat,-1.991128924985817,-2.6282087832609213,-1.0213153325406237,0.10918143634933869,0.9370655476588678,-4.368138496112008e-08
Healthy,preprocess_Reading143.dat,-1.879800486914396,-2.878521743266003,-0.020121404905786733,-0.1502891742238977,0.39418082153963413,-2.7102853540357403e-07
Healthy,preprocess_Reading144.dat,-1.8502824910819586,-2.5003140574202587,-0.566349167265205,-0.0851505855259745,0.9332867000372467,5.37491757267906e-07
Healthy,preprocess_Reading145.dat,-1.744804728623486,-2.0729272752569314,-0.1278474657127088,0.28117346047671826,0.8547588165039067,1.1404008872826941e-07
Healthy,preprocess_Reading146.dat,-1.8700200356832548,-2.6314828929526737,-1.1592924336789725,-0.3755819668738731,1.185055535511852,-1.13385910018786e-06
Healthy,preprocess_Reading147.dat,-3.1332265826048555,-2.356564516972998,-0.9217705074340756,-0.16070879650239847,1.0185637844130002,3.242325438274607e-07
Healthy,preprocess_Reading148.dat,-2.1682525593580597,-2.914017067752208,0.02183066453196315,-0.21187074601576864,0.694438697653627,-5.407017033316974e-07
Healthy,preprocess_Reading149.dat,-2.227776938624064,-2.6157790449387686,-0.6183331282719527,-0.6599103531756441,0.8225629651841101,4.880029096618546e-08
Healthy,preprocess_Reading150.dat,-1.5302108413972129,-2.7949694544997232,0.027780227112101534,-0.1324953191272652,1.0157028117158395,-7.249410915195532e-09
Healthy,preprocess_Reading151.dat,-3.7603269362984757,-0.7907773721117629,-0.43527729951888605,-0.25095744611111503,0.9928510628504176,-1.5932574981766685e-06
Healthy,preprocess_Reading152.dat,-3.110138586288716,-1.4433774593220405,0.8551682835075892,0.6162365517078786,0.3673939442052349,-1.5088563188441058e-06
Healthy,preprocess_Reading153.dat,-2.837554300476241,-1.509171747262403,-0.4858711926834565,0.18448756533236682,0.3252671829823584,-8.361267309922627e-07
Healthy,preprocess_Reading154.dat,-2.4029932266312826,-2.5542913263440292,-0.18845190414953109,0.3111051761306816,-0.13264617876667437,-1.5506935920734372e-06
Healthy,preprocess_Reading155.dat,-2.0206062645016374,-2.686194878377663,-0.13434568233727812,-0.0882041723530011,-0.29285894320618855,-1.4215830957888901e-06
Healthy,preprocess_Reading156.dat,-3.1649724107950994,-2.264279570532709,-0.6670408204980696,0.3349344925761964,0.4255291009595297,-1.2843098888060783e-06
Healthy,preprocess_Reading157.dat,-2.5796527373828266,-0.6645296475662378,0.5960067573160795,0.7733430643351885,1.671860053929202,-1.4612315192677975e-06
Healthy,preprocess_Reading158.dat,-3.2843269232321566,-1.9134496812856308,0.19326344750838123,0.3660539490102781,0.33324901555143405,-1.05630730073624e-06
Healthy,preprocess_Reading159.dat,-2.066810945552321,-1.0569510130538868,-0.03747923221292748,0.6475565880850608,0.9245963197299573,-3.259033578387481e-07
Healthy,preprocess_Reading160.dat,-2.8368694261015985,-1.8450184589522272,0.3564982240078093,0.4321378315279886,0.9070165036430685,-7.794962234321212e-07
Healthy,preprocess_Reading161.dat,-1.9964977046613117,-0.9007996396603708,-0.15876316406468174,0.6357361493047695,1.5638373277192046,-5.156568399828955e-07
Healthy,preprocess_Reading162.dat,-2.6407290841768583,-1.5303231285649863,-0.5321140891401381,0.46338127176025046,0.7656883735807614,-7.318495159895679e-07
Healthy,preprocess_Reading163.dat,-2.8953837495521735,-2.182826010639485,0.04216604327405372,0.08331696601786637,0.3509077991684454,-6.006408036339549e-07
Healthy,preprocess_Reading164.dat,-2.666289509456988,-1.892118207241114,0.21514266837868395,0.6578850549876446,0.32011473005294466,-7.845759327333154e-07
Healthy,preprocess_Reading165.dat,-2.8959991402022256,-2.0561784940818773,-0.7627978527078816,0.2045653564848541,0.5436974878421517,-8.609021904081493e-07
Healthy,preprocess_Reading166.dat,-2.003387705153567,-1.6076631464258393,0.5082324003747363,0.41980078761511497,0.4496032386931332,-8.120170945262598e-07
Healthy,preprocess_Reading167.dat,-2.1766301932201713,-1.9449108809063087,0.2541867276037636,0.0363914334818813,0.4504520162931637,-1.1402325061082668e-06
Healthy,preprocess_Reading168.dat,-2.1865441335814264,-2.0158899577989815,-0.41376776687855354,0.31330128042043903,0.41651905120230814,-7.483603792247386e-07
Healthy,preprocess_Reading169.dat,-1.3079654717485079,-1.8158688316102214,0.374131423378076,0.3317877640987438,0.68885091935742,-1.1759324886885354e-06
Healthy,preprocess_Reading170.dat,-1.762605156145932,-1.8656458573967045,-0.6022601682788272,0.22296089712377676,0.36753270074993893,-6.138246387643683e-07
Healthy,preprocess_Reading171.dat,-2.4559955037416072,-2.2037029857641564,1.0290077873876546,0.19089781329003722,0.3670635091278144,-4.5504805047569954e-07
Healthy,preprocess_Reading172.dat,-1.3587214716680944,-2.02515733673279,-0.1814057138797385,0.29597769299232496,0.4726630328316051,-1.4165267898250721e-06
Healthy,preprocess_Reading173.dat,-2.143891314586226,-2.8619231584946196,0.555007704828998,0.16620793582771817,0.6879754121647698,-9.72506003280502e-07
Healthy,preprocess_Reading174.dat,-1.445765269933504,-2.513951034623166,0.036206785964922016,-0.07999325201689773,0.4043811966209829,-1.2134874831589158e-06
Healthy,preprocess_Reading175.dat,-1.0501264493542195,-2.0512325986271356,-0.5656923459889721,0.08883591057698718,0.8047570518038935,-1.1197557337229133e-06
Healthy,preprocess_Reading176.dat,-1.0318067729308724,-2.140470265139156,-0.1859438593367183,0.43206743163766276,0.2925870523648145,-5.133620214746351e-07
Healthy,preprocess_Reading177.dat,-1.2619220341036754,-2.1432512600897207,-0.8407405712053087,-0.1645733556153216,0.6915863117675044,-4.3420993957020094e-07
Healthy,preprocess_Reading178.dat,-1.0915574676326425,-1.558460380068922,0.35263509207323684,0.2304468677070982,0.969870761249288,-7.902733782249073e-07
Healthy,preprocess_Reading179.dat,-1.6021738021268068,-2.0279356246541624,-0.5810177664020393,0.009919685923627799,0.5325973462255729,-2.83984311555438e-07
Healthy,preprocess_Reading180.dat,-2.170218803234083,-2.3067461406731398,0.1461836457712323,0.4839771442221005,0.4890623616545442,-1.349535009607586e-06
Healthy,preprocess_Reading181.dat,-1.590619061170664,-0.6642798119060245,-0.06192882259419678,0.19555393562271364,0.8713874955086297,-7.131195914115639e-07
Healthy,preprocess_Reading182.dat,-2.4769062429669932,-2.424419825658625,-1.0353222533675475,0.1901540846163374,0.5020565234516688,-1.3306221651346548e-06
Healthy,preprocess_Reading183.dat,-2.8093568585477096,-1.9909901989093315,-0.6794711645696969,0.5576625491454921,0.33127355807245334,-4.035915239368088e-07
Healthy,preprocess_Reading184.dat,-1.6272241874006428,-2.0804359734025653,-1.441185167001725,0.2373962278206363,0.748132093610058,-7.310737297913137e-07
Healthy,preprocess_Reading185.dat,-2.1556401427956344,-2.7888592829577274,0.2823183851238941,0.268348165408081,0.04638850384187007,1.6523302653909028e-06
Healthy,preprocess_Reading186.dat,-2.355857591937599,-2.0127517684057765,0.030626192483411228,0.6637307953459846,0.4272560970283413,-4.123692795907515e-08
Healthy,preprocess_Reading187.dat,-1.8333969615236243,-1.2422722380088116,-0.35471466379281574,0.14862502359596186,1.4199811697630438,-3.223318107829539e-07
Healthy,preprocess_Reading188.dat,-1.5928081937952243,-2.5579843944552163,-0.5427091964274194,0.24321054429332564,0.9832606125839649,-6.35795565923217e-07
Healthy,preprocess_Reading189.dat,-1.3674066333536985,-2.0620214197362197,-0.9941879224743994,0.295636167254614,0.5021408678210018,8.353277233292874e-07
Healthy,preprocess_Reading190.dat,-1.5864736969382567,-2.6870953607523513,-1.6348531832316064,0.12761407356389762,0.31866015986814356,2.8443544688199717e-07
Healthy,preprocess_Reading191.dat,-1.7567983864131316,-2.54029833158215,-0.24515879884759806,-0.27485451482024553,0.052748871399902926,5.265539835810462e-07
Healthy,preprocess_Reading192.dat,-2.0714108688958803,-2.323252776807442,0.1363275576597606,0.5254436809082996,0.6849149376529428,7.684275673773443e-07
Healthy,preprocess_Reading193.dat,-2.193220117095437,-2.454888951024822,-1.5894560743176185,0.03213498528079263,0.7262418966710811,-2.269378810023968e-07
Healthy,preprocess_Reading194.dat,-1.9471266144107622,-2.218257112110846,-0.008556280499489559,0.06018615759161569,0.4415951301472488,9.637317896674253e-07
Healthy,preprocess_Reading195.dat,-1.247069658084025,-2.497882123613492,-1.1107089775224526,-0.3055960514275443,0.4330976477233527,-8.819390922920797e-08
Healthy,preprocess_Reading196.dat,-0.9431893818863013,-2.4288328156476005,-0.09399320008703586,0.16664835611121512,0.20471393609523872,-9.929051177749799e-08
Healthy,preprocess_Reading197.dat,-0.8064344188279116,-2.030174197674444,-0.2177083070588287,0.1548669286660596,0.2931194824577555,-1.0882684268082381e-07
Healthy,preprocess_Reading198.dat,-1.6628462818180738,-1.6900823987183056,-0.7014446050842035,0.0019521763563966968,0.8602522618303087,1.0720497528057368e-06
Healthy,preprocess_Reading199.dat,-0.7417595486955145,-2.2540209303587173,-0.6285844123322408,0.14754102395811544,0.5504572893685713,-3.715272629062331e-07
Healthy,preprocess_Reading200.dat,-1.4791139706289407,-1.9468683971539127,-0.7638440184887704,0.15287451685576958,0.2845187625841396,5.458988450539577e-07
Healthy,preprocess_Reading201.dat,-1.905714743623934,-2.6564498428303196,-0.21679889726966342,0.3280011946021315,0.19921999164142243,2.019112135631391e-06
Healthy,preprocess_Reading202.dat,-2.4824539509937007,-2.365730352123975,-0.1144395303731828,0.2519476253621099,0.5719853565051434,1.0064689249464013e-06
Healthy,preprocess_Reading203.dat,-2.2849895394267814,-2.618420445336069,-0.20405357835647378,0.005018607916191241,0.22754919812591695,1.6722417819545738e-06
Healthy,preprocess_Reading204.dat,-1.631762260440831,-2.3286057169105265,-1.1680211961201,0.03890196849444755,0.6899602012992946,1.2703021347185703e-06
Healthy,preprocess_Reading205.dat,-1.1420438626842533,-1.5835509073650393,0.04505855648005189,0.6100054377685837,1.0227712045670743,-1.6408507366192602e-08
Healthy,preprocess_Reading206.dat,-1.4451432730382008,-2.3039867653645256,-1.629266732305908,0.12167396945692406,0.8614709658839433,1.2025212821500903e-06
Healthy,preprocess_Reading207.dat,-1.106799175600797,-2.266554372744623,-1.2266489826552442,0.2672723501274099,0.9005742508050016,6.350405377863911e-07
Healthy,preprocess_Reading208.dat,-1.6722775870906283,-2.3014410779584265,-1.6334286174367094,0.5982423339533741,0.5523858142747218,-1.0442870022916288e-06
Healthy,preprocess_Reading209.dat,-2.3162604993916553,-1.7970950265132821,0.29804372763784365,0.7934652456123674,0.3265173464869869,9.18686743447556e-07
Healthy,preprocess_Reading210.dat,-1.7595916614002487,-2.5784026991428326,-0.14575887371582538,0.6720487234985668,0.20660142875885243,-1.1791455429326539e-06
Healthy,preprocess_Reading211.dat,-2.522290039839966,-2.804971294756886,0.1069333111228661,0.6412218189363488,0.5316164250878188,-7.677686087714984e-07
Healthy,preprocess_Reading212.dat,-3.6154061948001996,-1.28557364506841,-0.766802627602061,1.3076024522458172,0.6108877655386067,-7.657388151705488e-07
Healthy,preprocess_Reading213.dat,-3.782907749861549,-2.4780361437074667,-0.1884533680274071,0.7847907032918683,1.1421402655049904,-1.6973864209350205e-06
Healthy,preprocess_Reading214.dat,-3.8047110085496785,-2.6808507936510435,-0.8274664848493385,0.9281451419326949,0.3157824315168857,-1.389239565602099e-06
Healthy,preprocess_Reading215.dat,-3.1159160920193307,-2.046016973846931,-0.4611100378178108,0.9355524555846336,0.08053783636400742,-9.171895076782806e-07
Healthy,preprocess_Reading216.dat,-2.92323674582941,-2.1212896762453237,-0.8409196685925514,0.6402841942717981,0.3352825020917712,1.1810836053709205e-06
Healthy,preprocess_Reading217.dat,-2.7837531225803507,-2.3531270666024584,-0.23612272027279524,0.3945681949012023,0.48020759116724787,-1.110127598893238e-06
Healthy,preprocess_Reading218.dat,-2.3545101699229067,-2.2628010079277083,0.43381853098818485,0.5070271777081419,0.6141797587419653,2.7588237609169583e-08
Healthy,preprocess_Reading219.dat,-1.2348846917986436,-1.564160840904168,-1.5114243526253743,0.1778434558822439,1.5101040019385774,-8.911410255237782e-07
Healthy,preprocess_Reading220.dat,-1.6896920612644595,-2.509135239768897,-0.055999335525876645,0.18166337311223538,0.8404221918160404,-1.0859599648284862e-06
Healthy,preprocess_Reading221.dat,-1.665968903213593,-2.504005454516364,-1.1325711344385316,-0.510882799971122,0.9975243626688243,-3.383988085305715e-07
Healthy,preprocess_Reading222.dat,-1.6233692335311598,-2.417713808255036,-0.6404933980577295,-0.15824875560884633,0.8546427441580672,1.6048403568488508e-07
Healthy,preprocess_Reading223.dat,-1.5460458056033122,-2.3676534602591426,0.2285513085203614,0.017871199943408946,1.085381950596401,-3.0081282116444755e-07
Healthy,preprocess_Reading224.dat,-1.0859434383762168,-2.1683115078439674,-0.2787282990070037,0.11471377251524946,0.9193647160487722,9.015199439372375e-08
Healthy,preprocess_Reading225.dat,-1.7797217757824013,-1.7958116068922563,-0.35637779382122997,-0.17198345217402375,0.9250783325270322,1.787140864133765e-06
Bearing,preprocess_Reading1.dat,0.6464732840460045,0.9870883554611555,-0.2227848499231106,-0.5975977659210875,0.5019633384022462,-1.7858808829512799e-06
Bearing,preprocess_Reading2.dat,1.2379516055451691,0.23317130396532348,0.042442508122521885,-0.22366847863181122,0.18011264238373878,-1.3657777224174305e-06
Bearing,preprocess_Reading3.dat,0.9730497898854228,-0.2034178174254555,-0.6219656451929145,-0.2244573292438462,-0.0694518943023939,-1.6108498169318487e-06
Bearing,preprocess_Reading4.dat,1.750947905938127,-0.8201893727429044,-0.24459904289518036,-0.49394250085407493,-0.46358148007513417,-1.2557459116286508e-06
Bearing,preprocess_Reading5.dat,1.4536240800247207,0.6326037739372966,-0.8810867303858504,-0.12797094130839573,0.4501274527559771,-1.1938774711502535e-06
Bearing,preprocess_Reading6.dat,1.834963655025315,1.183544641195506,-0.7549555016129132,-0.13486079711756938,1.1394274327899934,1.538003457606273e-08
Bearing,preprocess_Reading7.dat,1.9642823915120413,0.29087284511304934,-1.4066670727287771,-0.3092246835202237,0.24803397175469782,-1.0427917661078658e-06
Bearing,preprocess_Reading8.dat,1.995708909191194,0.8779060520057813,-1.9198205279207614,-0.13568902380601625,0.7022453939902246,-8.416945065118803e-07
Bearing,preprocess_Reading9.dat,2.124618239349325,0.4891111663854078,-0.6456701827104936,-0.09937227895546587,0.7899135872480018,-1.1453010673406278e-06
Bearing,preprocess_Reading10.dat,2.2626134042102146,0.41190175207090135,-1.773736034528945,-0.15709282488855092,0.40248979375291477,-8.429806080532104e-07
Bearing,preprocess_Reading11.dat,2.05680459309612,0.5316699110086892,-0.7522120292514886,0.15082551455888882,0.518350266106208,-1.2150022713904232e-06
Bearing,preprocess_Reading12.dat,1.5559788211535048,0.07507734751965814,-0.5493191780503823,-0.09548669347869237,0.19491986801216718,-1.4300673931635727e-06
Bearing,preprocess_Reading13.dat,2.038660654617506,0.01564423106999715,-1.8180148066760837,-0.3234928073302104,0.19323370846670704,-8.443176610812935e-07
Bearing,preprocess_Reading14.dat,2.3452552644276805,0.2631548405496634,-1.7330464634439249,-0.20480105022234937,0.548811470835824,-1.510182891300022e-06
Bearing,preprocess_Reading15.dat,0.884867976749688,-0.1341780783033285,-1.5105018198435098,-0.19372401973558903,0.17079795031948267,-1.273237089584723e-06
Bearing,preprocess_Reading16.dat,0.5572399348026394,-0.04734087403055799,0.049694972188726746,-0.20057125958061475,0.3857931153301712,-6.11006626246196e-07
Bearing,preprocess_Reading17.dat,1.8356270379934245,0.19811144525341573,-1.9345384910680323,-0.3682187650647945,0.40093756963242994,-6.632101223647853e-07
Bearing,preprocess_Reading18.dat,1.9621548094035681,-0.020378575464873344,-0.46415586654850394,-0.10867719455149055,0.2922337463545741,-5.134865661007399e-07
Bearing,preprocess_Reading19.dat,1.055295605403221,-0.43899379232322716,-0.49996971674521135,-0.282390716844243,0.3946797605696551,-1.2596124413879874e-06
Bearing,preprocess_Reading20.dat,2.0294190338207008,0.21318329372850855,-1.4190524356260314,-0.16744229774621347,0.497819901447718,1.1382799869971575e-06
Bearing,preprocess_Reading21.dat,1.6875490937374296,0.07862384411625432,-1.3535924625027207,-0.2814082508767436,0.5602628474928513,-1.3976730267426187e-06
Bearing,preprocess_Reading22.dat,1.4141463056324617,-0.7833133991925777,-1.3213259632675094,-0.49814622628741717,0.03547759358608277,-1.3668032109898924e-06
Bearing,preprocess_Reading23.dat,1.549948411038426,0.6484260613317316,-1.2677519018283454,-0.25509479673545454,0.8655951551027758,-2.313015109088608e-07
Bearing,preprocess_Reading24.dat,1.8035567850749363,-0.9211492085976769,-0.9329453613028473,-0.41086981813496654,-0.38514513300699743,-1.1908609430838105e-06
Bearing,preprocess_Reading25.dat,2.1493674740933657,-0.11421586544348108,-0.37770423566336564,-0.06906642515227407,0.34881882816667464,-7.35751041519821e-07
Bearing,preprocess_Reading26.dat,2.431205221897433,-0.19684260154988642,-0.9816803991929106,-0.08563102473691118,0.23539220990631468,-8.32425410747101e-07
Bearing,preprocess_Reading27.dat,2.162625536041648,0.36015463948752063,-2.247534690232152,-0.33841688002627707,0.7068906365692418,1.867498022461465e-06
Bearing,preprocess_Reading28.dat,2.0667030992002657,-0.26866781831154074,-1.5040065508465228,-0.12108862108442278,0.29958680529508486,-1.6931793826207878e-06
Bearing,preprocess_Reading29.dat,1.970920963271996,-0.45792775026214716,-1.0430801055752787,-0.1469011949240435,0.20787642991294675,-8.687907840036242e-07
Bearing,preprocess_Reading30.dat,2.647548103134502,0.4756518356236867,-1.4419534114406385,-0.06150915950738144,0.7183789778268498,-5.485984108594936e-07
Bearing,preprocess_Reading31.dat,2.2745145715414803,-0.3479632580613385,-1.6784055869622716,-0.07621260206439384,0.03604958402199029,-1.4456902362290779e-06
Bearing,preprocess_Reading32.dat,2.660936893171192,-1.098862836577767,-1.3042342577818935,-0.3960101246776734,-0.21994743597199853,-1.1795175071299992e-06
Bearing,preprocess_Reading33.dat,2.3177299719494293,-1.0583161705553557,0.320666048294544,0.054619244313664966,-0.20263441598639362,-1.2865510898124418e-06
Bearing,preprocess_Reading34.dat,2.1493929976320727,-0.997138067728813,0.366845405237402,-0.0760204010018167,-0.2352709769112086,-1.2743318116742921e-06
Bearing,preprocess_Reading35.dat,1.9876006152204153,-1.054410415505001,-0.20648685777798645,-0.14899421311858424,-0.01840668565243882,-7.527198098607309e-07
Bearing,preprocess_Reading36.dat,1.8772142965507645,-0.8687559060543575,-0.03134862552141186,-0.10207321739368021,-0.004382387552503819,-9.564969926346417e-07
Bearing,preprocess_Reading37.dat,3.001465809426527,-2.071986427280314,-0.5451220529807138,-0.5033072227438525,-0.6497307122685986,-1.8824622520930426e-06
Bearing,preprocess_Reading38.dat,2.892633071029665,-2.412740455701011,-0.18740378410486044,-0.5421748615815477,-1.1701493804600165,-1.9662378118091273e-06
Bearing,preprocess_Reading39.dat,2.452072157406194,-0.8987819653486615,-0.15895053595659614,-0.08355051599123203,-0.05194655697245005,-1.506677305994462e-06
Bearing,preprocess_Reading40.dat,1.9513888022653847,-0.9472941261622625,0.7554849202785179,0.1726512079642373,-0.014343582183714806,-3.747696076230062e-07
Bearing,preprocess_Reading41.dat,2.1720831053193788,-1.46632241443726,-0.3762233440634194,-0.26294829038070855,-0.38167963630271445,-1.086639903849521e-06
Bearing,preprocess_Reading42.dat,1.9065242781107417,-0.9484832820672858,-0.12668323115218694,0.012328699805017608,-0.02719607453419649,-1.047405858634507e-06
Bearing,preprocess_Reading43.dat,2.0596020774579826,-0.20778266338989837,-1.1099884337964816,-0.3932567234351035,0.34260488201678396,-3.812237330416916e-07
Bearing,preprocess_Reading44.dat,2.2668011339239063,-0.5271476175631133,-0.6613872301409225,-0.12078678633656698,0.28578852786945186,-1.0755147183540377e-06
Bearing,preprocess_Reading45.dat,2.0261355159101413,-0.9554292269294608,-0.356045006577112,-0.2989960932169277,0.11066135954261618,-2.0187060354156088e-07
Bearing,preprocess_Reading46.dat,1.3235459062491717,-1.3076185987940754,0.9596908354697962,-0.3669331572648226,-0.19888933129005634,-2.2015298282055498e-07
Bearing,preprocess_Reading47.dat,1.7893911049191134,0.07155040799999851,-0.7637693958383225,-0.2123741465696621,0.8086647470500542,-9.377773524397479e-07
Bearing,preprocess_Reading48.dat,1.0109905301997846,-1.2685276291661955,0.21791381962656842,-0.4321425269830824,-0.2974083060112494,4.0839710458975654e-07
Bearing,preprocess_Reading49.dat,1.185874723559818,-0.8354879777671039,-0.36181494256435315,-0.35464939882415475,-0.24801437979147253,-7.992360525984726e-07
Bearing,preprocess_Reading50.dat,1.3789415025818696,-0.5709046638415393,-0.33877287166380277,-0.011892928384006619,0.11535640656842992,-1.249644856200849e-06
Bearing,preprocess_Reading51.dat,1.035039170481642,-2.1111584247612356,0.14199367802311413,-0.4056058532960716,-0.9218761102486869,-7.892980999718724e-07
Bearing,preprocess_Reading52.dat,1.3355724046185722,-0.35685414418054817,-0.05465387728775534,-0.35964007275892346,0.16185377027614412,-1.066105338961735e-06
Bearing,preprocess_Reading53.dat,1.2439414744805695,-1.1607527442481063,-0.1144982122484545,-0.4746042017359744,-0.46982799480948106,3.5878358862231465e-08
Bearing,preprocess_Reading54.dat,1.5559077848337481,-0.06883846549901149,-0.7073858667233747,-0.267323181776873,0.3259183573940946,-3.1276566435383415e-07
Bearing,preprocess_Reading55.dat,1.1401866555559887,-1.1776128255744467,-1.0932435006681567,-0.871677050764036,-0.34904898685200964,-6.619972603595551e-07
Bearing,preprocess_Reading56.dat,0.9706643456410478,-1.2579641631168617,0.07904183341405716,-0.6274255392185629,-0.5082622172088334,-8.619115146930811e-07
Bearing,preprocess_Reading57.dat,1.6205972722277793,-0.1662624693560031,-0.5982374028973554,-0.25815727449171905,0.3506823641694468,-7.361076962834585e-07
Bearing,preprocess_Reading58.dat,1.020324495016427,-0.9635880074477624,-0.7266785775129697,-0.6313432020938393,-0.346236905290167,-1.0524086200279875e-06
Bearing,preprocess_Reading59.dat,1.2031807948979307,-0.7196857672936227,-0.21860217262763942,-0.48421311510547904,-0.1823554577202907,-1.3906747336356281e-06
Bearing,preprocess_Reading60.dat,1.7172586256090407,-0.6292751343419785,-0.7591555707181725,-0.4404466645962298,-0.05611887038994316,-1.2761543390223227e-06
Bearing,preprocess_Reading61.dat,0.4511938147863877,-0.006775077608541383,0.08181392849832451,-0.29754184204338313,-0.044779409413636825,-7.868649157749759e-07
Bearing,preprocess_Reading62.dat,1.7143339699765265,-0.4778034413882745,-0.4808217484889181,-0.40019662390259636,0.1275726199068483,-8.521418397418498e-07
Bearing,preprocess_Reading63.dat,1.1724070573928325,-0.6627602933031168,0.5547578748391289,-0.12942329407259556,-0.03342932216556676,-1.3699077486380965e-06
Bearing,preprocess_Reading64.dat,0.9379299642303921,-0.08553205106228025,0.11331102090039001,-0.02726196509159476,0.21340965946499435,-1.3822083313491666e-06
Bearing,preprocess_Reading65.dat,0.60738633145678,-0.5563362259418916,0.11464058917503457,-0.6602153798243978,-0.03989105234007803,-6.461474509509987e-07
Bearing,preprocess_Reading66.dat,0.7010887535565655,-0.8356144492152561,-0.7552473994919069,-0.7923424645776757,-0.32617833725004686,-7.75264612842969e-07
Bearing,preprocess_Reading67.dat,0.03275799259529048,0.3043404969740979,1.2879472861461996,-0.2356419387947451,0.5594142089333168,7.001470875280244e-07
Bearing,preprocess_Reading68.dat,0.43338292868742834,-0.6355453211212059,-0.6834894894148119,-0.5923631142190048,-0.41337509331659483,-1.0422523323825875e-06
Bearing,preprocess_Reading69.dat,0.6987679024050485,-0.7040960463895852,-0.5098462296155227,-0.5309173396014534,-0.2196248908021124,-9.805204357717487e-07
Bearing,preprocess_Reading70.dat,0.9709455999313116,-0.4971693109805632,0.7080280228475994,-0.18889028657593948,-0.1558983627582734,-7.815267348573758e-07
Bearing,preprocess_Reading71.dat,0.9600545157181285,-0.5071780132518512,0.32899726036148397,-0.4318211411618911,0.04845704353194092,-8.386381952427015e-07
Bearing,preprocess_Reading72.dat,0.8401785794711581,0.2716135062766561,0.016483367497430873,-0.4607945263709178,0.5283450775598183,-1.3152947342905602e-07
Bearing,preprocess_Reading73.dat,0.97831384315936,-1.06650566656304,-0.1830820535577808,-0.5974052342295069,-0.5405417080837829,-1.024788289937023e-06
Bearing,preprocess_Reading74.dat,1.0579415127786151,-1.3800191868953717,-0.3718749896805526,-0.9162763407521806,-0.6512050135807691,-1.4757124106851559e-06
Bearing,preprocess_Reading75.dat,0.2988954649909574,-1.3079270289932021,0.7046291093456686,-0.5159373240513724,-0.5938542181451755,-9.922054662422166e-07
Bearing,preprocess_Reading76.dat,0.6992345570162279,1.3692917985252742,-0.9319028732091532,-0.9198282222186008,0.4511809028253065,-9.71933536410549e-07
Bearing,preprocess_Reading77.dat,1.3893923136111785,0.25884821881337583,-0.03266388664629769,-0.5850435112769401,0.14122862878845846,-1.3842253873119066e-06
Bearing,preprocess_Reading78.dat,1.4156539068617617,0.5076969423538419,0.5442850351133777,-0.3804553574067565,0.43399011413068644,-7.43267036956908e-07
Bearing,preprocess_Reading79.dat,1.7134187811105388,0.9253694452092927,-2.11410659799344,-0.5808630786282812,0.3608761423695025,-4.6326825594681805e-07
Bearing,preprocess_Reading80.dat,1.166632932788754,-0.11596124474180673,-0.22863762512505412,-0.4739201112334071,-0.015944628937547185,-5.07799977938692e-07
Bearing,preprocess_Reading81.dat,1.5503738280090948,0.2861777410229485,0.03759534519233607,-0.39374700642320853,0.40636330432705686,-6.022948735851863e-07
Bearing,preprocess_Reading82.dat,1.0522494764120658,0.08952895854933889,0.6776492212118433,-0.11047035631548578,0.028438446572595363,-1.1392717539779557e-07
Bearing,preprocess_Reading83.dat,1.1973752732848344,0.3314722348072557,-0.8572865713162631,-0.5251034430741167,0.3706858261700698,-4.750698991429422e-07
Bearing,preprocess_Reading84.dat,1.2661209731082215,-0.2407156020978685,-0.318852226900821,-0.29841689477233746,-0.0034061509321017362,-7.383354503493853e-07
Bearing,preprocess_Reading85.dat,-0.45223722509132536,-0.5828246303024865,0.7257640433688143,-0.27588626306683833,-0.5731665929823214,-5.142605674529804e-07
Bearing,preprocess_Reading86.dat,1.1963332000871196,0.6228057372105325,-0.5231055359747502,-0.03299094288551855,0.5384322405679526,-9.417522322977449e-07
Bearing,preprocess_Reading87.dat,2.0551248475131696,-0.23803801238444686,-0.9088745299943596,0.007724902911349047,0.10010613804275664,-9.546395831708189e-07
Bearing,preprocess_Reading88.dat,1.5548824879458365,-0.012012597939630729,0.15804107676023132,-0.1360078080434752,0.2832745091133302,-5.467992571170486e-07
Bearing,preprocess_Reading89.dat,1.3803314176543378,0.6649128073251406,-1.059064035136637,-0.08005312421391508,0.6890234105269714,2.8162824908157205e-06
Bearing,preprocess_Reading90.dat,0.38816598869861996,-0.2803901895017481,1.9053484826546794,0.5591380235976573,0.2280573696482795,-6.54690906802088e-07
Bearing,preprocess_Reading91.dat,1.8149756936998154,-0.38033280580649526,-0.7722751090593262,-0.22013589349188187,0.14703174178799155,-3.549344364365253e-07
Bearing,preprocess_Reading92.dat,2.826422118772294,0.1809843127859492,-1.9193487120328216,-0.3046936802170533,0.4227006201602958,-1.5027142925809727e-06
Bearing,preprocess_Reading93.dat,0.646443957184065,0.22887188316399945,0.08339062584436734,0.007565293184606612,0.5150793784807866,-4.954624728035986e-07
Bearing,preprocess_Reading94.dat,0.9520324963544633,-0.3089273973676632,-1.6171954500198007,-0.3097329584417838,0.07357467301826262,-5.631911396168147e-07
Bearing,preprocess_Reading95.dat,1.413993052085808,-0.06343915374786889,-1.2230434985459153,-0.23931606691248292,0.2060990325075857,-5.184703038822943e-07
Bearing,preprocess_Reading96.dat,2.292237331717344,-0.5839947314571842,-2.3621922168674585,-0.4664696522445328,0.034949348600416145,-1.3755198170072379e-06
Bearing,preprocess_Reading97.dat,2.408124005913477,-0.5431638723377051,-1.2793667522374834,-0.3283125601673328,-0.08095522966094619,-9.595208883233998e-07
Bearing,preprocess_Reading98.dat,1.7486076844617269,-1.0365328866054542,-0.38164573317583134,-0.3270942162715496,-0.3876142447539838,-5.432065260150393e-07
Bearing,preprocess_Reading99.dat,1.2162551082112538,-0.5530226936988865,1.4265435372361792,0.05558256121217322,0.5828572777450347,-2.0124498377875912e-07
Bearing,preprocess_Reading100.dat,2.0482738139827195,-0.4582760242606113,-1.7667776077450434,-0.152293630327926,-0.0348265101258333,-6.601885066629425e-07
Bearing,preprocess_Reading101.dat,2.2368631258121825,-0.46680792369707613,-0.7852625927854101,-0.1267600385888649,0.1419609691741675,-9.22557343128003e-07
Bearing,preprocess_Reading102.dat,1.7035808416615277,-0.8758836779870823,0.034713659647662654,-0.1018815133154587,-0.2685357436726914,-1.0677383282585275e-06
Bearing,preprocess_Reading103.dat,1.6047883586439102,-0.8435897936263892,-0.09080380915100636,-0.3451033554639492,-0.08611841686736121,-8.6234128549104e-07
Bearing,preprocess_Reading104.dat,1.4335115748063612,-0.867974253710245,-0.6740355067680656,-0.43449064332305853,-0.13947547120291345,-2.462072141321605e-07
Bearing,preprocess_Reading105.dat,1.6984776945592297,-0.4404407500559735,-0.22066680338258035,-0.24454937912978014,0.1713275571488349,-1.270538628954389e-06
Bearing,preprocess_Reading106.dat,2.155739098978838,0.028712783445062416,-1.3626876804921415,-0.05029049458076103,0.31059325043268865,-1.1570647160861024e-06
Bearing,preprocess_Reading107.dat,1.9942075042632041,-0.1097027212291871,-0.5035740904915946,-0.10865885624039721,0.24622434296502319,-1.3818221971426027e-06
Bearing,preprocess_Reading108.dat,2.102991036915242,-0.827305948272426,-0.06962675256514596,-0.104593118881245,-0.2327677759498621,-1.1712963367610203e-06
Bearing,preprocess_Reading109.dat,1.6829362321128887,-0.9707526673843919,-0.12541348311440634,-0.0672393609097304,-0.5040680186773026,-1.4875819134823428e-06
Bearing,preprocess_Reading110.dat,1.9055051929757196,-0.24388276542047574,-0.3009495413607122,-0.07711333340132216,0.3025657585870474,-5.617908090070639e-07
Bearing,preprocess_Reading111.dat,1.9105990504247978,-1.0402072736223338,-0.6673510363334636,-0.2747868611261297,-0.4494369947896542,-8.334416586931815e-07
Bearing,preprocess_Reading112.dat,1.8735596693365975,-0.6480948555993858,-0.1907837866887123,-0.1537178832159575,0.13268635038858836,-5.139038043605907e-07
Bearing,preprocess_Reading113.dat,2.105722795988921,-1.4217908054119803,-0.8732318794990219,-0.4890183827296108,-0.5186727341981147,-5.516540664900895e-07
Bearing,preprocess_Reading114.dat,1.3916883258680064,-0.7802973583953529,-0.05792684635649438,-0.3694718186127237,-0.049968264344399604,-5.715157995268575e-07
Bearing,preprocess_Reading115.dat,1.4923838044089872,-1.0853210038023127,-0.49183474540328714,-0.45726290917223394,-0.1915853451656317,-3.8004276203881943e-07
Bearing,preprocess_Reading116.dat,1.0912692603178769,-1.0978370750878592,-0.12111579800723464,-0.2506587310161606,-0.3023890358788759,5.454474935729627e-07
Bearing,preprocess_Reading117.dat,1.5987446560106513,-0.6486978203062413,1.2171927364166253,0.010701486884916171,0.33132730640933167,-5.491377907524394e-07
Bearing,preprocess_Reading118.dat,1.6436427915399272,-1.2814161131020567,-0.44373878384189835,-0.33180997927585365,-0.42671054888236276,-4.0357436615801454e-07
Bearing,preprocess_Reading119.dat,1.5423147545485771,-0.6928176418879392,0.20287825967150197,-0.1047027310891851,-0.05577418142527839,4.337532849335175e-07
Bearing,preprocess_Reading120.dat,1.6404411690822582,-1.0664683490750104,0.5944975267938781,-0.11489059519283794,-0.12337210055288743,-7.710221572273511e-07
Bearing,preprocess_Reading121.dat,1.1776646380650688,-1.178423512503173,1.3677318007430779,0.2563345173908196,0.07958676613310181,-1.08854856836737e-06
Bearing,preprocess_Reading122.dat,1.8380433322722733,-1.4323546010886214,-0.29773705703458025,-0.14881625394827158,-0.5013876750841876,-8.797578137914209e-07
Bearing,preprocess_Reading123.dat,1.792245487149126,-1.1785763983838273,0.405883367824239,-0.2823345335122122,-0.12159195903839538,-9.687233571939287e-07
Bearing,preprocess_Reading124.dat,1.6722296415150966,-1.3514712882688493,1.5597322245611764,0.1593595381408365,-0.0962093009283667,-7.00918557576734e-07
Bearing,preprocess_Reading125.dat,2.262709243466078,-0.9074130813369414,0.090312822758436,0.041691391743304614,0.005147324579725579,3.62717716769868e-07
Bearing,preprocess_Reading126.dat,1.4233418099659711,-0.03647450118551438,0.17970053813167505,-0.24219690165829746,0.26131853073309497,-4.824631369758906e-07
Bearing,preprocess_Reading127.dat,1.9299828157178418,-0.23171533427357816,0.1032279272349375,-0.38968793036107857,0.5126032721688536,-9.962960489153503e-07
Bearing,preprocess_Reading128.dat,1.9322515403987475,-0.9349793842894185,0.5827000518102115,-0.23453413052312316,-0.19506135273192238,2.1083193675949161e-07
Bearing,preprocess_Reading129.dat,1.6581437498817608,-1.5272730875205565,-0.207384895045,-0.2958352592348775,-0.7702379013369742,-1.3375099069210554e-06
Bearing,preprocess_Reading130.dat,1.6772198985842741,-1.0839035107365702,0.0401601013207077,-0.19538673599111614,-0.1817326029977496,-9.252012213610075e-07
Bearing,preprocess_Reading131.dat,2.0409668211209597,-0.907623076734626,0.0577802101928665,-0.2299242890961008,-0.19677340910979144,-7.560959311356416e-07
Bearing,preprocess_Reading132.dat,1.5501587062852684,-0.6320512489746342,-0.12765983597816816,-0.5544853018559012,0.04250492586035128,9.387585318968204e-08
Bearing,preprocess_Reading133.dat,1.5587236390438906,-1.201208194681686,0.06559123100514819,-0.32315235240160584,-0.40526787805486314,-1.0765223735813085e-06
Bearing,preprocess_Reading134.dat,1.0355242222900718,-0.6941725162657185,1.1315640978537054,-0.06094151429799221,-0.08064351133928341,-1.176120436255004e-06
Bearing,preprocess_Reading135.dat,1.4678039815767094,-1.0340611296093132,0.3088984213126214,-0.23638850931579944,-0.47666853056832786,-1.2030141706589098e-06
Bearing,preprocess_Reading136.dat,0.6422064352756013,-0.13724844762212723,0.9693014745110534,-0.07264365263440631,0.28845197964094604,1.268492170358388e-06
Bearing,preprocess_Reading137.dat,1.930115732858401,-0.5107519441054645,1.6617743506913802,-0.00924485579664544,0.2839398658273557,-9.898849239832336e-07
Bearing,preprocess_Reading138.dat,2.2233415155064753,-1.7410226030976879,0.2961916490607704,-0.45831312149775283,-0.7260840331693704,-1.3121048084342833e-06
Bearing,preprocess_Reading139.dat,0.8737590738403561,0.2519347488097542,2.0044128750156687,-0.14759507606257113,0.4929269234706557,-5.032964654498334e-07
Bearing,preprocess_Reading140.dat,1.2546488163408345,0.026816257033462316,0.560287115886088,-0.3541269007614683,0.4648543563313409,-1.135876128249113e-06
Bearing,preprocess_Reading141.dat,0.9757203488504302,-0.8501432060806935,-0.024626648218872126,-0.7810537410819304,-0.46927166119930347,-8.434294175727353e-07
Bearing,preprocess_Reading142.dat,1.4015895601956077,-1.2757937464999025,0.9840425967984255,-0.2840960945801794,-0.18946801632088678,-1.3488630523320622e-06
Bearing,preprocess_Reading143.dat,1.1244584185998536,0.10657412675399182,1.7391518122504765,0.046077223844749146,0.6032777181023948,-5.080360243746939e-07
Bearing,preprocess_Reading144.dat,0.9669940762138964,0.08378707627673883,1.3128122728861082,-0.15009672838325497,0.5814720603860081,8.268473904306547e-07
Bearing,preprocess_Reading145.dat,0.7107475444277329,-1.267582622057347,-0.2992240558433143,-0.8513400702832108,-0.5360946283027579,-1.136575197828351e-06
Bearing,preprocess_Reading146.dat,1.0008278231166299,-0.8077902787656059,-0.13431409397214764,-0.7029169213331019,-0.1479872823735788,-1.5391667807539188e-06
Bearing,preprocess_Reading147.dat,0.7177642910450284,-1.3469632430112568,1.0086112780396808,-0.5778160556557269,-0.594816767499138,-4.870175611840259e-07
Bearing,preprocess_Reading148.dat,0.7206972119239544,-0.1148033526487583,1.1530635116585093,-0.3394540276680297,0.28396350404935256,-2.792461868647841e-07
Bearing,preprocess_Reading149.dat,0.7778305101132129,-0.46530408022023406,-0.26539101131934517,-0.6477435478399322,-0.040799298521811383,-1.3381230616614307e-06
Bearing,preprocess_Reading150.dat,-0.03409617579095329,-0.5760450725841849,0.01599681650956075,-0.36338290598318995,-0.2655452873217188,-5.929651281374905e-07
Bearing,preprocess_Reading151.dat,-0.019736734577898,0.5375176241433389,-0.18678134476897454,-0.8044400955592712,-0.13558247400715692,-1.138867406800091e-06
Bearing,preprocess_Reading152.dat,1.1033320804888145,0.6095101741582698,-1.399676730901404,-0.6970145462603871,0.21729631383125453,-1.0373193874985508e-06
Bearing,preprocess_Reading153.dat,0.9279359102352787,0.024487328266432122,-0.42816823198733606,-0.44512880950522354,0.05159523461613676,-1.3132539537279746e-06
Bearing,preprocess_Reading154.dat,-0.37890754825526474,0.9080509125399198,-2.0716344407772938,-0.755555956416741,0.3086680207727798,-5.92258818006854e-07
Bearing,preprocess_Reading155.dat,-0.4400859673044897,0.1501763275295944,-1.0885558186317483,-0.6785368963124365,-0.3763707915967038,-4.3854807749956424e-07
Bearing,preprocess_Reading156.dat,1.0581745414734236,-0.19440618412978836,0.9733184419848243,-0.10913853528810914,0.005638637241310768,-1.1898151316962907e-06
Bearing,preprocess_Reading157.dat,1.60667585186693,-0.04726642723347147,-1.6490820917207734,-0.5158112207476672,-0.0913354547421776,-8.776947479677723e-07
Bearing,preprocess_Reading158.dat,1.289859691883113,0.048573368573128224,-0.9445431607943188,-0.456435087225787,0.04916638376005911,-8.460325516831698e-07
Bearing,preprocess_Reading159.dat,1.480835541876684,0.14910173714955344,-0.7056508052637022,-0.09263290317818994,0.21648846155361526,-1.586368800920698e-06
Bearing,preprocess_Reading160.dat,1.4691146263853139,0.4788658882229677,-0.752315820569212,-0.228528313448977,0.6238504069043421,-1.166899976154414e-06
Bearing,preprocess_Reading161.dat,1.6009909000663012,0.25628004956683553,-0.20029327166767047,-0.26757996452956906,0.6345158603851025,-9.851392329205545e-07
Bearing,preprocess_Reading162.dat,1.740092137132708,0.41657606513500045,-0.7258426106513538,-0.16490802088179202,0.3553710022580233,-1.36644833708846e-06
Bearing,preprocess_Reading163.dat,1.4548991322937055,0.7141577497521137,-0.6140708938521967,0.06970557494514779,0.763124126208059,1.377072872412778e-07
Bearing,preprocess_Reading164.dat,0.214733410101487,0.2590158815073705,-0.8933170639524387,-0.03598855727159,0.1285902054609831,-1.947059217415026e-07
Bearing,preprocess_Reading165.dat,1.5060106854102173,0.26676837992978725,-1.7913161287114117,-0.3757309793773872,0.25463531628245556,-5.980020099978925e-07
Bearing,preprocess_Reading166.dat,0.9090582318513373,0.8129478190204599,-0.6087878193084609,-0.27385255969316724,0.6820273208472398,7.611481882673618e-07
Bearing,preprocess_Reading167.dat,0.6559999566990792,-0.581017997247581,-1.1954067866812148,-0.42355651380485165,-0.4202774712434026,-5.372916305423498e-07
Bearing,preprocess_Reading168.dat,1.0060574414622265,0.1900610451338512,-2.179043021600552,-0.36579504980915223,0.2579637770977789,8.218083199379213e-08
Bearing,preprocess_Reading169.dat,1.459682182781009,-0.16673231768890842,-0.57105348726684,-0.062065689594771635,0.2437573440227073,-8.936392154448036e-07
Bearing,preprocess_Reading170.dat,1.76068641216394,-0.06364592679583973,-1.6250646247202114,-0.24289235061256886,0.19009432872840407,-8.130127168110756e-08
Bearing,preprocess_Reading171.dat,2.5711650325159985,-0.06903846078305212,-2.4670192945574967,-0.632935293493199,0.2628467365529538,-6.487108384426966e-07
Bearing,preprocess_Reading172.dat,1.6887580469591845,0.11420815443833279,-0.9962477845021074,-0.171918073921063,0.6801760235224845,-7.770251741754889e-07
Bearing,preprocess_Reading173.dat,1.3067158778019519,0.19590461785889474,-1.9034257134738872,-0.26015611169168185,0.4936485300100005,7.181785517025019e-07
Bearing,preprocess_Reading174.dat,1.6265182567372571,-0.9257360604951473,-0.8088168680708947,-0.4094135151122485,-0.35129535583822175,-9.618892803063256e-07
Bearing,preprocess_Reading175.dat,1.4658988279526275,-0.615742996978003,-0.13648903223290515,-0.11468584759274739,-0.02710532688448032,-1.1636208285450895e-06
Bearing,preprocess_Reading176.dat,1.7726120320143897,-0.36875542677664286,-0.3931021701079238,-0.04143660255747547,0.04634457474904573,-1.2043369369729135e-06
Bearing,preprocess_Reading177.dat,1.791192317544897,-0.36206388853585675,0.24052645400247544,0.03272857374326178,0.13888178760142086,-1.827205564378773e-06
Bearing,preprocess_Reading178.dat,1.46130811895273,-0.3866401843210988,-0.2890612969771433,-0.1576649321086837,0.31323911094394996,-1.0955641986013376e-06
Bearing,preprocess_Reading179.dat,1.373660589198384,-1.2195397944641841,-0.11096679751624813,-0.29465407663448817,-0.400591569010829,-7.583929974916313e-07
Bearing,preprocess_Reading180.dat,1.3871143803924162,-0.2936607721487626,-1.2431860535413337,-0.2524577034542927,0.2740911055747415,-7.943025750027301e-07
Bearing,preprocess_Reading181.dat,1.5687332077971392,-0.4829881366220734,-0.5202934065422153,-0.35148672912281026,0.21417093223284533,8.224121118955016e-08
Bearing,preprocess_Reading182.dat,1.2539667450346619,-0.011330086067809416,-1.5984282271116066,-0.23097168778891308,0.30869860698710044,7.648926061073575e-08
Bearing,preprocess_Reading183.dat,1.5603289098913586,-0.6905577607818636,-1.5131978720152846,-0.24968765269197987,0.004901507632626243,-1.2666453398882188e-06
Bearing,preprocess_Reading184.dat,1.4787637092162838,-0.2587723187411333,-1.00476787453763,-0.24603279536999623,0.27509384228073425,-1.8789061441651135e-07
Bearing,preprocess_Reading185.dat,1.3800894205984353,-1.0058304170683219,-0.6207929662148176,-0.17804979910534427,-0.1726724037642984,-2.151372951216519e-07
Bearing,preprocess_Reading186.dat,1.6681710262041438,-0.4828916236769018,0.2540094568837662,0.11536460999488686,0.2699344297659899,6.465314075921328e-07
Bearing,preprocess_Reading187.dat,1.6677269552466316,-0.7636191569815853,0.12436526158808857,-0.02690684037143129,0.07019526945292455,9.887984567940393e-07
Bearing,preprocess_Reading188.dat,1.2488511793634365,-0.1157229151677359,0.31044523743916475,0.1044156488728467,0.4883543892087466,9.140784198314318e-07
Bearing,preprocess_Reading189.dat,1.4545836275275301,-0.49386222282138953,0.36232889556346326,0.09922460316456169,0.06696994498265582,2.6278200611421515e-06
Bearing,preprocess_Reading190.dat,0.4237629186142532,-0.4498781004527112,0.7839874278773037,-0.04000555969851101,0.20889532345497028,1.1088973501566875e-06
Bearing,preprocess_Reading191.dat,0.7586604509164874,-0.9231014014908362,0.3269689457451024,-0.11579872441939155,-0.06631673701741132,1.0587862273893623e-07
Bearing,preprocess_Reading192.dat,0.8206952006120355,-0.3426885357317633,-0.8962870432084326,-0.21439250112590072,0.46286459498125515,4.3053684986223925e-07
Bearing,preprocess_Reading193.dat,1.0246190344128858,-1.2099745057025615,-0.3539651406413722,-0.41071033645840244,-0.409378461661016,-8.010680990528859e-08
Bearing,preprocess_Reading194.dat,0.4107685541999173,0.05606426557614369,0.06520561957616841,-0.05055225420089631,0.5039822410098206,3.1105493127932475e-07
Bearing,preprocess_Reading195.dat,0.248847719206704,-0.7938385498323797,-0.48803781357121623,-0.42886020391192525,-0.14377141933514065,2.45431370631829e-07
Bearing,preprocess_Reading196.dat,0.388896552379693,-0.7627800825673944,0.21065316822932376,0.0004697246540536504,-0.2650976715621573,-3.835567630074508e-07
Bearing,preprocess_Reading197.dat,0.9345973983902515,-0.810332174107748,0.6789956990735221,0.04407282373608326,0.0020100765136830756,-8.916633834535839e-07
Bearing,preprocess_Reading198.dat,0.3496939912379476,-0.33227509246877973,-0.04051675612772925,-0.1358558814160881,-0.13129535194499356,-4.872467419960418e-07
Bearing,preprocess_Reading199.dat,0.6811500258581807,-1.1251307731348985,0.16672398385456777,-0.3941750927238161,-0.3549750060864311,-4.617803355664302e-07
Bearing,preprocess_Reading200.dat,0.7724738853882814,-0.9061047787297504,0.28096436004474407,-0.038082802704857414,0.05123923986988101,9.044428246823492e-07
Bearing,preprocess_Reading201.dat,0.8486017864666034,-0.8480750228063859,-0.1878272685041833,-0.3018991055957954,-0.07929532202099088,-2.1363571931850827e-07
Bearing,preprocess_Reading202.dat,0.8346399203926751,-0.6758583870618933,0.5598784511371104,-0.10732968660697853,0.08048683666454817,-4.099966405390449e-07
Bearing,preprocess_Reading203.dat,1.8254421850971108,-0.8869493691502367,-1.1833714805508238,-0.30149243741903553,-0.1793348366035408,-1.1948550559741674e-06
Bearing,preprocess_Reading204.dat,1.0271800608939143,-0.5959611361467854,-0.026927765783236884,-0.22124173341626677,-0.16536290996454675,-7.708204568479494e-07
Bearing,preprocess_Reading205.dat,0.7382554586458816,-0.6648422775233309,1.2470649639314264,-0.24540158412713584,0.3365655268406097,-7.839240042840175e-07
Bearing,preprocess_Reading206.dat,0.9407959107963335,-0.6514892569143925,0.09177807588146575,-0.26541579919083347,0.10962988685189765,-5.231385493805772e-07
Bearing,preprocess_Reading207.dat,1.1816996175147383,-0.5698656204961896,0.6107187454173912,-0.2020846885152479,0.011525178243552845,5.112855062810235e-07
Bearing,preprocess_Reading208.dat,1.5288845265496898,-0.15431100586521815,-0.722887513533154,-0.5927657825830017,0.14275191033618062,-2.331037480406375e-07
Bearing,preprocess_Reading209.dat,1.1782450409020773,-0.26875910514519424,-0.38207690480127937,-0.3175956878979714,0.06592724093658828,-7.604115152945169e-07
Bearing,preprocess_Reading210.dat,1.193480194318555,-0.8045189942685617,-0.4994604697410739,-0.3149976562961167,-0.3243262052394285,-1.1685517801528756e-06
Bearing,preprocess_Reading211.dat,0.8843456697513967,-0.49776833152401023,0.12169473462218267,-0.3719368907744837,-0.09568452357521014,-9.989232875529598e-07
Bearing,preprocess_Reading212.dat,0.19268929267224036,0.8397891139903487,-0.4559202121261058,-0.43967063929546935,0.6304545407593594,1.5601226041029816e-06
Bearing,preprocess_Reading213.dat,0.5674834604565869,-0.6886259302314152,-0.6336039914587518,-0.5672301447120115,-0.25398494465027216,-7.308768044927049e-07
Bearing,preprocess_Reading214.dat,1.248737914442705,-0.32869517372651635,-0.4617282308232518,-0.25175772606705554,0.26215839413219694,-8.930035234580747e-07
Bearing,preprocess_Reading215.dat,1.2166844819731797,-0.5262399879784693,-1.2110340342530903,-0.6785932933771759,-0.08534032381195196,-1.1281950699949696e-06
Bearing,preprocess_Reading216.dat,0.6870005047695509,-0.14053775777545932,0.7189310318171168,-0.011073323521214925,0.20034036466654445,-3.858471890890404e-07
Bearing,preprocess_Reading217.dat,0.6053001538756588,-1.0832477085270331,-0.2055905143855203,-0.6378891834466901,-0.5524211840638071,-8.955562328930964e-07
Bearing,preprocess_Reading218.dat,-0.04314971104845101,-0.702688711947035,0.8647585885639204,-0.2029162239062492,-0.3992723829850452,-8.160966583605906e-07
Bearing,preprocess_Reading219.dat,0.9115055668366274,-0.19637386749916916,-0.9290601775927131,-0.4644216702076951,0.00824656556591661,-1.1904394201181365e-06
Bearing,preprocess_Reading220.dat,0.1617797531600056,-0.6560642281821425,0.055386609123491685,-0.4752694276366097,-0.40357004971928695,-7.509723644696568e-07
Bearing,preprocess_Reading221.dat,0.32916353774636004,0.1828198406854035,0.9049276172944063,-0.12100986340506707,0.36165972217344355,-1.198617182042753e-06
Bearing,preprocess_Reading222.dat,0.014616663788300652,-0.9652883191285648,0.5292946541677801,-0.20460484813389954,-0.48135243067564265,-6.125802348747786e-07
Bearing,preprocess_Reading223.dat,0.35682731404517437,-0.8530635652003108,-0.3525690684873941,-1.1800785228722828,-0.5780256973518275,-6.511667911433846e-07
Bearing,preprocess_Reading224.dat,0.2560204419373417,-0.8451615630968042,-0.03666110108613783,-0.6933473033618531,-0.3808525465728804,-9.357123929041853e-07
Bearing,preprocess_Reading225.dat,0.10361538921161668,-1.005563837498299,0.5337569678489779,-0.922384645880358,-0.35448095906993565,-1.0037541251472355e-06
Flywheel,preprocess_Reading1.dat,-1.8631304058690694,0.27425562411693527,-0.15796954133381205,-0.7896390004550199,-0.777230390735839,-4.2994681519197763e-07
Flywheel,preprocess_Reading2.dat,-0.49603354078242823,-0.02314553042252856,0.6288578813405503,-0.8445663076725207,-0.564722412571902,-3.2201951595365556e-07
Flywheel,preprocess_Reading3.dat,0.05910595788614602,1.3201440549416803,-0.7694181755170408,-0.9081636150532683,0.36848356669251214,1.7296669506551138e-06
Flywheel,preprocess_Reading4.dat,0.5849738509999519,-0.6039263914491518,0.9523491891671415,-0.5583237281155701,-0.5810688928533394,-3.219461844254297e-07
Flywheel,preprocess_Reading5.dat,-0.18817811707201743,1.3941921041156575,-1.1171476787007282,-0.6884211546696049,0.4352099912195495,6.833339091776674e-07
Flywheel,preprocess_Reading6.dat,-0.451865939879653,0.7794798648286902,0.8823555833046817,-0.4117913967630444,0.2549339933888837,1.1522769715051545e-06
Flywheel,preprocess_Reading7.dat,-0.7676774992813009,-0.13677449893902668,0.19842923385774966,-0.48264697378479465,-0.5814157931135789,2.5915312960721067e-07
Flywheel,preprocess_Reading8.dat,-0.9479783699862269,0.22656052812493266,-0.8592772352148917,-0.4865614518390966,-0.5846080183872592,1.6131289475895275e-06
Flywheel,preprocess_Reading9.dat,-0.3187419451650945,-0.16164528606942125,-0.20934747146207403,-0.5002131731176701,-0.6074193612646791,6.053027286733412e-07
Flywheel,preprocess_Reading10.dat,-0.17303704738750733,0.3199220192711526,-0.732215107978147,-0.47377518197289337,-0.07317042476890771,1.4753636849584191e-06
Flywheel,preprocess_Reading11.dat,-0.06402977933774094,-0.802313927403717,0.1518173138339975,-0.6017634225983434,-0.9731020667613213,5.83867994924382e-07
Flywheel,preprocess_Reading12.dat,0.373779833131385,-0.3071711687737537,-0.8632216618282688,-0.614945303874004,-0.307396829012417,1.2067491654021948e-07
Flywheel,preprocess_Reading13.dat,0.24717612663728258,-0.29975861848724755,-0.08840895733370215,-0.33075107123691244,-0.4037811250153701,3.9533858009858143e-07
Flywheel,preprocess_Reading14.dat,-0.033331366969787335,-0.4055767953300475,0.031566433147066635,-0.36784815412490085,-0.38674813510118805,1.1405713517101845e-06
Flywheel,preprocess_Reading15.dat,-0.176237815244512,-0.6802989819068139,1.1394925590649287,-0.4269296113925294,-0.4993800063371953,1.486895572143974e-06
Flywheel,preprocess_Reading16.dat,0.10999343420750078,-0.33076030546276214,-0.32356874934703606,-0.47258525828025677,-0.29186428577525514,1.4820338910670926e-06
Flywheel,preprocess_Reading17.dat,0.4598906127224995,0.6486425724455864,0.379360706703161,-0.09172342256943483,0.5991698406158091,2.2242533309658775e-06
Flywheel,preprocess_Reading18.dat,0.2794440016415345,0.4737950126208265,-1.1014810723050406,-0.5439423309128583,0.3849883582525516,2.1712162124482897e-06
Flywheel,preprocess_Reading19.dat,0.6098430314225876,0.35940782142641226,-0.9968086915964455,-0.1640936206664078,0.0024239446503649064,7.242669965056776e-07
Flywheel,preprocess_Reading20.dat,-0.19192052606159427,-0.8290825264489291,0.9475508952215819,-0.29346539197774263,-0.4184403536062451,1.4554791792799582e-06
Flywheel,preprocess_Reading21.dat,-0.11238988439875407,0.0034854457389806894,0.9215975782478956,0.024009907197724004,0.16754479611187115,1.3759026968550733e-06
Flywheel,preprocess_Reading22.dat,0.5276014915833669,0.183963880068966,-1.0055956748173829,-0.4771831690863856,0.2530433993956808,2.7842405658613648e-06
Flywheel,preprocess_Reading23.dat,0.8623472972868009,-0.8697786492216688,-0.8707680165654982,-0.38853382008074155,-0.5971827934020737,9.240559776401498e-07
Flywheel,preprocess_Reading24.dat,-0.2692621250706692,-0.7408071928590235,-0.4327459696897369,-0.43517122649123074,-0.5405459208278821,1.319009441977181e-06
Flywheel,preprocess_Reading25.dat,-0.1353140998258096,-0.7111832377058872,0.32314191813583926,-0.44320856497709515,0.09553491560086035,1.2711906171746054e-06
Flywheel,preprocess_Reading26.dat,0.252160136330175,0.28881938110829997,0.865565443590086,0.0064717971550252665,0.6898525319550227,9.732457748124616e-07
Flywheel,preprocess_Reading27.dat,0.49070436419314617,-1.0360951410245096,0.2641390065255192,-0.3647137828881917,-0.2590561180809664,8.96078159779598e-07
Flywheel,preprocess_Reading28.dat,-0.0935551409824154,-0.5689818777308009,0.6432160017736168,-0.25956485723088635,-0.08587785130376936,2.418569536300201e-06
Flywheel,preprocess_Reading29.dat,0.5757455792176173,-0.6508627232899968,0.5535630059070952,-0.42914910066119033,0.011453877738166031,7.295383896887853e-07
Flywheel,preprocess_Reading30.dat,0.5342383683189655,-1.257774747427348,0.060458301805685795,-0.253416216117203,-0.7114088438937812,8.316274061959989e-07
Flywheel,preprocess_Reading31.dat,1.0428057788832952,-0.17505860735021542,-0.009770311326659254,-0.12257911394259205,0.13478986736420456,5.836698588711374e-08
Flywheel,preprocess_Reading32.dat,1.2089001614212203,-0.1480739563084974,-0.1152372132203078,-0.41227482860832215,0.06789185294528521,-5.248022384756097e-08
Flywheel,preprocess_Reading33.dat,0.3256780107202378,-0.004372808675806142,0.07873261005774687,-0.0901510909763219,0.37231447376891563,1.7550880931926662e-06
Flywheel,preprocess_Reading34.dat,0.40886534494468135,-0.7534230671496254,0.6431875692921581,-0.5197485777634084,-0.21616572917476104,1.258026705333179e-06
Flywheel,preprocess_Reading35.dat,0.567747735151221,0.02337285914189493,0.8184378186604994,-0.29960388075232014,0.5469618628850612,1.2166339788554717e-06
Flywheel,preprocess_Reading36.dat,0.9706656327297394,-0.716699227829206,-0.2809236000873833,-0.43610782068464254,-0.10984491202040167,2.2382352534146234e-06
Flywheel,preprocess_Reading37.dat,-0.6501894757349114,-0.7509496791502498,1.597862680487161,-0.3204364794856182,-0.2540019358715522,3.882288637010458e-06
Flywheel,preprocess_Reading38.dat,1.2261364408311162,0.5486759258701721,-1.3610195070914473,-0.282819185090189,0.8109553104509455,5.179710702785656e-06
Flywheel,preprocess_Reading39.dat,-0.3937879321349176,-1.06237824929876,1.1225589434726062,-0.38959482480108115,-0.4728664219548726,2.071626619474753e-06
Flywheel,preprocess_Reading40.dat,0.8868279243129952,-0.20235489532951323,0.2171000456333569,-0.13349251021519346,0.16524771756774595,3.6731762539420666e-06
Flywheel,preprocess_Reading41.dat,0.601387327093432,-1.8788231837827238,0.7630923589664258,-0.630840820536522,-0.9307708980097245,1.2651225852878617e-06
Flywheel,preprocess_Reading42.dat,0.48074395762013067,-1.2331403265345011,0.4505343741854277,-0.6916641220729871,-0.6667435390815735,9.451645766856273e-07
Flywheel,preprocess_Reading43.dat,1.3985111209348573,0.09083239388869935,-0.08811654099354321,-0.5678095168673284,0.5063945236417727,1.938963266599129e-06
Flywheel,preprocess_Reading44.dat,1.5448333542130372,-0.8443405819805445,-0.018899463034243093,-0.6073805946843923,0.028885495762417245,2.2556243102611093e-06
Flywheel,preprocess_Reading45.dat,1.0782375942467628,-1.4111517208587587,1.2891654339786935,-0.2811361522921427,-0.41603745826384914,1.5134448832320877e-06
Flywheel,preprocess_Reading46.dat,1.0702433036963204,-0.7379793432431666,-0.4152720792432742,-0.5672855245691921,-0.16886773017048223,1.936444933552622e-06
Flywheel,preprocess_Reading47.dat,1.6431937524727198,0.0777559380644004,-0.8278319614100994,-0.34213710582233187,0.47654616393505395,2.113442054233735e-06
Flywheel,preprocess_Reading48.dat,1.0595593530698073,-0.3826632393147795,1.1977785292165952,0.2880696049490144,0.29019982714745235,1.6408274735535446e-06
Flywheel,preprocess_Reading49.dat,1.976790997691942,-0.5325378952309555,-0.9927169977609296,-0.2149194568574738,0.0913303592614794,2.4598233514927215e-08
Flywheel,preprocess_Reading50.dat,0.9891964661901778,-0.7229903794125828,0.08197146244933592,-0.04386442000672268,-0.17712926021594072,1.5200426995659773e-06
Flywheel,preprocess_Reading51.dat,1.1825363047055106,-1.2943309207541316,3.6060721773321474,0.536565867244761,0.10068304771470563,5.215145897402817e-07
Flywheel,preprocess_Reading52.dat,1.6894283446709033,-0.8112958963041147,1.8444259756282557,0.2045597682383571,0.23696261712842842,1.0782518730758078e-07
Flywheel,preprocess_Reading53.dat,1.3881359248964071,-0.7048153206600634,2.714837532619689,0.4688515361120301,0.25716066325345516,-2.5504482499551154e-07
Flywheel,preprocess_Reading54.dat,1.5719048456400968,-0.8067726695719493,1.7067456072068585,-0.113154812967771,0.1341103543353859,4.537793275733906e-07
Flywheel,preprocess_Reading55.dat,2.050842075748582,-1.2671763161169873,0.6138828460842514,-0.25181998001987965,-0.21200909161638215,-6.638837587490636e-07
Flywheel,preprocess_Reading56.dat,1.338120355733753,-1.1908945321880733,2.195160357841567,-0.2441583134045506,-0.11667385503169601,-3.864033537410492e-07
Flywheel,preprocess_Reading57.dat,1.400342435178665,-0.8544626687000543,0.33929706735651843,0.023988059922126874,-0.5205721104779967,-6.915198022005539e-07
Flywheel,preprocess_Reading58.dat,0.9249208106074751,-0.5629577538988053,3.3961323674830592,0.3099317193076414,0.2699522747695842,1.0475094941564325e-07
Flywheel,preprocess_Reading59.dat,1.3488757861631286,-1.0806320188406806,1.282569851006594,-0.16586872442790576,-0.07507495652243988,-9.549589463249713e-07
Flywheel,preprocess_Reading60.dat,1.6349125563659463,-1.2686359883995662,-0.026546265278714384,-0.32685544500914615,-0.51786358044475,-6.642176862742206e-07
Flywheel,preprocess_Reading61.dat,0.9624901112974491,-1.1762672211362524,0.8831061118664081,-0.22607779468407269,-0.33537364172180845,-9.301672531080999e-07
Flywheel,preprocess_Reading62.dat,1.4501145613961275,-0.42521416766536374,0.954171467372951,-0.019705697554193394,0.3363071718251024,7.217532949833002e-07
Flywheel,preprocess_Reading63.dat,0.5011227884474578,-0.4669219941357814,1.2718846383201563,-0.18108420929067714,0.053624818004280275,3.9712993463970997e-07
Flywheel,preprocess_Reading64.dat,0.8607301707824154,-1.2099198701768146,1.8690906892583619,0.09636189301960665,-0.07554371971849033,-1.0128139866071212e-06
Flywheel,preprocess_Reading65.dat,0.2684157920924831,-0.8577935847077778,2.392724745003794,0.012858166274745201,0.03568496037374947,-6.560988227279139e-07
Flywheel,preprocess_Reading66.dat,-0.3085819594574819,0.14160181625589177,1.413870654165426,-0.12155300476053316,0.28240474984866304,-3.9052565797677834e-07
Flywheel,preprocess_Reading67.dat,-0.29186647774310853,-0.5536310456949757,0.9825787223366262,-0.4074534254244376,0.23069371306295322,4.099719514346984e-07
Flywheel,preprocess_Reading68.dat,-0.5672820150631128,0.3158489510416176,0.01906660913780428,-0.8724456065268424,0.6388694416777353,-5.478499733911895e-08
Flywheel,preprocess_Reading69.dat,0.8582984712549099,-0.12020845992797899,0.2136447555351445,-0.5703205537896529,0.7787772530878999,-9.61521071466362e-07
Flywheel,preprocess_Reading70.dat,-0.1935216512194243,0.2307690352696894,1.29507422643484,-0.7441375426815704,0.8709541818276101,-5.019059833433312e-07
Flywheel,preprocess_Reading71.dat,-0.7936332742924976,-0.439592186482872,0.7400078999065136,-1.1447997810752961,0.3363969697303891,-7.971833885641727e-07
Flywheel,preprocess_Reading72.dat,-0.8778144807378294,-1.3022614961277381,0.43795551435171315,-1.3113925648067848,-0.3856231431588006,-3.409933820233805e-07
Flywheel,preprocess_Reading73.dat,0.47474823761511337,-0.3562266624864694,0.33407758246804126,-0.5567436063392438,0.6731338498602482,2.3446784563942543e-09
Flywheel,preprocess_Reading74.dat,-0.28528746404634586,-0.5550408235965567,-0.10296339763777412,-1.2290922881499506,0.13547454268491194,-1.1995495898223108e-07
Flywheel,preprocess_Reading75.dat,-0.0915476368011852,-0.25908133754681373,-0.07577342842100189,-1.2764257088688227,0.6112946860208376,-8.02561522167703e-08
Flywheel,preprocess_Reading76.dat,-2.290691793545115,0.8110201791478177,-0.48089049439431386,-0.9672848021532169,-0.5078672553979273,1.2301401123169462e-07
Flywheel,preprocess_Reading77.dat,-0.8405940118603552,-0.04858935695029012,-0.24777576769010531,-0.8246998799364038,-0.3921385824786095,2.9899094344131887e-07
Flywheel,preprocess_Reading78.dat,0.27196682781654424,-0.15035546686116283,-0.8710167292977703,-0.8646346255961337,-0.5644364841774381,-8.271041274606133e-07
Flywheel,preprocess_Reading79.dat,-0.5519017879037026,0.3963054771709748,-0.019102173913740226,-0.7415338422294349,-0.2590228750551779,5.114790961712191e-07
Flywheel,preprocess_Reading80.dat,-0.6022701136547197,-0.04193411733090861,0.923405163639393,-0.643205189391613,-0.3584648223992252,3.5042856837854807e-07
Flywheel,preprocess_Reading81.dat,0.12990056611528703,0.5324717242782665,0.5196156257222005,-0.3643664715821457,0.22426825413619783,3.365930719991086e-07
Flywheel,preprocess_Reading82.dat,-0.19146929871079554,-0.7134033025112477,0.7348225253498337,-0.6355374449287087,-0.8278277511382826,6.397499801100265e-07
Flywheel,preprocess_Reading83.dat,0.1255292753561516,-0.7192836485023658,0.8642974680351901,-0.47761232711065055,-0.5873672099711644,8.573997231266054e-07
Flywheel,preprocess_Reading84.dat,0.566967389984857,-0.49453822343108395,-0.13170619046971754,-0.5716678925192418,-0.3202685970683568,1.4351629147135448e-06
Flywheel,preprocess_Reading85.dat,-0.27319640227373065,-0.29191202878128836,-1.2918091540041055,-0.6358047314748084,-0.6133371439152939,2.7925272750651244e-06
Flywheel,preprocess_Reading86.dat,0.38304360063113463,-0.34104629182355595,-0.4950458856230905,-0.5408395682233361,-0.12269556215386825,3.949838296802331e-07
Flywheel,preprocess_Reading87.dat,0.22184305332312385,0.8552461413900921,0.24856431380204794,-0.267271080762579,0.6780200039101264,1.8540640067017033e-06
Flywheel,preprocess_Reading88.dat,-0.8711554560908599,-0.1471970300869171,0.26572386297804845,0.24578856281583714,-0.46270039777371896,1.7483116298860056e-06
Flywheel,preprocess_Reading89.dat,-0.00944517129266175,0.0012649507571492267,0.9882707803843174,0.15720265652134363,0.09663170138221787,5.960699078741633e-07
Flywheel,preprocess_Reading90.dat,-0.06309787194932172,0.3432898735195138,0.3292856279769771,0.04697925102585146,0.34665852501268957,1.642018096241187e-06
Flywheel,preprocess_Reading91.dat,0.4749624472133141,-0.2911039344211595,1.0587546308334645,0.03794190015018234,-0.08801097442501271,5.295364763175391e-07
Flywheel,preprocess_Reading92.dat,0.8640711715079545,-0.7178570087756975,0.8218791619297465,-0.009814732845367045,-0.15296108583572565,1.6596151626802868e-06
Flywheel,preprocess_Reading93.dat,1.339417253043463,-0.12389149560902857,-0.7992401319750321,-0.2852949531183705,-0.0037297984778752037,1.7149302374030108e-06
Flywheel,preprocess_Reading94.dat,1.071001483383205,-1.045912226998344,0.4321809121785231,-0.14944107875394566,-0.4204822174827379,2.055273572269858e-06
Flywheel,preprocess_Reading95.dat,-0.5183268015178839,-0.4534826429315886,-1.4084823113552878,-0.03394836795248369,-0.45443416264773556,2.9428942858447783e-06
Flywheel,preprocess_Reading96.dat,-0.11231544258811835,-0.7724990631240463,0.7856000739878336,0.09146032197949842,-0.3675632583921105,7.304655661572466e-07
Flywheel,preprocess_Reading97.dat,1.494323472922715,1.407192649495854,0.0009198702361040556,0.12078311923896778,1.5140345752547288,3.328034350608191e-06
Flywheel,preprocess_Reading98.dat,0.42421654114350815,-1.1030141649408765,1.110843862013004,-0.2396759028308066,-0.3625299227012331,2.0227025669206743e-06
Flywheel,preprocess_Reading99.dat,0.1631591570442918,-1.3884263651638464,0.33205208174222983,-0.13609855365867168,-0.4171617274517356,1.2180795395951783e-06
Flywheel,preprocess_Reading100.dat,0.8497183238046693,-0.6660757006120213,0.3674526195688672,0.05696082215011932,0.05381551484414449,1.4307570531384843e-06
Flywheel,preprocess_Reading101.dat,0.49497346432843325,-1.2611496256804777,-0.4531906091814378,-0.14501506231432737,-0.5436258414649359,1.3962308068997824e-06
Flywheel,preprocess_Reading102.dat,0.6466769289264296,-0.08823713476653695,-0.20953368333699585,0.10487666833998094,0.4066532545091153,3.010310795590857e-06
Flywheel,preprocess_Reading103.dat,1.01691285434224,-1.1454100229840698,0.7918102756269593,0.059825797190748285,-0.2971071277187252,6.157207399654279e-07
Flywheel,preprocess_Reading104.dat,0.1954550101276522,-1.0597099011006454,1.4507228900631246,0.13702091482835427,-0.2337683810045513,2.104005905803715e-06
Flywheel,preprocess_Reading105.dat,0.07484103587982298,-0.6088114051269644,0.6375593928354305,-0.27071178342327246,0.08581531766923316,3.1761262418553243e-06
Flywheel,preprocess_Reading106.dat,0.7251843727264177,-0.5094557027062006,-0.23744913659645975,-0.07356011264213633,-0.17091529330849875,2.6599347744139533e-06
Flywheel,preprocess_Reading107.dat,0.7044914052286387,-1.1598459548108981,1.5806525678032846,0.03755907574046278,-0.1721358077900987,1.1612446343436816e-06
Flywheel,preprocess_Reading108.dat,-0.09590691770486792,-1.1034495409164986,0.9186325402222034,0.46620169302549613,-0.6720302327109111,3.1165641528579448e-06
Flywheel,preprocess_Reading109.dat,0.6897014599793654,0.6633006157913556,-0.021069976357726002,0.16112801405704952,1.0078519151807797,1.978887518976319e-06
Flywheel,preprocess_Reading110.dat,1.591393943052935,-1.1882363270714864,0.18158638698818405,-0.30619266717813665,-0.14593777384101997,1.0147232920361662e-06
Flywheel,preprocess_Reading111.dat,0.9696870564359127,-1.119349355992085,0.057044722927273625,-0.3425342682932061,-0.47707746695485886,1.7962737378041534e-06
Flywheel,preprocess_Reading112.dat,1.394580571688849,-0.9677011603673236,-0.19187641032256825,-0.2830882741832227,-0.5103994155238999,1.4901193710591462e-06
Flywheel,preprocess_Reading113.dat,0.7278359213397142,-0.2019073166799257,1.275509881091946,-0.04878079717200684,0.3776489130394888,2.060090893865856e-06
Flywheel,preprocess_Reading114.dat,0.38142848163528276,-1.1310910490400936,1.5841827808805198,-0.07583240512328082,-0.31784531961723866,1.1084068152270407e-06
Flywheel,preprocess_Reading115.dat,0.12726974548232073,0.3709717120462497,1.0469517211323183,0.1768454949938965,0.5465482464817957,1.517497064769942e-06
Flywheel,preprocess_Reading116.dat,1.3875273412745586,-0.8030530341538437,0.037371406157377024,-0.3821821966022206,-0.13918671327529844,9.853158461413749e-07
Flywheel,preprocess_Reading117.dat,0.8001149225958128,-1.2305858478064717,1.3468032834485129,0.1548147016145678,-0.39581259669331603,2.949818571062845e-06
Flywheel,preprocess_Reading118.dat,1.1966454643638298,-0.6079815005906013,0.4924521867687937,-0.1886935072709628,0.1397675511363951,9.163694610928366e-07
Flywheel,preprocess_Reading119.dat,0.34107347884098044,-1.0449902074629145,1.419527595938979,-0.107143374073476,-0.19346711058814267,2.8019601550660923e-06
Flywheel,preprocess_Reading120.dat,1.0769531206948078,-0.6972254810094016,0.2609626808814426,-0.2877217760127561,-0.19044566355334777,1.4628668112280835e-06
Flywheel,preprocess_Reading121.dat,0.2349878804335643,-1.083891977695504,2.352840750823051,0.22862947878992543,-0.16474165607036165,1.9340070101962345e-06
Flywheel,preprocess_Reading122.dat,0.3311363916451641,-1.0596841427394046,1.4746547605912892,0.1816008549560769,-0.32150071798988494,1.411268307424037e-06
Flywheel,preprocess_Reading123.dat,1.466461192484026,-0.5165123213295533,0.609380879681534,-0.02351790468063311,0.08303027796442781,1.0014525727964244e-06
Flywheel,preprocess_Reading124.dat,1.163401991202855,-0.8396960043324276,1.3027984688165197,0.31877914355601966,-0.16989431819247916,2.778309482181518e-07
Flywheel,preprocess_Reading125.dat,1.0445128959076804,0.21397901615432327,1.6873553594923776,0.7191391630375006,0.6429073318891462,1.1011958657716882e-06
Flywheel,preprocess_Reading126.dat,0.8932293037427325,-0.3948882149980592,1.2599647019450106,0.2434064547694129,0.180007601994459,-1.9994485995631134e-07
Flywheel,preprocess_Reading127.dat,0.9788283855614004,-0.6932407191584387,1.0592809371625067,0.23515236590275154,-0.24734773969194596,-6.281766324773797e-07
Flywheel,preprocess_Reading128.dat,0.563628582245231,-0.6074644754383264,0.861526982234425,0.13057063173940164,-0.26746772937024893,4.945642354353041e-07
Flywheel,preprocess_Reading129.dat,1.2907721675351407,-1.3865662558618523,1.0460524700267833,-0.06388286396182483,-0.4486284834983049,-3.295032329016205e-07
Flywheel,preprocess_Reading130.dat,1.1962746550376844,-0.4340713027225257,-0.6191598780933537,-0.1703946067048265,0.10098283496114907,9.519556121976893e-07
Flywheel,preprocess_Reading131.dat,1.2212032263669288,0.40231414005045196,-0.3122697624794248,-0.027612323253807115,0.6898880534896007,3.1509624114874714e-06
Flywheel,preprocess_Reading132.dat,1.0269012877759922,-1.5233795061238107,1.4621688638053438,0.2101074563541629,-0.7333707171521219,-2.0786880614634742e-07
Flywheel,preprocess_Reading133.dat,0.879039400307422,0.49115381992489476,-0.007496641132530833,0.02217412329513572,0.8117097988792474,3.353401511240116e-06
Flywheel,preprocess_Reading134.dat,0.3018444872221755,-1.1540849684532177,1.3873547746951929,-0.35671105418380034,-0.5135642094227372,7.858370988098467e-07
Flywheel,preprocess_Reading135.dat,1.0795130270053985,-1.7639522923896078,0.3603768738308598,-0.4562856465419906,-0.687752168975814,-2.908480215215167e-07
Flywheel,preprocess_Reading136.dat,0.6878038877211424,-0.8921974901622097,1.8584095965155363,0.23059755688803749,0.022637603060169105,-4.652464822411059e-07
Flywheel,preprocess_Reading137.dat,0.8514061643913199,0.012177609583906606,0.28813550664971566,-0.03725679367680345,0.34026606997476144,2.0803974010879578e-07
Flywheel,preprocess_Reading138.dat,1.1317261499574847,-0.29019837058693326,-1.050953437924345,-0.20951190986659915,0.024236900939722996,1.9358422089808238e-07
Flywheel,preprocess_Reading139.dat,1.37071993788458,-0.9469584692023755,-0.023965499982317492,-0.3028605833299084,-0.061390888275880275,4.0254708531839606e-07
Flywheel,preprocess_Reading140.dat,0.6426875330273463,-1.2742260716351237,1.6732860490363068,-0.13641397539946926,-0.4863802128997645,-5.568508796912277e-07
Flywheel,preprocess_Reading141.dat,0.43867067444311725,-0.8075352839395131,1.557717617942505,0.15696308530291772,-0.02487790831743004,8.963927501401116e-08
Flywheel,preprocess_Reading142.dat,-0.19489471384094761,-0.5962199522831535,0.2920577738027468,0.0035117861657602526,-0.19739383965598853,4.0102901502991605e-07
Flywheel,preprocess_Reading143.dat,0.43895973068482486,-0.37369155561438805,0.36004520736644857,-0.0161322812973078,0.051599735729416334,-1.767862425322602e-07
Flywheel,preprocess_Reading144.dat,-0.3308462551727921,-0.6262563648882566,3.548908290264218,0.36410004336165286,0.14975602361201643,-4.804661836606691e-08
Flywheel,preprocess_Reading145.dat,0.13196814013097,-0.5825710301561541,1.586316989661833,-0.13667990374623926,0.32447820705937336,-7.573692351844998e-07
Flywheel,preprocess_Reading146.dat,1.0189947543316322,-0.8237276931898964,-0.852890980053954,-0.6479950357804891,0.10673308700356757,-2.506317824949112e-07
Flywheel,preprocess_Reading147.dat,-0.36999977351316565,0.10864727044541234,1.107984271036863,-0.35404267691323854,0.6211343880858524,4.322792823217232e-06
Flywheel,preprocess_Reading148.dat,-0.08012703827120447,-1.1622744709284092,1.1968428167483842,-0.6324362179267794,-0.452545260438432,-1.6075334678339102e-07
Flywheel,preprocess_Reading149.dat,0.020651480495708075,-0.68930344516122,2.0121086943683837,-0.27226780042721666,0.22393868369203385,-3.43836280204069e-07
Flywheel,preprocess_Reading150.dat,1.0353046194508884,-0.9526173060985108,-0.031888151811856044,-0.8661617591121236,0.049287861479793645,-7.962536675499232e-07
Flywheel,preprocess_Reading151.dat,-1.7715005951671063,-0.582437208614958,1.0366996065224188,-1.080642662735601,-1.1825291210241702,-4.997325007447915e-07
Flywheel,preprocess_Reading152.dat,-1.3200479408834986,-0.05198005034729655,-0.04870914678928173,-1.0293729718587976,-0.7460437191103115,2.6555790164269637e-07
Flywheel,preprocess_Reading153.dat,0.09762814812516497,-0.17782359970731418,-0.8036899454939842,-0.8661573044528836,-0.6516800686266825,-6.25773296762854e-07
Flywheel,preprocess_Reading154.dat,-0.2965245035127641,-0.3548350793809395,-0.3692201676279494,-0.6781638019456019,-0.8094501744329005,-2.1468056304165697e-07
Flywheel,preprocess_Reading155.dat,-0.6310543855651689,-0.45369768224992224,1.0108548098996128,-0.4782843026485261,-0.5373879457969432,-2.1445563124832217e-07
Flywheel,preprocess_Reading156.dat,0.3983351791352787,-0.7449746169961607,-0.8196072907263251,-1.0343227710919587,-0.5774464256795014,1.48154993674443e-07
Flywheel,preprocess_Reading157.dat,0.49441133516261226,0.36154674724186453,1.6827118493341968,-0.16531257589278436,0.4277237651114446,1.310977754658829e-07
Flywheel,preprocess_Reading158.dat,-0.43369954805491384,-0.31512945312914614,1.0439806313810562,-0.6373915741998392,-0.28936614583076176,1.5153956343095407e-06
Flywheel,preprocess_Reading159.dat,-0.31646843275093445,-0.47834950976674045,0.6103768637293489,-0.37086402445758354,-0.038635121510730244,8.750281250950495e-07
Flywheel,preprocess_Reading160.dat,0.2557812319257234,-0.5898431121498107,-0.09572684929733945,-0.5323306641055626,-0.3492138529288713,1.1817372995884208e-06
Flywheel,preprocess_Reading161.dat,0.06927212823129572,-0.03796422127353722,0.33207293601125776,-0.09471668751280322,-0.13797478293318885,5.949370809472243e-07
Flywheel,preprocess_Reading162.dat,0.08242377034651127,-0.5077065055957709,0.569239513889279,-0.009606287076804039,-0.42319386243558726,2.064767213973787e-06
Flywheel,preprocess_Reading163.dat,0.7925180356824123,0.05818645540057968,0.39832366051993295,-0.09393448705360519,0.1400043030385975,9.399995998492879e-07
Flywheel,preprocess_Reading164.dat,0.6899161610924942,-1.127690997622121,-0.21926182950377654,-0.35520273565924443,-0.680177669419362,5.446932192596115e-07
Flywheel,preprocess_Reading165.dat,-0.3124500593846572,-1.0976380890694795,0.9430433155267608,-0.34078908851610673,-0.5944009741865895,1.8628415691289283e-06
Flywheel,preprocess_Reading166.dat,0.7063577844139323,-0.14049996878161422,0.6432324802146047,-0.04189706835642517,0.18070051164411974,1.9109531327377066e-06
Flywheel,preprocess_Reading167.dat,0.34679142625926257,-1.1195205035202298,-0.1196770389345017,-0.3663180012646366,-0.6970231283502606,2.63373212169272e-06
Flywheel,preprocess_Reading168.dat,1.0817509585182674,-0.19029556547036464,-0.19841260241381353,-0.18546267691810767,0.02869703785719517,2.420242293061597e-06
Flywheel,preprocess_Reading169.dat,0.9078912234419648,1.01652714713192,-1.9807911386933863,-0.40154629547157933,0.7789602736036528,1.6135101697774007e-06
Flywheel,preprocess_Reading170.dat,0.6459419500794382,-0.679238142591615,0.29193568290563604,-0.1896174962238437,-0.15443206818511263,1.7253906853562286e-06
Flywheel,preprocess_Reading171.dat,1.2338310356152686,1.072650474747605,-1.21880079731739,-0.19986723897599812,0.9398685782429006,9.890038259702578e-07
Flywheel,preprocess_Reading172.dat,0.762000454832004,-1.0217157648590138,0.45762045516793376,-0.2744738548191016,-0.20343629232168986,1.5103453547684301e-06
Flywheel,preprocess_Reading173.dat,0.7411872026174584,0.11137032420745377,0.821108520520355,0.02632105653504656,0.7215095859954461,1.2817353282825166e-06
Flywheel,preprocess_Reading174.dat,0.44778798976305983,-1.4575565406670747,0.5313206784254201,-0.038834878399243176,-0.49119457826192453,3.588404341502409e-07
Flywheel,preprocess_Reading175.dat,0.6217873549020065,1.5891233526246038,-2.291849923611886,-0.27224014071663993,1.3410628686206905,2.0147333428997853e-06
Flywheel,preprocess_Reading176.dat,1.251647212298269,-0.48476149463790685,-1.9536170371486736,-0.4408647905239599,-0.07660668611441777,1.4025970094077595e-06
Flywheel,preprocess_Reading177.dat,-0.425251469157801,-0.44922273550379926,-0.6028361303949136,0.07085578735470663,-0.4066762930580445,1.3949133829444172e-06
Flywheel,preprocess_Reading178.dat,1.1449710302577114,-0.45963252692285217,-0.7309398755290244,-0.33184099391811894,0.015694811969605017,1.2214488627308358e-06
Flywheel,preprocess_Reading179.dat,1.0014352040831571,0.06826774846545268,-0.7067716186073393,-0.557738512560463,0.2146512005832139,1.084711651585634e-06
Flywheel,preprocess_Reading180.dat,1.080184222405452,-0.26165275293518125,0.3869311225055185,-0.15229147114540753,-0.033004397377965795,5.954801284841339e-07
Flywheel,preprocess_Reading181.dat,1.489728115569786,-1.2430164389588934,0.31012788251297013,-0.25148257643486516,-0.4537080472868663,1.3727404227491538e-07
Flywheel,preprocess_Reading182.dat,0.6915261650345119,-1.168280972069679,-0.1282403356640383,-0.2428719908301491,-0.6017090272373478,1.4206273297319624e-06
Flywheel,preprocess_Reading183.dat,1.2117024901867057,-0.3078025470865886,0.05521280398342889,-0.27750435241658533,0.1637017040419785,7.407707415463936e-07
Flywheel,preprocess_Reading184.dat,1.4964963815748242,-0.69895123157403,0.53955713794151,-0.2802928538631426,-0.10394479991019173,-3.733476108798799e-07
Flywheel,preprocess_Reading185.dat,1.3523731700449855,-0.7210618962231379,1.371751285511302,-0.11258908745261842,0.09794707920507006,5.193109420759161e-07
Flywheel,preprocess_Reading186.dat,0.4775740140221765,0.003775169379348108,0.37269618637074275,0.009583814989215305,0.23700251471663297,2.479860246321176e-06
Flywheel,preprocess_Reading187.dat,0.8123211850224112,-1.1167977849071142,-0.1543091314725366,-0.2263933216979579,-0.4595143280174645,9.128337022014317e-07
Flywheel,preprocess_Reading188.dat,1.5589206169168632,-0.6232627514576874,-1.0903407593934378,-0.07326671988406215,-0.11680998957563261,1.6301618414728816e-06
Flywheel,preprocess_Reading189.dat,1.779091121731695,-0.4259016760377426,1.4858752692845567,0.23002811745132545,0.2789384272900842,1.2167832705527756e-06
Flywheel,preprocess_Reading190.dat,1.722320752732655,-0.1626449647468918,1.9088859909602427,0.2277016592589551,0.6101379375976842,5.685355521097939e-07
Flywheel,preprocess_Reading191.dat,1.276672804460309,-0.35148451980795636,0.5724936826790327,0.16902583781645453,0.1867507332150393,1.2021665645809112e-06
Flywheel,preprocess_Reading192.dat,1.7027969117863742,-0.2709556422254663,0.761853085351529,0.14015180210994668,0.19315750564660725,6.888118829880531e-07
Flywheel,preprocess_Reading193.dat,1.61503270773166,-0.5931302682175851,0.28801844796726134,0.1692689138584444,-0.04939361469535929,1.3633876062981773e-06
Flywheel,preprocess_Reading194.dat,1.3336160323624333,-0.6106503564566894,1.3250785969653125,0.5104709269509526,-0.04746830181860345,1.6140901729672437e-06
Flywheel,preprocess_Reading195.dat,0.8259968485215806,0.40021559735491624,1.2673393012036789,0.7715821097243261,0.43835461636162454,1.186631303226399e-06
Flywheel,preprocess_Reading196.dat,1.0404333818968645,-0.9696988216888837,0.9170959495502148,0.15759673133470428,-0.39143032373126735,8.176451378931738e-08
Flywheel,preprocess_Reading197.dat,1.405619755139932,-1.3307120231974767,0.2730802467288903,-0.08446899989182159,-0.6553526151181511,1.799809295006836e-07
Flywheel,preprocess_Reading198.dat,1.6222716064371103,-1.1607615448628108,1.2556484052422419,0.18219628158783896,-0.49690900652073766,-4.418050526358327e-08
Flywheel,preprocess_Reading199.dat,1.2659643319464875,-0.41523919916544566,1.9105253058229783,0.6186492702850503,0.05695785254452385,-4.0445770742186175e-07
Flywheel,preprocess_Reading200.dat,1.7069244614102979,-0.9870832159065542,0.6471439378621519,-0.06047996107248703,-0.31092026776289866,1.1256516566051083e-06
Flywheel,preprocess_Reading201.dat,1.5995060001298602,-1.2601262525788395,0.923893319898352,0.37139698161856527,-0.4905068684801278,5.064435225004387e-07
Flywheel,preprocess_Reading202.dat,1.3710574055687068,-1.1811700663856768,1.419510164023491,0.30676372672963237,-0.5037420697411146,-5.306220576016065e-07
Flywheel,preprocess_Reading203.dat,1.3045073061957424,-0.37303705725850356,1.9520550760281503,0.3852300722895976,0.11309745130743748,-2.5687526656352725e-07
Flywheel,preprocess_Reading204.dat,1.367948423684338,-0.010375331122213411,1.5480775611503024,0.26087706968533364,0.4127534875936498,-3.2463283139706455e-07
Flywheel,preprocess_Reading205.dat,1.1457815565405176,-0.06769758738695812,0.19640434650841992,0.13548100895152343,0.23322008885329415,-3.596557184317655e-07
Flywheel,preprocess_Reading206.dat,2.048569767807698,-0.5648895280850466,-0.05380655276726117,-0.03983061472601774,0.04583212017658296,-3.353181757507507e-07
Flywheel,preprocess_Reading207.dat,0.9181270024265944,-0.9301834090698706,1.8677081378812903,-0.0238700139827919,-0.048078832392774856,2.613764416756349e-08
Flywheel,preprocess_Reading208.dat,0.7615711252214287,-1.9477854936977261,0.9898103608564877,-0.5492910116836311,-0.9329547103444735,-5.254116083376559e-07
Flywheel,preprocess_Reading209.dat,1.8834490817553227,-0.9303759566718239,0.2875255275068229,-0.13745381781578872,-0.25916947306524674,-6.931370395056795e-07
Flywheel,preprocess_Reading210.dat,2.003268070872541,-0.635497138862301,-0.6658985135793727,-0.3087698467033665,-0.13929807461917504,-6.505587608640057e-07
Flywheel,preprocess_Reading211.dat,1.4729325606709263,-1.2977165522870444,1.3950277439936325,-0.15552255537731585,-0.11184834200909026,-1.1073223062112583e-06
Flywheel,preprocess_Reading212.dat,1.5932529145938048,-0.7565148542997766,-0.18639353105584947,-0.12365755202930952,-0.010317177432227036,2.3894067738953874e-06
Flywheel,preprocess_Reading213.dat,1.018974794323026,-0.46494177496710754,0.8577418067484597,0.03662184570846664,0.38823836761521324,-7.882644160917792e-07
Flywheel,preprocess_Reading214.dat,1.3075466287418926,-1.1087425547785486,-0.5497406092502344,-0.3732008190332429,-0.3303413992596137,-9.426371508432336e-07
Flywheel,preprocess_Reading215.dat,1.8769331361501982,-0.5442961471598409,-1.3589324185324185,-0.4789085219400091,0.12916142785276757,3.740187664279068e-08
Flywheel,preprocess_Reading216.dat,0.7117109104587978,-1.1668662672787453,0.45053896417196526,-0.5805729735585878,-0.1551534098860114,-2.8287125854814656e-08
Flywheel,preprocess_Reading217.dat,1.446387515822739,-0.8485464959347041,0.8779999025931023,-0.2706555451534445,0.025731240355362443,-1.8102230146816594e-08
Flywheel,preprocess_Reading218.dat,0.7875310516865621,-1.1993102110315397,1.2657804185692627,-0.0837591683253139,-0.24390555799463196,-5.087475469197621e-08
Flywheel,preprocess_Reading219.dat,0.3306343328431767,-1.432031734094191,0.8377448698998966,-0.6718414480302378,-0.47747851323695906,2.4348791798281258e-09
Flywheel,preprocess_Reading220.dat,0.5111211769223418,0.05632033310176822,0.9967087888119389,-0.33586117959041817,0.7800881856115265,2.9464512362457575e-06
Flywheel,preprocess_Reading221.dat,0.5486679657735933,-1.0130614632358543,1.2140415984433195,-0.38107932532005945,-0.0403681379819895,3.1183483103657446e-06
Flywheel,preprocess_Reading222.dat,-0.02314362814195263,-0.6525605666028398,0.49597997578589675,-0.8834824036924616,0.3121319271548903,-2.4818051254762834e-07
Flywheel,preprocess_Reading223.dat,0.5275959282907475,-1.6166938288224117,0.37232092279671164,-0.8768603200734751,-0.6147773082947064,1.2564505500259298e-07
Flywheel,preprocess_Reading224.dat,0.22949717330138622,-1.9082937902523411,0.7899281029167463,-0.8309837427295231,-0.45819909217226124,-2.1915281677837725e-07
Flywheel,preprocess_Reading225.dat,0.6092385437748876,0.09337665905489187,0.4027183807957875,-0.6401232068342101,0.7154255028349739,1.3101052114910029e-06
LIV,preprocess_Reading1.dat,-0.28012487069092523,2.028455786125008,-1.9038786589505778,0.021570172856129947,-0.05869882264828901,-1.4052996095997565e-07
LIV,preprocess_Reading2.dat,0.37963415982310633,2.422263583424498,-2.7567856885049653,-0.22615090947853161,0.3542480923816485,2.8315372394557967e-07
LIV,preprocess_Reading3.dat,-0.40381013468088883,2.4371762828678003,-1.7103448275981925,-0.5466083256610336,0.2445497289871572,4.374916071412973e-07
LIV,preprocess_Reading4.dat,-1.0686793296025061,2.097978854389507,-0.48705628462548767,-0.14467198482539065,0.014547136890785416,1.7706027301892415e-06
LIV,preprocess_Reading5.dat,-0.11002480472475532,2.0246287950106403,-1.6072395513543825,-0.11927821928361047,0.16467143768058734,9.242236737990619e-09
LIV,preprocess_Reading6.dat,0.10799495652601449,1.919318631828348,-0.022870027760846512,0.45320263713726655,0.4692810124594857,7.01333911782552e-07
LIV,preprocess_Reading7.dat,-1.1303251421291372,1.2593244762042362,-0.07640910517999296,0.38406485202515916,-0.41606104030356206,6.437283603534478e-07
LIV,preprocess_Reading8.dat,-1.2192250766412358,1.9860008714792203,0.0446714867942484,-0.014977536876986178,0.061640693909633955,1.1646961093556776e-06
LIV,preprocess_Reading9.dat,-0.2714333014572481,1.6564172669453747,-0.7200960097395086,0.2627044140681429,0.14051488553101354,1.2455606213307911e-06
LIV,preprocess_Reading10.dat,0.7436584578234107,1.2706018635358765,-1.1470786042314818,0.3724997576984954,-0.04984910936304929,-2.2217143503650514e-07
LIV,preprocess_Reading11.dat,-0.38412797926838244,1.3144431736234155,-0.01734430416593748,0.7537963143941195,-0.13774073938370865,1.481437234091858e-06
LIV,preprocess_Reading12.dat,-0.6152488152593376,1.4050458421827132,0.7369705712221104,1.03008760661023,-0.13395944365039691,1.955115082531415e-06
LIV,preprocess_Reading13.dat,-0.36774494657507745,0.9555560636553297,0.5143575715682811,1.2534927569787493,-0.38194358759983216,5.463447273200473e-07
LIV,preprocess_Reading14.dat,-0.13523524305569884,1.5292895433167133,-0.32548301472675284,0.8825003035586497,-0.044188836506763085,1.0177899565477578e-06
LIV,preprocess_Reading15.dat,0.07086799488316302,1.387566371133808,-0.5123109954358601,1.0094431343736574,-0.13830145911595088,8.169038520425661e-07
LIV,preprocess_Reading16.dat,1.763885270254483,0.4857331865335336,-0.12829722241035002,0.2870704585541139,0.09705572774176859,3.0856576630448e-07
LIV,preprocess_Reading17.dat,1.1704498485384387,0.8991007711270971,-0.2731409181817202,0.3944769175089765,0.16720559409647795,4.945915491951018e-07
LIV,preprocess_Reading18.dat,0.7103601262914485,0.6957232428217215,0.20493565407158051,0.32348266419236094,-0.10702608383948765,1.7257733171018e-07
LIV,preprocess_Reading19.dat,1.285587287946315,1.0986117975655596,-0.5632827416011992,0.2279442544159199,0.20466048956405603,2.998340844329982e-07
LIV,preprocess_Reading20.dat,0.7847255278049852,1.1924340675448484,-1.263013074893708,0.1856444196895182,-0.108868560583409,1.212018900837051e-08
LIV,preprocess_Reading21.dat,1.636369382797249,0.5925765773620512,-0.9411947026054769,0.4296591358326378,-0.1766578200973339,-3.425301945679726e-07
LIV,preprocess_Reading22.dat,1.3047376187067627,0.8030761006633843,-0.4991189495614826,0.4809699214298698,-0.019449463108125675,-7.284117373984333e-07
LIV,preprocess_Reading23.dat,0.9867842836552808,0.9209470322423512,-0.29551714993493255,0.6995578948437532,-0.09233363116997846,-1.1652575503021023e-08
LIV,preprocess_Reading24.dat,0.775567055000681,0.36325320604566974,0.6314859848464527,0.5815114001460355,-0.3525722576704855,2.2092412251740035e-07
LIV,preprocess_Reading25.dat,1.0023450187979288,0.6059341651193902,-0.9098966303930571,0.6947434680608779,-0.384700806347533,-5.234239856130385e-07
LIV,preprocess_Reading26.dat,0.9272025924445445,1.1551452434179392,-0.40984290890899094,0.5751560815068417,0.10838794089344006,1.0157342518889627e-06
LIV,preprocess_Reading27.dat,0.6645568698278487,1.0228681288124442,0.130234560923644,0.8005977602951462,-0.05966060461945166,1.9431850602629814e-07
LIV,preprocess_Reading28.dat,1.3939011068673353,-0.37869523799527416,-0.7104155051232321,0.4175041341847695,-0.8997416861534399,-3.155363480537714e-07
LIV,preprocess_Reading29.dat,1.81378480034459,0.02686996142290477,0.19273839132363824,0.3599739234407974,-0.15627246002645126,6.896222696788424e-07
LIV,preprocess_Reading30.dat,1.3845092382463247,0.10468047667480668,0.7683271858399602,0.20908167398014163,-0.19989981276749336,6.154080815923444e-07
LIV,preprocess_Reading31.dat,1.4711866142785002,0.0535855408350893,0.49351529632221397,0.26032364184954765,-0.37879915178138623,-2.035151375443251e-07
LIV,preprocess_Reading32.dat,2.462403349299388,0.09280383642831096,-1.0526820303412985,0.2273877954269315,-0.2152494975224422,-9.838827018317862e-07
LIV,preprocess_Reading33.dat,1.883030255147011,0.25202693623012473,-0.38390263703506644,0.2697952774400533,-0.25874573039084287,-9.575322811947734e-07
LIV,preprocess_Reading34.dat,1.4269914233438252,0.2824511867677054,-0.6796308888765042,0.13782427891580165,-0.4053944935334989,-3.554795814610234e-07
LIV,preprocess_Reading35.dat,1.534415258364673,0.1501871196010055,-0.5027585881556627,0.15103455001046914,-0.4291679122026327,-8.886622188695789e-07
LIV,preprocess_Reading36.dat,1.1604701248099103,0.19076462974626562,-0.44111372289047884,0.08780883701586258,-0.5332890818923192,-5.549724399539963e-07
LIV,preprocess_Reading37.dat,1.1750427351070807,0.9073385094759571,-1.691354068939937,-0.07157408572832148,-0.23842095845099026,-7.397385660395575e-07
LIV,preprocess_Reading38.dat,1.0688691295193076,0.27775407709320615,-1.5702506699462275,0.05744313410810606,-0.7013246390282164,-5.076733163446276e-07
LIV,preprocess_Reading39.dat,1.0968509104427164,0.6531585849580496,-1.086258438605658,0.18171526645874098,-0.33321932353324024,-2.47658953877044e-07
LIV,preprocess_Reading40.dat,0.9031093952056516,0.21366367421554966,-1.210728350915148,0.3020784520227864,-0.7227615721209589,3.776181487529444e-08
LIV,preprocess_Reading41.dat,1.1761295458158072,0.36989735851541994,-1.0075939276266506,0.10333933539144695,-0.3982646102934361,-6.541109695883317e-07
LIV,preprocess_Reading42.dat,1.300443937246281,0.43758217154405976,-0.8749640704659409,0.1234883452712122,-0.3153726675974112,-1.937611343638062e-07
LIV,preprocess_Reading43.dat,1.5558112721449255,0.8099630997321066,-1.684117185266601,-0.1100780342674229,-0.09438550179882652,-4.4848753033542166e-07
LIV,preprocess_Reading44.dat,1.2400134543863377,0.29532815992360606,-0.458333017266801,0.05636619526983582,-0.38254338602855475,2.561174902449602e-07
LIV,preprocess_Reading45.dat,1.9485609141708913,-0.20131294688304727,0.08806975028830502,-0.024368976440946485,-0.253412610484001,7.784824199012258e-07
LIV,preprocess_Reading46.dat,1.4562232380377695,0.3640700334031883,-0.2715845633275262,0.2534850312596297,-0.19856226864182563,-4.935197429442432e-07
LIV,preprocess_Reading47.dat,2.1145362229574975,0.1546308290901265,-1.1985976390324522,-0.18406344355095242,-0.15397741148616065,8.302783404526294e-08
LIV,preprocess_Reading48.dat,1.6252659776073775,0.6436497501349384,0.1675947844926222,0.16546726521684613,0.15878035833799067,5.2396190915813415e-08
LIV,preprocess_Reading49.dat,0.8108804876179215,0.8503268786877134,0.9104144973388641,0.12160688281238154,0.07036789223612284,9.328377979612536e-07
LIV,preprocess_Reading50.dat,1.0728758947914836,0.4444125605580776,-0.9622528696816445,-0.12139162917672272,-0.4841993675640173,-1.0287186118360365e-07
LIV,preprocess_Reading51.dat,1.4227042535285843,0.8053580471992938,-0.604328871784926,0.03143286962661503,-0.06006989883693194,-2.0574463628331298e-07
LIV,preprocess_Reading52.dat,0.7395389856926293,1.4564551513572663,-0.16451306091056794,0.29499815462078827,0.14900559788327974,3.7501971241362783e-07
LIV,preprocess_Reading53.dat,1.0733458101743358,1.805095295709504,-1.8337921060123585,-0.09921092104650477,0.2956292106606425,-3.9886910899316325e-07
LIV,preprocess_Reading54.dat,0.4489664092171533,0.9164214847895359,-0.4022166891085322,-0.09608056525796407,-0.35843874798676917,-2.3733916746167092e-07
LIV,preprocess_Reading55.dat,0.7152717312397421,0.8672678911360975,-0.8596372866425113,-0.14657349570861328,-0.3453737435013651,-3.145709359846594e-07
LIV,preprocess_Reading56.dat,1.4525950033621065,1.3323415801846332,-0.4141843887777791,0.2093121870357175,0.3160303524011959,-3.7372892162508067e-07
LIV,preprocess_Reading57.dat,1.3383684577879795,1.1212313511138574,-0.7463267294562103,0.32423632323743873,0.09869682793465061,-6.573770650724812e-07
LIV,preprocess_Reading58.dat,1.900390604362221,1.2932194637379022,-0.7420808342642256,0.430627780216814,0.5230261079932205,4.7614197683386184e-07
LIV,preprocess_Reading59.dat,1.2449819256117398,1.6216751292355946,-0.12445114084661081,0.8574156703199268,0.5541454037895661,5.781200455103171e-07
LIV,preprocess_Reading60.dat,2.0301110339970263,1.404686989831606,-0.8327554354442436,0.3180231486048457,0.5760056959257154,-7.277141843763608e-07
LIV,preprocess_Reading61.dat,1.5078192180832632,1.0111565702633964,0.020196084464195935,0.5139762806829921,0.21656224500898297,-4.942047264483248e-07
LIV,preprocess_Reading62.dat,1.5146532828763843,1.3417727897022549,0.11034119152877511,0.46549382032932807,0.5592261114495151,1.6711671853624768e-06
LIV,preprocess_Reading63.dat,1.8504403812412034,0.9908777970866302,0.2247149506217187,0.44460534444210276,0.4132983210316863,-4.715681000115451e-07
LIV,preprocess_Reading64.dat,1.6228598686607736,0.739479692970381,-0.9748526481654542,0.03222872709634826,0.0381043709705792,-4.5871726146838925e-07
LIV,preprocess_Reading65.dat,1.794321876530268,1.841527571906035,-1.4955929071854634,-0.02813619701869164,0.7172678945434545,1.4143266478581893e-07
LIV,preprocess_Reading66.dat,0.43476154452432486,1.0650372235306476,0.6110573974934024,0.31574288530333494,-0.1086856831591303,1.4731193723134836e-08
LIV,preprocess_Reading67.dat,0.35265903740615184,1.135329264797418,0.6979141892815048,0.10018891633535489,-0.05305525927646434,-4.4261363169222424e-07
LIV,preprocess_Reading68.dat,1.397928377763446,0.8837116615971857,-0.059611971230509694,0.19929821098254627,0.08828401623585477,-2.3204491260821914e-07
LIV,preprocess_Reading69.dat,0.8768244833789639,1.0659363587965176,-0.41725575212120297,0.1474881999393184,-0.03432059258101224,-8.460632350868112e-07
LIV,preprocess_Reading70.dat,0.8787364260504114,1.4068123322787425,-0.7600218303204377,0.26641409221008977,0.13688861022532473,-3.1577324466455006e-07
LIV,preprocess_Reading71.dat,1.1483331242958066,1.4757162758638378,0.23470314578120519,0.5772826941772762,0.3282022044992955,-6.773134827166308e-07
LIV,preprocess_Reading72.dat,0.6160948354478817,0.8953244343306638,1.259928269188922,0.4312746019397841,-0.05653498560048632,-7.434811411622745e-07
LIV,preprocess_Reading73.dat,0.42374450198865293,0.767926846096846,0.5805892274387714,0.3664841747417149,-0.31609203823500776,-2.0525673376561758e-07
LIV,preprocess_Reading74.dat,0.17811079445178943,0.4128209476692178,-0.6531558458794993,-0.005857286188015753,-0.846704423719192,-2.8163001551578395e-07
LIV,preprocess_Reading75.dat,-0.17984400252646848,1.8685700122086046,-0.0793686697636341,0.35048115252739465,-0.00204465571369655,4.930892993752094e-07
LIV,preprocess_Reading76.dat,-1.7174789142691687,2.4563134808953184,-0.40635319615604265,-0.19086261686557168,0.17630602385771438,1.660197561152866e-06
LIV,preprocess_Reading77.dat,-1.4314460171270325,2.300390086426582,0.41705274290624944,-0.07136994876277994,0.3588030506590372,4.371724238594576e-07
LIV,preprocess_Reading78.dat,-0.2584467571215185,1.908064153709576,-0.7835640096427303,0.013543567912172894,0.4134016822798124,5.564833809474987e-07
LIV,preprocess_Reading79.dat,-0.035962854051345146,1.71823678138474,-1.1159510328661923,-0.009868388771790883,0.1648055147713263,3.045849893794857e-07
LIV,preprocess_Reading80.dat,0.011605216099805447,1.9318531547140905,-1.0290695952573765,0.040038823523236566,0.3147554326737367,8.606382984465767e-07
LIV,preprocess_Reading81.dat,-0.2693850037191642,1.8413075937811572,-0.11711840459136341,0.20242411384720504,0.28847603301923996,6.424172436374028e-07
LIV,preprocess_Reading82.dat,-0.8835711916075445,1.8670247131076723,-1.284285924993074,-0.09558121570998163,0.009241160340606527,-1.1315090698305913e-09
LIV,preprocess_Reading83.dat,-0.773864681467671,2.3802456882926246,-1.9919866182261128,0.12378917933920436,0.13557819473171634,6.724122692763844e-07
LIV,preprocess_Reading84.dat,-0.6036909790364107,2.264262985391785,-1.7140912536231778,0.4415133239234703,0.21541399646938172,1.911622509767044e-06
LIV,preprocess_Reading85.dat,0.008074308846956797,2.1665216477117566,-2.422175761098896,0.7794929074854612,0.05506424654346729,-1.0696505946496298e-07
LIV,preprocess_Reading86.dat,0.3100501538198683,1.5575074782541984,-1.857761426855561,0.1476394923394942,-0.022669613818814983,-2.054267235747413e-07
LIV,preprocess_Reading87.dat,0.7463992120620834,1.7482651680121586,-1.4426541447318635,0.3365284159098776,0.3193111363231375,3.633547738459923e-07
LIV,preprocess_Reading88.dat,0.5929384778251818,1.4659526865623755,-0.9481646873969426,0.4972408022994379,0.2769062734792096,9.32967637479176e-07
LIV,preprocess_Reading89.dat,0.7046688118433235,1.1433290388653192,0.15378930325309884,0.5672955647698124,0.08770658275964825,8.319452416263876e-07
LIV,preprocess_Reading90.dat,1.482079618395449,1.7731067832551868,-0.43104286107208173,0.6795000308681907,0.6750775422772427,-2.83657603517563e-07
LIV,preprocess_Reading91.dat,1.8422775464887167,1.4215592158628756,-1.3789061080632063,0.18295781246044343,0.5654639120412578,-1.5581637573378878e-07
LIV,preprocess_Reading92.dat,0.9509187989549753,1.453975095513898,-1.741121238846433,0.5191277870403881,0.2215576356364206,1.3973007942074151e-06
LIV,preprocess_Reading93.dat,1.1079636826613264,1.1243616151328124,-0.2134904817670109,0.27661811063322134,0.19294560785981354,6.52427796343137e-07
LIV,preprocess_Reading94.dat,1.1934044525378285,1.1859550888267612,-2.3582499602215545,0.5333518253679207,-0.011909721190863668,1.9250855613891177e-06
LIV,preprocess_Reading95.dat,1.4489031230485578,0.9960178042697063,-1.046277811363774,0.5919824317745099,0.14067555090250783,1.744062692631425e-07
LIV,preprocess_Reading96.dat,1.6724435483494133,1.650339099452411,-1.7541369267496756,0.7770917672953437,0.3440135412661328,-6.153280444959177e-07
LIV,preprocess_Reading97.dat,1.6310473709118158,1.1189566608638715,-1.2710956610623727,0.6245557762325261,0.08748611206218226,-1.6957241485902293e-07
LIV,preprocess_Reading98.dat,1.705817178303682,1.1297196642415293,-1.9431329984950092,0.6221532782619594,0.015136530800956007,-3.549921373504216e-08
LIV,preprocess_Reading99.dat,1.8828180616727246,1.1893693549238022,-2.2074260402571735,0.5162958017537953,0.14088551986401135,2.5971184699315716e-07
LIV,preprocess_Reading100.dat,1.103769140309012,0.2518328621297428,-0.3859283343056763,0.31768042628166665,-0.38813661529244997,8.948350471977349e-07
LIV,preprocess_Reading101.dat,1.680922510857599,-0.2266668996003521,-0.41351792597775067,0.37120038618036844,-0.5809951197094576,-1.0709950290664343e-06
LIV,preprocess_Reading102.dat,1.4008123687915808,1.0074209775388476,-0.9636574301601437,0.8464399200002094,-0.0345669657484495,-1.192962813694771e-06
LIV,preprocess_Reading103.dat,1.7295310196527964,0.5729470958888899,-0.9907670200525418,0.48516763697510157,-0.19227571475213256,-3.6820247336589653e-07
LIV,preprocess_Reading104.dat,1.6720584737405206,0.2527071492441012,-1.4723808220222006,0.2146513127950977,-0.45194144875317077,-9.755475686067187e-07
LIV,preprocess_Reading105.dat,1.8742282949417441,0.3853773512381861,-0.3096896576321189,0.5891296613453012,-0.1576564145658439,-5.792064859769717e-07
LIV,preprocess_Reading106.dat,1.997957668341139,0.5241262237147669,-0.6061551984755004,0.47646899352099764,0.01334073647275803,-2.898914899369846e-07
LIV,preprocess_Reading107.dat,1.9425520530696923,0.3278111528825593,-1.0527678802487026,0.2781461283362312,-0.17067295213461986,-5.294212567791911e-07
LIV,preprocess_Reading108.dat,1.8416292853088516,0.9185959812976942,-0.5941189617144368,0.48498095925970397,0.25159377755489076,-3.1474490107520246e-07
LIV,preprocess_Reading109.dat,1.7419493993526043,0.756032363507668,-0.7439370214521913,0.4005340279759434,0.009024551329312083,-5.059717769374312e-07
LIV,preprocess_Reading110.dat,1.6269612038904615,0.5667755192874938,-1.1551946488125042,0.40022044015626085,-0.16754153669213542,-9.205754842568221e-07
LIV,preprocess_Reading111.dat,1.2050412149569694,0.2294754522397483,-0.5087331181095842,0.12208485729036031,-0.4652339635796744,-1.2975011029251103e-07
LIV,preprocess_Reading112.dat,1.6836636541236798,1.6843029392513054,-1.7221012582846857,0.2808833184715623,0.6032111128898171,1.2019319902161908e-06
LIV,preprocess_Reading113.dat,1.7423192796118334,0.3980318231310793,-1.638992005968094,0.22941387977980093,-0.35671091215906403,5.243027850549788e-08
LIV,preprocess_Reading114.dat,2.4417991492128657,0.027825980045993487,-0.5901149823910813,-0.18743701416567435,0.024731568861263434,-4.207276690590987e-08
LIV,preprocess_Reading115.dat,2.1019892462183036,-0.06763623653934062,-2.1881939576609377,-0.30258678253052934,-0.46869121722022217,-5.282202600497009e-07
LIV,preprocess_Reading116.dat,1.662600488868451,0.5944124716086927,-1.8257292090700281,-0.06994176140998143,-0.19215059095300938,5.393143445337292e-07
LIV,preprocess_Reading117.dat,2.273093313240714,0.4558056153671606,-1.984421552593238,-0.18588105524695078,-0.1696218931928502,-7.588962721078241e-07
LIV,preprocess_Reading118.dat,2.4184237053257625,0.4274595347534808,-1.6770658999175647,-0.18141372937196493,-0.04145964319053697,9.710334851073683e-08
LIV,preprocess_Reading119.dat,1.9309896753708407,0.40006497752989967,-0.5892807830080287,-0.07766772536317157,-0.11730078935233708,-7.333240850072508e-08
LIV,preprocess_Reading120.dat,1.5843249352576896,0.5335426258513659,-0.4601369071058034,0.08317782734176636,-0.16286941641816294,-7.177196871933269e-07
LIV,preprocess_Reading121.dat,1.5222377986889872,0.07189271416659941,-1.8184890838939392,-0.5445548109646052,-0.6141792822701491,-3.979545782977529e-07
LIV,preprocess_Reading122.dat,1.5052533382948234,0.9569898645199416,0.6271077994476099,0.14018268145154142,0.3569507404716158,8.531541391367331e-07
LIV,preprocess_Reading123.dat,1.6054732537322662,0.37670568848660957,-0.7967191214003143,-0.2393004982374936,-0.30003788260070247,-2.680940226401742e-07
LIV,preprocess_Reading124.dat,1.9078989638162263,0.5997391426341041,-0.39376990598036743,-0.09807847916521588,0.021850675901222687,-6.051994361588211e-07
LIV,preprocess_Reading125.dat,1.4709309685335898,0.6060492644564721,-0.28940388878790135,-0.07481831048143613,-0.12481685228607457,-1.8666230855040824e-07
LIV,preprocess_Reading126.dat,1.623414680821182,0.3028755022285171,-0.655983079439302,-0.02316875835221577,-0.36910571505143286,-1.2154627490407558e-06
LIV,preprocess_Reading127.dat,1.625605362834411,0.6645957460007281,-0.30937697146288645,0.07300190889036755,0.01978368085484399,-9.282532261756356e-07
LIV,preprocess_Reading128.dat,1.622696252736885,-0.007013829545220254,-0.9906125733800732,0.05891376420187233,-0.46378741409582414,-3.844903518743656e-07
LIV,preprocess_Reading129.dat,1.7070867743091003,-0.174023155257163,-0.35522834244570606,-0.2560525925997471,-0.3396437175251274,4.53334045081239e-07
LIV,preprocess_Reading130.dat,1.998085559461988,-0.032602404547467746,-1.4631908929698658,-0.337576462031969,-0.4255062770055361,-2.4163616513976276e-07
LIV,preprocess_Reading131.dat,2.5095138008518023,0.855073788860837,-1.9732279435479325,-0.25171105702327046,0.4176574547898941,2.719154177079363e-06
LIV,preprocess_Reading132.dat,1.0205921044690034,0.16474460716835057,0.33045246387948163,-0.6962281570076482,-0.2560265473358509,-6.7555406926441296e-09
LIV,preprocess_Reading133.dat,1.5353207441118464,0.7981293180255631,-1.2559002382713438,-0.184256746356742,-0.03268223832629657,-4.411196682847577e-07
LIV,preprocess_Reading134.dat,0.9200414810170012,1.3822599509170055,0.5762527795267156,0.19616807873600314,0.38944012808219514,6.269440969983837e-07
LIV,preprocess_Reading135.dat,1.457974842303762,1.063674082330178,-0.23647559912791044,0.23820428256498793,0.26495049489581757,8.984873053244647e-07
LIV,preprocess_Reading136.dat,0.9212014228620388,1.2663736913546424,-0.06718353110044634,-0.05441739331811156,0.13322802431981348,-5.877855541680072e-07
LIV,preprocess_Reading137.dat,0.8714327777351091,1.1668050498848108,0.2253077864637017,0.17399980244624666,0.01261528421195646,-9.367547324524733e-07
LIV,preprocess_Reading138.dat,0.7394988830929936,2.073657815076308,-0.5471562006251206,0.459985676664431,0.40941696217688917,-2.2274692388235582e-07
LIV,preprocess_Reading139.dat,1.3000653267727902,1.4668128160966645,0.22334051091665458,0.2659883956392187,0.4116164428008566,-5.918029731923186e-07
LIV,preprocess_Reading140.dat,0.919961467223583,1.546960572206718,0.13897561968154712,0.5978770164255396,0.2921980843415937,-1.06468840446695e-06
LIV,preprocess_Reading141.dat,1.2595537338993985,1.585026325468022,-1.3433121767790583,0.3468607974430584,0.2958421760288986,-2.257484892568319e-07
LIV,preprocess_Reading142.dat,1.1737120382679582,1.201228602201628,0.9385502410729264,0.7245071606532323,0.3555247737173562,-7.595244016158963e-07
LIV,preprocess_Reading143.dat,0.7030622353519483,1.1906117622539654,0.3433852367545206,0.3044264249159154,0.1253205674540126,1.0258675255978081e-06
LIV,preprocess_Reading144.dat,1.391177835262384,1.770988818996722,-0.006595075021319739,0.40643776798691433,0.6788027535636278,-6.556219513572181e-07
LIV,preprocess_Reading145.dat,0.7173181584644124,1.172508775867405,0.37119193817856405,0.43281308457676887,0.07129377864052128,-1.242523133499716e-07
LIV,preprocess_Reading146.dat,0.45360979880530994,1.3789964505128476,0.053423953788844784,0.45621875624559466,0.00972139466223552,-3.768957974880307e-07
LIV,preprocess_Reading147.dat,0.5250494798048535,1.1790973609768636,0.7540711260294234,0.40282660087508493,0.05247095733651609,-4.744786141543777e-07
LIV,preprocess_Reading148.dat,0.5233193871459714,1.0919718529981286,0.608788355977341,0.58908328216832,-0.022480569356000762,-7.06488602173091e-07
LIV,preprocess_Reading149.dat,0.19649540411239103,1.8294055272607472,-0.5360029103898879,0.40704322776311375,0.16318522225510976,-2.209394824477196e-07
LIV,preprocess_Reading150.dat,0.08302307480842559,1.7937955431120245,0.0566376810134979,0.24893452504148997,0.07141919248955347,-5.607019497341861e-07
LIV,preprocess_Reading151.dat,-0.267209373925802,1.175102409092053,-0.5531656160647819,-0.24052489669471008,0.011725213504791538,2.2242862577850132e-06
LIV,preprocess_Reading152.dat,-0.06136349260383406,1.5564620573988581,-0.7414405308004721,-0.3268510917344468,0.3534523065705591,1.6354871898401913e-06
LIV,preprocess_Reading153.dat,0.11877549709773126,1.2795561676436225,0.18520681225948546,0.09868888339009979,0.5073476390375599,3.0860538495265595e-06
LIV,preprocess_Reading154.dat,1.2206750030342155,2.188163285418058,-1.6606702409144365,0.1770371428068619,0.8789077349314288,1.03874209171917e-06
LIV,preprocess_Reading155.dat,0.9477790934093488,1.6708564136565425,-1.379774300006161,-0.18543601928434048,0.47286331147857885,2.0302819765926296e-07
LIV,preprocess_Reading156.dat,1.4942915447810574,1.6766699799290168,-0.7544630225239456,0.24902398337168197,0.711838462554506,7.179039253341505e-07
LIV,preprocess_Reading157.dat,0.24982710402467087,1.6247957509142652,0.16944122304746334,0.5383210297400167,0.5448671644326002,7.675360020389157e-07
LIV,preprocess_Reading158.dat,0.596201721073264,1.125054755094941,-1.2693097509586508,0.5133982648410481,0.012245955530371961,-1.6592567500343976e-07
LIV,preprocess_Reading159.dat,0.27379242607907783,1.143226287503313,-0.6154132220214087,0.5814967509381955,-0.018738447543974437,1.0090023768095021e-06
LIV,preprocess_Reading160.dat,0.6601251435744907,1.21024469155871,-0.3301070116847342,0.4125174741386082,0.22167846561090518,5.744094492083508e-07
LIV,preprocess_Reading161.dat,0.21475062193238328,0.6748031989211666,0.0029920808492101057,0.8772108621293369,-0.3918247356029415,3.255812260986963e-10
LIV,preprocess_Reading162.dat,0.6885030226005828,1.2979863942610563,-1.2019908830121995,0.5312483130390879,0.031413442557149104,-3.121654163694244e-07
LIV,preprocess_Reading163.dat,0.9319008963560579,1.1448065838022685,-0.4011549118840336,0.5486101018763191,0.14205929273987083,-2.3716813993700388e-07
LIV,preprocess_Reading164.dat,1.5226505808817998,0.694903000010924,-1.7230645913460116,0.2543532485174847,-0.3000201840552144,-7.619945816995276e-07
LIV,preprocess_Reading165.dat,1.798067825445633,0.8827773706540178,-1.1294965722134396,0.20335133996580354,0.09754215936475001,-7.291296652833553e-07
LIV,preprocess_Reading166.dat,0.9598520269963953,1.1716649703525102,-0.12424771193332611,0.718423396517543,0.15433715505691864,-1.7603848961902566e-07
LIV,preprocess_Reading167.dat,1.0710526085914804,1.3682135833081233,-1.4837723355551793,0.6809262386185333,0.1383395524167714,-2.8199314798622236e-07
LIV,preprocess_Reading168.dat,1.3356687268106584,1.5042576342038139,-1.2458218691118443,0.7974694340313986,0.3159425724910339,-7.129285353712414e-07
LIV,preprocess_Reading169.dat,1.2371626056004152,0.5471410425665126,-1.006573234057174,0.45540952712358546,-0.2840232330163849,-1.334912213037822e-07
LIV,preprocess_Reading170.dat,1.3756476101466188,0.6638758233107643,-0.06362928349219227,0.4587693961166657,0.04736024555675625,-3.9459177827826756e-08
LIV,preprocess_Reading171.dat,1.1258044319393128,0.45741035710967404,0.5910857039192544,0.14426786499126795,-0.04023614001866979,1.0321521973505539e-06
LIV,preprocess_Reading172.dat,1.108470749048433,0.8442421329898548,0.012819983199031373,0.25615835363344425,-0.07167370163618021,1.1607784250328492e-06
LIV,preprocess_Reading173.dat,2.278991440270449,0.38030510655319216,-1.088890129764591,0.3770539383870842,-0.06495882549908154,-4.545596913846722e-07
LIV,preprocess_Reading174.dat,1.7550660984851947,0.8713072625265126,1.8475867443017817,0.969428241367902,0.49521293483998696,-6.673544890689408e-07
LIV,preprocess_Reading175.dat,1.5967263049418647,0.7369009177161306,0.44103651274326094,0.9094132738205096,0.12534675861038835,-4.0590478038692436e-07
LIV,preprocess_Reading176.dat,1.8425974930912619,0.42378803354570216,-1.7756098164209233,0.43278375444758965,-0.3189092152338058,-4.3869065247759466e-07
LIV,preprocess_Reading177.dat,1.7440859067317347,0.5104838940739347,-1.1387631765583648,0.6305017160819207,-0.1862624098776703,-1.0353928745557534e-06
LIV,preprocess_Reading178.dat,1.482284146572386,0.6024900966093336,-1.2369973985891367,0.49095971427887636,-0.16630033983000564,4.3895295798096016e-07
LIV,preprocess_Reading179.dat,2.175548389681106,0.8960288690154337,-1.2637935720806959,0.4721533550745639,0.25207152298843477,-2.7024328917202327e-07
LIV,preprocess_Reading180.dat,1.6134193954446128,0.20690812227590788,0.0018427025338037543,0.16086224104858948,-0.07959519999917326,-7.891756079173412e-08
LIV,preprocess_Reading181.dat,1.068751680000999,0.09353780853343296,0.46887773472702304,0.5312913455477175,-0.4875219477075481,2.648748855298473e-07
LIV,preprocess_Reading182.dat,1.431915869638826,0.6481943381563631,-0.7906288841849405,0.15051164651943136,-0.15062676625148982,2.7094501798160616e-07
LIV,preprocess_Reading183.dat,1.6247473272225634,0.5522271904820266,-0.20075445520423318,0.5345429880916381,-0.011963818747120242,2.398281629488987e-07
LIV,preprocess_Reading184.dat,1.8523354766818656,0.5413712549236988,-0.29883115953651873,0.21602721655173368,0.03966176987424132,-5.600565316812356e-07
LIV,preprocess_Reading185.dat,1.9843932651268656,0.17932434518020385,-0.5603352977487173,0.10648643288696681,-0.25462810543551706,1.0049065863461136e-07
LIV,preprocess_Reading186.dat,1.9838374243041395,0.35454138023308823,-0.4863928374648966,0.23620047211080136,-0.007758202562777482,-7.075153255185375e-07
LIV,preprocess_Reading187.dat,1.807372472589845,0.20839115191398067,-1.0901459967229048,0.30431578130606535,-0.3865849760160786,-9.423055364044296e-07
LIV,preprocess_Reading188.dat,1.5667426793509698,0.9389459909749415,-0.1984692526924928,0.4153998929268591,0.2631826251390553,6.34946484162924e-07
LIV,preprocess_Reading189.dat,1.8156414278187432,0.6453098929640408,-0.8853737723588668,0.10118777721989942,0.01909175231661512,-1.4795580499491456e-07
LIV,preprocess_Reading190.dat,1.8805226610793835,0.4584323394665351,-2.1448584783607303,-0.03649896418112894,-0.3198216211798244,-5.546455261903682e-07
LIV,preprocess_Reading191.dat,1.5939913511347203,0.25981549187910086,-2.213445801857782,-0.17171634013900058,-0.5729445573091301,-4.704900916633285e-07
LIV,preprocess_Reading192.dat,1.9794699896977719,0.685357878004481,-1.5213916780693462,0.06043495560127122,-0.02573611601689544,9.347113128879116e-07
LIV,preprocess_Reading193.dat,1.7539323819769697,0.4173479711481506,-1.5060808037896507,0.27705537445554923,-0.2544437828018102,-4.5911195387516966e-07
LIV,preprocess_Reading194.dat,2.3470725576060483,0.8906776427332791,-1.5675686636019273,0.13079469768381072,0.2457629970115324,-7.42445605384531e-07
LIV,preprocess_Reading195.dat,1.3677435882191749,0.1554628041572595,0.42075359232940096,0.6488005832978,-0.2550342674499699,-8.473203736696217e-07
LIV,preprocess_Reading196.dat,1.3771890622159249,0.6993956190248913,-0.263011443209853,0.20625628300577192,-0.04994690927582925,-2.767827718255634e-07
LIV,preprocess_Reading197.dat,1.9601543583331413,1.0919925169192835,-1.0163030384926068,0.2928781295352408,0.26993230522877765,-5.665260019226461e-07
LIV,preprocess_Reading198.dat,1.8245470674640651,0.14293683347975425,-0.2585237558196254,0.05811024696282639,-0.27430587806519596,-1.2327096802683153e-06
LIV,preprocess_Reading199.dat,1.6472450711176958,0.6935866028396918,0.5389606529441652,0.2893701473535176,0.12186535974577824,-4.495627522152841e-07
LIV,preprocess_Reading200.dat,1.2814126334157891,0.7030631991178647,0.024864029994528053,0.37150022599525967,-0.08892536361638644,-5.747864009240868e-07
LIV,preprocess_Reading201.dat,1.3602824827603273,0.48632784685145636,-0.5126837190103106,-0.15573089858881609,-0.2465392062424321,-3.508620320782548e-07
LIV,preprocess_Reading202.dat,1.1385198316913703,1.2942896960394847,1.2761106443715742,0.7624952316701729,0.7103585086960721,2.541255137784998e-06
LIV,preprocess_Reading203.dat,1.6959831838641364,0.6160162870757065,-1.525086363656653,-0.10821853084343198,-0.247750628546001,-1.1123762680443149e-06
LIV,preprocess_Reading204.dat,1.2533477621262912,0.9644442932657058,0.016691261725241994,-0.22837658236660632,0.08580833300301718,-7.63942422711008e-07
LIV,preprocess_Reading205.dat,0.8717006556347312,1.1418718672110773,-0.08322898103784293,0.11647917432204186,0.0042242136471306235,-1.1673767098508327e-07
LIV,preprocess_Reading206.dat,1.4498954249017753,1.2677583129137011,-0.31200166431545234,0.3958740146152058,0.3188353737460608,6.749164288649863e-07
LIV,preprocess_Reading207.dat,1.169733582158654,1.0794608743286542,-0.49226013657421314,-0.04076151987204452,0.009463729083185787,-9.343703862477452e-07
LIV,preprocess_Reading208.dat,1.2632328044318188,1.1121809857641929,-0.08397089923914106,0.38948678631911815,0.0813003116942183,-6.434025345014888e-07
LIV,preprocess_Reading209.dat,1.8856473332642605,1.1859578743386208,0.33121599051297695,0.6075287055658665,0.7125378983715599,2.481727654757709e-06
LIV,preprocess_Reading210.dat,1.3612742948850258,1.1801778000972314,0.5424488976867573,0.6338778836581082,0.30028162576223016,-3.9280356290092343e-07
LIV,preprocess_Reading211.dat,1.3164859118864523,1.4412462587769275,0.2197876699888443,0.38234971913747634,0.5004001904630999,-1.1568340482605598e-07
LIV,preprocess_Reading212.dat,1.5731241808840568,1.2435512810361837,-0.10500524838137044,0.3827311893091763,0.37423884271762264,-2.698481839072322e-07
LIV,preprocess_Reading213.dat,1.516452522577447,1.3627509163762348,-0.21616049245877145,0.49662611695930514,0.39821176399751057,2.347869249368645e-07
LIV,preprocess_Reading214.dat,1.2328610640423197,0.9353905393539617,-0.8169919710646297,0.4159082909322811,-0.12750215280016147,-1.1138789669572107e-06
LIV,preprocess_Reading215.dat,1.2414445188058256,1.2374957092033578,-1.102645429340858,0.2481639839315063,0.04658324084135495,-6.744648872915092e-07
LIV,preprocess_Reading216.dat,-0.09784208746779934,1.4317327376057054,-0.9163883739236052,0.043235834327531315,-0.3160649582715149,-6.932881731857176e-07
LIV,preprocess_Reading217.dat,0.32855038519415525,1.6528985274776984,0.021523718163021864,0.5648344405906087,0.08408345164513026,-6.377988687489644e-07
LIV,preprocess_Reading218.dat,0.7001846645002098,1.0530998099622257,-0.280018306468135,0.6095227233327767,-0.2859868666330365,-1.2076853523499749e-06
LIV,preprocess_Reading219.dat,0.42281874618280196,2.0720314671739617,-0.7405536046260821,0.6746356918067068,0.28351801681896843,-5.703554253786553e-07
LIV,preprocess_Reading220.dat,0.8631999239858676,1.4519659413129578,1.6092992563738007,0.8442599782546183,0.4189090124766226,-4.919117034518801e-07
LIV,preprocess_Reading221.dat,0.7152612207149955,1.3297617425679313,-0.6437399645703401,0.48126029266481285,-0.009184479205948148,-1.608043305099507e-07
LIV,preprocess_Reading222.dat,0.7334367456389728,1.4885863856189654,-0.7782225974957988,0.22520356403103714,0.06006274593014142,-6.044886182606033e-07
LIV,preprocess_Reading223.dat,0.68946649696402,1.2331931859115681,0.9079023721069481,0.6329889023948032,0.09248193306867179,-1.1486954397418096e-06
LIV,preprocess_Reading224.dat,0.26226124326339917,1.606042760726948,0.24897582354634729,0.6191397917549382,0.03486648818111299,-4.070743419470925e-07
LIV,preprocess_Reading225.dat,0.1928149278369263,0.8460608766565216,0.26826402420208706,0.3445971032268622,-0.4764454836434257,-7.745581022925071e-07
LOV,preprocess_Reading1.dat,-0.9474434425133057,0.6439333613451903,1.1444209618373076,-0.3957499186313509,-0.039520923270910134,1.1363807225908686e-06
LOV,preprocess_Reading2.dat,-0.37348556829886237,0.41076238315824015,1.421322275245268,-0.03219625124024366,-0.04366414051137891,1.2314327660065559e-06
LOV,preprocess_Reading3.dat,1.0589848651584,0.2391804923183311,1.2420429583406094,0.4114557865681607,0.4033146396090036,9.440496996808617e-08
LOV,preprocess_Reading4.dat,0.9365933988275332,0.30525312264214055,1.8229507950308128,0.5657681406377448,0.3219285104295145,-4.0361008514427166e-08
LOV,preprocess_Reading5.dat,1.6506737240691045,0.05390695031257502,-0.5657866566416938,0.3060425483796853,0.17593968883752895,-1.7309042265208164e-07
LOV,preprocess_Reading6.dat,1.7315554913161657,-0.02298652166624441,0.6776032066330012,0.5868129442431917,0.27606940734342733,1.5895207741533e-07
LOV,preprocess_Reading7.dat,1.7670942534683889,-0.4294772298200412,1.064938449520587,0.32347441241475666,0.07241399379345487,6.310067696405086e-07
LOV,preprocess_Reading8.dat,1.7458191254266178,-0.10756336406164363,1.1782362302823848,0.4852857541669398,0.37646406004095506,5.756030022274778e-07
LOV,preprocess_Reading9.dat,1.4507510317742245,-0.46457111630194003,1.039281534381563,0.5441697944156616,-0.047315143237562196,6.028163683759426e-07
LOV,preprocess_Reading10.dat,1.5727021707357431,0.4226819481664051,1.2735959594901218,0.6427576709976949,0.6587021912014805,3.3498319337896417e-07
LOV,preprocess_Reading11.dat,1.8992788222345005,-0.23000711842241656,0.7622027150636433,0.41990853053713606,0.15378141171108203,1.0648450401086422e-06
LOV,preprocess_Reading12.dat,2.4579156953092958,-0.28546400227250107,0.39973293151977507,0.3933240926161101,0.20644639646448465,-2.476541203139057e-07
LOV,preprocess_Reading13.dat,1.9132496171908187,-0.3158410741959787,1.1314405887369832,0.4737536083876066,0.07513195008017595,5.9144780654184695e-08
LOV,preprocess_Reading14.dat,2.4781278859518703,-0.38162139032521053,0.19821572278690347,0.13628724264092046,0.13898113042687874,9.622132474685727e-07
LOV,preprocess_Reading15.dat,2.704034119760991,-0.08239851233900251,0.538889380364976,0.22383512412458167,0.49540547467308094,-3.588402043417085e-07
LOV,preprocess_Reading16.dat,2.3006629383377906,-0.44117606346175636,-0.8193861859826753,0.0652002130749451,-0.26371158207923173,2.3754242935772848e-07
LOV,preprocess_Reading17.dat,1.743179226864981,-0.09348457943567358,-1.05513856040345,0.16424908100740174,-0.37504778740481537,-4.604205912770208e-07
LOV,preprocess_Reading18.dat,1.6274470487403179,0.004318748791716948,0.07610783233001735,0.2990834160856115,-0.04806241905057716,1.1486784351240463e-07
LOV,preprocess_Reading19.dat,1.8776395429791592,0.4055152061194154,-1.0720180434785482,0.23783775177240477,0.06197180275545062,-9.500634807456389e-07
LOV,preprocess_Reading20.dat,1.7856459852540394,0.343681847953338,-0.4032053198810438,0.25955700112562924,0.04442803895511082,-8.978990386680549e-07
LOV,preprocess_Reading21.dat,1.5908536440712606,0.15123471508631478,-1.425020348449933,-0.11835239101840751,-0.32903111055171913,-9.863861555766192e-07
LOV,preprocess_Reading22.dat,0.7721301438624767,0.4838879990212354,-0.6592423408650139,0.1790780930060539,-0.32134710916544407,-8.466460704979282e-07
LOV,preprocess_Reading23.dat,0.15504417789998398,0.32359892186651973,-0.44341179659512076,0.31019576867734217,-0.6179434863465884,-1.1164341146472873e-07
LOV,preprocess_Reading24.dat,1.2158005006460313,0.44357765610995825,-0.8102492303812849,0.09897733363587886,-0.20300366818593085,3.3681001381677217e-07
LOV,preprocess_Reading25.dat,0.7794041131399049,0.4161671402566817,-1.8744590451411272,-0.0054068004096637454,-0.5559733526371192,-4.996614830969576e-07
LOV,preprocess_Reading26.dat,0.03876768818159087,0.35922538546871735,-0.6074029201079592,0.6316732007171743,-0.7026661744660125,1.90269411788858e-07
LOV,preprocess_Reading27.dat,-0.4862836320260703,0.36202456272075156,-0.7281970172359311,0.6582090593782872,-0.8328053251964171,4.3643107954493096e-07
LOV,preprocess_Reading28.dat,-0.3338394146309566,0.2106565266721081,-0.5947578325088878,0.5680534473762135,-0.7418911756596855,8.166989364302635e-07
LOV,preprocess_Reading29.dat,-0.46125163640116357,0.16313839169316083,-1.0929706714279108,0.4764783105962277,-0.8805220291018591,1.1976295866352638e-06
LOV,preprocess_Reading30.dat,-0.31902619190751397,0.12195698804345134,-1.249378076354669,0.6836555170226716,-0.9204443053974991,4.812910894107363e-07
LOV,preprocess_Reading31.dat,0.16931130153017848,0.1380591644680471,-1.3467667927989437,0.7110201056311508,-0.7941152314053228,1.8948255127236137e-06
LOV,preprocess_Reading32.dat,-0.7562796695401033,0.6334385663401755,-2.3518875524896687,0.7346968395732455,-1.0153085524750576,2.0711425757702565e-07
LOV,preprocess_Reading33.dat,-0.8022976886397707,0.7133105802868565,-1.6589380177225697,1.2975545718249608,-0.8393671118524703,2.5987051358597155e-06
LOV,preprocess_Reading34.dat,-0.46613814874334514,-0.12786292845962155,-0.37834357502949606,1.0246663541169003,-1.0374116461434746,1.930693882938068e-06
LOV,preprocess_Reading35.dat,-0.9447394956114067,0.0055208063228634864,0.21602684700124386,1.223110539458193,-0.9416534377100497,2.2175320893031952e-06
LOV,preprocess_Reading36.dat,-1.2243580516045505,0.8434157721253598,-1.4610323491372328,1.7955158075368105,-0.8475510768853521,1.7183758410169716e-06
LOV,preprocess_Reading37.dat,-1.647639613820397,0.8627277330813348,-1.188769693762009,1.833690918832695,-0.8388709720985853,8.469389795359105e-07
LOV,preprocess_Reading38.dat,-0.8765628305881437,0.24744823437901653,-1.2252742083107886,1.4202693483179625,-0.9809727752918205,2.2193627555112077e-06
LOV,preprocess_Reading39.dat,-1.2431934003798277,0.29161334050147536,-1.2073956886717585,1.3093763653896462,-0.9934001504224402,3.168034555971213e-06
LOV,preprocess_Reading40.dat,-2.444466727937,-0.28446256544297116,0.2137050949012031,1.899921260582466,-1.593808517855204,1.5778572821684812e-06
LOV,preprocess_Reading41.dat,-1.7538284161274247,0.28816992515081846,0.36488658122225204,2.0701765337659537,-0.8866124172755727,2.588266413270229e-06
LOV,preprocess_Reading42.dat,-1.7474836089031673,-0.19973620594202005,-0.5584682634531046,1.6949971785322469,-1.627074289337892,1.2827420947207569e-06
LOV,preprocess_Reading43.dat,-1.6600803252089353,-0.16977259767063332,-1.6768648582093517,1.618042916174421,-1.4654574952279973,6.64775368464467e-07
LOV,preprocess_Reading44.dat,-1.029403165001074,-0.24726089113688862,0.6228278161372306,1.5322905886342737,-0.9195971690525785,2.98071312292598e-06
LOV,preprocess_Reading45.dat,-1.0348655991177447,0.148645325064811,0.38959729771651913,1.5303112772620986,-0.779891298463005,1.8238788195772305e-06
LOV,preprocess_Reading46.dat,-1.536105177628263,-0.7147876077408152,-0.40209322173293033,1.0242591043153797,-1.279895711037032,2.1128937878281324e-06
LOV,preprocess_Reading47.dat,-0.9972171015314885,-0.22859057299586286,-1.473563562046857,1.2359301701240721,-1.176986800907688,4.39052003944962e-06
LOV,preprocess_Reading48.dat,-0.9398975463389275,-0.9942600129076771,-0.08701916666917006,1.2619208606271144,-1.4238861683040707,3.5167108188108386e-06
LOV,preprocess_Reading49.dat,-1.2841512262190677,-1.1362182003468873,-0.4344505617634491,1.2958857836494413,-1.3345109422151917,3.2968421200569577e-07
LOV,preprocess_Reading50.dat,-1.1853212447961523,-0.4787292441886879,-0.20418201303042816,0.9597604150529084,-1.1411013228377718,1.6529788669792352e-06
LOV,preprocess_Reading51.dat,-0.6636423488638655,-0.302368952712014,-0.07588649143463452,1.4510360121599502,-0.6704618137940916,1.6196612835687902e-06
LOV,preprocess_Reading52.dat,-2.004310567149075,-0.5246217805972753,-0.6867930445765463,0.7056977115722199,-1.3611794618918978,1.1747207948295171e-06
LOV,preprocess_Reading53.dat,-1.6852721985848542,-0.21418699530077598,-0.6139896821769437,1.0908816956432246,-1.095145462761803,3.008797700915379e-06
LOV,preprocess_Reading54.dat,-1.9212073869815156,-0.44522693290238613,0.6980668607205835,1.21046843446142,-1.1587446971650488,2.4934047135609965e-06
LOV,preprocess_Reading55.dat,-1.7316368909650013,-0.8994864458729623,0.0467665173333348,1.0740026873917459,-1.2954873094113248,2.0445929829697706e-06
LOV,preprocess_Reading56.dat,-1.9131168661340796,-0.5063146842605886,-0.7704229120169985,0.6754844770011098,-1.2305241360678576,4.10519253695475e-06
LOV,preprocess_Reading57.dat,-2.52495270063301,-0.28107481699582915,-1.1051897953974785,0.5385941444279706,-1.1330509294385285,9.8466850081701e-07
LOV,preprocess_Reading58.dat,-1.365638977100538,-0.9090141642048072,0.0974395298238387,0.5026858815408355,-0.8512571843039599,2.332912992596108e-06
LOV,preprocess_Reading59.dat,-1.5449190690521262,1.0511380492028928,-2.1442994549655996,0.04609991450913546,-0.238874808684391,1.7440168255257092e-06
LOV,preprocess_Reading60.dat,-2.091156144321981,-0.2691407830877741,-1.0087433455806138,0.6322476638969424,-0.878726050115716,1.7325070159650304e-06
LOV,preprocess_Reading61.dat,-1.8926781516383486,0.14806906254618687,-0.2858802792788282,0.1938432083206168,-0.8330950446655311,5.571390574696473e-07
LOV,preprocess_Reading62.dat,-1.605858924055447,-0.4695171511199846,-0.9432596325701438,-0.02854562396809555,-1.2904432381211965,1.8799982881316204e-06
LOV,preprocess_Reading63.dat,-2.093484878712914,0.25770810637808794,-0.34831356858620066,0.06612852299838645,-0.6721061202353312,9.882986272042857e-08
LOV,preprocess_Reading64.dat,-1.5322522508335827,-0.8526758982243532,-0.4824217925106609,-0.09133414260024567,-1.2461669117576069,9.871063464428438e-07
LOV,preprocess_Reading65.dat,-2.3310409690982037,-0.2046353853905289,-0.7021217746562145,0.46579582617599014,-1.200450917051919,2.301544729727284e-06
LOV,preprocess_Reading66.dat,-0.9713335765092569,-0.5656575004069153,1.7072829678521326,0.4087745978776274,-0.7952073463045329,2.0939359370715482e-06
LOV,preprocess_Reading67.dat,-1.5489850239427163,-0.6437476937251867,-0.19984329935515507,-0.505337115487586,-1.3861465239045612,1.1829301910019216e-06
LOV,preprocess_Reading68.dat,-0.9233721310682018,-0.33693618507576734,-0.844762420784671,0.25484699305127667,-0.8342753425709789,1.394945830318659e-06
LOV,preprocess_Reading69.dat,-1.9205445548739275,-0.3911614941227769,0.7118083739654636,0.49246144917242074,-0.7696418650179341,4.271872409591317e-06
LOV,preprocess_Reading70.dat,-1.5430422627649019,-0.7771065590646321,-0.49015189836666,0.15782110535401472,-1.2476315992309228,5.791268068774433e-07
LOV,preprocess_Reading71.dat,-1.265114558769402,-0.7680316594605988,-0.4845191278920408,0.08529668325305728,-1.4509265084027398,8.003174288650723e-07
LOV,preprocess_Reading72.dat,-2.006024112057879,-0.25669866640630373,-0.7445093848861928,0.029028624414317836,-1.4680842168276527,2.0526856470971483e-06
LOV,preprocess_Reading73.dat,-1.750584135769774,-0.5329906253955005,0.2623147183182385,0.5963235589893903,-1.353489598383448,8.843330139118213e-07
LOV,preprocess_Reading74.dat,-1.6070588115098337,-0.09193030322237379,-0.787977392077963,-0.002697817654479626,-1.040782101031249,1.1567956883177412e-06
LOV,preprocess_Reading75.dat,-0.6673567207711858,0.7528326806214816,1.1440530369786592,0.16755883273001726,0.5774290314518983,1.3351014976645574e-06
LOV,preprocess_Reading76.dat,-0.1840084344987816,0.20762517167436878,0.381795750564922,-0.3458754998277626,-0.3550401320270921,1.9465945619411609e-07
LOV,preprocess_Reading77.dat,-0.34080657376801243,0.6214040884290343,-0.28206373840181626,-0.36648067983441407,0.20174440195905793,-4.264756330598723e-07
LOV,preprocess_Reading78.dat,0.4459243676725843,0.44197844767675626,0.6759945982090612,0.3310254838539963,0.16397712547250556,1.1759777375923988e-06
LOV,preprocess_Reading79.dat,0.820637933054589,0.7328232455831281,-0.13041105713646373,0.2839989121399538,0.22052395160217045,2.4698923447335705e-07
LOV,preprocess_Reading80.dat,1.254059171564545,0.9893357680761338,0.22254395291974996,0.3162461933206837,0.7530152800925869,6.922411680942709e-07
LOV,preprocess_Reading81.dat,1.7065925541736697,0.3802203596096866,0.6110452072223554,0.45835826291070264,0.34371082421325866,6.178067017985246e-07
LOV,preprocess_Reading82.dat,2.181882792504944,0.04561074627733168,0.28073465794548264,0.28313508143203064,0.382249494887244,2.558090633243301e-07
LOV,preprocess_Reading83.dat,2.2862197376912015,0.7535939128776534,0.3049218613474998,0.46206789290560096,0.9238403274337927,1.8457532901650104e-06
LOV,preprocess_Reading84.dat,1.875980644392924,-0.4412640469284328,0.7864709555197237,0.3353031425724552,0.14912966604007966,3.4100929829973786e-07
LOV,preprocess_Reading85.dat,1.5822744140690306,0.0523411735149502,-0.47873782314535873,0.3370019069770917,0.1191321238383493,-1.1054091456057096e-07
LOV,preprocess_Reading86.dat,1.7893814269655635,0.2442522343503572,0.07043237297297125,0.5161315182402053,0.20654839554998,3.188617923608173e-07
LOV,preprocess_Reading87.dat,2.338409182247503,0.22267359603349013,-0.0157612261505266,0.25336870715896165,0.7611612562655028,-3.422160775015182e-08
LOV,preprocess_Reading88.dat,2.218918395767852,0.014964261382554267,0.7824293801298429,0.3478905436157713,0.48926469110425,2.9197675725653636e-07
LOV,preprocess_Reading89.dat,2.309686374584743,0.12308643549819301,-0.6090512394641309,0.20275687964573885,0.2059762196202707,6.098655087909645e-07
LOV,preprocess_Reading90.dat,2.394262282857441,-0.17129048262446284,0.21781167444350125,0.2741560495120628,0.1533581654078777,5.583028770309234e-07
LOV,preprocess_Reading91.dat,2.4347108209957873,-0.03328160696303056,-0.8254352385661872,0.011428679097244612,0.05124172014530577,-4.895400005934191e-07
LOV,preprocess_Reading92.dat,2.033561619571226,0.40223289565811726,-1.3751967081893655,0.026817043131729158,0.08985868769811627,-3.5591553070943666e-08
LOV,preprocess_Reading93.dat,1.987270445913027,0.29706619961287123,-1.032059898248022,0.1406037226222006,0.10948597233628755,-6.181134819468854e-07
LOV,preprocess_Reading94.dat,1.7122354776946704,0.2338106691023121,-0.7298353096374153,0.293403923191155,-0.13241316834558933,-9.346032914546435e-07
LOV,preprocess_Reading95.dat,1.1768779015690085,0.4032699454437881,-0.4845461694277896,0.3097078686811187,-0.2512525682139522,-5.992318373357849e-07
LOV,preprocess_Reading96.dat,0.8248931285254445,0.6025044384185623,0.30401743969133055,0.4824981293811117,-0.11088397370490927,-7.282648387638992e-08
LOV,preprocess_Reading97.dat,0.021727941027543305,0.7389270190464348,-0.14960224030494784,0.5793041905907583,-0.39541140280831294,1.1853437960538007e-07
LOV,preprocess_Reading98.dat,0.7201361509469663,0.03359917777512953,-0.5379849579592724,0.305223774590523,-0.6067955635639779,-1.9808270178199438e-07
LOV,preprocess_Reading99.dat,0.29594608840250236,0.5277327033729452,-0.4286002482539712,0.3724811671621761,-0.4027217600369014,-3.893694804639839e-07
LOV,preprocess_Reading100.dat,0.7114747934575572,0.2111296046642514,0.15871356046135146,0.4440051391853462,-0.35122036902943,-9.160711909333059e-08
LOV,preprocess_Reading101.dat,-0.08051407417322043,0.7233518978332965,-0.7864790623361299,0.5578606093922316,-0.4913263510566002,3.6671663136711964e-07
LOV,preprocess_Reading102.dat,0.08762254131811784,0.21948775798921977,-0.8919946245148556,0.5605719612247336,-0.9198197523303989,-8.168755653976128e-07
LOV,preprocess_Reading103.dat,-0.33797288473550596,0.4283252335256544,-0.3956266946790501,0.6336605998478931,-0.7111960056890926,-2.614644257979332e-07
LOV,preprocess_Reading104.dat,-0.30551627910770573,0.24412302736010236,0.48285269743770043,0.983475950009962,-0.7376494294169348,-3.1613541037190834e-07
LOV,preprocess_Reading105.dat,-0.3453687891249824,0.38508221114156144,-0.34619226799725694,0.9200622707785343,-0.7060291106963356,-5.41419209633376e-07
LOV,preprocess_Reading106.dat,-0.3865676781475876,0.2052940606058678,0.25491067807414286,1.088971299382262,-0.8400372739667942,-7.222304881809285e-08
LOV,preprocess_Reading107.dat,-0.6139486716696864,1.1574159178805012,-0.7546618958650539,0.8014539539003848,-0.2881899012260846,2.09721789466235e-06
LOV,preprocess_Reading108.dat,-0.6721994139026994,0.08337090286756618,0.6048443243029881,0.7819454557990353,-0.7130713449619879,5.215357837606285e-07
LOV,preprocess_Reading109.dat,-0.15117442397953812,-0.185487565781811,0.36197705516419754,0.9117790471729084,-0.9493380952783068,3.4448109508981696e-07
LOV,preprocess_Reading110.dat,-0.3194314506682067,-0.4763191085969046,0.7763866841632352,0.5849346552990732,-1.0639595613550628,9.73289572627617e-07
LOV,preprocess_Reading111.dat,-1.540911537516203,0.6999819459141337,-0.25843682020916786,1.1638608903293395,-0.9647695488028698,1.7798518366815613e-06
LOV,preprocess_Reading112.dat,-1.0822008124451186,-0.48295145170996207,0.5475628985668803,0.9608885908653593,-1.2342022447923722,4.3422539124226985e-07
LOV,preprocess_Reading113.dat,-0.4987037080513696,0.22179057399005966,-2.142556520357017,1.4086658320636118,-1.1748807160262513,5.049170250529272e-07
LOV,preprocess_Reading114.dat,-1.9500458100399327,0.9706069896703217,-1.4485069687987902,1.677852876067566,-1.04723424359718,1.0833974457417e-06
LOV,preprocess_Reading115.dat,-1.631484570037254,0.8524003913189753,-0.7272294851032345,1.992085889568505,-0.8683442571620593,1.3750565680893876e-06
LOV,preprocess_Reading116.dat,-1.6307849336033269,0.7513250707650648,-0.4752481221682306,0.9625175331420585,-0.7564689220319388,1.7256339662978932e-06
LOV,preprocess_Reading117.dat,-1.128339230651365,0.6727988094898276,-1.4501665700739954,0.7197679348734923,-0.4482596511589476,8.556401603542402e-07
LOV,preprocess_Reading118.dat,-0.8868189517481284,0.5124218145474015,-1.359796455339313,1.2502787655690915,-0.6573950329978222,2.919357349528148e-06
LOV,preprocess_Reading119.dat,-1.3020991518355514,0.4315884477485174,-2.2192009919035867,1.0063128784354396,-0.9936076638799363,1.0649640058385384e-06
LOV,preprocess_Reading120.dat,-3.4045628149853964,0.6018861430148253,-0.5376554582419412,1.366699261924304,-1.3457757379450745,3.490973024459626e-06
LOV,preprocess_Reading121.dat,-2.0845402552290535,-0.5729388353590319,0.6485393004952076,0.8472011685578519,-1.5556059852242299,2.044903747551054e-06
LOV,preprocess_Reading122.dat,-1.9567258612438851,0.17696313809739206,-1.2703254080168542,1.3127290835521581,-1.4348721278512522,3.036077785810918e-06
LOV,preprocess_Reading123.dat,-1.6309783289872215,0.8139085097696194,-2.5507802880853014,0.5741109800754335,-0.725658131651423,8.847263536874039e-07
LOV,preprocess_Reading124.dat,-1.9748576709369052,0.8969340003409136,-1.1602508304327512,0.8200404652827439,-0.8820701965914264,7.101449192019042e-07
LOV,preprocess_Reading125.dat,-1.999048927555901,0.6701952480384564,-0.8440353647954861,1.2052568467650657,-1.0106945374498142,1.0112601890055735e-06
LOV,preprocess_Reading126.dat,-3.4094889831222637,1.5648524795650558,-1.2359413724171062,0.8603631043689435,-0.9858860292050783,3.9286103637004764e-08
LOV,preprocess_Reading127.dat,-2.9441480615928586,0.0761348574883206,-0.33353509336289106,1.5374128477876086,-1.1935682800188305,-5.828801683433498e-07
LOV,preprocess_Reading128.dat,-2.1001781586171773,0.6113079117465781,-0.28013025610649284,0.9548024674821274,-0.7480739957951189,1.5273980535052278e-06
LOV,preprocess_Reading129.dat,-2.556322313252553,0.5701809348922087,-0.6325928131337792,0.4648324194318276,-1.0837784467746305,8.408695327308779e-07
LOV,preprocess_Reading130.dat,-2.068688954064849,0.3952049643778313,-1.271562700777668,0.36148729767335813,-1.2445217984849224,7.092933702731304e-07
LOV,preprocess_Reading131.dat,-1.5011343912717998,-0.4001647198974613,-0.7568733588720902,0.5311023946682809,-0.9701641401613433,7.019202658012678e-07
LOV,preprocess_Reading132.dat,-1.735349618040618,-0.6694352962107936,-0.45262816285421775,0.0420373289290702,-0.7795385858667149,1.5473820406135463e-06
LOV,preprocess_Reading133.dat,-2.9741309458537772,0.003685536101586014,-0.5327867850562441,0.8866024782038637,-1.2805211306263637,7.145868793913224e-07
LOV,preprocess_Reading134.dat,-1.873114118396041,-0.6825549618350816,-0.6841389896587353,-0.1681911207052101,-1.2774708895266673,6.542270815881941e-07
LOV,preprocess_Reading135.dat,-1.195927835418605,-0.7382360961777245,-0.8137395033687769,0.1152954273877014,-0.826139879555782,7.044610385482577e-07
LOV,preprocess_Reading136.dat,-2.175521031055354,-1.2791582270243995,0.8999359526300715,0.22357169082644804,-1.222129798956675,1.963557396617438e-06
LOV,preprocess_Reading137.dat,-2.0086692987152546,0.04368915277880085,-0.04613309986604831,0.00758304891001059,-0.6891183139503994,2.4118224631046516e-06
LOV,preprocess_Reading138.dat,-1.802452462750249,-1.020142424705075,-0.2513345653781736,0.2191600974639315,-1.2981354038392676,4.171315153020763e-06
LOV,preprocess_Reading139.dat,-1.2381509355472569,-0.6592203344989302,-1.0283603294243362,-0.1495601989202548,-1.2365443415006814,2.0104873551507363e-06
LOV,preprocess_Reading140.dat,-2.0926883925698734,-0.6754907790586804,0.7823182573661733,0.22706598365630162,-1.4163881129127454,3.506271430546069e-06
LOV,preprocess_Reading141.dat,-1.5149422842224092,-0.2796466168844538,-1.2691485160377338,0.04910745984814443,-1.0664274510474048,1.1236952999153067e-06
LOV,preprocess_Reading142.dat,-2.612727722214968,0.0579123972305091,0.11427292942714389,-0.6642803411336737,-0.7744234872371364,1.718867313919899e-06
LOV,preprocess_Reading143.dat,-2.192636250310702,-0.04872748320911712,0.9225900614691784,0.19446804400574302,-1.1707434744897,7.132975007589604e-07
LOV,preprocess_Reading144.dat,-1.0722664203102867,-0.3705285679152694,-1.015157209108364,0.04045006384852738,-1.0701758119981406,5.171509648891182e-07
LOV,preprocess_Reading145.dat,-2.052412773369957,-0.04869568603093671,-1.2280856081962672,-0.1303054305795794,-0.9118019949918376,5.493788913122188e-07
LOV,preprocess_Reading146.dat,-2.088212752002342,-0.6206848472615927,0.16833437089036327,0.5495828862746914,-1.3669147486220827,1.978418828673746e-08
LOV,preprocess_Reading147.dat,-2.251920251581737,-1.041211628293125,0.027455686327296707,-0.39530161741759373,-1.509729182292274,9.720968617920022e-07
LOV,preprocess_Reading148.dat,-1.0783477455815638,-0.21140632137670476,-0.2409077633180725,0.6569996205217545,-1.0592094138726074,6.016572137962739e-07
LOV,preprocess_Reading149.dat,-1.9529736017817654,-0.005726152522338704,-0.24705670830675425,-0.19992345829079447,-0.7167697638574062,1.977796054849363e-06
LOV,preprocess_Reading150.dat,-2.7164315692977823,-0.11768320605070985,-1.3073801870295987,-0.12973702174947044,-1.336119615998062,-1.3950533707513368e-07
LOV,preprocess_Reading151.dat,-2.380755677115307,0.22271334951060381,2.9620842942794443,-0.21687956041276593,0.03336016114511614,6.932935687002416e-06
LOV,preprocess_Reading152.dat,-0.6026990067605001,0.4144541425013321,0.9611076115097594,-0.09283443740741604,0.19215114245993647,1.3679426786153335e-06
LOV,preprocess_Reading153.dat,-0.671767859637273,1.173690402723131,-0.06755877564635722,-0.2345657175893675,0.8627773448113158,2.269084532411113e-06
LOV,preprocess_Reading154.dat,-0.20131716600664598,1.0670466104379088,-1.4092402137395736,-0.37134107429856766,0.7933141176409607,3.7347957321601104e-06
LOV,preprocess_Reading155.dat,0.00010790783952092703,1.3241368044360728,-2.933432597014718,-0.5291943648962278,0.5453112689619273,1.3889192226639159e-06
LOV,preprocess_Reading156.dat,0.4081799639483328,1.5368256624415901,-2.349885649407794,-0.4752886742612111,0.911148352127667,1.9199078329171025e-06
LOV,preprocess_Reading157.dat,0.3988156433231606,1.1182187146566107,-1.5736024731572895,-0.5493770214170175,0.607464787919512,1.4683942384708348e-06
LOV,preprocess_Reading158.dat,0.5666004525418009,1.0484838807878352,-2.0391989719306984,-0.7135135486345652,0.4590280634222997,1.542710828670686e-06
LOV,preprocess_Reading159.dat,0.057769828036644426,0.9201501253543101,-1.6875760332165513,-0.7724012016283256,0.3654332096231036,4.787832817977676e-07
LOV,preprocess_Reading160.dat,0.46452873877499856,0.6129677780715268,-1.0705921546537753,-0.6519118571101189,0.13299755665905424,1.9524160708165114e-07
LOV,preprocess_Reading161.dat,1.6050732608165705,0.04091562796555266,-0.4422561945144722,-0.10738064031327337,0.19069391219963253,-1.1511912487145033e-06
LOV,preprocess_Reading162.dat,2.1908355080266633,0.27194390352772907,-1.3759335464844251,-0.04516129325525373,0.2954905515566274,-1.2635533885003997e-06
LOV,preprocess_Reading163.dat,1.6125278365956814,0.6336820622254064,-0.3972594979057572,-0.006365851324258097,0.72366830477256,-2.4221052474903525e-07
LOV,preprocess_Reading164.dat,1.6300448768017517,0.48604037154657326,-0.17591587993022087,0.09453102470828434,0.511124077244068,-7.142499019946604e-07
LOV,preprocess_Reading165.dat,1.7118152655271521,-0.35957627771217804,0.9694566927678937,0.1371265487529395,0.11364035506830747,-1.4539114634056192e-06
LOV,preprocess_Reading166.dat,1.8634529023369597,-0.3500836916188306,-0.2138158580694071,0.25648722058049905,-0.09072908389852555,-1.29731163143974e-06
LOV,preprocess_Reading167.dat,1.6688382141773586,0.20810125347832806,0.0813174467264495,0.41209017365388934,0.35086355758270504,-1.242301596123683e-06
LOV,preprocess_Reading168.dat,1.1428504538553648,-0.17439118418098065,-1.5381407250572259,0.24808477645067156,-0.05782483471838322,3.459068937421556e-06
LOV,preprocess_Reading169.dat,1.3039858411561687,-0.07172271950712608,-1.5333697346522495,0.21615178416317668,-0.05895664990262103,6.196659797203e-06
LOV,preprocess_Reading170.dat,0.9826151405307729,0.27833144328175635,-1.3482737488302337,0.2701589241577391,0.34760341172577475,1.296347130266243e-05
LOV,preprocess_Reading171.dat,0.8979177551685865,-0.3280734902025741,-1.1616520990089563,0.06418176772105781,-0.3896026767546215,8.577425597438601e-06
LOV,preprocess_Reading172.dat,1.5808968168453388,-0.09336073939115494,-2.5947564161985053,-0.08046308049220088,-0.37986538746714665,-1.1780990562081083e-06
LOV,preprocess_Reading173.dat,2.256293301367434,-0.21275917609471545,-2.1589979295313593,-0.18947160353771686,-0.27865066702518576,-1.0425349827280416e-06
LOV,preprocess_Reading174.dat,1.9590095343127105,-0.3495076329361696,-1.069682487047491,0.05670481059126183,-0.16964938440726648,-1.6960967566102333e-06
LOV,preprocess_Reading175.dat,1.9397342139737013,0.3310390719427369,-1.560643405148747,0.21944062599937456,0.16895101531768775,-1.4340798412695494e-06
LOV,preprocess_Reading176.dat,1.9713036762559055,0.14685747988365114,-1.2266301510611606,0.43215430847839076,0.00034819769481152143,-1.7454922307789652e-06
LOV,preprocess_Reading177.dat,1.905128611590909,0.5723034085558901,-1.879757462266189,0.32664706416726785,0.21063406611621396,-2.044066758998679e-06
LOV,preprocess_Reading178.dat,1.5983784522230258,0.7411402346158793,-2.117692646267066,0.5602113837015048,0.07634123820433594,-1.8293660110960625e-06
LOV,preprocess_Reading179.dat,1.6163961766021577,0.838036013104037,-2.158049188253738,0.4232103979025552,0.33935539523544145,-1.9685312908589643e-06
LOV,preprocess_Reading180.dat,0.9525561552170443,1.3988760327206087,-2.1501512725651972,0.8575830423430834,0.3745203390574458,-1.2760675692076623e-06
LOV,preprocess_Reading181.dat,0.2654083626969091,0.7248218611361857,-0.2318205758550468,1.112550350278033,-0.1517499106054666,-1.5251305564107725e-06
LOV,preprocess_Reading182.dat,0.1760903125884875,0.8971389661901061,-1.619409071420024,1.103645733554448,-0.06793076035530139,-1.6468272562083723e-06
LOV,preprocess_Reading183.dat,-0.10048484973293234,1.4171733982030088,-1.6095307203079998,0.7724883621777928,0.14004628775910005,-1.5312156228270825e-06
LOV,preprocess_Reading184.dat,0.45014009428791185,0.914098843386381,-1.6842639651968163,0.8029679726708128,0.0700557330627569,-1.3818383456055577e-06
LOV,preprocess_Reading185.dat,0.17780203640969347,0.7960059604108561,-1.7734745907634835,0.7360958931926542,-0.21192012997188683,-1.3806058144791643e-06
LOV,preprocess_Reading186.dat,0.1026316791976269,0.7320896841240385,-1.008288522237365,0.8070330305885686,-0.015562171277274653,-1.3587648044859788e-06
LOV,preprocess_Reading187.dat,-0.31158336690293875,0.7779989518509083,-1.4446675718083288,0.9165068005735785,-0.18708251381250243,-1.6821998603693965e-06
LOV,preprocess_Reading188.dat,0.0773273987158908,0.9677472967325262,-1.7863238251260176,1.055520211949208,-0.21995523057687158,-1.691585357685045e-06
LOV,preprocess_Reading189.dat,-0.3865802774681996,0.427035310649132,-0.4819548677514849,1.1189601589730012,-0.49100590060586696,-1.673341763172709e-06
LOV,preprocess_Reading190.dat,-0.5460328922370876,0.8138409787679195,-1.9676031314117266,1.252089405501318,-0.4685696579795595,-1.687974955150026e-06
LOV,preprocess_Reading191.dat,-0.8091472447810997,0.6516883164222882,-0.8186193784831791,1.1704205952284816,-0.5124413595982418,-7.978516537777376e-07
LOV,preprocess_Reading192.dat,-1.3610833091905183,0.937453565536028,-0.6025518698126524,1.6240656692223443,-0.4622220504363359,-1.078425945720706e-06
LOV,preprocess_Reading193.dat,-1.3012481207744073,0.49227532001082747,-1.191375015483697,1.259515624402099,-0.5853693703632751,-1.6828778083372305e-06
LOV,preprocess_Reading194.dat,-1.6133638723413422,0.4629144446576164,-0.507478625452034,1.2013474285381915,-0.5708781145649857,-1.6079591132032074e-06
LOV,preprocess_Reading195.dat,-0.9996462794531683,0.52082204301704,-1.5934943736552214,1.018181987011368,-0.5707196489397037,-1.4748235577320188e-06
LOV,preprocess_Reading196.dat,-1.1507538789787242,-0.18995281598635497,0.4168420222952743,1.1922917393800065,-0.7702879199611282,-1.6309606666121323e-06
LOV,preprocess_Reading197.dat,-1.5201540767178858,0.7166341733886318,-0.8756183170366482,1.302108093164449,-0.785224099241334,-1.418901974739619e-06
LOV,preprocess_Reading198.dat,-1.6285885470290342,1.1068092509360645,-1.5515202503512349,1.0620935539952927,-0.2695652055605031,-5.293406735034773e-07
LOV,preprocess_Reading199.dat,-1.9164287548617807,0.7325847518196076,-1.3063981030013485,1.407026116078913,-0.7984862081967624,-1.681069706596614e-06
LOV,preprocess_Reading200.dat,-1.2710179529852144,0.21386618009665664,-1.1110428414735354,0.8393226010231606,-0.8073511182244651,-1.7758033726588016e-06
LOV,preprocess_Reading201.dat,-1.8080159197156127,0.45833780688868375,-1.0938106121645284,1.03072983011629,-0.6632916350793047,-1.3985196883522154e-06
LOV,preprocess_Reading202.dat,-1.6606790744464823,0.318056230689486,-0.02452723188436931,1.7957144344522662,-0.8447572506737133,-1.8913687320670527e-06
LOV,preprocess_Reading203.dat,-1.4023794774589167,0.20995763191608752,-0.14705592932080092,1.178411377195612,-0.5635027109599919,-1.1519799469107824e-06
LOV,preprocess_Reading204.dat,-0.9329976992708036,0.3706196308891916,-1.4720976635455225,0.6986894831062227,-0.38107171387709476,-1.1891778980937444e-06
LOV,preprocess_Reading205.dat,-1.66215115390968,0.3752041729788421,-0.6435181092422743,0.6137897058412193,-0.4792973930633739,-1.5291327910205064e-06
LOV,preprocess_Reading206.dat,-2.365242292738867,0.4030077749617668,0.4898885974758742,1.4992955997185353,-0.5267022838853153,-7.908993264764249e-07
LOV,preprocess_Reading207.dat,-1.9169125387737596,-0.14941286441145463,-0.7078988164647139,1.5250106082482167,-1.3525621175148614,-1.4729540864721345e-06
LOV,preprocess_Reading208.dat,-2.1828961909975,0.1390249058130773,0.054507542665593316,0.9044378378658162,-0.8430552283014363,-1.2737322395358518e-06
LOV,preprocess_Reading209.dat,-1.407011218654465,-1.038670875620927,0.044911716610669186,0.6336922157832489,-1.1531448519600307,-1.787979744571012e-06
LOV,preprocess_Reading210.dat,-1.8278323682834559,-0.4570784468888567,0.626745423895551,0.9210439046387541,-0.45311887085750135,-1.3750662857735026e-06
LOV,preprocess_Reading211.dat,-2.4287498273090713,0.6735968721875728,-0.8230906951853234,1.0466168745109699,-0.8394627869808411,-1.1256269117653832e-06
LOV,preprocess_Reading212.dat,-2.7679752043956025,-0.05421212491323211,0.9219197599575004,1.6710027007387502,-0.9997522782318461,-1.9162557936916395e-06
LOV,preprocess_Reading213.dat,-2.313587117847699,-0.11133631294433241,-0.41789226194368545,1.2992311388810114,-0.9273408357633727,-1.4537119459173367e-06
LOV,preprocess_Reading214.dat,-1.7758647560222887,0.554823516506417,-0.9300640814550715,0.5850183515395981,-0.2982860878040456,-6.679898380426811e-07
LOV,preprocess_Reading215.dat,-2.264864466354759,-0.3296737390399814,-0.39965932108807556,0.5801475218805572,-0.7435319389726531,-1.7871651141834363e-06
LOV,preprocess_Reading216.dat,-1.541216423275087,0.2573671281573281,-0.41987142215048356,0.6030546574626577,-0.6980586753593142,-1.2937603576737888e-06
LOV,preprocess_Reading217.dat,-1.0222674611661746,-0.6769808500481416,-1.616145154432788,0.04371485727226856,-0.9393654580076851,-2.134551718538459e-06
LOV,preprocess_Reading218.dat,-0.8782801078246915,-0.6853811113935353,-1.3042982917421257,0.292037299450311,-0.7226262521450165,-1.6128936207338511e-06
LOV,preprocess_Reading219.dat,-2.1169247233194444,-0.020720145297981832,0.34908319214410727,0.25459769477229094,-0.6283767624736516,-1.30524356589795e-06
LOV,preprocess_Reading220.dat,-2.5851245414106487,0.9978987139693809,-0.8243253955319361,0.7812241647503069,-0.6257819590938244,-8.934672986747626e-07
LOV,preprocess_Reading221.dat,-1.7483566247291042,-0.21592125511504073,-1.234322615891873,0.13118173991612514,-0.9340690086613613,-1.884092366669584e-06
LOV,preprocess_Reading222.dat,-2.641271215007963,-0.02354911118314913,-0.19915864427145513,-0.06702294013162148,-0.8064581749501554,-4.2104599380086023e-07
LOV,preprocess_Reading223.dat,-1.6415825345360764,-0.775637441637486,-1.4571863338357305,-0.36026963668964296,-1.0073386522258991,-1.496337895622461e-06
LOV,preprocess_Reading224.dat,-2.211593505073515,0.4757461789655939,-0.045922434914935265,-0.19171820065603423,-0.05029969018949074,1.3747477258488932e-06
LOV,preprocess_Reading225.dat,-1.9578354200999342,-0.3238185911774016,-1.1876081965948528,-0.4858060005307107,-0.8346844043685852,-3.2529743665174505e-07
NRV,preprocess_Reading1.dat,-2.5902473433498443,1.8372907700023733,0.5438380893550114,-0.4243883390439611,-0.09713972412683207,1.577055959551999e-07
NRV,preprocess_Reading2.dat,-2.2765920766240697,2.3243246299718003,0.4562927744582971,-0.20554254906749436,0.46543295969637566,1.0274249418760206e-06
NRV,preprocess_Reading3.dat,-1.1108208211040722,1.7195235060693344,-0.908746610525761,-0.42936346568735356,0.35249782717232925,1.1491464745686841e-06
NRV,preprocess_Reading4.dat,-0.9306986085180706,1.8892094470206824,-1.2150348536304314,-0.14216135614125763,0.2573475663510195,6.139942006899096e-07
NRV,preprocess_Reading5.dat,-0.9114896805233558,1.2758731487946977,0.8176246377709323,0.16009459449926974,0.07907924808012269,-3.3804391783942113e-07
NRV,preprocess_Reading6.dat,-0.9559155123779665,1.4188701853211316,-0.3569641945676393,-0.21250190986716852,0.7769083078006632,-7.34524847696006e-08
NRV,preprocess_Reading7.dat,-1.5207222147895307,1.4815120231407555,0.29651863613768953,0.024283232795433606,0.6032294162235133,4.537451746349081e-07
NRV,preprocess_Reading8.dat,-2.1729373068525017,1.8204857562898467,1.0036030013886894,0.2597920330241657,0.3098004568447856,1.5745589291393938e-06
NRV,preprocess_Reading9.dat,-1.796392797357505,1.8888987878500205,2.062012924578107,-0.12333183369775633,0.23452831053011633,5.068439981092515e-07
NRV,preprocess_Reading10.dat,-2.047445448378023,1.8396333628207266,1.5984053394339197,0.1724639108627012,0.0841889775970098,6.125673450151299e-07
NRV,preprocess_Reading11.dat,-2.0960592101460493,2.032778970128283,1.6468527358761398,0.03378789995109702,0.26899892344918064,1.9015986209094802e-07
NRV,preprocess_Reading12.dat,-0.8266667662516497,1.0343508618027024,0.7655828638964992,0.5121974684290578,-0.015449596399569285,7.808558231002682e-09
NRV,preprocess_Reading13.dat,-1.1349436694423913,1.1559931032348216,2.2857623870710784,0.7580449785699525,0.2829138969817716,6.39484025910587e-07
NRV,preprocess_Reading14.dat,0.23236531085377046,1.074023729328591,1.7148602981143122,0.7368839586036876,0.17088087350705455,-1.7414733013652933e-07
NRV,preprocess_Reading15.dat,-0.34248702749268967,1.2201554601831401,2.9397141660887445,0.728673811120554,0.1919556651158541,3.3542463732056217e-07
NRV,preprocess_Reading16.dat,-1.4027879956096203,0.9547721224899769,1.2178665641335733,0.9489053703510107,-0.2638999666042382,-2.7133375024329865e-07
NRV,preprocess_Reading17.dat,-0.47724699455730973,0.9418917193224132,1.1670522560263485,0.5575913599178741,-0.17904965595487263,-4.854850686789968e-07
NRV,preprocess_Reading18.dat,-0.8536749485126626,1.1567151028488367,0.3872200784217913,0.38781756748189755,-0.2120051074607216,-2.1217744303588844e-07
NRV,preprocess_Reading19.dat,-0.18358414744681165,2.0433548336216054,-0.4222879105505034,0.6344972533380496,0.5576668465057446,9.514414852111329e-07
NRV,preprocess_Reading20.dat,-0.6738318354731637,0.8966590047637562,0.695758937057152,0.3778372172528357,-0.28238184610070116,-3.815650614526399e-07
NRV,preprocess_Reading21.dat,-0.18029352082095235,1.4548983724668287,0.7476544663537952,0.6770576122936772,0.24944413141583363,7.643841459375105e-07
NRV,preprocess_Reading22.dat,-0.7088511710405597,0.728956960030682,0.9687827287078332,0.4869404174003897,-0.6016759112035488,-3.6725353167409053e-07
NRV,preprocess_Reading23.dat,-0.41214728340243256,0.6263168054599255,0.478517797816665,0.38641338469793046,-0.6453405986409633,-5.020582331932247e-07
NRV,preprocess_Reading24.dat,0.7793547149870181,0.986783567584648,0.5594159188858595,0.527947039086805,0.18531635869895782,-6.571386100695435e-08
NRV,preprocess_Reading25.dat,0.5188635203971529,0.9908221369311173,0.8889650350905534,0.36752126469754015,0.07467917626046996,-6.25735112004322e-07
NRV,preprocess_Reading26.dat,-0.06216579175606997,0.34246824309115814,1.3993982529387943,0.6543971252380945,-0.5650779213416023,-9.921587963239268e-07
NRV,preprocess_Reading27.dat,-0.16914549395920417,0.7602359322285763,0.5008541273568079,0.578967165449567,-0.5384469902305906,-1.0413193806429745e-06
NRV,preprocess_Reading28.dat,0.6198634512033112,0.4650741344734966,-0.5541450005165981,0.285423999094706,-0.49106516719377014,-1.0762859560414054e-06
NRV,preprocess_Reading29.dat,0.516335339760955,0.9161580010689032,0.7970429098842727,0.5121067810443426,0.02238046715979733,-1.1270762186510294e-06
NRV,preprocess_Reading30.dat,0.7056221233813044,1.4781711344698831,-1.1520477138534806,0.3250011588347656,0.09453552071316831,-4.2115593172634436e-07
NRV,preprocess_Reading31.dat,0.5033651762646121,0.9732370247855981,2.6458082080393805,0.6557462495632527,0.19059839062313158,-1.7549813611078505e-07
NRV,preprocess_Reading32.dat,0.8677373825710822,0.47319180942955114,1.8753864011199306,0.7718087145488108,-0.09406753696775362,-1.0879777957573993e-06
NRV,preprocess_Reading33.dat,0.3673067184347233,0.9598787052203938,0.49005200687604017,0.7476700392628188,-0.038082878062153165,-1.0141134120115623e-06
NRV,preprocess_Reading34.dat,0.27537473967391696,0.7719060708028548,1.2019997132283256,0.8787068407321549,-0.19624669671243913,-1.0827195911198694e-06
NRV,preprocess_Reading35.dat,-0.39363767382241077,1.2223978052876956,1.5516185260062585,0.7728312542054108,0.006080742558872821,2.224537457057871e-07
NRV,preprocess_Reading36.dat,0.2105394090334491,1.0066222404177156,0.1637398824113358,0.9234923187110345,-0.19223232553408565,-6.857070836363246e-07
NRV,preprocess_Reading37.dat,-0.46891290893066706,1.277066280613311,0.7723178932349243,0.912367320146969,-0.25174591888797815,-9.063749435146903e-07
NRV,preprocess_Reading38.dat,0.336299798111953,0.9532411521770643,0.009301794554982859,1.0331933372925313,-0.3500690631253051,-1.2049592917913445e-06
NRV,preprocess_Reading39.dat,0.04059285053381384,0.7422904150391231,1.0308382285440076,1.0777914512100104,-0.3394906841488525,-7.007063870456115e-07
NRV,preprocess_Reading40.dat,0.3385533801852584,1.0793932090330767,0.3911266086730999,0.9632949444822642,-0.0012042913637974925,-6.99036231301279e-07
NRV,preprocess_Reading41.dat,-0.47843257697235786,1.0886995015010694,2.3038637680140446,1.0351621460049207,-0.09005751309739929,-8.266828068296143e-07
NRV,preprocess_Reading42.dat,-0.8181418571914031,1.4806909650125046,2.086982914894255,1.267510135495216,-0.004279455261644905,-9.048917188023062e-07
NRV,preprocess_Reading43.dat,-0.24135722330119885,1.2077544292784148,0.5623688592496625,0.9202480962135304,-0.08126580782134223,-1.134634069016924e-06
NRV,preprocess_Reading44.dat,0.3923775916435904,0.957984009630888,0.9514971799422028,0.9324961270375904,0.03638817091576949,-9.081718909900594e-07
NRV,preprocess_Reading45.dat,0.8141741178142967,1.0790003254528995,1.2439397972123682,0.7819804031441338,0.49723682181993245,-1.0985409226900345e-07
NRV,preprocess_Reading46.dat,0.36540247430528094,0.055733456697633195,2.073419823147019,0.6690717567293827,-0.25560973020987326,-8.390248387924804e-07
NRV,preprocess_Reading47.dat,0.5569313122220428,1.294876687587161,0.12877651280125585,0.7976318579449507,0.3661213639394652,-6.842143681071583e-07
NRV,preprocess_Reading48.dat,-0.029331243117052257,0.6925513069885859,1.7778362213148042,0.7581836140779371,0.05310818137312751,-1.3185453483645894e-06
NRV,preprocess_Reading49.dat,0.2298713830536602,0.8125475819797726,-1.1613575522619497,0.2103518166862336,-0.26996602900637745,-1.6082963588416145e-06
NRV,preprocess_Reading50.dat,-0.6517106349424252,0.6832280770344039,1.4783882734963647,0.4995702290036193,-0.43185995197246874,-6.271620548932236e-07
NRV,preprocess_Reading51.dat,-0.662758025212385,0.5124732519765743,1.155854887985889,0.11429085417295776,-0.38355321332411246,-1.5734249315473872e-06
NRV,preprocess_Reading52.dat,-0.6896450782167511,0.5287227137411821,1.4994290205519434,-0.13741242407006746,-0.10345839644608597,-8.87628417454287e-07
NRV,preprocess_Reading53.dat,0.01844808009156998,0.7996872818065809,0.42153993730244194,-0.023121676492649148,-0.16334467958208498,-1.6119765851827961e-06
NRV,preprocess_Reading54.dat,-0.6789210745715526,1.0304684449129065,1.2946569414567999,-0.08005005359543294,0.10684605869940345,6.079338651636353e-08
NRV,preprocess_Reading55.dat,-0.7004425380156231,1.1867731712085616,2.264992096015042,0.181702914055124,0.18782037258327472,-1.2904935111425775e-06
NRV,preprocess_Reading56.dat,-0.48991996700675394,0.8304805455007774,1.1152116879563467,-0.06674210858523266,-0.07258692600005559,-1.7716217546081443e-06
NRV,preprocess_Reading57.dat,-0.016612106368754462,1.2251062488624513,0.6383548767908185,0.3054410286351587,0.008023411728761896,-1.7081619551486307e-06
NRV,preprocess_Reading58.dat,-0.5493202139122209,0.7391528199017857,2.1650332402774106,0.2763426262071544,-0.19641745286441586,-1.6295295359854825e-06
NRV,preprocess_Reading59.dat,0.2709212308303516,1.4058171807878528,1.2640217908135936,0.32469335429159313,0.3773899564807609,-1.6515547036890449e-06
NRV,preprocess_Reading60.dat,0.2355045691960809,1.4381627276658346,-0.7257303054402436,-0.028633110329098196,0.05562465469141199,-1.2167296587324429e-06
NRV,preprocess_Reading61.dat,-0.563650926372244,1.6047133101740256,0.9997204162344958,0.0824346108735303,0.1360498175992235,-1.3620088041030483e-06
NRV,preprocess_Reading62.dat,0.7586903540865189,0.8422512027232508,0.14977532062704213,-0.002630919926757223,-0.015100382307353461,-1.5872212252929847e-06
NRV,preprocess_Reading63.dat,0.7792968836556672,0.8137133090132892,-0.18991655422848347,-0.19447197672778452,0.10309782404651939,-1.0658705489467469e-06
NRV,preprocess_Reading64.dat,0.22559029672700473,0.07313852494944628,1.9721541337780888,0.06714296004304088,-0.4657958569608184,-1.6849849140189715e-06
NRV,preprocess_Reading65.dat,0.3604760613343049,0.3465691101918973,1.3894097069032412,-0.15863685607357492,-0.13454560888446918,-1.68745125948491e-06
NRV,preprocess_Reading66.dat,0.45583503678927,0.5084887762055714,1.6145870685837975,-0.10704863814265388,-0.06769468835637966,-1.5622882792131387e-06
NRV,preprocess_Reading67.dat,0.3825173916298618,0.4574352394481545,1.8175322915909229,0.011660026556795985,-0.21237590220001884,-1.6357978588704703e-06
NRV,preprocess_Reading68.dat,-0.19724904074912694,1.1884470060483328,1.7504610920614379,-0.3286365541546454,0.20332984284420183,-1.583045471512276e-06
NRV,preprocess_Reading69.dat,0.0505435868818239,1.422167248693953,1.8089556236119264,0.0692725142842203,0.5179613634146256,5.058044718873204e-07
NRV,preprocess_Reading70.dat,0.5067398453653487,0.3011252795912263,1.6179867499442846,0.2016254368687953,-0.20637131839536857,-1.1936308712507558e-06
NRV,preprocess_Reading71.dat,-0.4469591257901815,1.3383173256896541,0.6071795750072746,-0.1630517486248477,0.07223592403433672,-1.6542981959452203e-06
NRV,preprocess_Reading72.dat,-0.05474730983106079,0.4424954922677179,0.12105592840247215,-0.3582683110139362,-0.5055760412413226,-1.6695496786636612e-06
NRV,preprocess_Reading73.dat,-0.568795692625797,1.0346444586861838,0.39409068920196794,-0.43815629959206515,-0.31168114452444096,-1.3899651134655242e-06
NRV,preprocess_Reading74.dat,-1.317944913502542,0.9112490071205747,1.3102167924745893,-0.4773769101670165,-0.38609120848191186,-1.3695431526155376e-06
NRV,preprocess_Reading75.dat,-0.14831919452512224,0.28696442469277256,0.2978019409093739,-0.2184499866023628,-0.616945288250503,-1.6037078798287916e-06
NRV,preprocess_Reading76.dat,-1.5609856149655337,2.65638741169431,-0.785414457616754,-0.679856260019106,0.38899670916144774,4.852754485617577e-07
NRV,preprocess_Reading77.dat,-1.9238789127753166,1.6771233360064444,0.37005541305756334,-0.446056125205917,-0.2909605350706041,-3.509266679496391e-08
NRV,preprocess_Reading78.dat,-1.1101867465363464,1.7754882788605482,-0.14042353143944072,0.1563846143890441,-0.10585149691511635,-2.5754749991576004e-07
NRV,preprocess_Reading79.dat,-1.2402686691419516,1.980759737052613,-0.03117761142120432,-0.28802313785277067,0.07103219993242103,1.0866365192677536e-06
NRV,preprocess_Reading80.dat,-0.41883398775449443,1.0976908434222648,0.38145473241178285,-0.042957422850094386,-0.02748444429107472,6.873489993982703e-08
NRV,preprocess_Reading81.dat,-0.878873382394156,2.3257446633240617,1.0089905154349692,0.3589317848187484,0.6014213446164094,6.150149661536568e-08
NRV,preprocess_Reading82.dat,-0.5696975322008844,1.1343242106210998,0.20661411597912804,0.11403836801610331,-0.2639223399486314,-5.195462291884146e-07
NRV,preprocess_Reading83.dat,0.23948329392016138,0.682277670717963,1.1774729455751924,-0.11919702476113453,-0.0939157851608648,-4.418587255065043e-07
NRV,preprocess_Reading84.dat,0.03108614905560855,1.350008873467061,-0.1791695543583453,0.20639252109840467,0.018251547154791405,7.436719687511185e-07
NRV,preprocess_Reading85.dat,-0.3374219737731621,1.9065692430517296,-0.2183222719726411,0.35177733589861726,0.24961479919769164,-8.695892694697531e-07
NRV,preprocess_Reading86.dat,-0.6427793414856723,1.6609768810795118,1.0205885999398685,0.26446268052156163,0.1292453091787817,2.571701512666192e-07
NRV,preprocess_Reading87.dat,-0.568637428233355,1.351200389354851,0.2727591509192655,0.34864155149483633,-0.007888148552479974,-8.975081312875671e-07
NRV,preprocess_Reading88.dat,-0.5664585897189021,1.4184829726555066,0.42595331446204454,0.6183393926886617,0.040570586841860046,-9.581076829087055e-08
NRV,preprocess_Reading89.dat,0.2534200256818148,1.3128765968055631,0.18867542106167515,0.34008211725517873,0.07249140926240581,-8.197812151429771e-07
NRV,preprocess_Reading90.dat,0.1425267789275552,0.9438003777858551,1.5119705183972878,0.30656202668781735,0.15517466725426401,-9.424219181381237e-07
NRV,preprocess_Reading91.dat,0.4828425396879181,1.1222614273225338,0.45384794404252776,0.23439425918395618,0.3631207970596632,-1.0626851053879852e-06
NRV,preprocess_Reading92.dat,-0.2008899163650054,1.2388731220427567,0.29020633001009793,0.3032175826474705,0.06950248737395866,-6.155381266133253e-07
NRV,preprocess_Reading93.dat,0.12792317027987776,1.3654271689853654,0.4489813607846774,0.5865528805467489,0.039032049448398734,-1.2945886073139821e-06
NRV,preprocess_Reading94.dat,0.7713034769887281,1.0327942306528082,-0.2844007376552624,0.5189623601884891,-0.020356338008940888,-1.2995796479352237e-06
NRV,preprocess_Reading95.dat,1.4247584433822886,0.7040649608204446,0.682243881453023,0.6493892597200888,0.15549549889118552,-6.532287689322435e-07
NRV,preprocess_Reading96.dat,0.6244612100835086,1.0920082637601807,0.3093586629465261,0.383500244298543,0.15354234326917665,-9.793078870280304e-07
NRV,preprocess_Reading97.dat,1.6296288771450766,0.9716652166799322,0.3296127925547392,0.3910860437551756,0.6736431973206349,-1.1169224347494184e-06
NRV,preprocess_Reading98.dat,1.0325117558180563,0.8322300503968748,0.42218430224225345,0.5576827522423219,0.15886449982548265,-1.5567342796903441e-06
NRV,preprocess_Reading99.dat,0.29434851607145457,0.9089595320314708,0.07320099215873666,0.7258656501838336,-0.274042511244186,-4.828878053432223e-07
NRV,preprocess_Reading100.dat,0.3172637045649355,1.716390336092939,0.14474994151566495,0.7163334471347647,0.21340061888522838,-5.436083369105239e-07
NRV,preprocess_Reading101.dat,0.6490413002690036,0.7217076206732833,0.685856591057572,0.7324663219152153,-0.001681420514673358,-1.0006665534408183e-06
NRV,preprocess_Reading102.dat,1.046448501421201,0.8045846685173895,0.7894360806516382,0.6839741989633871,0.3204946676016074,4.110155518765131e-08
NRV,preprocess_Reading103.dat,1.2616346271380594,1.700254568198728,-0.006786158800779493,0.8250562254790617,0.9539306916849686,3.2936869982870743e-06
NRV,preprocess_Reading104.dat,0.7188043451470186,1.3368812724521801,0.7113454304865102,0.6549776966717678,0.35119379650181465,-9.160178931516197e-07
NRV,preprocess_Reading105.dat,0.012154341329859588,1.332247649358631,1.7090751604641463,0.5812783481378072,0.14467326393248087,-7.772939662600975e-07
NRV,preprocess_Reading106.dat,1.0105676713158667,1.0841908449238644,-0.24009869144848828,0.5619032898951473,0.134997418235738,-1.1645358429834199e-06
NRV,preprocess_Reading107.dat,-0.25280017269120564,0.899292753170187,1.607467330617547,0.7466027956522999,-0.27380343298002174,-1.4666076888643904e-06
NRV,preprocess_Reading108.dat,-0.3967193567409476,0.8134403290908137,1.3420925196498978,0.7635950791998002,-0.3267388686072981,-1.3844584165602638e-06
NRV,preprocess_Reading109.dat,-0.5091407921214708,1.0460837844918474,1.3259713995551863,0.5330816779703555,-0.25166275348996936,-9.647879685405547e-07
NRV,preprocess_Reading110.dat,0.23043897592206675,1.3150424604217015,1.6615138262114577,1.199009105144106,0.47931576782158886,1.9431581842163536e-06
NRV,preprocess_Reading111.dat,0.16394743932030928,1.5660426712460072,0.9868836778543115,1.0507062756341867,0.3463271112684741,-9.037563401607742e-07
NRV,preprocess_Reading112.dat,0.5751847006217592,1.1286424773194932,0.38590256463942063,0.7193801971408524,0.061149134490568,-1.1318580101469444e-06
NRV,preprocess_Reading113.dat,0.7192460046241601,1.2130921254447138,1.3131849872979806,0.8674254610061303,0.5072543851286244,8.281823729935009e-08
NRV,preprocess_Reading114.dat,0.8050234795518798,1.1468123035344417,2.486229711353089,0.9587167908818162,0.6091331298014114,5.122299164583521e-07
NRV,preprocess_Reading115.dat,0.6002025979625945,0.9311654310772377,-0.13413983853839645,0.8732583736354277,-0.17239227666671567,-1.1088018440462872e-06
NRV,preprocess_Reading116.dat,0.540638660582904,0.5724608370155639,1.0534072106663535,0.6952446895266436,-0.01828906042230946,-1.3016754448186038e-06
NRV,preprocess_Reading117.dat,0.6865524335166513,0.7884775865322565,1.5501019605061037,1.0874135894897827,0.26852203294224986,-1.3033011088636868e-06
NRV,preprocess_Reading118.dat,0.9271522325874475,0.5666970203701436,2.0541325204655623,0.8362794409665145,0.3370118983301897,-3.0031234970638833e-07
NRV,preprocess_Reading119.dat,1.3041039113413655,1.0702088834983206,0.18882885729784188,0.6237963548768166,0.5913577821205082,-9.339303416150069e-07
NRV,preprocess_Reading120.dat,1.1150197785752938,0.5730016521936534,2.2446735316929156,0.8006289283853185,0.23787181064331597,-1.136812726890165e-06
NRV,preprocess_Reading121.dat,1.1043882213230667,0.6836885934101574,1.170310582952708,0.722339051974763,0.21019509741554515,-1.3342588142018801e-06
NRV,preprocess_Reading122.dat,0.4914578571958547,0.7506795674551761,1.1271400621538088,0.9090968595053531,0.04925328465691899,-1.962074796055416e-07
NRV,preprocess_Reading123.dat,0.5139035203832752,0.6612271187703745,0.7683277855258019,0.6657976361480009,-0.18649595801005686,-1.3223953398999634e-06
NRV,preprocess_Reading124.dat,0.5507404343681417,0.6672326435882031,0.6534798358277158,0.9706273062182632,-0.15839014112950459,-1.6205142293511822e-06
NRV,preprocess_Reading125.dat,0.4108479394622193,0.9936549765164269,-0.44917842646591855,0.7162269397230485,-0.12062019015243124,-1.776607685655414e-06
NRV,preprocess_Reading126.dat,0.12371524248822181,0.8420862127210672,-0.48221551262429047,-0.09866831383791616,-0.3257840628520122,-1.5269391634742478e-06
NRV,preprocess_Reading127.dat,-0.29291824830928104,0.5285334517607193,1.306406213109542,0.39780395680989666,-0.35930815454369863,-1.5163480242469013e-06
NRV,preprocess_Reading128.dat,-0.6095277857294095,0.9158267031990255,1.2359646745434123,0.3537093507788421,-0.3225555627282077,-1.1511585273591164e-06
NRV,preprocess_Reading129.dat,0.27841619682537616,0.900231839338448,1.4911049733807447,0.7435316988413995,0.044103669322191126,-7.005659360901727e-07
NRV,preprocess_Reading130.dat,0.30607225094412366,0.7086163301993239,0.23205010108223592,0.41549733255227417,-0.26723486748387065,-1.1070646299620135e-06
NRV,preprocess_Reading131.dat,1.1233547196301925,0.44710969482678636,0.3670347375029261,0.2073848065503234,-0.012302319037374868,-7.497056850350438e-07
NRV,preprocess_Reading132.dat,1.1921182625001365,0.9849068993737371,-0.11299676052734574,0.011218158732227545,0.6403040739462569,-1.3108479503351958e-06
NRV,preprocess_Reading133.dat,1.2425380764284124,0.3652682151436073,0.0032047548131277255,0.20430208478392656,-0.039769358908073635,-1.1644724423069097e-06
NRV,preprocess_Reading134.dat,0.667410774366619,0.5212150613427211,0.7826894640948135,0.19625775334558876,-0.11000203512763089,-1.4834699589366805e-06
NRV,preprocess_Reading135.dat,0.9622086695542421,1.2138661615805075,0.33064277372749484,0.12784404789352363,0.5020216998534236,-4.992319933811642e-07
NRV,preprocess_Reading136.dat,0.5957945622420167,0.8396770390059094,0.096583439959125,-0.49277996558601583,0.01043927282774062,-1.2079133113167598e-06
NRV,preprocess_Reading137.dat,0.8316844844268867,1.6334606731850252,0.12239967157530605,-0.1660567675326424,0.601196771504888,6.824844291549507e-08
NRV,preprocess_Reading138.dat,0.49840575741208487,1.1549846277825235,0.6958847482762861,0.23237174782220257,0.15953237022642333,-1.494762566739713e-06
NRV,preprocess_Reading139.dat,0.6424210612998033,0.6190491046327904,0.8564564520733511,-0.06449497602673383,-0.024388430793978875,-1.9367782177142066e-06
NRV,preprocess_Reading140.dat,0.24002005231749995,0.9128023372253948,1.1472123763724404,0.25421229896126063,0.08944513756587649,-1.811864664320295e-06
NRV,preprocess_Reading141.dat,0.23959751451350636,1.1133875581384947,1.9322889122686502,0.06611515335185097,0.36778946503932997,-8.120776643435495e-07
NRV,preprocess_Reading142.dat,0.21347706524997856,0.38470731395877683,1.0937032459131373,0.03679060508784875,-0.3300931361878258,-1.548647950080874e-06
NRV,preprocess_Reading143.dat,0.16192078982348418,0.8117625751906028,1.6435477840549897,-0.006826133561581765,-0.013094151896343371,-1.1531057466208727e-06
NRV,preprocess_Reading144.dat,-0.32421109548593346,1.4151111061019055,1.013727981171876,0.0229557287524608,0.12439826875137198,-1.3176387311248635e-06
NRV,preprocess_Reading145.dat,-0.4968520879985526,1.294736737465931,1.5817846829647237,-0.2987599700886235,0.05118439737605245,-1.170966920731714e-06
NRV,preprocess_Reading146.dat,-0.053112713852363914,1.3554800369371796,1.8765248987444916,0.3549457725441657,0.12271036341797978,-1.2626855202344034e-06
NRV,preprocess_Reading147.dat,0.38691987934303607,0.813043150423455,1.297970429903814,0.27800519684858216,-0.02888821794323522,-1.5956151963954465e-06
NRV,preprocess_Reading148.dat,-0.1989818194835184,1.0459098833899236,2.1312466269785575,0.7067556531584939,0.12020505384880145,-8.609294077764722e-07
NRV,preprocess_Reading149.dat,-0.3845926370055857,0.8594650735175057,1.9856813963486057,-0.12290887160060544,-0.08629669292410419,-1.3756317361840079e-06
NRV,preprocess_Reading150.dat,-0.7758678963990265,1.0901501009552117,2.353790023369937,0.03792573385687853,0.11175919114815104,-1.4377777314013651e-06
NRV,preprocess_Reading151.dat,-1.6087578779142229,2.1773398710015144,1.1210523825032455,-0.9350361845751255,0.22167968617137163,-3.626915449267869e-07
NRV,preprocess_Reading152.dat,-0.1776921105190707,1.9300950689280958,-1.8121340534040713,-0.5332551736490944,0.038998851956149196,-7.120074018015389e-07
NRV,preprocess_Reading153.dat,-0.24130132309755914,1.9533026700822853,0.16860403012744296,0.11014642416340173,0.5062634891953062,-3.334106358403286e-07
NRV,preprocess_Reading154.dat,0.050037150970759406,2.3270716953929855,-1.2734264585989075,0.3326535296449218,0.4567541407395706,-1.1589229605076822e-06
NRV,preprocess_Reading155.dat,0.4329297974424508,1.953076043757704,-0.7985593287159035,-0.060454622666579194,0.4020736658144648,-7.287251545421301e-07
NRV,preprocess_Reading156.dat,0.4398438187801125,1.705449912084535,-0.4360104144179414,0.04027494093802447,0.27391100991959405,-8.479755240492649e-07
NRV,preprocess_Reading157.dat,0.15993633032054608,1.1898428132649095,0.8142839675355925,0.03805579041969711,0.1584855775131227,-4.495079213206215e-07
NRV,preprocess_Reading158.dat,-0.23890491291130975,0.9506361748056914,0.808768317008256,0.29298813846674393,-0.05331616389488519,1.8287056828007424e-07
NRV,preprocess_Reading159.dat,0.541240987046012,1.292696120596529,0.25303697786419604,0.1333642032402399,0.33305927447571493,-4.5091312404814594e-07
NRV,preprocess_Reading160.dat,0.08467479969873846,1.3999528379490584,-0.5500566255909932,0.009970076245332532,0.1389044660261312,1.8568998803991767e-07
NRV,preprocess_Reading161.dat,-0.3710730334877748,0.8653191190202602,-0.4396051050063985,-0.19417127628854403,-0.3920820989741867,1.2502889829128963e-07
NRV,preprocess_Reading162.dat,-0.05973621027628405,0.9106975628902425,1.8522241813609115,0.23021350401944043,0.27774540184127455,2.1715179612592792e-07
NRV,preprocess_Reading163.dat,0.23319511985547586,0.8121379961531753,1.043453459131049,0.47754168597989854,0.34355865555290016,-4.962287430351936e-07
NRV,preprocess_Reading164.dat,0.7383286920377079,0.8140905006591912,0.24285851152735158,0.20878524967822146,0.13280118893844128,-7.188766294288231e-07
NRV,preprocess_Reading165.dat,0.3025623051680097,0.7902358289949132,1.2982082062646068,0.474023681158321,0.07964085774563189,-2.960739503418104e-07
NRV,preprocess_Reading166.dat,0.7687820505287581,0.5719203266097377,0.7206631039186856,0.17160225718004446,-0.10551633077041217,-7.558606750734342e-07
NRV,preprocess_Reading167.dat,0.4129012181095501,0.7076218047680334,0.8922977318107465,0.6368093111527582,-0.08456324805791972,-2.0234807923979813e-07
NRV,preprocess_Reading168.dat,0.4495549104621946,1.1426647259720393,0.635927172425439,0.5924333495276625,0.09635664603386379,-5.611153541809409e-07
NRV,preprocess_Reading169.dat,0.41039077754845266,0.9730010682904021,0.29410144006630384,0.3041736378855851,0.028661831986480375,-4.762002776081135e-07
NRV,preprocess_Reading170.dat,0.13835476370026242,1.2607511541913818,0.37211699586259966,0.4621559509511913,0.13490399842441586,-8.672177036642016e-07
NRV,preprocess_Reading171.dat,-0.9277123333162093,1.1936146636887692,0.40603706288538566,0.2756992663299798,-0.17059214630767935,-3.50554061310205e-07
NRV,preprocess_Reading172.dat,0.43300217417652703,1.3589908163581492,-0.3866145969101498,0.2642755362846796,0.31292336204168464,-6.973730246734585e-07
NRV,preprocess_Reading173.dat,0.5699488424893968,0.7416727405770581,1.267064856964402,0.8682317498766571,0.22990264251554132,-8.584828007388336e-07
NRV,preprocess_Reading174.dat,-0.4999209161548442,0.468489506397922,1.3017503543155193,0.5978265526858889,-0.5896150847624033,-4.107945208591269e-08
NRV,preprocess_Reading175.dat,0.19879227312559955,0.9387165156461391,0.534137017849222,0.7252255087394566,-0.11812630398169918,-1.0633380755812764e-06
NRV,preprocess_Reading176.dat,1.28469949258932,0.8599092716021697,0.03218251715717155,0.5089061755816282,0.26786939591540526,-1.248495666295118e-07
NRV,preprocess_Reading177.dat,-0.5078151897907117,1.8435183553976864,1.643354572442501,0.7726193436328513,0.4750977640572028,1.5763154639138165e-06
NRV,preprocess_Reading178.dat,0.19623983830347652,1.0131690836769496,0.08029932663197614,0.3968533761421182,-0.11239971408995905,-8.418525127256305e-07
NRV,preprocess_Reading179.dat,0.9010891894272962,0.9814700084238779,-1.4206709327331846,0.36370976790501686,-0.28669713214704734,-7.456410233244054e-07
NRV,preprocess_Reading180.dat,0.6634618312024895,1.2726984008755549,-0.930893880663762,0.4087760200215793,-0.060544423332447334,-5.190922766944356e-07
NRV,preprocess_Reading181.dat,0.3602552991062542,0.5709837362470774,1.226400527690684,0.31897001596363506,-0.3211990552841098,-9.786768115430488e-07
NRV,preprocess_Reading182.dat,-0.3097672105190763,1.7758305121638007,-0.8533811028864181,0.47764895934956897,-0.10772195146345862,-9.908609462514823e-07
NRV,preprocess_Reading183.dat,-0.24960120953963108,1.0297618872490018,0.98895945135205,0.5807200574471433,-0.3323765998513191,-1.290472133121893e-06
NRV,preprocess_Reading184.dat,-0.004994975982699917,1.553151716911854,-0.4103523772979598,0.3476160668404028,-0.08674723526171872,-1.085066390607215e-06
NRV,preprocess_Reading185.dat,-0.16854997478217137,1.9102171924415898,0.4777388197857785,0.6068454313346399,0.2367130962591161,-1.2096309403723854e-06
NRV,preprocess_Reading186.dat,0.8185904038197072,1.2122205325368938,-0.15397605716743973,0.7206427554572398,0.14025106361739104,-5.405379106215729e-07
NRV,preprocess_Reading187.dat,0.46470100805024467,1.3634413637162182,0.8905409721398211,0.9497279843485941,0.29425340496972296,4.754576464030859e-07
NRV,preprocess_Reading188.dat,0.7508020877407103,0.6556641503880117,0.9161032790639534,0.6715778324558274,-0.01979065719923983,-1.4100923916724723e-06
NRV,preprocess_Reading189.dat,1.7990471932451042,0.3770665455950736,-0.05233585233825641,0.44856465091555536,0.007727315170154575,-1.402699743951652e-06
NRV,preprocess_Reading190.dat,1.2156980540156948,0.436924327082718,-0.8021814398441562,0.35098312271826154,-0.3366893735284672,-1.4700836602320973e-06
NRV,preprocess_Reading191.dat,1.354807042746882,0.6199292408117414,-0.2409931421287466,0.48447376800600184,0.021733083959166528,-1.091485747510976e-06
NRV,preprocess_Reading192.dat,1.747232056598246,0.6869945835583808,-0.8421832961400826,0.3503655209505521,0.13666513035345698,-1.5097775443949793e-06
NRV,preprocess_Reading193.dat,1.1624525542658468,0.5823903242325202,0.010112075726620432,0.31154357619609174,-0.14290882189768955,-8.731658717565072e-07
NRV,preprocess_Reading194.dat,1.4849894918701896,0.28910930638909793,0.02807351571705247,0.24594073689266127,-0.16284593724056232,-1.5491783933591462e-06
NRV,preprocess_Reading195.dat,1.2298926499912157,0.5624087865173698,-1.5498532197575936,-0.33479104903751294,-0.24580911261165067,-1.7880262712941864e-06
NRV,preprocess_Reading196.dat,0.6633746400345014,1.0074983772532213,0.0038458929199617475,0.31989800108856326,0.11229594338762428,-1.6083837900561134e-06
NRV,preprocess_Reading197.dat,0.42559924612464295,0.26147362190647977,1.1001449710901392,0.552138050704316,-0.4010972218449799,-1.349750484864338e-06
NRV,preprocess_Reading198.dat,0.6584140236805957,1.0667521249536283,-0.6230486229181496,0.49392113528081555,-0.041125093285521934,-9.537931394830066e-07
NRV,preprocess_Reading199.dat,0.720792980786356,1.3065095428539313,0.24794299916569926,0.5622009330521852,0.35796834675662637,-8.547202496912966e-07
NRV,preprocess_Reading200.dat,0.39231891928661233,1.2585487723902757,0.49445091229759935,0.9533589639347617,0.18620364968966174,-9.616939861446815e-07
NRV,preprocess_Reading201.dat,-0.10408188439692026,1.5539584689014683,0.25067949354275953,0.6816635721174936,0.030330718705758385,-1.4926709015179913e-06
NRV,preprocess_Reading202.dat,0.900357881169561,0.49451034717338693,-0.13094652719849184,0.5896505376668879,-0.005193075909424877,-1.309036756188695e-06
NRV,preprocess_Reading203.dat,1.0169784700300772,0.5067172442698379,0.5257236789432326,0.5707477148620148,-0.02358742075536111,-1.023796037267201e-06
NRV,preprocess_Reading204.dat,0.22234634147195742,1.6033317791233848,-0.22791611914728951,0.4255648131918724,0.2677638866773046,-1.2880349802299026e-06
NRV,preprocess_Reading205.dat,-0.5522780586571282,1.7054054611265255,1.7381969997060707,0.8915122803829545,0.2867810153412282,-1.5066046189390008e-08
NRV,preprocess_Reading206.dat,-0.8132108311195302,1.2802164808897543,1.2773335736585363,-0.012665477694599426,-0.08256639171332364,-1.3800694071721038e-06
NRV,preprocess_Reading207.dat,-0.4011635902976163,1.4921593634802715,0.585800581320577,0.3464698437367015,0.08029243192287855,-1.1507526572005481e-06
NRV,preprocess_Reading208.dat,-0.04139890662315441,1.37226017189518,1.090029210767694,0.5427027623314444,0.17974199355421416,-1.3549276716369426e-06
NRV,preprocess_Reading209.dat,-0.5666059897303439,0.8138531221204469,0.37137207943457984,-0.3114839564948204,-0.4603258941578389,-1.326746585502094e-06
NRV,preprocess_Reading210.dat,-0.3408975551547428,0.5021235457682908,2.4395116734400184,0.23120845042128732,-0.1909179112652542,-1.1913528483750776e-06
NRV,preprocess_Reading211.dat,-0.339746604864075,1.1560045693824372,0.14620660918897382,-0.19042776272668632,-0.12189522027151803,-1.362787338993128e-06
NRV,preprocess_Reading212.dat,-0.09846477327516354,0.9253068864353634,1.4231281902505524,0.06994079971270144,0.014223458509290016,-1.332644179639783e-06
NRV,preprocess_Reading213.dat,-0.21418419610631342,0.8540682002697417,0.737618271932106,-0.6017262307109216,-0.10637751729976262,-1.1286326534958307e-06
NRV,preprocess_Reading214.dat,-0.3772447663519785,0.6455223844187246,1.596834947085595,-0.558327953008003,-0.13154615707526743,-1.059744406546278e-06
NRV,preprocess_Reading215.dat,-0.03246968024218691,0.7657301340903102,3.063220781685802,0.29522556437049985,0.2239864918491206,-1.3848235726820708e-06
NRV,preprocess_Reading216.dat,0.5661094615491118,0.1460162602672614,1.3481714555763935,-0.3525751936568593,0.00017398370752555638,-1.7586205077389606e-06
NRV,preprocess_Reading217.dat,-0.017164741568233666,0.9708918454234083,0.9514706051745879,-0.5626026535617424,0.21441925749334248,-1.4664146964916876e-06
NRV,preprocess_Reading218.dat,0.031359312073013026,0.5020199476301632,1.2676596249063654,0.11609490905579753,-0.13450993083439633,-1.698064866861505e-06
NRV,preprocess_Reading219.dat,0.22909953978369238,1.0537966634210303,1.185204639392836,0.016296200190818653,0.2912861597680273,-1.1262467097133324e-06
NRV,preprocess_Reading220.dat,0.2615039501958705,0.1178046429482555,0.7618274973513169,-0.32667263424593496,-0.2549875926191579,-2.003056304888569e-06
NRV,preprocess_Reading221.dat,-0.017424370513649017,0.5920798928813911,1.27821224277166,-0.46387643545067764,-0.020928991291798392,-1.1915175329243815e-06
NRV,preprocess_Reading222.dat,0.3120711804631346,0.8250929749169127,1.59606338636015,0.13338435716214544,0.1641286748673779,-1.502718257377403e-06
NRV,preprocess_Reading223.dat,0.04129771460369196,0.9371835751783851,0.4364497218259739,-0.5417700094666978,0.02901212454995001,-7.491563012652027e-07
NRV,preprocess_Reading224.dat,0.17552337112176952,0.4194466476736488,0.4685119075460616,-0.40069218822556935,-0.34772191616823606,-1.3129420796804803e-06
NRV,preprocess_Reading225.dat,-0.8250274073182929,0.8150768547126371,0.3572696035081278,-0.19675498860453067,-0.46441282126374206,-1.2741767883569641e-06
Piston,preprocess_Reading1.dat,-1.6179181017730786,-0.22847463019700576,0.8543373121538792,-1.8535044835474812,-1.3223781625750857,-4.0839558736232894e-07
Piston,preprocess_Reading2.dat,-1.3434995871351907,0.5382226716093113,1.3229318620005412,-1.4756506971291037,-0.5453285132997784,-2.5573538213092336e-07
Piston,preprocess_Reading3.dat,-1.1062036451535657,0.41746409892112174,1.2783226048900307,-1.110061830921239,-0.579601112462548,6.329295998623121e-07
Piston,preprocess_Reading4.dat,-0.445996474183023,0.2794060762658699,0.7121472997578556,-0.9812661721598652,-0.5476682974240031,5.344233280562046e-07
Piston,preprocess_Reading5.dat,0.586531728597559,-0.17048357661293237,1.5240688754622247,-0.6743092765616694,-0.3598613894145418,5.863316549823356e-07
Piston,preprocess_Reading6.dat,0.9616769607341147,-0.4513029052914418,0.44903442165279855,-0.7471717444322331,-0.5771634728883003,-1.712968249066951e-08
Piston,preprocess_Reading7.dat,0.7620859328960085,-0.7245102010824155,0.4161165862261436,-0.7142884816241601,-0.8933065000723127,-1.3086167731566296e-07
Piston,preprocess_Reading8.dat,0.6039601982811551,0.11914082691670623,1.2702631820767565,-0.6102398248322758,0.015267608861540277,1.6345017461267192e-07
Piston,preprocess_Reading9.dat,0.4355008053869045,-0.27576024041290403,0.3602731870442574,-0.8898648876308655,-0.554197073136186,1.8365316914620706e-07
Piston,preprocess_Reading10.dat,1.01317180808857,0.097993377586827,1.221519934026125,-0.35493380658368495,0.12267963204128922,1.0784624738425058e-06
Piston,preprocess_Reading11.dat,1.1075136474876377,0.08259457432303714,-0.20610242223000325,-0.7086549616718892,-0.015798024419101036,-3.4968988023814495e-07
Piston,preprocess_Reading12.dat,0.7533031491844191,-0.28794867666605856,0.29167644361531253,-0.29946140220849415,-0.3317605232027172,3.493444479192186e-07
Piston,preprocess_Reading13.dat,0.9286620873268585,0.2995690522337434,-0.8188871750724269,-0.6125086846520305,-0.08874069401055017,5.769482447879612e-07
Piston,preprocess_Reading14.dat,1.507144983669464,-0.06033775706293144,-0.07270682075427339,-0.3456208040556592,-0.14916969754401502,-5.188489096049324e-07
Piston,preprocess_Reading15.dat,0.8143585170034221,-0.1404733275436136,-0.5578832557819429,-0.7868051225580928,-0.07218784879688482,8.393490775841626e-08
Piston,preprocess_Reading16.dat,1.3662605811091029,0.032221362893444475,-1.162550661840294,-0.8325236522616579,-0.0239342031870281,1.9426365195840404e-07
Piston,preprocess_Reading17.dat,1.1554235939739637,0.2439641971950801,-0.25167420419954334,-0.5645328598245954,0.10613321276075452,3.9313896482751714e-07
Piston,preprocess_Reading18.dat,1.1328083496191688,-0.40098051029679144,0.849386392899519,-0.23182617151135432,-0.1933951325831705,-4.596231523764648e-07
Piston,preprocess_Reading19.dat,1.6044886081078364,-0.18556446486151407,-0.6237442969785666,-0.5317518834507213,-0.060828562265330906,1.2970573296882664e-07
Piston,preprocess_Reading20.dat,1.5232654645762633,0.19131397048412968,0.21156636176291377,-0.296599407382758,0.3159006316743473,-3.136442448903361e-07
Piston,preprocess_Reading21.dat,2.0680788128395116,-0.4313545329171994,0.7436588713522327,-0.11725357313483964,-0.01789472474862674,-3.446044759091017e-07
Piston,preprocess_Reading22.dat,2.271210923019153,-0.7463063222737717,0.3958081141709205,-0.25107601846624855,-0.20693075151125626,-3.5971599416352847e-07
Piston,preprocess_Reading23.dat,1.7720681558465223,-0.11958864627136392,1.3751709664172533,-0.29166274363120476,0.4199976662696854,3.4376613395686624e-07
Piston,preprocess_Reading24.dat,2.1107640881691094,-0.6956538363635694,1.3025779907459885,-0.31322342796272873,-0.06445602421323479,-3.5439794845052e-07
Piston,preprocess_Reading25.dat,2.0670567515639893,-1.0369185288716547,1.7593529956017673,-0.12095633517830767,-0.2723537025506671,4.092741280699057e-07
Piston,preprocess_Reading26.dat,2.7840868224540563,-0.5743076011449346,-0.8293593505052637,-0.5509055997879299,-0.011824654124173883,-4.1752777957674717e-07
Piston,preprocess_Reading27.dat,2.46161759699095,-0.520388555970814,0.285069468698743,-0.1578967161102996,-0.09609269814820183,-1.1784015565972456e-06
Piston,preprocess_Reading28.dat,2.613432666582511,-0.9302088865033951,0.5251204842413227,-0.2877025835090504,-0.2589012975595656,-7.842343249890764e-07
Piston,preprocess_Reading29.dat,2.955203042184631,0.1167136636924212,0.423628692337746,-0.06943834299813004,0.6041776329410451,1.5027018098865625e-07
Piston,preprocess_Reading30.dat,1.9316116780025658,-0.4217778377175598,1.9903468479472586,0.04423443816529722,0.12015088063915144,-3.510131591627745e-07
Piston,preprocess_Reading31.dat,2.080184551132268,-0.13257002252001182,1.4522021941753456,0.1957824402325323,0.3247645454938174,-5.984677456397981e-07
Piston,preprocess_Reading32.dat,2.3270773680297725,-0.9372245550070771,1.3745912817302088,-0.04737678234091673,-0.16463950742151648,-5.066745107599634e-07
Piston,preprocess_Reading33.dat,2.2583729717660277,-0.7144036871546351,1.7969691919971964,-0.1880465920348066,0.05272690116793842,-3.0366301350282325e-07
Piston,preprocess_Reading34.dat,2.4119139398281764,-0.9977387047391073,1.532952976463354,-0.12413236234252663,-0.2237721537190787,-6.441156206136225e-07
Piston,preprocess_Reading35.dat,2.0467494076971495,-1.1525480413967288,2.1498919513875197,-0.2783014559051285,-0.4027784704333572,5.625430470278485e-07
Piston,preprocess_Reading36.dat,2.162134366875086,-0.7930667976153016,2.538084737120212,-0.0917434828569828,0.008272917955610125,4.40929366698983e-07
Piston,preprocess_Reading37.dat,2.6791435732146294,-0.43570121138883766,0.6719669102093772,-0.09544153958796245,0.10688229889688709,8.625704087009332e-08
Piston,preprocess_Reading38.dat,2.2468906001433226,-0.41812257361780986,1.4115001725456169,0.07665534549982178,0.232882758223567,2.049296222968479e-06
Piston,preprocess_Reading39.dat,2.384250051192283,-1.1915435049270555,0.9227825604255828,-0.33433557963446775,-0.3022641943738663,-7.072013269455378e-07
Piston,preprocess_Reading40.dat,2.506419518822815,-0.1629438093296385,0.1562496804119457,-0.48908613288870817,0.2726354479806758,3.233021335728558e-07
Piston,preprocess_Reading41.dat,2.685045843822761,0.2839444432250188,0.1968276316352289,0.01505606054099488,0.5561775888599653,-3.7305530302074367e-07
Piston,preprocess_Reading42.dat,2.700924313004552,0.11601210172175748,-0.5015741187478551,-0.26534760194701895,0.3663037627968614,8.792915002294718e-08
Piston,preprocess_Reading43.dat,1.8904138619344955,-0.7144484467266753,2.8945943332159483,0.13226865188585588,0.09224807519809625,1.039314999379851e-06
Piston,preprocess_Reading44.dat,2.5742221734670774,-1.2158329948535043,1.050731036571599,-0.22487904490343913,-0.38223217643159896,-3.4480708508274293e-07
Piston,preprocess_Reading45.dat,2.3505104602336524,-0.5444724166404913,1.2202289426784805,-0.07368228967908062,0.17943073738773982,8.482588525181631e-07
Piston,preprocess_Reading46.dat,2.2704567489520024,-0.7543864977649648,1.7863141267821512,-0.09289507928909786,0.005717670358426909,1.6439471534753025e-06
Piston,preprocess_Reading47.dat,2.1256611310174707,-0.4907138582377831,0.4245621388464922,-0.39792595964964916,-0.06367616963990821,1.4802338965682403e-06
Piston,preprocess_Reading48.dat,2.5779485062205962,-0.22323432134378576,1.4745564541129972,-0.145261078256817,0.5390324130744985,1.5074610510955521e-06
Piston,preprocess_Reading49.dat,2.811856546115329,0.072899147266614,0.22668646676348922,-0.025298608087134133,0.52791080725653,5.417006080741774e-07
Piston,preprocess_Reading50.dat,2.847115955468316,0.012118603279359753,-0.6490183512404185,-0.23471221641056672,0.29032156522739283,-1.2823948596471883e-07
Piston,preprocess_Reading51.dat,2.772119690086831,0.7289270089066153,-0.40072177281552795,-0.08688034862840441,0.7529459134813709,-3.1762895589672433e-07
Piston,preprocess_Reading52.dat,3.1142353116170014,1.261293005591121,-1.4527761288960355,-0.0706339019308321,1.3312025646974224,2.976934207272351e-06
Piston,preprocess_Reading53.dat,2.8384794492309253,-0.6026183708928178,-0.1469718207838916,-0.4667755015913789,0.08029404286368963,-6.134186012072141e-08
Piston,preprocess_Reading54.dat,2.9325177340086226,0.011409894062466034,0.5724276270716742,0.02013735312161222,0.5266879653045549,-4.4773894055405656e-07
Piston,preprocess_Reading55.dat,2.6913920426960125,-0.5834917555820359,-0.4556276421519515,-0.2846302511164364,-0.24963496141916108,-5.02609298438617e-07
Piston,preprocess_Reading56.dat,2.5757942391258433,-0.5086591540327302,-0.8534141640624313,-0.5007433094688479,-0.15714246010399768,4.666556008753442e-07
Piston,preprocess_Reading57.dat,2.79064450474128,0.75070571956917,-0.7481919373401321,0.1050901665743196,0.6578933301821229,1.3524936606843404e-06
Piston,preprocess_Reading58.dat,2.569943712207796,0.31634645032608955,-1.5072862151143889,-0.048610398117142024,0.14645494842476037,2.4380180669617144e-07
Piston,preprocess_Reading59.dat,2.5765968488760556,-0.5850170729229812,0.0838703233629592,-0.3994376336234451,-0.20165301362419738,-5.2280775028830905e-08
Piston,preprocess_Reading60.dat,2.6260647296767985,-0.46946631768825625,0.4092887497970018,-0.16929443322628707,-0.01679238527825286,2.7531045894377064e-07
Piston,preprocess_Reading61.dat,2.7537655869923254,-0.36982790584910696,-0.7728776297116146,-0.4148398391152487,-0.16727326631055708,-3.6996568953741164e-08
Piston,preprocess_Reading62.dat,2.648892655420713,-0.25672884355193104,0.4032783803045963,-0.30122466310151286,0.16661697087962826,6.176938428639812e-07
Piston,preprocess_Reading63.dat,2.4605933107105527,0.17431219754913185,-1.2546513381781537,-0.41240395451794054,0.05469462905648606,-8.64053898370223e-07
Piston,preprocess_Reading64.dat,2.6564844187667656,-0.9708058639566176,0.14494579480038658,-0.34117514669671484,-0.4102307453108692,-1.7122386230903486e-07
Piston,preprocess_Reading65.dat,2.5044613308093293,-0.2343286379869322,-0.07751068355829087,-0.3348208050926541,-0.03749313636651244,-9.029064431148278e-08
Piston,preprocess_Reading66.dat,2.1403840583685585,-0.6137541730728651,0.10357659777582764,-0.22240934039900184,-0.3438547523748137,3.2809058455916964e-08
Piston,preprocess_Reading67.dat,2.140805147685629,-1.0102421259922572,0.4336477430995415,-0.2933877169579955,-0.5124017960195513,7.49901535220989e-08
Piston,preprocess_Reading68.dat,2.424803315895656,-0.0923383186976241,0.24616311786125128,-0.30536761087676256,0.18494339452882008,-4.2181302326541883e-07
Piston,preprocess_Reading69.dat,2.46962878548838,0.000931432227762182,0.11758222833467484,-0.2902290200434742,0.26159086900167433,5.625682065827411e-07
Piston,preprocess_Reading70.dat,2.288552708799733,-0.6315214301856986,0.31769981134928216,-0.456804879701309,-0.11212127472535019,1.977371527704223e-07
Piston,preprocess_Reading71.dat,2.196774200307504,-1.1777858087944717,-0.33873923168847264,-0.6277405260491368,-0.7504891117402386,1.1682454798650473e-07
Piston,preprocess_Reading72.dat,2.2255361663330926,-0.9117026927740176,-0.1287387286715811,-0.5559105825897848,-0.5036509817518817,7.478076521947119e-07
Piston,preprocess_Reading73.dat,1.8509570954216992,-0.88548098589945,0.18481544742438702,-0.6518231023975227,-0.5839342038790828,6.796220537912684e-07
Piston,preprocess_Reading74.dat,2.1270378122047413,-0.4220159067042336,-1.1196628969996913,-0.6366788605980996,-0.2677923642171422,5.822222278177856e-07
Piston,preprocess_Reading75.dat,1.7590813619037884,-0.3403816219821788,-0.8608782653931047,-0.8288572353246896,0.0834477744676383,3.1835107651946745e-06
Piston,preprocess_Reading76.dat,-2.6818262559708215,-0.14556359220603132,1.2145345627247388,-1.9742804839008936,-1.4912007308522248,2.4133631981905254e-07
Piston,preprocess_Reading77.dat,-1.0193621943637694,0.10720154290797379,1.0153175861020853,-1.3018153511914348,-0.8220214839393647,9.507097892388158e-08
Piston,preprocess_Reading78.dat,-0.25027141466968,-0.6420563005486366,0.5701076384257103,-1.0963226586189623,-1.071728127344455,4.4102414439795393e-07
Piston,preprocess_Reading79.dat,-1.1498376533559962,-0.6148741898161943,0.4807356966481101,-1.4905717606559303,-1.405826835215004,3.196699442153163e-07
Piston,preprocess_Reading80.dat,-0.37582453603071947,-0.7910975132586929,0.5821858846888455,-0.8007334667648373,-1.2407776648643623,5.010947399303306e-07
Piston,preprocess_Reading81.dat,0.165359481947339,-0.9701606274444923,0.7749739833959985,-0.6087415430727132,-0.9931663455345857,-6.335688696529631e-08
Piston,preprocess_Reading82.dat,0.6900416967840718,-0.9466309575697053,0.6056683120421633,-0.6481828886439781,-0.8274476152116725,4.263313627616096e-07
Piston,preprocess_Reading83.dat,1.0430968844593227,0.10344018406826702,1.2076496963400047,-0.09904090069728287,0.2292061019901984,1.311216069774541e-06
Piston,preprocess_Reading84.dat,1.0214938800417503,-0.5544837172711095,0.4312648043868446,-0.18281852104531615,-0.6113377742521477,-3.065729605330643e-07
Piston,preprocess_Reading85.dat,0.8232970924766991,-0.6881314048820294,0.3262016876430564,-0.3703021203172771,-0.47909887244654414,-2.4590526347930254e-08
Piston,preprocess_Reading86.dat,0.8587736478490654,-0.8239778713215169,0.43944016002050934,-0.16534750061559342,-0.6147196300655274,1.5117790445393764e-07
Piston,preprocess_Reading87.dat,1.4264698897589545,-0.4507196191183969,-0.8973955123327785,-0.3457038291907124,-0.23953259156989082,-1.3732948950807903e-07
Piston,preprocess_Reading88.dat,1.44160503139234,-0.7052209918431009,0.9169958685119148,-0.1976312022782611,-0.2936373761603034,-4.432079071812134e-07
Piston,preprocess_Reading89.dat,1.1224298559608208,-0.05610421575918986,-0.7262834137638794,-0.19818418416212538,-0.1611774041514848,-4.144345754227397e-07
Piston,preprocess_Reading90.dat,1.6111720644631475,0.07952402530438146,0.1091199092503511,0.07869307131259458,0.09405972257706406,-1.0244682319977152e-06
Piston,preprocess_Reading91.dat,1.6444718645188754,-0.06896929955069817,0.20889615603299347,-0.07826329052144768,0.10807305072661223,-5.744177077967966e-07
Piston,preprocess_Reading92.dat,1.4624974755136888,-0.8512466310795362,1.4562420665373266,0.0492181288068142,-0.3744398578023265,-6.152507930922073e-07
Piston,preprocess_Reading93.dat,1.6015061094204774,-1.2863282298014405,0.3273836829673718,-0.34454975752677514,-0.7723743645265646,-4.6335771452757675e-07
Piston,preprocess_Reading94.dat,1.5789926947711672,-0.7414115664902171,-0.0911502438304185,-0.40533524175379587,-0.4424051924130866,-2.2400170739774027e-07
Piston,preprocess_Reading95.dat,1.7289283545536724,-0.9841966546491466,1.713970665681802,0.04270213868111914,-0.18233732943250539,-9.362833157936671e-07
Piston,preprocess_Reading96.dat,1.8636914656505872,-0.0240675896542513,0.9357004002951932,0.03530329231534173,0.31671108114100743,5.476301356477339e-07
Piston,preprocess_Reading97.dat,2.250476331843336,-0.21170692011741904,0.10812355500709321,-0.11343674926531731,0.08568781799658193,-9.752863491999812e-07
Piston,preprocess_Reading98.dat,2.165161340037485,-1.4797500229072733,0.27562134627009566,-0.23832756634875224,-0.7434694764103433,-8.938717770731612e-07
Piston,preprocess_Reading99.dat,2.0374143591224168,-0.31553172201677343,1.5676064290803104,0.09695243846958962,0.11347946726593298,1.061232704367779e-06
Piston,preprocess_Reading100.dat,2.5336402086499388,-0.10845300745143957,0.3630920600762646,-0.0010659699302422389,0.18315444780043746,-4.250783024135763e-07
Piston,preprocess_Reading101.dat,2.354219892920094,-0.7771020229369435,0.31890118753147023,-0.19858823049320135,-0.2648059005757362,-1.3489267047998777e-07
Piston,preprocess_Reading102.dat,2.1539909549772456,-0.8571973357855946,0.6728768351965692,-0.3851596791877962,-0.34528882735009736,-1.1893070271980975e-07
Piston,preprocess_Reading103.dat,2.4101629745093525,-0.7075419178192136,-0.49503520344196805,-0.5864185387564261,-0.34070623207272815,-3.027862249599111e-07
Piston,preprocess_Reading104.dat,2.337931371791576,-1.0275791750595347,0.8917125665229821,-0.004780678211249386,-0.3523221596629356,-1.9426553607979965e-07
Piston,preprocess_Reading105.dat,2.6611041336564725,-0.5035478990340938,-0.4590370726728952,-0.25302107340304786,-0.062234211303671065,-4.763945306769116e-07
Piston,preprocess_Reading106.dat,2.560575025503656,-0.7601388457728899,-0.8888808056370825,-0.48115236837564396,-0.2813650060250909,-5.036347370336604e-08
Piston,preprocess_Reading107.dat,2.8040648511420634,-0.09898100549203692,-0.4945185606982184,-0.30016269354787417,0.21271525365264626,-1.3151435735720565e-07
Piston,preprocess_Reading108.dat,2.8560377039269222,-0.07606485220023584,-0.5153366923856935,-0.3369889027554597,0.28579715009938594,2.722062531209327e-07
Piston,preprocess_Reading109.dat,2.9769541354562223,-0.9385235939543434,0.6605900059060679,-0.20443795643739687,-0.1427331121323456,-3.8680218793538535e-07
Piston,preprocess_Reading110.dat,2.2189842356410154,0.02759916338579889,0.878707684180578,0.14536154231168016,0.285316268562262,3.3536664852044514e-08
Piston,preprocess_Reading111.dat,2.441853423201579,-0.08810833237343317,0.9696492345197776,0.04367364105971202,0.35374867674323407,9.708682063329745e-07
Piston,preprocess_Reading112.dat,2.4416707481062456,0.29275973760856794,-0.4809471416621024,-0.07468805305476711,0.49123807141778514,5.379982046881582e-07
Piston,preprocess_Reading113.dat,2.1574805155339813,0.2465756757665949,0.010370134226016401,-0.05683539896290032,0.39788681919185903,7.60545593395651e-07
Piston,preprocess_Reading114.dat,2.510050300273422,0.4042803603453745,0.4565730688510331,0.07133828571946614,0.6217830096776545,5.169731275313687e-07
Piston,preprocess_Reading115.dat,2.8255541339545602,0.34287852422062354,-0.724502316712034,-0.30474513371411555,0.5008026435727446,-3.065728197915791e-08
Piston,preprocess_Reading116.dat,2.5738812590215683,-0.2745665514334608,0.0020169700995923286,-0.2617521082616747,0.2177515049563959,1.164289239645158e-07
Piston,preprocess_Reading117.dat,2.2651767141373216,0.4439076747434991,0.8208894044356814,0.14131611816093362,0.5801911239075879,7.440515408113652e-07
Piston,preprocess_Reading118.dat,2.4132397790196,0.2712557821621172,-1.5311442378476068,-0.5510897804108266,0.2631094604722082,6.032810543632157e-07
Piston,preprocess_Reading119.dat,2.503387494890096,-1.2149532878377034,0.1751585421779149,-0.36339785130014957,-0.546763411951796,7.662247767345645e-07
Piston,preprocess_Reading120.dat,2.4032481861398343,-0.7038281145136817,0.3304513748820944,-0.16735832857817273,0.03842130820969929,3.8219096634049514e-07
Piston,preprocess_Reading121.dat,2.449937362005978,-0.12228515284720291,-0.15699587459128436,-0.2970476375743344,0.3811026600286917,6.992718803011567e-07
Piston,preprocess_Reading122.dat,2.1878626796889886,0.6493770363746825,-0.3647330190465964,-0.21106557991066213,0.9055222357310821,3.0652709267798593e-06
Piston,preprocess_Reading123.dat,2.4540483578097008,0.31191577762796324,-0.06954981012837827,-0.1365333532079547,0.6359347595715975,9.310233876594152e-07
Piston,preprocess_Reading124.dat,2.929885253690041,-0.02924215156842402,-0.5531823871359383,-0.1517611796613535,0.4164559779100818,2.039619880719986e-06
Piston,preprocess_Reading125.dat,2.54007015307337,-1.0806817384946514,1.0290788346062851,-0.1469300265762975,-0.37735762054440714,4.80084030118998e-07
Piston,preprocess_Reading126.dat,2.50313189710396,-0.16742351285689647,0.6247258556819877,-0.13374491872637242,0.3376300712706066,3.853503376507616e-06
Piston,preprocess_Reading127.dat,2.8781429182826437,-0.41225820710986477,-0.1761155632864122,-0.3009898218795936,0.15074365136442028,5.135760540063648e-07
Piston,preprocess_Reading128.dat,2.6053878664369057,-1.5834599138673096,0.4982755667671761,-0.32376105580725517,-0.726261436111031,2.577683371877466e-07
Piston,preprocess_Reading129.dat,2.332234899792677,-2.027471824576883,-0.0018475905952559898,-0.538217369973224,-1.138527825677403,1.2975487714806112e-06
Piston,preprocess_Reading130.dat,2.0020457765626785,-0.26904308765655366,0.7486778999926416,-0.16110986724941534,0.1857394782202913,1.263734492150935e-06
Piston,preprocess_Reading131.dat,2.518444965808775,-1.1940896320875123,0.5783350866829391,-0.20474415652035366,-0.5102828492577491,2.400985887655031e-06
Piston,preprocess_Reading132.dat,2.70078042651166,-0.8052344577648592,0.42306320007763626,-0.21122881143602754,-0.11747583389576391,-1.2639753567629201e-07
Piston,preprocess_Reading133.dat,2.6799577697162817,-1.0386231839840778,0.5092000469774024,-0.0605573007373281,-0.3130155077369215,-1.8074278883479956e-07
Piston,preprocess_Reading134.dat,2.4072612478677113,-1.3349266600637524,0.28879335263605654,-0.3879423587499008,-0.514588758787767,6.642813209464697e-08
Piston,preprocess_Reading135.dat,2.4058486900846945,-1.1140790764703226,0.33797985972051725,-0.3121396483511188,-0.46507628796961176,1.0362818860440375e-06
Piston,preprocess_Reading136.dat,2.430980576731325,-0.9437335404311122,1.556394212767915,0.011110028638966917,-0.20156638036072416,9.57567053837412e-07
Piston,preprocess_Reading137.dat,3.122814787877303,-1.1757239734779639,-0.33729883651449877,-0.3388119010976716,-0.5079629428904044,-8.559644709150351e-07
Piston,preprocess_Reading138.dat,2.827470355736781,-1.0244265287368122,-0.5992589764337258,-0.37118067505371616,-0.44099263749965745,9.400535813031708e-08
Piston,preprocess_Reading139.dat,2.6285493796160586,-1.1428897569362637,-0.46056073465383024,-0.5053778068355553,-0.5330177626408382,5.961976263850859e-07
Piston,preprocess_Reading140.dat,2.6085245751704464,-0.7931757656707747,1.8714077732862204,-0.10763995625961331,-0.0016261358167909362,1.406409187258693e-07
Piston,preprocess_Reading141.dat,2.3918004437331026,-1.038892797217824,0.8504963675976602,-0.3450154625317473,-0.25128801214762597,1.3716050368295072e-07
Piston,preprocess_Reading142.dat,2.2733878426509917,-0.5914818408731177,-0.22302814621498884,-0.4820089114027713,-0.20821197354010634,9.468531987451254e-07
Piston,preprocess_Reading143.dat,1.7037639827075937,-1.109645133788219,0.22122054619476908,-0.37869967159150564,-0.7110301244642054,1.4146113804010207e-06
Piston,preprocess_Reading144.dat,2.385334729954743,-0.35712457642758877,-0.05830182900903862,-0.1590565223119812,-0.045582205392839095,1.309152017163045e-07
Piston,preprocess_Reading145.dat,2.3819366963856776,-1.022617095544587,-1.0204096158311684,-0.6090690044022952,-0.6513645664249771,4.3057910727429947e-07
Piston,preprocess_Reading146.dat,1.83447888681665,-1.1275723187718807,1.7988152549607297,-0.2221826931698662,-0.40033839486715556,3.034418030628264e-07
Piston,preprocess_Reading147.dat,2.1159790095741475,-0.3073320734876503,-0.31802069853069864,-0.311682766522601,-0.08665836040483958,8.814465006608084e-07
Piston,preprocess_Reading148.dat,1.6723793304775796,-0.09412698712003852,-0.6520427256072155,-0.635466837940614,0.02631575239585454,2.3414838040464865e-06
Piston,preprocess_Reading149.dat,1.9108506426238006,-0.015494483268068529,-0.3017013133607324,-0.36618206773457124,0.17583098020965102,1.9012688071415758e-06
Piston,preprocess_Reading150.dat,2.0886055051484655,-0.8999200490880069,0.12884384289555767,-0.5947039327622977,-0.3576239118736734,6.935268082414356e-07
Piston,preprocess_Reading151.dat,-1.18948991495609,-0.5579401673740255,-0.4298620522453519,-1.7443581102835233,-1.308891671205379,-1.9496517346551808e-07
Piston,preprocess_Reading152.dat,-1.1962373685158,0.24755205304344896,-0.14973103253440706,-1.690678779214881,-0.8240861995737669,2.260252701953875e-07
Piston,preprocess_Reading153.dat,-0.6497638813077556,0.5381429356651244,0.7902039726188186,-1.3760945705058798,-0.21025522324226276,1.578102966701084e-06
Piston,preprocess_Reading154.dat,-1.682776029159966,-0.21446760277038376,0.5321633915018678,-1.8075329721577595,-1.2375848087512722,1.615206505207993e-06
Piston,preprocess_Reading155.dat,-0.5942352688406806,0.14673501982899498,0.6507082830480869,-1.348578315966059,-0.49982227806155827,9.70311121342631e-07
Piston,preprocess_Reading156.dat,-0.11131063113395064,-0.23924749921751984,1.43786616831599,-0.9044641323867448,-0.5035563757333379,1.1870481850291227e-06
Piston,preprocess_Reading157.dat,1.2668000450611925,-0.23437564962118948,-1.5889766908749585,-1.0139871735737456,-0.4439774300618271,1.6050979746499102e-07
Piston,preprocess_Reading158.dat,0.4688264358310874,-0.10907654719136274,-0.4728017308154571,-1.3766286845498772,-0.5520275462230437,1.2649856933830404e-06
Piston,preprocess_Reading159.dat,0.5090172336511012,-0.4486118646950658,0.38432433738225596,-0.9649870565594936,-0.5765194056163468,8.504383678183232e-07
Piston,preprocess_Reading160.dat,0.6831197970163974,-0.5020999195304684,0.7105056524609399,-0.6855943703582756,-0.5229196443010543,4.7403687519771583e-07
Piston,preprocess_Reading161.dat,-0.059659153653966686,-0.23045272435626402,1.8186259090651038,-0.5971605319217456,-0.07996718505546498,1.3374431228758247e-06
Piston,preprocess_Reading162.dat,0.4036303871130391,-0.3493804478993519,1.1437570789765243,-0.561205041536076,-0.16106070158009742,2.1428128936160226e-06
Piston,preprocess_Reading163.dat,0.75061179156638,-0.20791429528783498,-0.06583693013952144,-1.0508220657872351,-0.39210217307600637,1.8599662615984365e-06
Piston,preprocess_Reading164.dat,0.902346988009713,-0.8920737783496469,1.4761391086917908,-0.16096234233256887,-0.4767279250407911,7.983743780336743e-07
Piston,preprocess_Reading165.dat,1.1404248319153176,-0.9032392709640504,1.447720127234902,-0.32690656947044755,-0.5359760600068028,9.444320696692897e-07
Piston,preprocess_Reading166.dat,1.3423908843238692,-0.5385093787528396,-0.10366881438416403,-0.53665539350153,-0.2623550498296711,1.278116771883895e-06
Piston,preprocess_Reading167.dat,1.4298494613667005,-0.1442624852893103,-0.158950710866188,-0.29505916393509857,-0.013324331789447197,2.3482932440027313e-06
Piston,preprocess_Reading168.dat,1.3768558017906918,-0.8686705493428805,2.0625952898487196,-0.014143562429404217,-0.14624086146488838,1.296194853205254e-06
Piston,preprocess_Reading169.dat,1.8688220322071736,-0.39255924148822036,-0.16689991355355177,-0.18926072404851577,-0.16993730815950692,-3.855958930373783e-07
Piston,preprocess_Reading170.dat,2.040616591317117,-0.9454095592398147,1.303134539234101,0.008032668776510841,-0.23564366072453288,4.6364417005872376e-07
Piston,preprocess_Reading171.dat,1.9250925056287258,-0.1427183856314717,1.6170540816197927,0.1243001850779104,0.24111076388258798,2.6895314985081857e-07
Piston,preprocess_Reading172.dat,1.851634559446285,-0.4666928402193866,1.4571493074612272,-0.06639313098925068,0.1782586486366227,6.806625807019274e-09
Piston,preprocess_Reading173.dat,2.01843237413936,0.38759572274439036,1.3875707875141177,0.10581461410461823,0.6285735894938211,-3.705167955808646e-07
Piston,preprocess_Reading174.dat,2.436420359364382,0.18320876179253387,1.0146064441149754,-0.057095007088144606,0.5565521390427413,4.554385048145143e-08
Piston,preprocess_Reading175.dat,2.002653622924077,-0.2987890517346128,1.5558007616802971,-0.18861206792657373,0.32470092466018624,5.318498711551745e-07
Piston,preprocess_Reading176.dat,2.3606537834004904,-0.4594549880212173,1.3458180291218744,-0.1575173633182387,0.20904625958895068,-2.1939858977620644e-07
Piston,preprocess_Reading177.dat,2.703083294566232,0.403301625726567,1.2234506028296324,0.11003380624436748,0.978715235310079,5.626656177518859e-07
Piston,preprocess_Reading178.dat,2.1657745918195093,-0.7741662213292024,1.7962146243648618,-0.15209762501309382,0.10280350218258244,3.548877471197973e-07
Piston,preprocess_Reading179.dat,1.7996420897297942,-1.022348890915145,1.0735193912180327,-0.44837327516736764,-0.20199175233535938,4.786222844662138e-07
Piston,preprocess_Reading180.dat,2.1096883047502355,-0.13263156293735515,0.42126444550527586,-0.425148031611175,0.32642753211963244,-1.0431654209530764e-07
Piston,preprocess_Reading181.dat,1.7972895584081119,-0.5261972497375426,1.866757300723124,-0.013482875607743756,0.2437850479408226,5.053705937892266e-07
Piston,preprocess_Reading182.dat,1.7511847606197244,0.08197047224133902,2.911664760443369,0.023370814885608722,0.6823035591300227,3.834837525609686e-07
Piston,preprocess_Reading183.dat,1.730110367287819,-0.5500342674682643,3.408631334902377,0.17662358991024893,0.37039255109772606,-9.673030026661154e-08
Piston,preprocess_Reading184.dat,2.2313944439138096,0.16131868415180156,2.370678864157356,0.1580577633774479,0.8797139791591863,3.235329168794236e-07
Piston,preprocess_Reading185.dat,2.5348873188017764,0.5623238580705794,1.349911004064413,0.017810815040515494,0.9411898543104017,1.5839609252763016e-07
Piston,preprocess_Reading186.dat,2.5229352448966744,-0.15168688536619981,2.480126714402537,0.2904516435638414,0.655454380396877,1.1864488236029282e-06
Piston,preprocess_Reading187.dat,2.8849422613771414,0.3036863461841462,0.8411238428538903,0.19818674132008873,0.6340718367468358,-2.7720882574433375e-07
Piston,preprocess_Reading188.dat,2.8738320861155437,1.10084432493899,0.18342846902000062,0.044149840989555295,1.1973675308356053,-1.4906272654984607e-07
Piston,preprocess_Reading189.dat,2.9328854936482545,0.9682670234948776,-0.018856428289502812,0.09720942439088666,1.026194900599177,-1.606343456166196e-07
Piston,preprocess_Reading190.dat,2.6395357120968157,0.28217357320189657,1.4111012982640216,0.2562466353573094,0.661940862242071,-7.75743796143535e-08
Piston,preprocess_Reading191.dat,2.9150845348311183,0.8212373778911994,-0.2756405587412665,0.1105111729090904,0.887241482699599,-3.3595186661073015e-08
Piston,preprocess_Reading192.dat,2.7445605265991158,0.2689545460390145,0.03331272608114254,0.09663759041475349,0.5221629678126443,5.786330688294066e-07
Piston,preprocess_Reading193.dat,2.728951057058648,0.6142073073838443,0.05954283441758437,0.1088498469135232,0.9281884124020149,-4.176231695604087e-08
Piston,preprocess_Reading194.dat,2.470523053427211,0.9261860110877969,0.06233322832237422,-0.057818620302652446,1.1797006406600608,3.5332935411226293e-07
Piston,preprocess_Reading195.dat,2.923172173796885,0.2519294109022764,-0.3202807540736536,-0.12895507694416172,0.7646743477467274,4.6505778245929404e-07
Piston,preprocess_Reading196.dat,2.289715793550752,-0.9845815978167213,-0.5879424737624821,-0.43394864630949087,-0.3178161348335034,2.2401720866044367e-06
Piston,preprocess_Reading197.dat,2.5096618164892637,-1.5617478250097825,-0.4008556548266982,-0.3293150683718293,-0.8439200657226698,5.434824299534555e-07
Piston,preprocess_Reading198.dat,2.168471365072343,-0.43103324987689784,0.40794116870218017,-0.11022489273250628,0.03949683831656819,2.380794613022686e-06
Piston,preprocess_Reading199.dat,2.7221514276635674,-1.0457154234025046,0.20766271419331095,-0.1330090311059919,-0.2726908932007449,-5.263667292103582e-07
Piston,preprocess_Reading200.dat,2.3587406529480583,-0.3832804916475528,0.0554051350970734,-0.022368726195125532,0.0909879211228708,1.3510790346323912e-06
Piston,preprocess_Reading201.dat,2.3717073509580153,-0.655445049711039,-0.08519078823320357,-0.15529757071828104,-0.1690534814139019,1.7220301173764103e-07
Piston,preprocess_Reading202.dat,2.2618902541009005,-0.04751034883742694,1.0305633441312216,0.1830777898515829,0.3425783215294008,5.95863239477663e-07
Piston,preprocess_Reading203.dat,2.3497785063687995,-1.155222913771051,-0.5046326215579257,-0.44891250661012094,-0.646290452145065,1.1162698025966663e-06
Piston,preprocess_Reading204.dat,2.6575710969009907,-0.48923998671724234,-0.6794607497506904,-0.23127885393445988,-0.09493976159514061,3.366569419381257e-07
Piston,preprocess_Reading205.dat,2.549626138434764,-0.8224737860750524,-0.33180762568966904,-0.2572632918905852,-0.21958496889267526,6.654348513204548e-07
Piston,preprocess_Reading206.dat,2.4373615494641205,-0.8296268359122889,0.12337774361763763,-0.18165885421412242,-0.2813354814833176,2.671397858536244e-07
Piston,preprocess_Reading207.dat,2.9561858721281413,-0.5601771894247697,-0.8956727859238427,-0.4819508251211902,-0.03059305562989265,-9.224954356091936e-08
Piston,preprocess_Reading208.dat,2.6766916098488314,-1.1201547841867576,0.04749999986953397,-0.4468283613333806,-0.4108692102496198,6.138853922499107e-07
Piston,preprocess_Reading209.dat,2.793459348821176,-0.5879321145621758,-0.5408910397769351,-0.3038242250508605,-0.129319170774875,-2.592709438229315e-07
Piston,preprocess_Reading210.dat,2.096266259302945,-1.4111237471373137,1.3352317451891769,-0.4699724541927912,-0.5379669489888085,1.1750101924656664e-06
Piston,preprocess_Reading211.dat,2.451091816069777,-0.5172906143815259,-0.6235607235800367,-0.3146572829866063,-0.2149044909532559,9.12508042005549e-07
Piston,preprocess_Reading212.dat,1.905004529777961,-1.5003964503712413,1.0480795589494074,-0.20857180019893232,-0.8328170319353266,6.974301019258176e-07
Piston,preprocess_Reading213.dat,1.594534174170919,-1.2836523092497907,1.5921899043238719,-0.5116708689731737,-0.5732581561764024,1.6839535124491875e-06
Piston,preprocess_Reading214.dat,1.8473161138832368,-1.5558267796122602,0.582847138456645,-0.6875009274471312,-0.9414255571634456,1.1673904219538022e-06
Piston,preprocess_Reading215.dat,2.07911407663359,-1.1746090264380278,0.22431152923014566,-0.6614666172268446,-0.5797436410037239,7.54774446714771e-07
Piston,preprocess_Reading216.dat,2.2279535196724045,-0.08079623540369005,-0.4485127757703397,-0.6209553824826484,0.28368372603025754,2.1930231419972805e-06
Piston,preprocess_Reading217.dat,1.9221515270995035,-1.0464292451303288,0.8900524783539574,-0.5678014596043996,-0.5287097239783322,8.374798534503367e-07
Piston,preprocess_Reading218.dat,2.1008214167515242,-0.554518518763332,-0.4443385075994031,-0.8632347119186948,-0.22125747251030653,1.473296288311455e-06
Piston,preprocess_Reading219.dat,1.7469425584263691,-0.6018619959472106,0.9420558857249082,-0.5822452590553532,-0.2353931648903892,9.241811462437459e-07
Piston,preprocess_Reading220.dat,2.2093904473256822,0.16138393595157025,0.6197715130485412,-0.3598804197082942,0.5268168195282815,3.0824002827237717e-06
Piston,preprocess_Reading221.dat,1.8851159287393695,-0.7795287825623822,1.0807620043938693,-0.47088257131521644,-0.12944869611850668,9.446996487684279e-07
Piston,preprocess_Reading222.dat,1.8507632810952526,-0.8378477974733741,0.22914058652725988,-0.9586888139290981,-0.46316189354395065,1.7842638025725487e-06
Piston,preprocess_Reading223.dat,1.966469730106884,-0.9244607228304992,0.5094305328937547,-0.6012126810932472,-0.33660948371258165,1.3501356854478364e-06
Piston,preprocess_Reading224.dat,1.972225195538772,-0.8583497399867285,1.6645301342990944,-0.5586341428623166,-0.07536870290878832,5.23372967637503e-07
Piston,preprocess_Reading225.dat,1.6953521474948574,-0.7746731068014961,0.6709551443345991,-0.17437304718760643,-0.3050792817635387,2.71782650570984e-06
Riderbelt,preprocess_Reading1.dat,-5.270246636302675,3.328384629043765,0.1583714311514705,-1.7482629185175125,-0.06209942691137938,1.0538478784028626e-06
Riderbelt,preprocess_Reading2.dat,-2.0567563474262727,2.5667873675201753,-1.017235138518656,-0.7871678614492219,0.2449472065565476,7.967832604627955e-07
Riderbelt,preprocess_Reading3.dat,-3.499104897051017,1.8877670239646895,1.8839409264156164,-0.35627939130772174,0.46376845302634173,3.102734954998969e-06
Riderbelt,preprocess_Reading4.dat,-0.6913781144762625,2.189706478205501,-1.2714087691301401,-0.2866314598708337,1.0051991896637342,1.2499105646024322e-06
Riderbelt,preprocess_Reading5.dat,-0.09820000395246639,1.7577812666423562,-1.5576816479830535,-0.2536914630858444,0.5803430406761865,9.314174341045825e-08
Riderbelt,preprocess_Reading6.dat,-1.3896108208435796,2.2713133216297825,-1.8030175880177963,-0.00236125313831391,0.9427280964098421,2.8690687559507488e-06
Riderbelt,preprocess_Reading7.dat,-3.2349654162909784,2.552326120664788,0.1666971042030183,-0.5894385574234172,0.7124948990651235,8.645748966445523e-07
Riderbelt,preprocess_Reading8.dat,-3.082665680300917,2.3150425705515567,0.907285256235945,-0.226375830592607,0.6675978073653452,1.6077936256470795e-06
Riderbelt,preprocess_Reading9.dat,-2.9029237732096504,2.376744296030461,0.3609350352985305,-0.5648148289625605,0.6184346175920956,5.659666330183845e-07
Riderbelt,preprocess_Reading10.dat,-3.480176851878176,2.7335315928600257,0.15198497949360756,-0.4658653204457198,0.3074249803619676,1.428837015946285e-06
Riderbelt,preprocess_Reading11.dat,-3.2278537608259925,2.227515445996969,0.5900909129412075,-0.10362614200190476,0.37262007258988505,7.901577977548108e-07
Riderbelt,preprocess_Reading12.dat,-2.894200355556609,2.18202100022137,-0.18939315048234157,-0.1908015946161593,0.19677621295164868,-1.860701790461167e-07
Riderbelt,preprocess_Reading13.dat,-3.2936720449018346,2.364529844178647,0.6620285038116731,-0.015445977185179424,0.6635761067722192,3.2461295305546007e-06
Riderbelt,preprocess_Reading14.dat,-4.310039497096217,2.533694149889737,0.2777480760309668,-0.5256935414818963,0.07585173482104675,1.7852597902381774e-07
Riderbelt,preprocess_Reading15.dat,-3.2464517901508936,2.0185162584773466,-0.13603257058801815,0.0334701575044081,-0.05932164806064249,7.878353960599818e-07
Riderbelt,preprocess_Reading16.dat,-3.36844815518106,1.706226242064494,0.7486316753360001,-0.17872149271769894,0.1525128931724405,-6.759700888752819e-08
Riderbelt,preprocess_Reading17.dat,-3.7043470211208795,1.954010866553029,0.9953988483296585,-0.6869217464404959,0.16282681351843187,7.269265580719937e-07
Riderbelt,preprocess_Reading18.dat,-3.877916054273464,2.2481958178847705,0.5776886259178148,-0.8843796573055109,0.12313612271356814,9.739340669198346e-07
Riderbelt,preprocess_Reading19.dat,-4.255797456696682,2.4622105026490413,1.2262149285277497,-0.8380868931292309,0.7060267909110042,1.0859727972618284e-06
Riderbelt,preprocess_Reading20.dat,-3.8777877513983174,2.70927477418739,-0.867890054354565,-0.7770201600994492,0.7356492535025188,1.401333226979952e-06
Riderbelt,preprocess_Reading21.dat,-4.04330721015935,1.6998716041902657,0.9076620434829226,-0.8666018616910522,0.4282321246814876,-5.401849921616362e-07
Riderbelt,preprocess_Reading22.dat,-3.8047717189540733,2.18511635847792,-0.4578641327977608,-1.0132781327303946,0.39322758978918476,-3.6092476015010587e-07
Riderbelt,preprocess_Reading23.dat,-2.840758553408124,1.5950337318421743,0.8681399863880256,-0.4413737566967728,0.4821233805528963,-5.148846071153516e-07
Riderbelt,preprocess_Reading24.dat,-2.3297778330083707,1.3901935106200518,0.05295410014257818,0.13524274461635735,0.46848668108096575,-7.450312418448409e-07
Riderbelt,preprocess_Reading25.dat,-2.1491564867423656,1.699643612682795,-0.3108272956587801,0.2479484485941039,0.4877711035449194,-7.135851180507101e-08
Riderbelt,preprocess_Reading26.dat,-1.635214243907505,0.9784025864963067,1.943539615148381,0.47203060312766243,0.7112301153117108,3.1170110654031904e-07
Riderbelt,preprocess_Reading27.dat,-1.9578393193552508,1.2768988410879685,0.3296625356871098,0.156105522395929,0.2109151290133873,-5.975844336757755e-07
Riderbelt,preprocess_Reading28.dat,-1.6096097033884615,1.4812974041984834,0.52395767872407,-0.20183941885496215,1.0613688037128384,1.511153090037491e-06
Riderbelt,preprocess_Reading29.dat,-1.8148417688417176,1.0425461284930366,0.9285889147548547,-0.08013270663713193,0.4898738599540251,4.6193903891420274e-07
Riderbelt,preprocess_Reading30.dat,-2.3537309594387956,0.8710446980640302,0.5994892768048693,-0.29869072257935503,0.6831794999694538,-1.1659112198201266e-06
Riderbelt,preprocess_Reading31.dat,-2.0080512732274634,1.0731047156839524,-0.4157869253992842,-0.6145393195139411,0.1545277718240513,1.2658270742962807e-07
Riderbelt,preprocess_Reading32.dat,-1.7439631888780667,0.873669862261891,0.35334494723952725,-0.5810137994922028,0.1680025825891167,4.728143008525904e-07
Riderbelt,preprocess_Reading33.dat,-2.3203719205431836,0.7197791217824387,0.20144784943492722,-0.15261112971985188,-0.016212464955538877,1.4123653834138704e-06
Riderbelt,preprocess_Reading34.dat,-2.573775061179616,1.0602354718855986,0.7705391178181978,-0.06978591559404587,0.17971061968068072,4.9286683919036616e-08
Riderbelt,preprocess_Reading35.dat,-2.0403609122552373,0.8514667231370593,0.15701024536750502,-0.06638307288492672,-0.2299764263710246,-7.716959625301093e-07
Riderbelt,preprocess_Reading36.dat,-1.8764967236489485,0.7119748047143701,0.3245572109059814,-0.3671150972660939,-0.26415533505841127,-9.498618826724349e-07
Riderbelt,preprocess_Reading37.dat,-0.20772328485201844,0.048819886173803465,-0.2736801023388415,-0.5334973905711612,0.027124277868708486,-4.882073623337423e-07
Riderbelt,preprocess_Reading38.dat,-1.1398002095133306,0.6266399678202754,0.37632843114609227,-0.6375137716970147,-0.009176640635678673,-8.983158269162421e-07
Riderbelt,preprocess_Reading39.dat,-1.8920591908475628,1.410161419093841,0.3132800772783528,-0.6680303151690007,0.07380950011113298,-6.864759990403378e-07
Riderbelt,preprocess_Reading40.dat,-1.7601456080002198,1.0369581013361076,0.6898090369549363,-0.5685851463899617,0.12211490522029571,-9.66879199831437e-07
Riderbelt,preprocess_Reading41.dat,-1.3833273534844033,1.0006647517645486,-0.5859622022392096,-0.8429987529726544,0.3817064889203293,1.6624050673444196e-07
Riderbelt,preprocess_Reading42.dat,-1.955397517687625,0.8626787102703956,0.8470314337937268,-0.3720080922904827,-0.05637314158708219,-4.918816355623184e-07
Riderbelt,preprocess_Reading43.dat,-2.121801214541528,1.042585028277922,0.8436255971469945,-0.7683897440820513,-0.19766370572746253,-3.6464927863968865e-07
Riderbelt,preprocess_Reading44.dat,-1.2635343875217422,0.8938554154948676,1.6521210721537856,-0.06035443780208731,0.2320759762831378,-5.248138406841584e-07
Riderbelt,preprocess_Reading45.dat,-1.4149992117666563,0.7258511022992268,-0.679654049508062,-0.5384905627526955,-0.04667262923703892,-1.4610786111217984e-06
Riderbelt,preprocess_Reading46.dat,-1.2208539064836983,0.2747005063911234,0.9076606408926677,0.024470615028800883,0.006448539219190326,-5.941937142111821e-07
Riderbelt,preprocess_Reading47.dat,-1.8676266058329754,0.1097562140631324,0.5281697968363865,-0.10366799356982331,-0.40714920983165914,-5.219956831379331e-07
Riderbelt,preprocess_Reading48.dat,-1.5054866763826766,0.4680054841048615,1.6110830443128732,0.42273370570937063,-0.0882907185161569,-1.0986835853449197e-06
Riderbelt,preprocess_Reading49.dat,-1.2568575396822144,-0.050944802984180616,0.2178264096899575,-0.3866492112143888,-0.4240020283726884,-1.2791457204576777e-06
Riderbelt,preprocess_Reading50.dat,-1.0011450450946529,-0.18800797581818482,0.29949534931882693,-0.7204266099621272,-0.2665662992730271,-1.429755033545959e-06
Riderbelt,preprocess_Reading51.dat,-1.6371128688858174,1.0508246605942742,-0.36609264041539286,-0.8467534008433851,-0.16385366549661778,-7.393854670837609e-07
Riderbelt,preprocess_Reading52.dat,-2.4592880057572546,0.8483216932989348,-0.2795747946735859,-0.5645573388182165,-0.33545152185560423,-9.350249666362505e-07
Riderbelt,preprocess_Reading53.dat,-1.5431923048994765,-0.009499275648414754,0.5624011852857569,-0.8823956667815293,-0.45025768707014574,-1.0414627526500028e-06
Riderbelt,preprocess_Reading54.dat,-1.6184228480428118,0.4752150461090682,-0.32995009711328116,-0.5084776288860419,-0.4685480430738712,-1.3197065772220993e-06
Riderbelt,preprocess_Reading55.dat,-1.542952998584074,0.08017347764231328,0.9947995976710519,-0.5404299004517416,-0.450083411201862,-1.6088438021240145e-06
Riderbelt,preprocess_Reading56.dat,-2.3633203038495387,0.8870496009653278,1.324353853866057,-0.3723330667323353,0.046836585702376206,-1.5519265807909799e-06
Riderbelt,preprocess_Reading57.dat,-1.4471679599635074,1.2576921073579053,0.9738807061634959,-0.32683934757747013,0.4984434852636305,1.0629517211192797e-06
Riderbelt,preprocess_Reading58.dat,-1.2305773421430142,2.147077307260817,1.189745048134341,-0.3437877102462109,1.3373175034414702,2.0731085189120684e-06
Riderbelt,preprocess_Reading59.dat,-2.920296722799238,0.8357943611899361,0.8411961755739635,-0.7700552427207178,-0.34695399140885047,-7.092734942550249e-07
Riderbelt,preprocess_Reading60.dat,-2.449230699310839,-0.09822332846248823,1.6456162839963517,-0.545408409021285,-0.17197338173351837,-1.7760144762528654e-06
Riderbelt,preprocess_Reading61.dat,-2.528133306914032,0.6124053697164359,0.5528913176770015,-0.512251977784693,-0.3935155738609774,-1.2118625624663521e-06
Riderbelt,preprocess_Reading62.dat,-2.202177451476895,1.0544261536270065,-1.0765355681330329,-0.584752976727422,-0.31239775702403383,-1.3490101689988659e-06
Riderbelt,preprocess_Reading63.dat,-2.9086385347969452,1.6697263930965138,0.49886874487885446,-1.0521464603013004,0.3270382355951866,-1.5077959660210852e-06
Riderbelt,preprocess_Reading64.dat,-3.696628967941359,2.138092988006143,0.29304490630110075,-0.5662946984323047,-0.07611337796977458,-1.292594893989944e-06
Riderbelt,preprocess_Reading65.dat,-3.657837499154255,1.559281265927397,1.0636330667945098,-1.0673972019623517,-0.38578845750211066,-1.0338687383374917e-06
Riderbelt,preprocess_Reading66.dat,-3.5469632746546083,1.4475584998524758,0.2855858903977725,-1.2082419566594667,-0.4032720900919352,-8.267178044452712e-07
Riderbelt,preprocess_Reading67.dat,-2.853228690267694,2.1495257959130005,-0.3963446546120906,-1.0969676551897398,-0.12364228587734491,-2.0733682664389677e-07
Riderbelt,preprocess_Reading68.dat,-3.3462144118196853,1.6824532136151213,0.16154050491159436,-1.1289838143267752,-0.3569764344036659,-1.0136445680190096e-06
Riderbelt,preprocess_Reading69.dat,-4.594706859735177,2.236030513534555,0.24796469545602157,-1.5036672338817767,-0.24750799573942572,-1.2222924559831803e-06
Riderbelt,preprocess_Reading70.dat,-4.092145574751135,2.0565426177131356,0.7869498968258046,-1.713914411057816,-0.34072765188282544,-1.1762278527645776e-06
Riderbelt,preprocess_Reading71.dat,-4.1168722113428196,2.2363743903595497,0.31720343039939547,-1.5432463240402992,-0.15133282982272284,-5.033209827971701e-08
Riderbelt,preprocess_Reading72.dat,-4.355772057436194,1.089097512948099,0.06159718812124549,-1.6641418626548004,-0.7220590911362766,-1.415224334244934e-06
Riderbelt,preprocess_Reading73.dat,-3.3190851288996126,1.2507837322986597,1.203119079046272,-0.7156460429290256,-0.16766335010215683,-1.4154660135510694e-06
Riderbelt,preprocess_Reading74.dat,-3.0592352691221363,1.797137961307021,-0.0539281813832308,-1.70355011948095,0.07728919054875263,-1.0521761917367848e-06
Riderbelt,preprocess_Reading75.dat,-4.346842613051518,2.793133495199825,-0.5320227704713558,-2.6230915536270807,0.0490469240093221,-1.007792455252485e-06
Riderbelt,preprocess_Reading76.dat,-4.212070443076577,2.3904835567927294,0.1850634332477979,-0.6235102294982354,0.36953279794980687,3.3949195021933117e-06
Riderbelt,preprocess_Reading77.dat,-4.10849376199815,2.602873791237417,-0.04195255089781262,-0.7881356890998749,0.5858024898587699,1.6370236238038556e-06
Riderbelt,preprocess_Reading78.dat,-1.1012012253181425,1.8847462267111854,-1.5189671868376176,-0.540317360822186,0.5235243507965928,1.4468677906174645e-06
Riderbelt,preprocess_Reading79.dat,-2.0223648825570897,1.6160572341763024,-0.9011659316683088,-0.826328746527923,0.9363918598759446,1.0338615964220289e-06
Riderbelt,preprocess_Reading80.dat,-3.0705214099094285,2.0933017506724028,0.31788221964465807,-0.9170034816115679,0.5320688500214522,1.107756455511724e-06
Riderbelt,preprocess_Reading81.dat,-1.040047260141254,1.8247391049722699,-0.5167342070843779,-0.5243890376899685,0.31417965102983303,8.989044105895231e-07
Riderbelt,preprocess_Reading82.dat,-2.0196972802575153,1.5985876194862483,-0.46263336160903523,-0.6214653957378127,-0.2966915123042744,2.7442231225349154e-08
Riderbelt,preprocess_Reading83.dat,-2.062304846106349,1.3750157856009095,0.27323981978310335,-0.2616995130179488,-0.2481373445472943,7.204721412092714e-07
Riderbelt,preprocess_Reading84.dat,-1.662287784006003,1.1729108382739235,0.45978284486462817,-0.42563332637080253,-0.29274385268361436,3.336015987728541e-06
Riderbelt,preprocess_Reading85.dat,-1.4080785718417834,1.1844110934792365,0.02570267662127083,0.1775646073510125,-0.16387641170398423,1.168711080124418e-06
Riderbelt,preprocess_Reading86.dat,-1.6710682791352134,1.1576795993158,0.6707658788869998,-0.23372544743259946,-0.26276609259972616,1.6197605678304756e-07
Riderbelt,preprocess_Reading87.dat,-1.2066322973153578,0.9747175055000435,0.38175726860413733,-0.11640944703928074,-0.1491255729953038,1.0358248600741025e-06
Riderbelt,preprocess_Reading88.dat,-0.7817917322494526,1.2829686964054023,0.11470752500680445,-0.10552506965367031,-0.03031254825334888,2.2525572991416466e-07
Riderbelt,preprocess_Reading89.dat,-1.279723996092931,1.179655133290298,1.3370599322474468,-0.07113607961357418,0.14089243509860674,-2.745628482047189e-07
Riderbelt,preprocess_Reading90.dat,-2.0298616760683337,1.8025462344239584,-0.31313687229247233,-0.6266704417947804,0.06571909136826826,7.957851562185492e-08
Riderbelt,preprocess_Reading91.dat,-2.0505057711653887,1.680845407950977,-0.26281694862764027,-0.18496205645783553,-0.01905124722827413,-4.5480831569346377e-07
Riderbelt,preprocess_Reading92.dat,-2.3082908556639894,2.2860754753470798,0.4882497380358752,-0.9201193978838468,0.6354668562315089,-5.627542701499395e-07
Riderbelt,preprocess_Reading93.dat,-2.7727726351284994,1.621576547624328,0.03541084537337808,-0.07776619636677672,0.09205734057689918,-4.936820583247491e-07
Riderbelt,preprocess_Reading94.dat,-4.065804885032756,1.5519621365656093,1.324500212373103,0.43594053871721505,1.0945140267238391,5.189814799083378e-07
Riderbelt,preprocess_Reading95.dat,-2.614393482743228,0.9524062816066301,0.2498956325480144,-0.426632148209607,0.29140734903257737,1.1303014843992093e-06
Riderbelt,preprocess_Reading96.dat,-3.4253761328407766,1.5721285532148892,-0.9097516997925815,-0.7092717695835382,0.6610846038191392,2.5683902449986993e-06
Riderbelt,preprocess_Reading97.dat,-3.5052783570693866,1.47626050032715,0.772501954515713,-0.5926025259887355,0.5647436570404925,1.2229970564943355e-06
Riderbelt,preprocess_Reading98.dat,-2.816385239592794,1.3511795572562155,0.752368669720722,-0.4038125424422238,0.592893679777284,7.684363740672774e-07
Riderbelt,preprocess_Reading99.dat,-2.358679290198431,1.512760644076399,0.6546421104523462,0.06452748201458013,0.36092579102002337,8.170623564767206e-07
Riderbelt,preprocess_Reading100.dat,-2.157745758259876,1.6783378663562705,0.29420286158910375,-0.3017013349900403,0.49751402488478824,1.0422241467124314e-07
Riderbelt,preprocess_Reading101.dat,-1.2113046353113661,1.3523199684154392,-0.6891430771678353,-0.38145737318652245,0.4297259695209899,3.9349262223129123e-07
Riderbelt,preprocess_Reading102.dat,-1.868017773313855,1.248030488383755,-0.413670800049832,-0.38850319598149474,0.4505801615897546,-2.6190399003280618e-08
Riderbelt,preprocess_Reading103.dat,-1.470478532659156,1.2184594516541702,-0.3670782418518306,-0.49874372637081826,0.07186822524527581,-1.0094112151200557e-07
Riderbelt,preprocess_Reading104.dat,-1.4976293651568735,1.2223420920131358,-0.04667614318452958,-0.11019620885248946,0.17944998601245513,-4.355861653766287e-07
Riderbelt,preprocess_Reading105.dat,-0.9066885168541465,1.0484763491950775,-0.19462602981319532,0.024116440232138048,0.051468632936990714,-2.0344133800399822e-07
Riderbelt,preprocess_Reading106.dat,-0.9497059810219302,1.0962059077065336,0.1387137947999343,-0.08812499527329426,0.5012636302154068,-2.2507616129518984e-07
Riderbelt,preprocess_Reading107.dat,-1.4909929869564729,1.540234809815135,-0.08017637180875016,-0.3335301711764838,0.41162765063661666,-7.394619030399006e-07
Riderbelt,preprocess_Reading108.dat,-1.3305157491598096,1.0537339779630224,-0.3025299717129921,-0.07150367050739542,0.04069424381674821,-8.140676776583621e-07
Riderbelt,preprocess_Reading109.dat,-1.8273143988553786,1.1170712752677672,1.3646530764711398,-0.14457246074519145,0.050124373092432395,-9.385063210861919e-07
Riderbelt,preprocess_Reading110.dat,-0.8844965491386907,1.3390004856139555,-0.31520880474088214,-0.11887292531277667,0.33938864931024804,1.156605278428122e-06
Riderbelt,preprocess_Reading111.dat,-1.3698932395890313,1.1777488738204227,0.4315708304587574,-0.2474463486883433,0.2468901520985142,-4.371217955495662e-08
Riderbelt,preprocess_Reading112.dat,-1.6008641953114588,0.8057855519904976,1.024030219477589,-0.01684173858243363,0.09896535639761292,-8.896955254825546e-07
Riderbelt,preprocess_Reading113.dat,-0.9719917322099342,0.7622057471929935,0.4691256985014695,-0.1946477883129778,0.09224564345520204,-1.0343219336051695e-06
Riderbelt,preprocess_Reading114.dat,-1.0703922927410667,0.7056724411445948,-0.5804689000157804,-0.5839527487778946,-0.26870289447568524,-1.2383097240245023e-06
Riderbelt,preprocess_Reading115.dat,-1.2098012161541285,0.8916292203673544,-0.015665685018757442,-0.294592880363447,0.06006864565135823,-1.42326786057037e-06
Riderbelt,preprocess_Reading116.dat,-0.9379042274321672,0.882273783188291,-0.6190673922634384,-0.21938826357780322,0.01609304744104621,-1.1979548139619119e-06
Riderbelt,preprocess_Reading117.dat,-1.2249724099348078,1.2426100581561306,-0.7981470070611459,-0.5435401723198925,-0.07872140291890374,-1.2528550523930067e-06
Riderbelt,preprocess_Reading118.dat,-1.2636663461400544,0.7777545083995456,-0.2939418461958575,-0.11366559226035534,-0.08312456695234706,-1.1176784168594297e-06
Riderbelt,preprocess_Reading119.dat,-1.5992219058818733,1.4191748579336896,-0.5499793478171621,0.09359517729406534,-0.031787936186386014,-1.3290821071282007e-06
Riderbelt,preprocess_Reading120.dat,-1.7522429742447083,0.38018439113384467,0.10400082766298219,-0.2691832067525906,-0.48318892161313204,-1.4572319542645748e-06
Riderbelt,preprocess_Reading121.dat,-1.0045100498530353,0.4700097175801476,0.9484420766164829,-0.293416885809701,-0.007153347978333556,-1.1964960784030412e-06
Riderbelt,preprocess_Reading122.dat,-1.5731877767180067,0.6052574847924829,-0.31507701498168555,-0.3515031445675005,-0.2833481744466121,-1.420303932589505e-06
Riderbelt,preprocess_Reading123.dat,-2.520870250160268,1.647302820709073,0.09867611047729467,-0.2820424190182229,0.15222878344171367,-1.338396503282592e-06
Riderbelt,preprocess_Reading124.dat,-1.4957559709334252,-0.36412997856591733,0.4655098122319162,-1.006037828705881,-0.6891717746865079,-1.2785149161671016e-06
Riderbelt,preprocess_Reading125.dat,-2.259554361181691,0.8016480682440155,-0.29290887836391777,-0.620116496959398,-0.4188749291941213,-1.0403277075353437e-06
Riderbelt,preprocess_Reading126.dat,-1.6498022508041474,0.23666065013062687,-1.2606112543838501,-0.6033613260750736,-0.48210616198719336,-1.5325060793493438e-06
Riderbelt,preprocess_Reading127.dat,-2.494422757881804,0.6757530109090103,-0.2959658311417418,0.0423486071958087,-0.26259883058495687,-1.4559848602082403e-06
Riderbelt,preprocess_Reading128.dat,-2.3214694704569907,1.3243894132657834,-0.5469946082162473,-0.9665983604351275,-0.3739150679871156,-1.4307845906347272e-06
Riderbelt,preprocess_Reading129.dat,-2.3157140035975075,0.382812528162614,1.4659507394349018,-0.05251430659722844,-0.4294180584230787,-1.3947975662140614e-06
Riderbelt,preprocess_Reading130.dat,-1.0837383875235167,-0.24621131233927365,0.4815374555901295,-0.5446289579048882,-0.6154873280174574,-1.970728009054552e-06
Riderbelt,preprocess_Reading131.dat,-1.639442828233657,0.7406576341585765,-0.86786367451078,-0.3937315997712631,-0.17776625401045631,-1.1101100992317754e-06
Riderbelt,preprocess_Reading132.dat,-2.300552321372253,1.3635428484856513,0.20555867625920893,-0.3092414282948851,-0.19837385609685823,-1.201344176536981e-06
Riderbelt,preprocess_Reading133.dat,-2.8327315958250545,0.5709366159088578,-0.3069267242363053,-0.3631047131926758,-0.5340613301710836,-1.2684214136808189e-06
Riderbelt,preprocess_Reading134.dat,-2.734428431008682,0.7501157984220477,0.2417840320046777,-0.14731218872453747,-0.27027470324005903,-1.413506301914742e-06
Riderbelt,preprocess_Reading135.dat,-2.576895491774957,0.8846057104501983,-0.49099351044683537,-0.3720990216414954,-0.3370011677502556,-1.527154986822817e-06
Riderbelt,preprocess_Reading136.dat,-2.172611644881363,0.3746216151033361,1.636425327452476,-0.5793505142730856,-0.3881744675121792,-1.0728291730240638e-06
Riderbelt,preprocess_Reading137.dat,-1.8780263833700839,0.33821137725668055,0.2976272151041141,-0.27079500603938594,-0.36194787367506975,-1.688468762780193e-06
Riderbelt,preprocess_Reading138.dat,-1.2862492236813607,0.35340865945554417,-0.2902152643092342,-0.5293217644027384,-0.3498831475636171,-4.976787080978138e-07
Riderbelt,preprocess_Reading139.dat,-2.033598236902585,0.9823898235495215,-0.4673045055363007,-0.8187704020918434,-0.34316141994700344,-1.4072984962527679e-06
Riderbelt,preprocess_Reading140.dat,-2.491442135624727,1.2322855732368798,1.0385373052010591,-0.3203437477932399,0.014591661240857853,-7.51364068890331e-07
Riderbelt,preprocess_Reading141.dat,-2.7182540126496173,0.8605044422241201,0.7272524609499869,-0.8210821891374142,-0.2147367529474618,-1.534874433439033e-06
Riderbelt,preprocess_Reading142.dat,-2.781922748310863,1.2869496439076644,0.23506429481107366,-0.7466490805918999,0.22310581362501716,3.9318579340635826e-07
Riderbelt,preprocess_Reading143.dat,-3.4101477216478933,1.7558780746394045,0.36515183464087014,-1.903161659329878,-0.07072320701719757,1.2420328636171877e-07
Riderbelt,preprocess_Reading144.dat,-3.8195232588340966,1.2480321894743884,1.2150619785277101,-0.8824315134288451,-0.33789442068518527,-1.6704117304545786e-06
Riderbelt,preprocess_Reading145.dat,-3.2526977964479866,1.3192935173081097,0.7401488960251034,-1.180412639512178,-0.32225708434183403,-1.518628826085549e-06
Riderbelt,preprocess_Reading146.dat,-2.8830116891666155,1.539118471674706,0.30725672991431735,-0.9851145767383466,-0.02193422826249433,-8.961149899040324e-07
Riderbelt,preprocess_Reading147.dat,-3.478772017393595,2.1253634254238407,-1.3192245089757837,-1.5747297214482128,-0.14499928721756172,-1.6075106612523191e-06
Riderbelt,preprocess_Reading148.dat,-2.886864640866019,1.742100518277024,-0.35973406377804396,-1.0503781629429851,-0.09165096171763576,-1.988831685449894e-07
Riderbelt,preprocess_Reading149.dat,-3.801805346898908,2.2754291258286448,0.1902157149300201,-1.7403991667169698,0.3663789751746739,-4.175381663797613e-08
Riderbelt,preprocess_Reading150.dat,-3.9302866613806593,2.467207961316843,0.3195046055027634,-2.357106291623935,0.07697237173867703,-1.7845988687831362e-07
Riderbelt,preprocess_Reading151.dat,-3.9758795838852015,1.728463967380011,0.03837420212260935,-0.3213469974252302,1.0311151116590171,1.233061983879201e-06
Riderbelt,preprocess_Reading152.dat,-2.321769392132838,1.6316278842457828,-0.7695827278530024,-0.5292858458630981,0.6190358260522254,4.1015688710229384e-07
Riderbelt,preprocess_Reading153.dat,-1.7627861202816522,1.6961849304455463,-0.8467793241045619,-0.6628402472552913,0.6372021588259512,1.155316762421549e-06
Riderbelt,preprocess_Reading154.dat,-0.9674534325429034,2.096634911497152,-1.6715107282544313,-0.6428470601497188,0.3035263415016697,-1.4820953614051356e-08
Riderbelt,preprocess_Reading155.dat,-2.4156059503639193,1.6313653794190255,0.1016752649855889,-0.47675968232833427,0.4184598628424041,1.384422369440703e-06
Riderbelt,preprocess_Reading156.dat,-1.8331705154284101,1.7521972770440273,-0.09828894720214364,-0.25316593607500104,0.0907629889225517,2.332439551335105e-06
Riderbelt,preprocess_Reading157.dat,-2.751767555529228,2.2542630923539497,-0.601887172148708,-0.7601247055229896,-0.203860591691083,2.3645493472760404e-06
Riderbelt,preprocess_Reading158.dat,-3.2455239843760486,2.047493883551942,-0.5497269466676197,-0.4705654960996402,-0.14714761876678753,1.8024318993898095e-06
Riderbelt,preprocess_Reading159.dat,-2.8779761324083513,1.7854080392500928,-0.14586478094305702,-0.43099075856605934,-0.04950525201499591,1.779028726942044e-06
Riderbelt,preprocess_Reading160.dat,-3.0636875562568058,1.7672291020487167,1.1155190535294082,-0.23022773068734545,-0.031014537403921186,1.633307975068997e-06
Riderbelt,preprocess_Reading161.dat,-3.1926706359475494,1.4981933355916441,-0.40351814792567153,-0.2399197969378457,-0.31921001850325376,1.17516791547797e-06
Riderbelt,preprocess_Reading162.dat,-3.3312921191500933,1.9866580553824953,-0.4108180341330373,-0.1622842646976661,0.05557174584098161,2.0909291798671e-06
Riderbelt,preprocess_Reading163.dat,-2.992932438783818,2.086874510691838,-1.451424992976721,-0.45549191359195956,-0.00736247493180677,1.2106955577635458e-06
Riderbelt,preprocess_Reading164.dat,-2.9343721107718177,1.72992761559954,-0.3926023746094018,-0.2546722022510543,-0.030585843800092327,3.472181414826985e-07
Riderbelt,preprocess_Reading165.dat,-2.216555756607645,1.6412611957934142,-0.7911305720856465,0.09666448269943852,0.22150750557345703,7.770634979543754e-07
Riderbelt,preprocess_Reading166.dat,-2.562961462263732,2.124772143852643,-0.2839666779370797,-0.03384801160170684,0.3458910051547429,2.5671029580399557e-06
Riderbelt,preprocess_Reading167.dat,-2.9369363471480585,1.6095428615689444,0.35934515514055476,-0.004341508384643632,0.18783322364829338,7.524330596355795e-07
Riderbelt,preprocess_Reading168.dat,-3.3043777229581113,1.6462457504182901,0.3745174306224508,-0.03978760147547852,0.12315034378372798,1.0235107008022055e-06
Riderbelt,preprocess_Reading169.dat,-1.7251243423571652,1.8151367922274637,-0.1482532166432409,0.1700660587989611,0.4303054655317141,8.593693561591364e-07
Riderbelt,preprocess_Reading170.dat,-2.4035546257012426,1.7333720458195951,-0.4072927810314574,-0.4315563045112984,0.12736000454326482,9.547057909412365e-07
Riderbelt,preprocess_Reading171.dat,-2.095665877462139,1.6193840874425596,-0.12175776668334588,-0.2709227632296633,0.06598114737847785,3.524585262052492e-07
Riderbelt,preprocess_Reading172.dat,-2.5821437070300695,1.2434237441973948,0.37378981823162943,-0.046074936344132796,-0.2198623707533622,1.7649132501194293e-07
Riderbelt,preprocess_Reading173.dat,-3.1726004437036845,2.5898126295700212,-0.02381293875304147,-0.365385810693117,0.5461643200307071,2.828650362066461e-07
Riderbelt,preprocess_Reading174.dat,-3.2487983241445675,2.0181744361730605,0.029555043130086025,-0.420671755100923,0.18496300797332707,6.893470633284936e-07
Riderbelt,preprocess_Reading175.dat,-2.676377585162225,1.6426491138831565,-0.06804311477099192,0.007715872239749065,0.48566252885470357,1.8447291132053171e-06
Riderbelt,preprocess_Reading176.dat,-2.8498847368717293,1.9110374846702884,-0.686023936900214,-0.1837493583360819,0.4696421181593622,3.585964607647352e-06
Riderbelt,preprocess_Reading177.dat,-2.354545897641275,1.4189679956929788,1.1108305050014904,-0.284220617875423,0.10013303942255357,1.7045751523979128e-06
Riderbelt,preprocess_Reading178.dat,-1.7016763691796912,0.8808524968684983,0.983768593970784,-0.1517071511569403,-0.03594811985661621,6.844606377268788e-07
Riderbelt,preprocess_Reading179.dat,-1.5466833003672578,1.0380786885278597,1.2991720986119486,0.2926517511645081,0.09226917616336211,1.4399396181826266e-06
Riderbelt,preprocess_Reading180.dat,-1.6828733378457046,1.1548700034439585,0.12403125141939385,-0.1334179693948141,-0.07159678447098188,1.8731613879170968e-07
Riderbelt,preprocess_Reading181.dat,-3.245433100378049,1.5904033622482374,1.4841974887181812,0.292015322919646,-0.09317712017287949,3.0493012153582037e-07
Riderbelt,preprocess_Reading182.dat,-2.7796600734135466,1.1906296155888292,1.6597189415305595,1.2490403774723373,-0.0007610455436830811,1.236692822130246e-07
Riderbelt,preprocess_Reading183.dat,-1.4647081786047502,0.6166142839302855,0.5481371804221896,0.28439022882064147,-0.14049269433664927,4.432282001106712e-07
Riderbelt,preprocess_Reading184.dat,-0.6108605187118805,0.15932382962615915,0.4030096755537031,0.21591310959879126,-0.24000810958975205,1.3710203323227369e-07
Riderbelt,preprocess_Reading185.dat,-1.658501622382001,1.115812246564553,-0.9094534520759522,-0.25180034262287154,0.1847314136223191,-2.718684877734168e-07
Riderbelt,preprocess_Reading186.dat,-2.31995646534459,0.9534434998467121,0.3598094026521158,-0.13834910570651682,0.08913656854844433,-1.3530229522623846e-06
Riderbelt,preprocess_Reading187.dat,-2.319968935723902,1.1491231214557922,1.4064068100283058,-0.33268089000387785,0.03746004598018714,-1.1711710067582238e-06
Riderbelt,preprocess_Reading188.dat,-2.003048482845002,1.3327653346805342,-0.23800887689653571,0.042346927995503415,-0.24002401519400265,-1.308249933736341e-06
Riderbelt,preprocess_Reading189.dat,-2.986334884454283,1.0148795268918416,0.01256329289023214,-0.14915857795859527,-0.4679324758805402,-1.664169353163184e-06
Riderbelt,preprocess_Reading190.dat,-1.9574541532460883,0.9719665630525873,1.3201855770662874,0.43255308772626244,-0.16052881671925437,-1.1122259417922744e-08
Riderbelt,preprocess_Reading191.dat,-2.19612742842593,0.9697940664624852,0.40877736337339676,0.004219261643682968,-0.14108858192902313,-7.721869309827268e-07
Riderbelt,preprocess_Reading192.dat,-1.8522455763382248,0.6268075280461882,1.011413244306186,0.1730618895260665,-0.31620432538860593,-1.6347046108394232e-06
Riderbelt,preprocess_Reading193.dat,-2.151249469718217,1.2665558151982068,0.9254105680391799,0.14041589178421074,0.16460549535059452,-6.305466512962824e-07
Riderbelt,preprocess_Reading194.dat,-2.970467974207442,1.5139447699099593,1.3632443451866871,-0.20507812105489948,0.23211121900563336,-1.045841662139272e-06
Riderbelt,preprocess_Reading195.dat,-2.432808342544581,0.7746317780157073,0.6726996992862232,0.05009216728697792,-0.42190004627564137,-1.2795508730794598e-07
Riderbelt,preprocess_Reading196.dat,-1.8936173234053522,1.1593779968064422,1.0924844395638844,-0.44762457241578485,0.2701157618451467,-8.712560635833768e-07
Riderbelt,preprocess_Reading197.dat,-1.8539492353135065,0.13078180205300496,0.08004317932621273,-0.030233720361830876,-0.6458189358609187,-1.0568350123743726e-06
Riderbelt,preprocess_Reading198.dat,-1.0685509919468712,0.6069380118750435,0.22674296712823247,-0.6024710817408709,0.07277691185603052,-8.464587619862708e-07
Riderbelt,preprocess_Reading199.dat,-1.920739748939277,0.1963385370493014,0.36830905294227095,-0.5738338921626757,-0.44769845443058054,-8.036025067958355e-07
Riderbelt,preprocess_Reading200.dat,-1.7086132995853647,0.3856489357076315,2.0353152533248506,-0.019582651571485313,-0.15027926925922255,-3.211605126520225e-07
Riderbelt,preprocess_Reading201.dat,-1.0985599908736743,0.45792154553264885,-0.6467971561290597,-0.6020000249788955,-0.4012624856280077,-1.3895909489779277e-06
Riderbelt,preprocess_Reading202.dat,-1.5859336296326367,1.346847862010969,-1.6799122915604663,-0.45355278726656184,-0.1858200573202594,-5.077524239122729e-07
Riderbelt,preprocess_Reading203.dat,-3.0200813397663415,1.3141688804815985,0.1485001346394126,-1.1794411166885497,-0.2427302278907361,-9.63057542674789e-07
Riderbelt,preprocess_Reading204.dat,-2.14680509094023,0.6160914678380671,-0.5583188136653718,-0.7913584880597277,-0.27838623865374773,-1.4807329706155497e-06
Riderbelt,preprocess_Reading205.dat,-3.244674118653752,1.332529088258034,-0.5101708210519417,-0.7722653660075407,-0.33889385397066035,-1.3191397585188238e-06
Riderbelt,preprocess_Reading206.dat,-1.5607011534482558,0.8548319701184977,0.07135205659214225,0.25134832540957225,-0.11841053831427148,-1.045565072033208e-06
Riderbelt,preprocess_Reading207.dat,-2.118372904136641,0.6178447599613588,0.4496008922076263,-0.8668339343653,-0.4536238696770451,-9.719533596191318e-07
Riderbelt,preprocess_Reading208.dat,-2.324049082981001,0.8540255149950071,0.3155183672835445,-1.2978856449104448,-0.5717261954328811,-7.260011924894092e-07
Riderbelt,preprocess_Reading209.dat,-1.9131637412723321,-0.05327080647922544,1.3572637868311614,-0.4783828036265003,-0.32242444768582884,-9.941488376262756e-07
Riderbelt,preprocess_Reading210.dat,-1.5914644806507405,-0.43744740684675,0.4627359129169128,-1.0909727274406997,-0.8936402290653273,-8.091600417311627e-07
Riderbelt,preprocess_Reading211.dat,-1.2566149140965115,-0.18277579095512875,-0.1649104272799789,-1.0191873558709685,-0.2998817369866617,-1.4939317256921816e-06
Riderbelt,preprocess_Reading212.dat,-2.379976565681181,0.8129874371084664,-0.7130216561347356,-1.151529275301151,-0.4002396857786869,-1.6561245665078342e-06
Riderbelt,preprocess_Reading213.dat,-3.816207177452773,1.2981814970446406,-1.5605913962046754,-0.5794903930495214,-0.2527969173005173,-1.6607637848916068e-06
Riderbelt,preprocess_Reading214.dat,-3.3776116271030214,0.7540965266748273,-0.6236352698577655,-1.095386295123335,-0.3924328550775872,-1.5296094925914798e-06
Riderbelt,preprocess_Reading215.dat,-2.7910258888801813,0.43791976720322984,0.19124928623031764,-0.8944604990446862,-0.5664566332004558,-1.5324743625651557e-06
Riderbelt,preprocess_Reading216.dat,-2.1727438083782804,0.9030707688220186,-0.32618648668990047,-0.911094210347004,-0.5373936411317692,-1.018835821318089e-06
Riderbelt,preprocess_Reading217.dat,-2.250727003952048,0.87139068898783,0.9959624434580205,-0.6456186413605529,-0.19679797218045678,-1.2583695641687396e-06
Riderbelt,preprocess_Reading218.dat,-2.094713613174809,1.1469503364627736,-0.6780097314503535,-0.7104322944949616,-0.23651335890300773,-8.744979695748896e-07
Riderbelt,preprocess_Reading219.dat,-3.2133016603979527,1.502082351519562,2.0858394149761215,-0.6557277768163122,0.12913419671826912,-3.286361014232499e-07
Riderbelt,preprocess_Reading220.dat,-3.35016801041782,1.1013672410763184,0.7249772002170054,-1.1997328185938458,-0.3698590424859391,-1.4070312555059142e-07
Riderbelt,preprocess_Reading221.dat,-3.1392677592041838,1.6854345256213437,0.37461871056446927,-1.8460075182267202,-0.1452734280977435,-6.402609925229899e-07
Riderbelt,preprocess_Reading222.dat,-3.3208733747062786,1.0833895195453556,0.1086373637253751,-1.2891442633704642,-0.2456005534232653,-1.1962133684992125e-06
Riderbelt,preprocess_Reading223.dat,-3.993103049828777,2.1191833976431673,-0.7227872839479776,-2.052925876131256,-0.5006071737035818,-7.562689421341788e-07
Riderbelt,preprocess_Reading224.dat,-3.2181239082202917,2.0210465434637714,1.958596691778598,-1.4313592621548594,0.44830947750835626,5.642529343593528e-07
Riderbelt,preprocess_Reading225.dat,-3.239988090157367,1.4444262954727474,-0.40420497602517824,-1.961791094473887,-0.32262150973499626,-4.671154573841633e-07
