classe,arquivo,PC1,PC2,PC3,PC4,PC5,PC6,PC7,PC8,PC9,PC10,PC11,PC12
Healthy,preprocess_Reading1.dat,-9.180454117938602,-4.1950716280461,-0.9387202452777936,-0.5641834175059177,2.4839305789618327,0.4447343524205958,1.5461648586896088,0.265450696878176,0.2542864604986574,0.06811260901931938,0.027740564130546534,-1.5855203885892757e-06
Healthy,preprocess_Reading2.dat,-6.210551639107905,-2.07151393011936,-2.2631847743512523,0.5559779280574967,0.04801088952010909,-0.2024693443626566,0.27983869355654506,0.11436082906100668,0.2174470397744978,-0.06964573877351264,-0.00407161763548142,-1.3974670313590699e-06
Healthy,preprocess_Reading3.dat,-5.844551005958194,-2.055377084562483,-1.9654789708901097,0.42919263432232607,1.0051070322638678,-0.15994545381777128,0.24590011376548343,0.16023091805208553,0.09402711970958642,-0.31817515035499916,0.03695096235022532,-2.4496652947686453e-06
Healthy,preprocess_Reading4.dat,-3.899192431956259,-1.146621373275455,-2.09395297869379,0.8547515167950922,0.055699954585309276,-0.5725802530198925,0.014982177958035518,0.10600133979872756,0.14546700946604776,-0.13168722444983091,-0.018472725955057334,-1.4218701772828444e-06
Healthy,preprocess_Reading5.dat,-1.4240621468078745,-2.041760329525553,-1.433792912599079,0.8984566283170465,-0.24461469689311588,-0.17175718661385625,-0.30997957240189367,-0.06780656707931944,0.1451857307679693,-0.19475692802799072,-0.03635909735464414,-1.0249341935099778e-06
Healthy,preprocess_Reading6.dat,-3.471714444378251,-1.4877709680956643,-1.803271871338129,0.775919797234805,-0.10860899066779818,-0.8549879319159831,-0.23129948381413126,-0.042196705152774204,0.12628377744445424,-0.2491001483043038,-0.020180813247984677,-2.1790230500428385e-06
Healthy,preprocess_Reading7.dat,-4.166702114892621,-1.1786208511716176,-2.1494881855316903,0.8480561641857192,0.0661925317064035,-0.3270469372702285,-0.5554931344849428,0.0922711125136228,0.11025964843537608,-0.1178466992533629,0.0016911258113409054,-1.5346980317460281e-06
Healthy,preprocess_Reading8.dat,-4.281933700788081,-0.5750516506592556,-1.9943927991100114,1.045979341768052,-0.28811416754432373,-0.3851127752302021,-0.20346712786888846,-0.19208882450895742,0.10525431243327263,-0.23381186527470937,0.02369552080494643,-1.335193297915895e-06
Healthy,preprocess_Reading9.dat,-3.3658827737282286,-0.7857849449272611,-2.025955278938334,0.7110679997947118,-0.24875761607130295,-0.452835181939246,-0.38096414337743506,-0.06989747334628961,0.15344383807293585,-0.17280415295296286,-0.002772410432573337,-6.231361067256667e-07
Healthy,preprocess_Reading10.dat,-2.863647453431395,-1.4877502901742805,-2.0082652614375944,0.43036335994287006,-0.015644382591338643,0.029533551291028196,-0.5297508005524505,0.03191272893565481,0.13182496566970758,-0.10583064506867396,-0.030252500880278973,-3.37004392655379e-07
Healthy,preprocess_Reading11.dat,-3.8054475282197737,-1.3271510174579815,-2.3569690724254992,0.14006190673073074,-0.006243078104968548,0.10016237248294611,-0.5593033377981045,-0.02919567108435958,-0.0854868045572854,-0.21736131712879544,0.06076799813499728,-2.002464515445887e-06
Healthy,preprocess_Reading12.dat,-2.6703365667503274,-0.9979327455380561,-1.9021129157777952,0.759240958903464,0.004113995076980426,-0.053632928852778185,-0.5061786895084547,-0.0036806635146064324,-0.12012460894308344,-0.07427496370170315,0.025270261753265858,-1.5213134719422712e-06
Healthy,preprocess_Reading13.dat,-4.131279250051616,-1.162025821224919,-1.6234289740874472,0.4016239103552477,0.2500674487113707,-0.19705473041030938,-0.44663335480632876,0.21170646048953554,-0.25371274346489747,-0.2316283056748185,0.04588029236806524,-1.6080507919187324e-06
Healthy,preprocess_Reading14.dat,-3.1465562213939213,-0.8281188671029237,-1.134934956681058,1.1085834482661776,0.01680474418369068,-0.5442645419016277,-0.7936736847902928,-0.01920639317863337,-0.12169897928263451,0.11474841349144779,-0.02482048873795046,2.5592759462243475e-07
Healthy,preprocess_Reading15.dat,-3.3098557174700525,-1.2988215698323082,-2.0309798637904257,0.9361345647246582,0.11386873134008846,-0.4028716302466159,-0.348789515323104,-0.014577999239184488,0.017046414402945728,-0.11252910312110101,-0.0037724256112806544,-1.1462879483959232e-06
Healthy,preprocess_Reading16.dat,-1.68111722364032,-1.0231080936982786,-1.2624898751859313,1.410259572882144,0.11644783242424907,-0.5294592120418262,-0.1979871421020002,0.007559527723218235,-0.045111164976234526,-0.05455580909579042,0.021876276657769374,-1.0634961318157147e-06
Healthy,preprocess_Reading17.dat,-3.350555753836108,-1.553489375185169,-1.5013876469883007,1.2875388617271013,0.5636527186926611,-0.426315816447611,-0.605385458874303,0.3051634243644063,-0.07533397283427508,-0.11741949986018313,0.051121411567927315,-9.707504114151688e-07
Healthy,preprocess_Reading18.dat,-2.199866338985877,-1.264109371336125,-1.2377040656797789,0.6411541425065822,0.14251877962877316,-0.589157116273997,-0.656120019723235,-0.08687797296957903,-0.07777114154975892,-0.09399984289600065,0.027544676343786722,-1.084659022934435e-06
Healthy,preprocess_Reading19.dat,-2.0153160243131176,-1.4156087752978004,-1.8952727724875869,1.3923997292812305,0.2800181429847493,-0.07278501698794483,-0.48113879152688,0.15662319929905605,-0.05784524135514346,-0.0913629554934684,0.04221016122576544,-1.1274125925010472e-06
Healthy,preprocess_Reading20.dat,-3.3752041236082024,-1.5285984216636195,-1.9029123247106638,0.5275296996785349,0.4459086281225986,-0.08808820947613696,-0.5793091902478676,0.025389830474494182,-0.07752938954476123,-0.0414961688624778,0.06175094122641351,-6.213568706656444e-07
Healthy,preprocess_Reading21.dat,-1.9489566916451095,-1.0939658825186334,-1.4927885825857734,1.4022841564168311,-0.029254555230679942,-0.03237386753407298,-0.41342616948591515,-0.012394052857012424,-0.1657352708120947,-0.04429793137231158,0.008328962612898947,-4.828070116701456e-07
Healthy,preprocess_Reading22.dat,-1.9613872922183575,-1.8910152922618018,-1.8269659061661307,0.7168975385158836,0.2502886540648442,-0.5006269842747655,-0.2556960378578353,0.14196959419951605,-0.10918258362230675,-0.07881064613691756,0.010593571348742076,-1.5756870250243042e-06
Healthy,preprocess_Reading23.dat,-1.645298931799857,-1.6772526504231988,-2.624163106828811,-0.05412703043350102,0.545360854508832,-0.07983627702406547,-0.5611308596690445,0.07339143785382385,0.03785496508623222,-0.035526417543640845,-0.022096258491827867,-1.1851294360401093e-06
Healthy,preprocess_Reading24.dat,-1.494495646924538,-2.0550821162966173,-1.9088996540638052,0.7677714950162392,0.0019373057151535397,-0.21415091467204184,-0.4010851978448261,0.10806646955416953,-0.05085592541271723,0.01773950440934329,0.04590289670397427,-1.1321480520737772e-06
Healthy,preprocess_Reading25.dat,-2.583870672459131,-1.289803755956486,-2.0965694686596232,0.8615149396016953,0.5246035694654676,-0.26402152483467123,-0.47743179758847787,0.00514797464553378,-0.1092836113869897,0.09731168965518584,0.03923675159401022,-8.718197856150938e-07
Healthy,preprocess_Reading26.dat,-2.515239607651237,-0.6327551470193676,-1.7033425566437492,0.09038382937385246,0.5491170949303449,-0.751811293785154,-0.2093300098868446,0.036597752840060865,-0.07044286866551844,0.02066218179150329,0.01610849750089011,3.593940117684529e-07
Healthy,preprocess_Reading27.dat,-2.2300509809617344,-1.4464797625296952,-1.5039983699557549,1.694234325131854,0.2750405335942472,-0.3528291822449733,-0.28644626265979317,-0.0419343183374247,-0.05430035118181986,0.04362029543846366,0.06163744076211535,-6.930068180220071e-07
Healthy,preprocess_Reading28.dat,-1.6401139026951066,-1.4939372239996551,-1.4325849111182567,0.08718040054680277,0.1713223880051551,-0.33123060219488754,-0.7200976492341112,-0.04821611648473199,-0.08134190537728397,-0.07225837706624434,0.09534486528328788,-1.1901688902928304e-06
Healthy,preprocess_Reading29.dat,-1.1861121652463535,-1.253532921640144,-1.4617419591891194,0.21198392826160375,-0.22232610103380313,-0.40909553206720145,-0.21917234803477983,0.0433609009976527,-0.06475472318912763,-0.026431643638611075,0.1318033604248616,-6.292155190190229e-07
Healthy,preprocess_Reading30.dat,-1.4705145190576316,-1.828895791957598,-1.5713573541012478,0.6934523893819269,0.24243786338127513,-0.2720705661799058,-0.4332534925688124,0.016005567778203278,0.009521150536052677,-0.008038997472811005,1.6309224268316496e-05,-3.284543815468858e-07
Healthy,preprocess_Reading31.dat,-2.199997438473312,-1.6514166412835627,-1.7355078726151272,0.8420221225499868,0.08082794564013442,-0.8745258505253358,-0.2649127368407301,-0.11329963769429599,0.063785752395637,0.07284195069456094,0.056269269824026906,-1.3042908483072809e-06
Healthy,preprocess_Reading32.dat,-2.11961230405418,-1.9002372540153465,-1.6279414578747404,0.6731633113979588,0.1721398517982118,0.32380733981104115,-0.8826500078771985,-0.1327628901598915,-0.1777474753372608,-0.030074203717637266,0.013370049282999107,-1.0643853787443703e-06
Healthy,preprocess_Reading33.dat,-1.426052635737205,-1.3623711317647897,-1.6304382849818058,-0.8088572202310476,0.47789055051793267,-0.8773763602712182,-0.4468448441277586,-0.05827613900463593,-0.07786399202740824,0.007549457793340614,0.0008374252096227296,-5.826917965691953e-07
Healthy,preprocess_Reading34.dat,-0.5832440739191688,-1.5714258026686116,-1.9156852980231214,0.7612179181387333,0.15130789152635601,-0.18477697270216265,-0.21954299533553354,0.0749072546440965,0.06422962190514667,-0.055925200634698885,-0.01074497303647285,-5.404220065606663e-07
Healthy,preprocess_Reading35.dat,-0.7059863084263301,-1.5471703542687607,-2.2841392972933585,-0.08661488202482641,-0.4257350660129239,-0.09899891527536288,-0.1487761301858656,0.1000650466381414,0.04996015212250301,-0.0818442259203742,-0.039581621112411515,6.750800812865783e-08
Healthy,preprocess_Reading36.dat,-1.6558823444415787,-1.674430587167871,-1.9120231335542677,0.04750183193027359,-0.20832177049283662,-0.21708808073315178,-0.4812225323116043,0.12666232251666118,-0.0075776584492080286,0.02662390274741942,-0.05477908830905083,-5.269246917035747e-07
Healthy,preprocess_Reading37.dat,-1.5871924980560925,-1.8245153645033847,-2.164619922608373,0.30127495572989327,0.5023213270654162,-0.7276267273693474,-0.23106750864941686,-0.0017779560970116398,-0.0737524050525061,-0.10677019914180079,0.007907375593292043,-1.5310247636286242e-06
Healthy,preprocess_Reading38.dat,-0.9244703118244549,-1.4935198374134133,-0.840444684104568,0.2047109649694292,0.13191449184404241,-0.4634911274918768,-0.9593565312098826,-0.05574745437173192,-0.2876036437993399,-0.02497481251152498,-0.08427059231898955,-1.2984152151840387e-07
Healthy,preprocess_Reading39.dat,-1.870645448016981,-1.2714155490222816,-2.477889564023188,0.10442391908004293,0.2782433828076564,-0.43002233251348815,-0.24835164845174634,-0.14437012763016474,-0.055645336641792026,0.06703980191672745,0.01443343184581732,-2.1970484512271457e-07
Healthy,preprocess_Reading40.dat,-1.6681008432515343,-1.5265979961032692,-2.0808672701842608,0.47783646412920455,0.10713916523630783,-0.8169996306297939,-0.4500862430351168,-0.33892773482183464,-0.12239234937087468,0.16823743910499986,-0.09795772355777303,5.586915501190262e-07
Healthy,preprocess_Reading41.dat,-1.8234664751928475,-1.6887445059836252,-1.9094219824588081,-0.0844765076849264,0.1576549589605953,-0.07391737770162715,-0.6232625666808363,0.1041902954434335,-0.22989087200519512,-0.12199360615665622,-0.027986787447025846,6.649357843319733e-07
Healthy,preprocess_Reading42.dat,-0.6723011634208096,-1.419276547468691,-1.431940603065283,0.7248961477962428,-0.218862888912475,-0.662434532941513,-0.40353281364174265,0.053319454992342315,-0.04297460229327552,0.09633584107211132,-0.09716675979670507,1.6143154615920636e-07
Healthy,preprocess_Reading43.dat,-1.6794694021501346,-1.2292399121834474,-1.4311655569523467,1.3641102213240166,-0.1255253411316626,-1.0315119316288144,-0.2656822604294423,0.11355047190701929,-0.01712864225355356,0.038812686725487565,0.013063101121156285,6.066632691019055e-07
Healthy,preprocess_Reading44.dat,-1.8912120315439598,-1.8979874873023916,-2.137699186966842,0.3452657695453983,0.21425542675059694,-0.14417150176901333,-0.4565662957298082,-0.05059205656070941,-0.06035746604129659,0.01570454665657315,-0.07574485585044079,1.1125167390585738e-06
Healthy,preprocess_Reading45.dat,-1.5792064689828775,-1.802507870223898,-1.8583584685663206,1.158364880623618,0.25872075965419106,-0.7581677954114079,-0.34522235143281915,-0.12020772902700493,-0.008309516363577922,0.002098260319776511,0.018086833666810093,2.483225851322211e-06
Healthy,preprocess_Reading46.dat,-1.9446267895462988,-1.6235572535407992,-1.8908507361108888,0.5373465161061438,0.2887782952757828,-0.198977382689769,-0.42710049035231024,-0.06498523653975098,-0.010193290770624207,-0.08421615634116117,0.006691600590581429,6.818816061487575e-07
Healthy,preprocess_Reading47.dat,-3.5141792396162703,-1.6381538230911927,-2.2561886643056375,-0.4206985557902416,-0.011625502273633851,-0.10101503575527197,-0.8668786791406747,-0.06671864437100086,-0.19583522966590128,0.039820745338018944,0.011716432650540379,2.4896407503152136e-06
Healthy,preprocess_Reading48.dat,-2.056335656946986,-2.1074280796506555,-2.312032449977853,0.22988263258436667,0.27849985968209684,-0.29706055719848934,-0.3238125388724712,-0.2636486971259273,-0.0011736634283341526,0.02393175774370122,-0.002257322263850554,-1.5107231552538348e-07
Healthy,preprocess_Reading49.dat,-3.8476855035504363,-1.7665588865514346,-2.031096086582504,0.4953011052287514,0.9055515965680404,-0.12542605734085702,-0.5279598248070496,-0.08789383393428922,-0.12408165762141769,0.009355397958141132,0.04296267146109368,1.3228455960977187e-06
Healthy,preprocess_Reading50.dat,-2.418935010200759,-1.7162675774587284,-2.2161997173936423,-0.04873425521404148,0.10863675149730768,-0.4857414674720805,-0.6074246621000422,-0.18945489165173598,-0.05707657532013033,-0.011051468577892694,-0.06008999827203048,1.366295159480785e-06
Healthy,preprocess_Reading51.dat,-2.95666098240631,-2.0079470814593265,-0.7727332723044253,2.01311517003054,0.8128393264310155,-0.6721397694407034,-0.5474163237746869,-0.059654805944383854,-0.10036223047435974,0.020917256282621793,0.010915698803072967,1.6361318881782263e-06
Healthy,preprocess_Reading52.dat,-1.3682264076091428,-1.8472013977403903,-2.2872943349270622,0.5902243701225905,0.3745726897719778,-0.1088889258330637,-0.23446871393135324,0.019632927558295186,-0.05670201081433531,0.0768037508988446,0.0033733245467279715,1.3391161159314994e-06
Healthy,preprocess_Reading53.dat,-2.050843147068739,-1.4307569484258404,-1.5100782983995624,0.12001843498636021,0.6302915840395178,-1.1369940798268594,-0.2091271275198605,-0.10573872903442662,-0.006157057061855722,0.17086044692931207,-0.07066842102324657,9.181898361968244e-07
Healthy,preprocess_Reading54.dat,-1.7854299630256858,-1.6040052361610357,-2.0636127570231255,0.7815458045385967,0.24696507781015034,-0.07097887763344432,-0.3089022004210568,0.16978557923609613,-0.09090648582120005,-0.05475429225181405,-0.049321842543384405,1.0531723707987731e-06
Healthy,preprocess_Reading55.dat,-1.1166661435507335,-1.6898755054789603,-1.830297369876122,0.06917802778507595,-0.011114730990930244,0.05510169014679253,-0.2844991903354026,-0.02544181882939726,0.04455721077996777,0.14150589778640923,-0.07172270036513599,1.224172516545687e-06
Healthy,preprocess_Reading56.dat,-0.9057977662828423,-1.3940666792452305,-1.7557096108592716,0.5348097561050136,-0.116030035217453,-0.3536008946569037,-0.0844433422132721,0.06246743745708823,0.1409990204060517,0.02373488194804189,-0.05203076350113292,1.3375428127288998e-06
Healthy,preprocess_Reading57.dat,-2.4603239672809694,-1.610857782774398,-2.088850670436476,0.4550239486793177,0.16757169250656548,0.25356768391990253,-0.4438289991988225,-0.16362235786050625,0.013350801697077886,0.15176391682573376,-0.05464738064051953,1.0103549447962683e-06
Healthy,preprocess_Reading58.dat,-1.8603839020835133,-1.9069928243438032,-1.9937848940431164,1.0460983101076835,0.2534402862296159,-0.03483431360173038,-0.3391450554048786,-0.12121454926303875,0.012790235761311412,0.20951243107595885,0.02178640100198261,8.228708350655311e-07
Healthy,preprocess_Reading59.dat,-2.3267397613140792,-1.842233752673443,-2.367676418129635,-0.4600603124248359,0.958547031070796,0.19317559032111598,-0.5527478233059492,0.19303468995989245,-0.024617827326177965,0.05704641497343927,0.032248922235026574,8.351098700066573e-07
Healthy,preprocess_Reading60.dat,-2.2387259631061576,-1.7411957091212573,-1.609967824454445,1.2307140251611943,0.15939118176821535,-0.6234066245900212,-0.4262993243739107,-0.22877777441903469,0.017633334409843722,0.07981490081532301,-0.004801473333711485,4.253767669328537e-07
Healthy,preprocess_Reading61.dat,-2.0078184483759003,-1.6864083463386712,-1.6002314816490655,0.5630793730057946,0.35267128524679797,-0.2723253721752645,-0.3541174471741203,-0.072966005680288,-0.010774007496147408,0.06830750019844214,-0.031649374877267454,7.170745549748875e-07
Healthy,preprocess_Reading62.dat,-1.5569461303679195,-1.56486117661485,-2.020874962552908,-0.7030605162264274,1.1976220724337585,-0.2507429888302065,-0.42424744755837135,-0.1457779245670464,0.014135772793968033,0.13673329536458292,-0.11340223054295007,6.805996605001055e-07
Healthy,preprocess_Reading63.dat,-2.532271156135326,-2.6412431496831816,-2.2010134971408926,0.8079314604241592,0.9477458587257223,-0.26164377812639267,-0.3966228332728526,-0.06730227330539279,0.1488468916685144,0.1947325759602559,-0.020509063891232013,2.326503898873547e-06
Healthy,preprocess_Reading64.dat,-1.7836066231218546,-1.8287058893078563,-1.8278555426432066,-0.042990834978971965,0.8592206054587223,-0.020575042987513958,-0.43293052799714876,-0.01675363087399298,0.002963133020914869,0.15174307244760984,-0.0009646580419848476,8.58616626758346e-07
Healthy,preprocess_Reading65.dat,-2.381981577215565,-2.4111158639520047,-1.400021693516378,-0.384968573969989,1.0741545866058078,-0.4977315591365978,0.043013997605763105,0.13723024595308317,-0.0651196647735367,0.058128584719711864,0.04702620797293187,1.2795818622670386e-06
Healthy,preprocess_Reading66.dat,-2.9578753184138877,-1.9240413817135342,-2.2241191188463874,0.39496547718662195,0.7419753725424072,-0.027060259698970992,-0.6009523208533778,-0.09362885115510122,0.009435898022604817,0.1489622999642641,-0.02744245656265455,2.55578516176364e-06
Healthy,preprocess_Reading67.dat,-2.4853436294373363,-2.3493415174403225,-1.7094990224287179,0.8407448714021827,0.9394261801876597,-0.46514123652878564,-0.43484843926679273,0.10897201123646041,0.13417736894234025,0.15243659951259156,-0.061186961517191406,2.292294852535872e-06
Healthy,preprocess_Reading68.dat,-2.068275852185411,-2.574423952364804,-1.5685343345885594,0.32284137053829015,1.2751273084861212,-0.38730840563347785,0.012560279030477376,0.17934945955326548,0.1185725234003358,0.14124988295013827,-0.03973356955007607,-1.9332656016519195e-08
Healthy,preprocess_Reading69.dat,-2.587586896318503,-1.9825412931770066,-1.505462053892197,0.6219553560133382,1.1631829805737843,-0.726448031535133,0.09339575566749066,0.03744409768850277,0.04121611571501119,0.2259292351708332,-0.027649666202019228,9.273511290583182e-07
Healthy,preprocess_Reading70.dat,-1.5174156387913844,-2.3875747807701764,-1.6437061938332092,1.3125185170181652,1.0251322293412728,-0.6188184710124832,-0.16977654015087876,-0.06600347047763788,0.11445686547611886,0.21833005468529992,-0.02334770655731272,1.404747631567896e-07
Healthy,preprocess_Reading71.dat,-3.080089192737482,-2.240735659868555,-1.7688044639270417,0.34424190808202754,1.01236529836538,-0.8769849381721546,0.1024696234722295,0.07707605098492272,0.039210628519539124,0.2354076435719113,-0.03021686478043076,1.6479695884025068e-06
Healthy,preprocess_Reading72.dat,-2.1169736052987767,-2.2726741388774263,-2.1694382492064834,-0.5518503665168689,1.2883058238481377,-0.6782232461335617,0.16983169285326577,-0.004775403241032663,0.010816541439834551,0.10943027305718983,0.00646099701914042,-1.5922396018113719e-07
Healthy,preprocess_Reading73.dat,-1.7773738801006325,-2.259170291565515,-1.3489074304278592,0.754502970676731,0.9310108270152522,-0.6702736251529934,-0.23834364969063898,0.08359644307475309,0.03784437791088676,0.12831203419234416,0.020733366479929672,1.147580729976612e-06
Healthy,preprocess_Reading74.dat,-2.2958296398769753,-2.0316222597876457,-2.283533927624009,-0.44277676664812254,1.1734325592223656,-0.8747689073087453,0.09508274015692429,0.14208093303648903,0.043047062541486256,0.1903167898169883,0.044474798500414754,9.235172041030579e-08
Healthy,preprocess_Reading75.dat,-1.9066512284178214,-2.6366120428871507,-1.3390604816730967,0.8782180686336633,1.612159766902,-0.4786701438352213,-0.043647121012918344,0.09969354656620419,0.07820624737142876,0.29084051641575603,0.043447639026936775,1.314622209358598e-06
Healthy,preprocess_Reading76.dat,-9.822810579921503,-4.832614792021799,-0.19709773864575555,-0.4343738537740558,2.5801845640309296,0.2187784206172219,2.4766839316664937,0.7817821639261224,0.3018179814467108,-0.041531456632970566,0.06361723727175046,-3.490566123742645e-06
Healthy,preprocess_Reading77.dat,-7.041770472193914,-2.698922521398087,-1.5942837945254245,-0.5286904530193032,0.7749716029477014,0.014884378627924976,0.9661587048137174,0.5421224562992479,0.44626900381298484,-0.11288269434394793,0.029775234972021492,-1.115668346930175e-06
Healthy,preprocess_Reading78.dat,-4.326662310922117,-2.8165329219659125,-0.9888728618383982,0.6274636106704254,0.6181893421704452,-0.6768170126477819,0.1466264358968841,0.2658583153747949,0.23130281743456135,-0.019010298869665158,0.001396350223895715,-1.3745520897108717e-06
Healthy,preprocess_Reading79.dat,-3.566219552041441,-2.0489714574492925,-1.089705058740348,-0.022791507307199015,0.2714784211124725,-0.1807101923135369,0.2728060574375382,0.23501122323512308,0.11175186644766588,-0.22984646556322638,-0.0024573220143277908,-1.6774710172607003e-06
Healthy,preprocess_Reading80.dat,-3.4418137202726897,-1.8918732017896558,-2.0166766771231504,0.8858157582913129,-0.23142614025210362,0.2748742221909276,-0.18793975854595588,-0.12038959873069954,0.15167160919598863,-0.042971078438653935,-0.029783889288437438,-7.227505096780114e-08
Healthy,preprocess_Reading81.dat,-2.8241526708322655,-1.3511498179444061,-1.7672078095357828,1.3197920030205654,-0.42000377502394426,-0.2577238675276014,-0.10382678448242579,0.21913895636409128,0.08130170781532818,-0.1535388260379039,-0.004847154418761013,-4.261789012945187e-07
Healthy,preprocess_Reading82.dat,-3.544361268011106,-1.5395517206848104,-1.8246346062548329,0.42502902640983703,0.32950691175339375,-0.6917367541552305,-0.11893259206177503,-0.10593849714857163,0.14248786502230049,-0.04815083290072098,-0.030955647458821307,-1.0372452125618208e-06
Healthy,preprocess_Reading83.dat,-3.418070155026211,-0.7967354185901485,-2.020840078968128,0.9220104735235658,0.0015319694557666848,-0.3135552005960541,-0.049537419511480184,0.16943301212440803,-0.03793292761692157,-0.173974434363332,0.015259589010916844,-6.309668941886579e-07
Healthy,preprocess_Reading84.dat,-3.035087538068173,-0.5249082285706784,-1.6625634088168135,0.8528480843577575,-0.051132548553656926,-0.9070782543373904,-0.24022278331234723,0.15049706541638916,-0.013600638235037345,-0.19653946410542916,0.016400814654229646,-8.09628551545348e-07
Healthy,preprocess_Reading85.dat,-3.980517980797264,-1.3613787139568223,-2.2911521799371015,0.2334278421673852,-0.11335393331323924,0.11581660215058363,-0.5405255055917554,-0.05769489491385371,0.07467456420619523,-0.20657112757791646,-0.004018768769332727,-1.177403780973693e-06
Healthy,preprocess_Reading86.dat,-2.659885565257484,-0.7784626552590764,-2.459763277101754,-0.09583371539620542,0.20803146846482537,-0.47943173424327473,-0.16210886758999216,0.16071945773388902,0.06479408652551918,-0.15378242406489961,-0.022704204494290916,-5.195542243690052e-07
Healthy,preprocess_Reading87.dat,-1.5492297515169444,-1.1886012310325826,-1.8370129229828753,0.8854252505617369,-0.21485794199404237,-0.15338601579606065,-0.2725880086175373,0.008445256983469285,-0.042004441890272345,-0.05409560261591363,0.04321251663168267,-1.657827578264944e-06
Healthy,preprocess_Reading88.dat,-1.5328730243169695,-1.2857392342149563,-1.8829685828926803,0.9906757729855671,-0.31011666848742786,-0.29741756596009,-0.4043589292407878,0.09200400537338707,-0.016758076014699398,-0.02017041345857552,-0.001077393595821872,-1.265454959160531e-06
Healthy,preprocess_Reading89.dat,-2.848220923149031,-1.3800036949842185,-2.2572447641445157,0.42313262983054717,0.3428543516411756,-0.2785461508146283,-0.3247025414439559,-0.026114364525966306,0.0005680796718900829,-0.10719016649893859,0.04846441342883426,-1.4348824793914905e-06
Healthy,preprocess_Reading90.dat,-2.2381739465610524,-1.551969343986588,-1.6702819487550962,0.21421516929854748,0.2191475481460461,0.41534372232689926,-0.9623425850294441,0.06425854758291728,-0.1272162365127422,-0.05902890425113646,0.0383730990106082,-4.838877723975402e-07
Healthy,preprocess_Reading91.dat,-2.260489271400042,-1.4619095082828806,-1.639367121886379,-0.11087096924999716,0.32632764213788246,-0.17037043229076765,-0.383338571442578,-0.01612197748398188,-0.17292089706666627,-0.15373626365780338,0.0040601639117726586,-1.2063219452370238e-06
Healthy,preprocess_Reading92.dat,-3.038940056881789,-1.021861934856781,-2.593869762679552,0.5358168126547022,0.046390946402523274,0.3366158205636503,-0.2045982571507984,-0.038760618041283224,-0.18588809228484768,-0.13793301066984767,0.06058514009473518,-9.556646316549084e-07
Healthy,preprocess_Reading93.dat,-1.5262422187982094,-1.7539670196257162,-1.5508039343847584,0.6210545048369077,0.33884674240817714,-0.10008042707049873,-0.5509729675723656,-0.10696996795152708,-0.14697613717361438,-0.1746164213486603,0.06475006949381716,-1.8381123198512524e-06
Healthy,preprocess_Reading94.dat,-1.735402843431155,-1.5354873240364206,-1.0880865720639865,0.7970988801042781,0.510035336038069,-0.8400346921622275,-0.40271406836825635,-0.032197094817976196,-0.07210888702521853,-0.10704056170754185,0.03395593839850703,-8.769029258447892e-07
Healthy,preprocess_Reading95.dat,-1.7819576841647038,-0.9909122048431956,-1.2706804987976055,1.1290798729804052,0.5736429883647305,-0.46687651266728186,-0.48565699691351266,0.11013582518030901,-0.12098741716927572,-0.08058344717765274,0.005552641611591966,-7.61079877202921e-07
Healthy,preprocess_Reading96.dat,-0.6222772843307341,-2.1297653311342346,-1.6292480237980038,0.8631544968713357,0.493793851115257,0.127817974823524,-0.6398173428613788,0.03008847023648893,-0.04374559193040393,0.04833709108511631,0.05461531068451079,-7.481185311834975e-07
Healthy,preprocess_Reading97.dat,-1.4707022825602325,-1.4776150680172728,-1.5268510561243664,0.3780701928867469,0.17701813131106797,0.017575288172703287,-0.33892085700712843,-0.10131021989569113,-0.17188336097913945,-0.1554110029067848,0.06323016595406429,-1.5145004205326172e-06
Healthy,preprocess_Reading98.dat,-1.6671747692137262,-1.6726273040520827,-1.1280030546890094,-0.5231124669299944,0.46594842832845584,-1.181963727116996,-0.5090368178401259,0.07927795202067293,-0.0853017143603247,-0.18707024383544382,-0.024587908308358247,-1.7318594111416744e-06
Healthy,preprocess_Reading99.dat,-2.4044262881944207,-2.1015973069458695,-1.5415464293472416,1.1206241753241284,-0.1167407283470778,-0.8216795106242659,-0.2295528928080956,0.0975839172495605,-0.1314851879292385,0.007187984106262411,0.026814184146470764,-2.092737877417167e-06
Healthy,preprocess_Reading100.dat,-2.100571371559214,-2.5033696156505107,-1.966799206781147,-0.06829460657844537,0.586618694273177,-0.06599477108698315,-0.552241705243438,-0.014429193326842858,-0.138232428195717,-0.049068449611284475,-0.0016682977659866944,-1.2192375675874285e-06
Healthy,preprocess_Reading101.dat,-2.087813952039569,-2.0084611132517245,-1.7840317195390174,0.13723086941603144,0.522009433903321,-0.3475385024600764,-0.18167427106338127,-0.12872715152181752,-0.048951625457493014,-0.22910365258938414,0.039567469379888066,-2.8380389160225276e-06
Healthy,preprocess_Reading102.dat,-1.2908735671827178,-1.4642789082344756,-1.8491165045523714,-0.0931340639721869,0.2743326161059165,-0.3799945151718246,-0.4857717853993374,0.10181079657186091,0.01640382946374991,-0.00607426781639312,-0.04827518451721275,-1.1699979881429029e-06
Healthy,preprocess_Reading103.dat,-2.226224179979808,-1.8985220354153625,-1.8833749461971179,0.9039100449053993,0.12047281532185274,0.09238714029180009,-0.560331305737069,-0.05241008425679998,-0.16846914661905596,-0.0667643260678569,-0.016837516121345143,-6.379917944557017e-07
Healthy,preprocess_Reading104.dat,-1.7497715736773323,-1.5732201736080396,-2.059370743322857,-1.0853685044698196,0.16471116767965235,-0.4306512614673378,-0.4536403133593905,0.11111324379273443,-0.1640691342716283,-0.10126049949165734,0.04355969085196957,-1.5767647260938814e-06
Healthy,preprocess_Reading105.dat,-1.8390008607312838,-1.3364195486878023,-2.4442025542187804,-0.2934390167243042,-0.34710944585546405,-0.6662489675731331,-0.11080179608060475,-0.014552884771401774,0.0017637827326773279,0.07069458608774655,-0.18203881190837604,-8.910725314773357e-07
Healthy,preprocess_Reading106.dat,-1.9086283996501188,-1.9264243169315471,-1.7692422430754808,1.5315857951049558,-0.24194374601398896,-0.12718388800200547,-0.21829980215732714,-0.08754527843357969,0.03530534136556076,0.03446989249120465,0.015906673880828774,1.178146345102807e-06
Healthy,preprocess_Reading107.dat,-2.6801900250329456,-1.9199391310188383,-2.024842460185078,0.8678393455143661,0.545667437693293,-0.4215190336742143,-0.20039896426435522,-0.027973897894391517,-0.0619468555944965,-0.15652233195262624,-0.008531554459702289,1.1137671634988927e-06
Healthy,preprocess_Reading108.dat,-2.2508259177574623,-1.7837991553175632,-2.712082515424473,0.1912621980094735,0.2509665485773021,-0.41431144399009895,-0.08555544210443176,-0.15501225189878903,0.06046376313785334,0.0825110022856696,-0.018112119447508852,8.691048986731345e-07
Healthy,preprocess_Reading109.dat,-1.631248627715457,-1.6755908187401252,-1.56414861570002,-0.01700656509761008,0.21052002241773482,-0.9190916677067172,-0.29203369359297593,-0.02932392446867044,-0.15024527911784266,-0.14697529325112207,-0.020713719835507932,-4.26041406861253e-07
Healthy,preprocess_Reading110.dat,-2.2904888359828557,-2.0461488700279356,-2.1843874598642854,1.0646503298703587,0.3656919690308392,-0.4162741487742649,-0.28144456405330703,-0.17687536365098686,-0.00415327264077982,0.20739487999645337,0.009073133926950252,6.799044710975322e-07
Healthy,preprocess_Reading111.dat,-2.315641589278394,-1.8148629507489737,-1.8755095494868983,1.0591304151454095,0.06271445157530275,-0.14180987997282227,-0.34983080887341994,0.052688334553321135,-0.04327275019504251,-0.16468365472963778,-0.007760711324441514,-3.8091879444792584e-08
Healthy,preprocess_Reading112.dat,-2.0018603255124385,-2.305413956483377,-2.586860857999071,0.18135906900908597,0.4951259417218618,-0.27318706880336163,-0.44366640625251513,0.06387017754991747,-0.08693451151134084,0.09253740396245355,0.006217557175911482,4.690505749710418e-07
Healthy,preprocess_Reading113.dat,-1.7050939964622762,-2.067086685200441,-1.5765529515586139,0.9496608009692252,0.4488037764755763,-0.991614875214717,-0.42970721871634615,-0.019174991256483902,-0.09602196733191132,-0.07661455153756652,-0.023693801697951662,9.978768186457516e-07
Healthy,preprocess_Reading114.dat,-2.0147804711606723,-1.6084506653662338,-1.4710578981818028,0.42216046560344633,0.2612189924133628,-0.9552150857762602,-0.5108250542884238,0.03481418935847662,-0.03219369962518518,-0.01636119795481112,0.01658052102009419,2.262454507117395e-06
Healthy,preprocess_Reading115.dat,-1.7531164811854616,-2.1187359670589987,-2.3262851329858134,-0.25690551546258844,-0.024653693717105546,0.03933963117540248,-0.3983542905124933,0.07589417037241186,-0.10089548014991427,-0.11692918561531114,-0.009030207717938431,4.682751918929971e-07
Healthy,preprocess_Reading116.dat,-1.9244894452915557,-1.5263455382038593,-2.240501922566096,-0.2896802734844316,0.12385320230525797,-0.5589292473417491,-0.21725109674102458,0.07661905227141642,-0.11733432160267013,-0.020755602650753602,-0.011624043105489212,1.1899706021365319e-06
Healthy,preprocess_Reading117.dat,-1.8167629986148408,-1.8233251641479928,-2.145601434845699,0.8035199903811,-0.06944283322334979,-0.7570704466438198,0.04555613551113119,0.03246165132876331,0.046561265120316934,0.03247907618040842,0.0709645983097622,2.4261696681461486e-06
Healthy,preprocess_Reading118.dat,-3.0807272519429705,-1.385500271775083,-2.2383602496258974,0.9240693028224987,0.22433049231238925,-0.9140298922885333,-0.30355022355440014,-0.17083391510457857,-0.11363320854833575,-0.04967397523165216,-0.016090525089713065,1.4977994566663007e-06
Healthy,preprocess_Reading119.dat,-2.0346912322686865,-1.8522425416266814,-2.683573033552257,-0.19249039523743652,0.2650740299931906,-0.14012058947615091,-0.3433717999247081,0.003457902061748122,-0.022945442493809146,-0.06960171050574432,0.0581433919993093,5.636854957390018e-07
Healthy,preprocess_Reading120.dat,-2.3730453748068143,-1.4659626843051785,-2.629512541602623,-1.6051887989044664,0.31649980110415205,-0.8359313252465573,-0.14254037427329314,0.10041123020170033,0.0011922582756191803,-0.039096946051453925,0.016985240676255505,9.7777566147061e-07
Healthy,preprocess_Reading121.dat,-2.2095688978927406,-1.6466853751354067,-2.65364848161254,-0.6225042806181834,0.32324634629205223,-0.5140168701300558,-0.029999599355388793,-0.12643096109701774,-0.18181413713514408,-0.10418929816816852,-0.07646734332676725,1.5577425863523336e-06
Healthy,preprocess_Reading122.dat,-2.632630201442413,-2.1376590202850214,-2.2703378339295113,0.951810604845997,0.22247065578389427,-0.5151056594401439,-0.16380792832004648,-0.11672736812588513,0.13382977830414539,-0.21919916215334243,0.03079830992594162,1.5042247612391046e-06
Healthy,preprocess_Reading123.dat,-2.5376986206736087,-1.8720997617325568,-2.397352865442424,0.7025802742684758,0.573696730077721,-0.5652555594873113,0.18338039358262112,0.0016748604816844426,0.04667656891334852,0.07476064610043003,0.0018621541420325266,2.356888093840141e-06
Healthy,preprocess_Reading124.dat,-2.2844671953098312,-1.798973888826039,-2.5101275179708638,-0.841474987587852,0.2727749036974923,-0.9707357489087022,0.031048045335915708,-0.16568731705733983,0.02104445596426425,0.0888993381352589,-0.00592125335117206,-3.9481180892688456e-07
Healthy,preprocess_Reading125.dat,-1.6596548206494053,-1.5863053688996314,-1.2172183052892251,0.11240640959597392,0.5408922790722261,-1.7258536998308163,-0.10233944390165288,-0.1348544317582423,-0.02270279644193014,0.0988629421095468,-0.023916377171044608,2.9262602100766075e-06
Healthy,preprocess_Reading126.dat,-2.405046631348829,-2.06167680010228,-0.8787357937502097,2.4641571314318513,0.5445746857890057,-1.094659668263643,0.21301088367398474,-0.08776569675374575,0.08566326656504025,-0.11375618272966012,0.00972870759057051,-2.6274704969198964e-07
Healthy,preprocess_Reading127.dat,-2.177785156221008,-2.2803299189477544,-2.321606931117277,-0.2727910656265096,0.5728353073654602,0.040686342771094466,-0.3527576401114869,0.041871606430889344,0.048766389864936734,0.023737241012386057,-0.056591899512361744,1.2770041481471764e-06
Healthy,preprocess_Reading128.dat,-0.5587540718412695,-2.21671106380935,-2.161475839724199,0.8649745860844981,0.6119118324484756,0.012485988297177302,-0.5477878775168378,-0.1498083475671718,0.11397000128404124,0.10057741305054016,-0.03438464390561114,1.646118968257608e-06
Healthy,preprocess_Reading129.dat,-1.3313858798889675,-1.153070865755285,-1.987487837859448,-0.7742065111391191,0.33538439482176147,-0.743997614282083,0.05644739980194621,0.005081689160365633,0.07532034662357172,-0.018159179389467518,0.0048540417331952215,-1.9329747575764375e-07
Healthy,preprocess_Reading130.dat,-3.982073406165249,-0.3832924553875117,-2.551405865712574,-0.3656479008183888,-0.5075847512915942,-0.38176660976726,0.22109827926041975,-0.3334766532407855,0.09029931878424503,0.0986194564367526,0.003677998672032068,-9.252648836098779e-08
Healthy,preprocess_Reading131.dat,-3.489230286516974,-0.2734595295189889,-1.977170496383873,-0.9090803013999267,-0.4146962049037168,-1.0594070000371236,0.17848832629136657,-0.17761318991810282,0.05243901494545867,0.08800409838107366,-0.030666253362094643,-1.0190089137801687e-06
Healthy,preprocess_Reading132.dat,-5.217949307093766,-0.7659243308084974,-2.6118005408398295,0.14221088580963304,-0.25178077147470307,-0.4461427333529509,0.33816798275086113,-0.17406962096342277,-0.1252433987818791,0.03542659590910066,-0.05166115049577979,-1.449710761283716e-06
Healthy,preprocess_Reading133.dat,-2.4316684400032487,-1.8273495452086967,-2.1006900912311015,0.8594502386699592,-0.2107240238658323,-0.011513137634909016,-0.0319563103669661,-0.20757714077504522,0.03580458696082009,0.060674569439229366,-0.030874855687911568,-8.601644172444441e-07
Healthy,preprocess_Reading134.dat,-3.330134877425414,-1.0794630527853692,-2.5495081767175494,0.8381810614069092,-0.7457320515456319,-0.12189407304784548,0.21422381261428047,-0.15290705819122363,-0.057116983343162675,0.07000483129162188,-0.01824964733463352,-9.035071816221777e-07
Healthy,preprocess_Reading135.dat,-2.1939179837109495,-2.0197274450790386,-2.061437695264607,0.620751493560989,0.07787635191304058,-0.5025990185034952,-0.06885917547547782,-0.12200513893825207,0.09728881210235468,-0.04220708889556061,-0.0009492647091082106,-3.407522848994791e-07
Healthy,preprocess_Reading136.dat,-2.6368733535811764,-1.1852496864160706,-1.9096134822069433,0.7910477585332866,-0.4280324315372933,-0.4649751043898849,0.0049663477313440715,-0.11071958991790078,-0.09368965636516212,0.12276725775181295,-0.06499397805712105,6.844046291884966e-07
Healthy,preprocess_Reading137.dat,-2.9756631040225043,-1.316830507537008,-2.2272989470745825,0.5549912029923579,-0.21915097007184992,-0.30003796210508393,0.34634575366239284,-0.1815778425571372,0.03185409203329837,-0.0611060730263752,0.005616714191731278,-1.2611774466485319e-06
Healthy,preprocess_Reading138.dat,-2.8080050785030553,-2.467599207904173,-2.4694033182695145,0.31244945077422687,1.284357790124417,-0.39367339399534024,-0.03815230535167212,0.021256538716634098,-0.011777848828306223,0.08714596847411497,-0.06530336599164314,2.1672488348425064e-07
Healthy,preprocess_Reading139.dat,-2.5695640580930212,-2.209053210075148,-1.6247646692765982,0.4051613259771094,1.0845261830105235,-0.3552978879017709,-0.06918808349846735,-0.08853504083179174,0.0020822927412761315,0.11494631500236598,0.023983359934398533,6.638374960705865e-07
Healthy,preprocess_Reading140.dat,-2.949927433846334,-2.457305022655355,-2.2757401436213196,-0.14321084006114168,0.9930998411337735,-0.32079269105909464,-0.030013141671279022,0.2322881917990802,0.003237913359844812,0.08551147130056305,-0.036479705112775894,1.0635135315737034e-06
Healthy,preprocess_Reading141.dat,-2.844776890415933,-1.7486469271880571,-1.7844006294514059,0.7702986092715159,0.7036765514069248,-0.548346972675244,0.22763686520886303,0.07521577120594725,0.13062754760579334,0.11319030854384836,0.04939635241681705,7.952891818928473e-07
Healthy,preprocess_Reading142.dat,-2.5493081173912957,-2.368558129136916,-2.2168281424506486,-0.1473471526808783,1.256194867663883,-0.5101190014388147,0.3032787553813879,0.06257244688076324,-0.009602415367480776,0.21170825270232166,-0.00890675135997285,5.113148999472879e-07
Healthy,preprocess_Reading143.dat,-2.2809068945083344,-2.5426184798676306,-1.7572362612249264,0.712777135947792,0.875977153544616,0.11266702455526112,-0.25071113734398776,0.05301284438849556,0.14765700211950064,0.12340869631620663,0.02483199253505727,7.153650881475083e-07
Healthy,preprocess_Reading144.dat,-2.5703867704901935,-2.5148768760033344,-1.7180876449642097,0.06574173243919924,1.3779546277115264,-0.4266161928527242,0.2183494913653983,0.13018587410498197,0.05412123494871232,0.07546817782731141,0.055941543082920646,7.91686653080257e-07
Healthy,preprocess_Reading145.dat,-2.0913341940315173,-1.750966159048206,-1.5759400470102523,0.583837958176248,0.7668902414358686,-0.5951910194075715,0.030732403677510824,0.062230495964743976,0.08543889538980622,0.1019122913042644,0.0659434076589219,6.091175153549306e-07
Healthy,preprocess_Reading146.dat,-2.413682849872837,-2.397526441909907,-2.101347069937346,-0.4108700040975249,1.3934866575515863,-0.5515247222546,-0.29548085314783346,0.13446002614637942,0.0056473679409521265,0.16069963242596394,-0.03706069698381318,-3.363512778777876e-07
Healthy,preprocess_Reading147.dat,-4.0690407171711485,-2.164251952858809,-2.008603962417565,-0.13196418451742736,1.0679431862979398,-0.5520334039254537,-0.21050557088013777,0.06276601470466127,0.0043318061495900085,0.18240510004490304,0.010509434977390516,1.057346105485011e-06
Healthy,preprocess_Reading148.dat,-2.7305576053745386,-2.925096994601172,-1.677040563910742,0.6793546070976432,1.0899667842948995,-0.18639012597739488,-0.11335578125446578,0.14872579760489954,0.020975464513681596,0.08340901939117727,0.012868765949444685,-6.99350894585192e-08
Healthy,preprocess_Reading149.dat,-3.138492007654256,-2.866805989728141,-1.4868817863725707,-0.1688366999109644,1.624724562581186,-0.0638658343318711,-0.1633535917559465,-0.00858458559504903,0.01642542009665037,0.11673231448322649,0.05100622102776958,4.4769280257128207e-07
Healthy,preprocess_Reading150.dat,-1.6746337748254525,-2.7857261371729525,-1.5885913590043936,0.6616791959373454,1.1504665212282819,-0.5123497985056892,-0.23246017437122268,-0.020968561761168653,0.034253625317308294,0.14716763920909887,0.020616086227680946,5.970773832694009e-07
Healthy,preprocess_Reading151.dat,-6.250086623126385,-2.4610594300770345,-0.12182816712056826,-0.6369916625776457,1.5353594122693213,-0.6782646515072374,1.1100318041393105,0.4066737137699092,0.0598775997370375,-0.13607404880435992,0.028258016771815365,-2.4314522067567667e-06
Healthy,preprocess_Reading152.dat,-4.008169433379806,-1.7864667780639558,-0.7172500727877406,1.2899658093477038,0.007937226647330759,-0.5018287307237914,0.24953566083009876,-0.0031134729029297934,0.232355441562259,-0.15197039851452843,-0.037897460494069675,-1.5778000611296762e-06
Healthy,preprocess_Reading153.dat,-3.764540505440302,-1.761649073561439,-1.2364301849744521,0.007815069316212815,0.13853145576071083,-0.31027952770945955,-0.02753876050274875,-0.014381817307326572,0.20589744086863612,-0.20743397760746282,-0.0746867387945746,-9.988444767968762e-07
Healthy,preprocess_Reading154.dat,-2.4920896330874562,-2.4428810986469127,-1.8350460809175637,0.6326314595260727,-0.5440590473852678,0.044302545112206854,-0.47159037882530525,-0.10675804999863868,0.25920973793595414,-0.10366533702195252,-0.05304471984681569,-1.007863835159241e-06
Healthy,preprocess_Reading155.dat,-2.180283504735727,-2.360171088856636,-1.82821986619264,0.6427885040027634,-0.12199281016642051,0.44120487182713236,-0.5422164276585987,0.032120631811068,0.0885092530849341,-0.2028336007436357,-0.06120757388235652,-1.4551451014302356e-06
Healthy,preprocess_Reading156.dat,-3.785215196966321,-1.8036095118121658,-2.2558111135840404,0.3398824355953396,0.08049683325950027,-0.4434168329385269,-0.27143481498961725,0.0561949852724,-0.022358795365280522,-0.34638989477395704,-0.05687979373716235,-2.310641563740704e-06
Healthy,preprocess_Reading157.dat,-2.8248271495436836,-1.1818266020720078,-0.5362461633779192,0.9583520201778637,-0.1467090850639396,-2.0163000231920023,-0.2858423213434396,-0.0625675197578666,0.07515613754873526,-0.20759824557252532,-0.012083785030251197,-2.121001869092985e-06
Healthy,preprocess_Reading158.dat,-3.8033122558538075,-1.3349778563984627,-1.6921566637142846,1.0752951582996504,-0.071277731514521,-0.3380614662099293,-0.4280217386732035,-0.041256047403682654,-0.0017097009879977244,-0.12920210961501388,-0.03977926250777282,-1.238327606677241e-06
Healthy,preprocess_Reading159.dat,-2.232597448564252,-1.0334159985511318,-1.1941964638979021,0.5700216908070429,-0.2261811721204909,-1.2138499193005041,-0.08599717308726677,0.12586187094494178,-0.055897465110331716,-0.17732704642141733,-0.011324694588352672,-1.0475359384786078e-06
Healthy,preprocess_Reading160.dat,-3.3705964505508925,-1.2465949526319255,-1.6004648923809799,1.201468816799024,0.4990627869439811,-0.7973009132315408,-0.22454233580297014,0.06385537988383043,-0.04758955984562234,-0.15398890373689292,-0.032785379196081085,-1.24698507243404e-06
Healthy,preprocess_Reading161.dat,-2.2764703630309455,-0.5980742156694994,-1.2585646841995903,0.49398853017571004,0.470126593475338,-1.6361003383024897,-0.07017322130698235,0.06903694440035753,-0.07159576823159276,-0.11929281474960798,-0.05395673701096459,-1.1049665646425487e-06
Healthy,preprocess_Reading162.dat,-3.1454613100481015,-0.7771310303310908,-1.9165041922863277,0.3945518477125242,0.1796766534593683,-0.7764331387256671,-0.27894804061528183,0.08985391919435763,-0.02084157193838614,-0.21052649761634573,0.01934728010510789,-1.3354315109973458e-06
Healthy,preprocess_Reading163.dat,-3.2478295532443258,-1.3891846686181857,-1.8742488521880631,0.9688241633313214,0.2862555017229918,-0.15488630975881257,-0.614434714056569,-0.11866387327094462,-0.11953228375862789,-0.15159662828579448,0.022152153786127084,-1.1782112713397645e-06
Healthy,preprocess_Reading164.dat,-3.0721816748427972,-0.9489393639078256,-1.8362458515064566,1.2131339231357203,0.17911003345582288,-0.3199136395992046,-0.1377197502394319,-0.1447217787555884,0.0631186216935904,-0.2391183132549921,0.027111574669220102,-1.4589595540728287e-06
Healthy,preprocess_Reading165.dat,-3.4267023504183767,-1.1337308772876922,-2.2991568012534533,0.2959526435533895,0.3285282412719956,-0.3904950057436399,-0.39744114852055173,0.07387081564783284,-0.10767590281646644,-0.10343036595246928,0.038055390601876946,-1.2393973079816771e-06
Healthy,preprocess_Reading166.dat,-2.2594148070991054,-1.2606401861523613,-1.2112855565942517,1.1543091001199401,-0.017916501969117885,-0.5003612526021196,-0.21190183230774715,0.14956849846344422,0.01506120090011147,-0.1993974366060694,0.06960164086939012,-1.32240889949276e-06
Healthy,preprocess_Reading167.dat,-2.3767848793673796,-1.0952910832075389,-1.559225159856596,1.0490490977179818,0.35582838545291184,-0.18650457555620673,-0.6806534299157926,-0.04006562984369007,-0.03138893362986538,-0.09086041826651761,0.008005278388632537,-1.1604253733807425e-06
Healthy,preprocess_Reading168.dat,-2.4862267040453903,-1.305975869342192,-2.012024124304341,0.5255617248647738,0.3886908622260142,-0.3323521082382524,-0.09167311775190745,0.017877941215928755,-0.16488990176400195,-0.18857916259643046,0.047480971214328004,-1.8013469909755003e-06
Healthy,preprocess_Reading169.dat,-1.0820981073133358,-1.246184320309297,-1.3614813074580836,1.0871962920989053,0.24636166979462334,-0.5886066252655368,-0.4068252002755383,-0.05662431531112633,-0.008809064667574404,-0.015096257267727595,0.0038932655389336394,-1.0954856527840348e-06
Healthy,preprocess_Reading170.dat,-2.03524724943998,-1.524001022581048,-1.718028482483386,0.13459714828159478,0.24715353980169966,-0.28978849807955853,-0.12942149601565772,-0.003183107309000829,0.027650417359748138,-0.13134176846335804,0.09973224194349957,-1.064631614405251e-06
Healthy,preprocess_Reading171.dat,-2.442114640951597,-1.7802301248385917,-1.3167329735205089,1.7693656256143209,0.04874917303711421,-0.29853870925155845,-0.5694579565677657,-0.06413579431658814,-0.18130765834823445,-0.11201461279199165,0.06613638021556704,-1.1181700890902894e-06
Healthy,preprocess_Reading172.dat,-1.1850878709578123,-1.9227005052488293,-1.5400380320195521,0.5004112077484141,0.08960709242291502,-0.4868675565486276,-0.18441113028062192,-0.08144936629686833,-0.029752556817182294,-0.10225310827111486,-0.01588574464724688,-1.8573827740896118e-06
Healthy,preprocess_Reading173.dat,-2.34233864688207,-2.266755390577311,-1.9094033899339873,1.4723854103916703,0.6377130937246498,-0.4006727640144581,-0.32943625557522394,0.22789514091225918,-0.0831814046197817,-0.11411410020341763,0.06653253396798288,-1.2921460886232487e-06
Healthy,preprocess_Reading174.dat,-1.5067464540382822,-2.3478445740410616,-1.5749162323979289,0.6898899853863301,0.5192902264901813,-0.1322154269267048,-0.33097051928235544,0.04530279543000272,-0.031852119817751566,-0.1308714014419163,0.065025262943506,-1.635625195871666e-06
Healthy,preprocess_Reading175.dat,-0.8346587666649387,-1.7072291805960977,-1.769673130340209,0.17180854899799297,0.452742475570335,-0.6496593596460019,-0.35954608813220734,0.00125563688847156,-0.11777437346413573,-0.09973948507828499,0.03864901465356302,-1.694755782291226e-06
Healthy,preprocess_Reading176.dat,-0.8317958452478625,-1.2285014685074258,-1.9228787391365858,0.7469497098118397,0.2973391012635742,-0.17595447103141415,-0.08439508845826924,-0.007497068850238518,-0.008414226889557203,0.01241447457517118,0.09082949910104131,-4.975916062167904e-07
Healthy,preprocess_Reading177.dat,-1.3427889018184338,-1.6399456214288655,-1.8379033052504776,-0.11301841512482232,0.762170052507517,-0.30465320162594495,-0.5102256771738003,-0.10410947991583593,0.02010401911528736,-0.07842723477771434,0.08021031246329736,-5.885218312639497e-07
Healthy,preprocess_Reading178.dat,-0.8172916603321888,-1.287092953640419,-1.0536838093131808,0.8903882303823809,0.275378997622841,-0.8598340675643846,-0.4901468464726754,-0.03310784275539014,0.011483982821922922,0.05254074081838629,-0.006271630685276521,-4.0843802054636906e-07
Healthy,preprocess_Reading179.dat,-1.9375428702917867,-1.278945817931593,-1.880888427420939,0.23555358604346907,0.7741706827442071,-0.18900011202017342,-0.1611315689557233,0.12260607804448286,-0.07893792268171237,0.0026850946226694558,0.04733745860513363,-3.178060244873822e-07
Healthy,preprocess_Reading180.dat,-2.149211882962324,-1.4642079598501136,-1.9647833950179021,1.1581829606431442,0.21660077598727057,-0.39553388473918577,-0.2510499097864297,-0.07460502226168506,-0.030635192815935925,0.09957595030679012,-0.02145518108695396,-9.395402203256292e-07
Healthy,preprocess_Reading181.dat,-1.5185654211604351,-1.1237350868525018,-0.5589689738736603,0.18404863577096664,-0.30704294581197494,-1.0851088842036187,-0.4204542574566085,-0.05219718944931843,-0.10245503962712676,-0.04576751185580082,0.008893351037860828,-1.1318461680085689e-06
Healthy,preprocess_Reading182.dat,-3.0259199547348667,-1.7665882903359884,-2.408294610789956,-0.010564867169477358,0.6620790065461494,-0.2728159732814979,-0.1317983515154978,-0.06387596573119562,-0.009418439072381787,-0.21890837150454737,0.055413923993270706,-2.1586565230763305e-06
Healthy,preprocess_Reading183.dat,-3.215450454529038,-1.557407062810215,-2.136463571787348,0.307526686729166,-0.10095386018273601,-0.4807763269795131,-0.03209066194223098,-0.036668248392716325,-0.04191240617839082,-0.19708116733455555,0.028760875463684648,-1.2591230433382867e-06
Healthy,preprocess_Reading184.dat,-1.7242876283415178,-1.5848987210482557,-2.3021905682029407,-0.505455833922051,0.40970099200857435,-0.6214622052853709,-0.15014478879248688,-0.011305412741636428,-0.009433884963734688,0.048492020015619426,0.005449269454673751,-5.779400992734827e-07
Healthy,preprocess_Reading185.dat,-2.1933575544908024,-2.348797351489477,-1.9610533606389133,1.209762528899689,0.011769954309217592,0.0010086764483643311,-0.23363186585607945,0.09035843437787544,-0.0829627478559601,-0.14380232670382287,0.00078354014738005,1.1730145596196165e-06
Healthy,preprocess_Reading186.dat,-2.4868644746383652,-1.3380519783576343,-1.8876417307893631,1.0093694678248255,0.10112506178871107,-0.487391550961474,0.014997623708325485,-0.09391130219380514,-0.051035705757297496,-0.009741690249011626,-0.021036402176958714,-2.42954073498015e-07
Healthy,preprocess_Reading187.dat,-2.1389067518076357,-1.441068464461878,-1.0943699209828934,0.08741684655085716,0.578894502047491,-1.3250471667736547,-0.25847241175787605,0.05996418556926295,-0.056812600567941886,-0.06146354144184695,0.031385779279749136,-7.122003914000819e-07
Healthy,preprocess_Reading188.dat,-1.5525575740705575,-2.2758113270641642,-2.0125558071808447,0.3161549873858166,0.7782703706982923,-0.724169933970849,-0.16767493123162028,-0.17819751791387264,0.03763022135990951,0.056694463698183616,-0.03593189797039492,-4.3357033686764707e-07
Healthy,preprocess_Reading189.dat,-1.2937076293408174,-2.0248596481238663,-1.896920424569584,-0.23903664359284615,0.10614136983106805,-0.5286434612446133,-0.019571644762754907,-0.041874195163633304,-0.009527198000403938,-0.0038144684358426993,0.006192071074453757,6.849234569609162e-07
Healthy,preprocess_Reading190.dat,-1.6748066667452082,-2.1488068657085924,-2.7140570891618934,-0.5685948643639746,0.38464398515629955,-0.16588547463209194,-0.05563548513655112,0.06049150814116647,-0.07748538921385512,-0.05560724446344259,0.012680080955918514,-5.88574082141599e-08
Healthy,preprocess_Reading191.dat,-1.8653326060025752,-2.3263261704865323,-1.6818297213961892,0.4296425358511466,0.34085238735725876,0.23726582684406552,-0.5068345681222055,-0.05179221844808185,-0.059198103029536195,-0.12152442301019314,-0.029217683400243156,2.2817834337970978e-07
Healthy,preprocess_Reading192.dat,-2.126225704497573,-2.090063457934667,-1.763192595126805,0.9882123597481468,0.3773439585131603,-0.6753325785830301,0.05812334179382585,-0.09433548225649632,-0.07989977049759102,-0.07143830445015485,0.018430811338121498,1.3387537986877363e-07
Healthy,preprocess_Reading193.dat,-2.709671891378258,-2.2089728998884093,-2.3926576614739807,-0.6897271815119379,0.6964715413410573,-0.4602913659123373,-0.18771650081330582,-0.06450451409808615,0.09783983686882479,-0.12830322828751756,0.04732111620934799,-5.016360001360164e-07
Healthy,preprocess_Reading194.dat,-2.053902664389521,-2.053726678472595,-1.5488702100256395,0.6754306373042698,0.1726656886459619,-0.30718892300181866,-0.3354906639879489,0.1021554818967077,-0.04980920372020142,0.06109494548394557,-0.003487362618819209,1.2870177294410195e-06
Healthy,preprocess_Reading195.dat,-1.1879683793111162,-2.2155157078293306,-2.065219451043984,-0.3561830232682723,0.27932790298817445,-0.14457735900921953,-0.6190504850615687,0.16339662405575875,-0.013413302769602656,0.018225039643667045,-0.052179744367906775,4.2412331853328494e-07
Healthy,preprocess_Reading196.dat,-0.8989593971430329,-1.9208173731379654,-1.7406426438419336,0.6692530264994452,0.3525970684118788,-0.0022636575950235704,-0.16707491439950997,0.12213035561281069,0.09584288667662817,-0.11556308923367814,0.023558031437846124,-6.333764004270512e-08
Healthy,preprocess_Reading197.dat,-0.3375894476756471,-1.9564240742929324,-1.4146030571499533,0.38580108176498074,-0.10076062845289482,-0.2802096786322509,-0.3511681538306668,-0.10159879882305492,0.017661679413721668,0.05131952545074827,-0.07302559806073082,2.6076943419627785e-07
Healthy,preprocess_Reading198.dat,-1.7518396540126704,-1.729932026820451,-1.4504072194001134,-0.13592399433806612,0.40812458147595,-0.7219071765554547,-0.3518510002240403,-0.10428671691485344,-0.0521982717157035,-0.0074408786950206675,-0.058183717554215135,9.70487223005498e-07
Healthy,preprocess_Reading199.dat,-0.4990604671526327,-2.3496065511786672,-1.6462468432836128,-0.004420579392605127,0.34816471477550587,-0.456475895479756,-0.08180243421040993,-0.05854564049603551,0.03316669177322442,-0.08574848905875161,-0.06749358746476225,-6.04173926693514e-07
Healthy,preprocess_Reading200.dat,-1.4667940442889271,-1.499835590474769,-1.8174034370522765,0.01617615277363025,0.2734298106363825,-0.16335377820729843,-0.20003240103399755,-0.17976650682162315,-0.031207793518043703,-0.009724074931850499,-0.024364023741918556,4.2126830477049775e-07
Healthy,preprocess_Reading201.dat,-1.9216487758648246,-2.041164066270871,-2.1291903996538477,0.7671988167679213,0.2430690967970173,-0.08190146994535727,-0.19482182651516783,-0.09674318346993664,0.01934452900134087,-0.10644237126585109,-0.030632462483050266,1.7959107712006041e-06
Healthy,preprocess_Reading202.dat,-2.7441749167419975,-2.020438583681623,-1.778133156574116,0.7187382561437977,0.5101567392600621,-0.35963101021395655,-0.22245202411909912,-0.2588813565653328,0.05672138783390535,0.0868964663198578,-0.01863886159463566,1.3748385195884344e-06
Healthy,preprocess_Reading203.dat,-2.6329631986899225,-2.1011219885619274,-1.9730276807585296,0.6697147767749008,0.5872456356673789,0.07151723620174902,-0.2343464384300449,-0.048864105483968176,-0.06952289713693921,-0.07443757762970091,0.014196807404304923,1.3433111837184683e-06
Healthy,preprocess_Reading204.dat,-1.7187165783418878,-1.8724340272991338,-2.167534458672546,-0.29103664563903053,0.7960985545146024,-0.3738486508078069,-0.18859585712591334,-0.2388275301546735,-0.038447853225804636,0.07938831210110021,-0.006353401659063291,1.3258001030034196e-06
Healthy,preprocess_Reading205.dat,-1.0167520424767578,-1.3734334336566851,-1.2934660270915508,0.6889317171809107,0.3456401837945903,-1.0310620807806896,0.026848401533409883,-0.04480396980824415,0.10088416433026778,0.05404604519895008,-0.04239944253682132,3.4055678344461866e-07
Healthy,preprocess_Reading206.dat,-1.638465982738657,-1.2808644644600562,-2.6400743509775055,-0.5365623372189572,1.000653812618185,-0.46620937158465786,-0.12900574437317153,-0.007873950940887487,-0.03271245544383638,0.09759652829836976,-0.01859610167291323,1.5450707762320884e-06
Healthy,preprocess_Reading207.dat,-1.0731124098628742,-1.7960278312478881,-2.191276519459305,-0.33693104588352785,0.676913887930921,-0.6572721126499549,-0.04789335782010031,-0.02892851677408241,0.10980529518824263,0.18338735532373246,-0.05855566540878265,1.566569635357396e-06
Healthy,preprocess_Reading208.dat,-1.7359711397374786,-1.1105034925834074,-2.872566961874033,-0.35457128806932864,0.4160983118770959,-0.4289835399787163,0.023324395155751982,-0.10454848367248834,0.10217886743439976,0.12991195389546017,0.01892996526100114,-4.060221016129288e-07
Healthy,preprocess_Reading209.dat,-2.4896685085269143,-1.230361874944338,-1.6214267965685822,1.1880636069429886,-0.1038332396769492,-0.4810946001243402,0.09390886453778427,-0.0615961816531658,0.03734606783246035,-0.021746722945744725,0.046475415048866764,8.118832060654832e-07
Healthy,preprocess_Reading210.dat,-1.7701480203642412,-1.5596906241826765,-2.256164301119191,0.981579622465987,0.34421029791629915,-0.08373005848918857,0.08955570042142125,-0.14254817886125415,0.1430801221540071,0.09215315248050591,-0.0019602610281531136,-5.568698393734476e-07
Healthy,preprocess_Reading211.dat,-2.8472503184662266,-2.106671859052642,-2.1802309545195646,1.1923683373676741,0.5801044987383299,-0.34402928678483496,0.152908981308233,-0.09192593914648027,0.15045075599962865,0.16472328345982243,-0.013383940487321125,9.595955393946793e-08
Healthy,preprocess_Reading212.dat,-4.302874978272794,-0.47961519070618586,-2.257582567374595,0.4304183780472718,-0.47276602593245226,-1.035701688907992,0.42911061140694245,0.09618299967695818,0.10021527231233128,0.20060679449149812,0.002105728967514804,4.3757877722678615e-08
Healthy,preprocess_Reading213.dat,-4.439388320367817,-2.0854261818359685,-2.2277144132362534,0.9192675799475191,0.44472411562830366,-1.0926980038465441,0.09213916799164507,-0.06894675259118237,0.12127710746956195,0.2953808217501183,-0.026339194153083154,-4.894556514618674e-07
Healthy,preprocess_Reading214.dat,-4.586651045630027,-1.5807253469599831,-2.955321752929275,0.6227959082885693,0.3324405911675462,-0.2936856323396743,0.4373576759662884,-0.07732311522405072,0.06728653015126179,0.2513770814349016,-0.01022488717281217,-5.29973492920703e-07
Healthy,preprocess_Reading215.dat,-3.5748739599520194,-0.9257006771893291,-2.4683113153458978,0.8139425002487488,-0.30346182421124007,-0.26824389837004703,0.201426581726206,0.11876716231961931,0.028824670533697378,0.14243506111497176,-0.021878048176752107,-2.270722010394906e-07
Healthy,preprocess_Reading216.dat,-3.612088490606086,-1.2676822225147513,-2.3639927815066937,0.28167849076631796,0.42193074474817205,-0.24728746623267858,0.3153782796396898,-0.06047682341337517,0.07586507771668982,0.16479179413190012,0.023216458681386373,1.7699347376997675e-06
Healthy,preprocess_Reading217.dat,-3.13764433816157,-1.6406516426768505,-2.0790821000695336,0.77527968493027,0.27253289579977236,-0.32615773967751377,-0.2115620030495869,-0.0525362578009144,0.06266181689644759,0.20571398454862475,0.00031655833894512196,-1.2358220108591181e-07
Healthy,preprocess_Reading218.dat,-2.744489501624405,-1.9841544401553084,-1.5577508372008473,1.2204464801014585,0.37780272529620823,-0.5153951049186684,0.14641413714700188,0.15686901331771308,0.06947334363431432,0.1727937306059131,0.02323809117146751,8.221571776932792e-07
Healthy,preprocess_Reading219.dat,-1.2782464534698383,-1.446191149885929,-1.8215426792145426,-0.8295993972585942,0.7659023110330976,-1.3090612729722957,-0.22139057451674943,-0.09737880958078553,0.05701858198105562,0.1443705748130219,-0.02060935625970258,-3.5168803931545066e-07
Healthy,preprocess_Reading220.dat,-2.0732991922442743,-2.3369263293830045,-1.669589027090605,0.6555701163220643,0.9398738970947772,-0.49515845645314727,0.11831808344620562,0.15419536819538557,0.08614181620530029,0.12109479872212328,0.05027986242074002,-4.839796341659501e-07
Healthy,preprocess_Reading221.dat,-2.457868005526897,-2.8423098632554304,-1.7113108317425934,-0.6460310198783596,1.403925368369068,-0.3945683730083344,0.056695780840945446,0.34902581740868804,-0.005699581517562725,0.1442891506547107,-0.02278964702041786,3.060393871044754e-07
Healthy,preprocess_Reading222.dat,-2.0592855254343387,-2.6148836169335774,-1.5785095824019908,-0.09062014858086494,1.070696129370257,-0.4204640535004905,-0.026692420190340217,-0.013292269720150384,0.09027101218406941,0.08943025916124815,-0.015425108533856107,6.2933096480443e-07
Healthy,preprocess_Reading223.dat,-1.732373893120641,-2.752508716029679,-1.173477447706311,0.6868379322412387,0.9196374875475908,-0.7548272743764163,-0.00992084388249148,0.057896159682724685,0.03482172219634506,0.19820449623619357,-0.052410307835192384,4.6240858846350673e-07
Healthy,preprocess_Reading224.dat,-1.0902420907887425,-2.3448843064774625,-1.380048563848735,0.254460615624566,0.6263588543586531,-0.6870402024472044,-0.009579109642801524,0.09142429807018246,0.07533410158062602,0.24047484997515722,0.012663836876588124,1.0779916326913754e-06
Healthy,preprocess_Reading225.dat,-2.4453676625967424,-2.1988466240939983,-1.0748333182271594,-0.009331125553934075,1.0649627494604492,-0.5548896328940689,0.15585740175157226,0.13587014828179245,-0.025329642297178333,0.12074456360126537,-0.005237652410334799,2.0593141846218096e-06
Bearing,preprocess_Reading1.dat,-0.08860674751726702,-0.03610250967616127,1.3141245365872827,-1.000831533891012,1.3506425865528253,-0.06381081482872912,0.4977060024424731,-0.22217912745354051,0.0980555526857601,0.04776546296579679,0.1423448386604552,-2.0966841190298103e-06
Bearing,preprocess_Reading2.dat,1.4397569760418572,0.3087080903443203,0.4330492049168692,-0.1747926060071515,0.8771886923679927,0.15750621705313617,0.1066590845557065,-0.3846313045677844,0.042888754592911374,0.06285671055606383,0.115359310386383,-1.5284600050299125e-06
Bearing,preprocess_Reading3.dat,1.1303973515778463,-0.3232257718068282,-0.08443195107003869,-0.7046973678551293,0.46736703186292244,0.2730266978551918,0.14702017681380944,-0.20873105928986715,0.07595337795547862,0.04284887673693578,0.03748793429833896,-1.5654525252776084e-06
Bearing,preprocess_Reading4.dat,2.257224319816458,-0.36471107525022,-0.2872549706986925,-0.2071096688830988,0.7426986524587749,0.9364511975783072,-0.11381961304198941,-0.25482014406809317,0.0357778336248079,0.017728733154707473,0.078303927140285,-1.2305883315561928e-06
Bearing,preprocess_Reading5.dat,1.7931761699023208,0.4507904350009371,0.19557255744909718,-1.0869095000522153,0.4804535493567979,-0.36696817547976623,0.16649979443123916,-0.1886251944563263,-0.0600152575428766,0.03872112982301632,0.02762893273582873,-1.5757799691402656e-06
Bearing,preprocess_Reading6.dat,2.3098644684082443,0.7591191011746077,0.6943161738866169,-1.1820723431190516,0.6817319229505745,-1.0264995745713819,-0.014618711661311231,-0.2757964296024169,0.0027381731620922246,0.08889410693459632,0.03802118013247161,-1.1296249232742613e-07
Bearing,preprocess_Reading7.dat,2.546005257845645,0.18317033331532168,-0.13117364048979038,-1.545029676523476,0.45544331849063985,-0.09184385440211681,0.019408345117776407,-0.2529752626896634,-0.030787166657402366,0.043957348236071156,0.0023339806949633506,-1.2610754530517616e-06
Bearing,preprocess_Reading8.dat,2.3582604037656125,0.7248926470248883,-0.1462765099802884,-2.082868563363224,0.5567015226538182,-0.6543187100540141,0.18374711119355885,-0.13564695936861954,-0.022100207553191472,-0.13838383040613708,-0.051794827321143946,-1.6740979305924488e-06
Bearing,preprocess_Reading9.dat,2.8537260237005517,0.08958050483059936,0.3692119774184226,-0.9404520964634937,0.5005287649827225,-0.703802974832315,0.023344365033935627,-0.2303402553003179,0.01825418249923433,0.06507534967380929,0.0503155709197359,-1.2807737765152925e-06
Bearing,preprocess_Reading10.dat,2.8580914991370396,0.2105004175624801,-0.22009658006728366,-1.911391483281248,0.33068593470631324,-0.3399759707398536,0.11459214676685577,-0.15142137502451677,0.09533964995519216,0.010467451160858949,-0.02938220415134196,-8.249785779418183e-07
Bearing,preprocess_Reading11.dat,2.8063154958600673,0.32463072783703445,0.15404087944933126,-0.9120320726825965,0.18894170765091842,-0.5934296158294237,0.1792558330832549,-0.20364806026348084,0.0367685649873257,0.005358195894735114,0.003590075484218613,-1.4802613405262173e-06
Bearing,preprocess_Reading12.dat,2.1277375776709144,-0.20893542902660842,0.08216195072086153,-0.7003889225336944,0.1203377609358876,-0.1818380338490333,0.05734099973500508,-0.09072645614281856,0.00818420641925309,0.04295560457614176,0.009296138326174807,-1.4494689717961344e-06
Bearing,preprocess_Reading13.dat,2.7368934572507233,-0.3008226363706912,-0.4127699393365285,-1.9062898946374076,0.058274539522656446,-0.15420813677653716,-0.04118103330499232,-0.036387870116965815,0.0022036716813495457,0.09279768804875992,-0.037660899474416025,-5.894999543919185e-07
Bearing,preprocess_Reading14.dat,3.24343748015173,-0.48918646365093243,-0.08427518638213558,-1.981691361379873,0.06310013839551172,-0.6156659680382411,0.030817370672557368,-0.1788540013316628,0.018224646962798925,0.06171971383960724,-0.08973371150143224,-1.5094774158127112e-06
Bearing,preprocess_Reading15.dat,1.2765336142199648,-1.467652568613128,-0.09477091591062575,-1.781253605966351,-0.41222406646762155,-0.40887009680381536,0.14762722616831006,-0.0423868593019972,0.040773199275044275,0.043954665525743127,0.004683356241875949,-1.353057265297859e-06
Bearing,preprocess_Reading16.dat,0.5088615138942171,-1.85116492252955,0.8725534606066654,-0.5685172945829609,0.037133593346352876,-0.5112258890914929,0.42414066092377006,0.13031864769085189,0.07701287561315989,-0.02525730427679343,0.03248106511849847,-8.995635860125342e-07
Bearing,preprocess_Reading17.dat,2.2189894550162754,-1.190647039957797,0.05205190015970678,-2.3620237307115666,-0.04797244783442376,-0.5249264187809985,0.2670278244612019,0.12291058681790346,0.04076376779751801,-0.01889772899521964,-0.010002919253315168,-9.108308038156845e-07
Bearing,preprocess_Reading18.dat,2.7938586959523106,-0.7869250737154084,0.2524380174875403,-0.7423518847777881,0.04002034022175291,-0.38657832781775986,0.14371741955389242,-0.098329631606925,-0.08289851591036972,-0.04580027642053525,-0.03767664877743963,-1.1516932685850328e-06
Bearing,preprocess_Reading19.dat,1.5325154414065305,-1.6984799769300005,0.2357179643415122,-0.840417285951509,0.04586552607327233,-0.42448103829946243,0.09411490662712428,-0.02332881181230546,0.0006419083778058679,0.10960675743878302,-0.0042596355709823615,-1.141847926072795e-06
Bearing,preprocess_Reading20.dat,2.7485501638669607,-0.9866819871790387,0.1545152660837394,-1.7941768551377557,-0.20704873332222454,-0.6918783650061431,0.1203363332649708,0.017814448449913558,0.059414279776350776,-0.0046220381838397205,-0.04230512686696949,1.0297971991539095e-06
Bearing,preprocess_Reading21.dat,2.3424768634780575,-1.2735709917749243,0.16531640201835152,-1.7486994305740038,-0.1656509325528389,-0.7190920070943261,0.09710520217311165,0.05617141067208659,-0.031879806485903085,0.10935534700054488,0.023670771992551673,-1.393399914650822e-06
Bearing,preprocess_Reading22.dat,2.1082175903080147,-1.8884867093573543,-0.3193836337700761,-1.5126978925774832,-0.10029304114478024,-0.05183691076512875,-0.03974448468686604,-0.03570156157069867,-0.0845176501107666,0.03475437339693882,-0.08953221250049931,-1.543156787712241e-06
Bearing,preprocess_Reading23.dat,2.118455185653396,-1.3050487587791262,0.7039223801264859,-1.9314634075695838,-0.3351710650146709,-1.1822044546770138,0.1651793900043786,0.09267662797399819,-0.05852929630956872,0.10601505558810494,0.02956766730848336,-4.2298474375919557e-07
Bearing,preprocess_Reading24.dat,2.77718179994609,-1.7072428571313734,-0.3226293955523479,-1.0535099111726711,-0.42143701571180486,0.32167952047393894,-0.17573538048970433,-0.06130033684103595,-0.02257307275717266,0.0026867734060244722,-0.027426483970132358,-1.2605498683677236e-06
Bearing,preprocess_Reading25.dat,3.2332975090911757,-1.4121360448335676,0.4510709699131125,-0.78986491404516,-0.4930606396062296,-0.6230539485125471,0.004512222173486316,0.008323569295377841,0.023327983886129992,0.03288578087416453,0.008614573067374119,-7.948640179192355e-07
Bearing,preprocess_Reading26.dat,3.613250620756897,-1.367075752124853,0.12495007772486899,-1.3008203149696862,-0.5884053813981873,-0.5139721923514908,-0.03758620978408848,-0.015300997415709588,0.09216137699948866,0.033508357083009206,-0.05855800071046109,-6.213083917337632e-07
Bearing,preprocess_Reading27.dat,2.8621034313821254,-0.9482962071839766,-0.03706710210253941,-2.6381341015420467,-0.03419708759571357,-0.8418898204633511,0.11900212049823199,-0.01962643499055285,0.0033092136510963948,0.0861834147245099,-0.041148120460393525,1.852263162805557e-06
Bearing,preprocess_Reading28.dat,2.9892330315230917,-1.3269821037582392,-0.2231742046784026,-1.7089439446728858,-0.37324062938070385,-0.5144063817491543,0.08914902637184527,0.02497961411077223,0.0578602799654721,0.05632545571166798,-0.10576516733371352,-1.4678038910648732e-06
Bearing,preprocess_Reading29.dat,2.919014056782165,-1.4756860164812993,-0.12116306343999043,-1.2508274405443327,-0.3045231790304256,-0.3706648404425991,0.07097769209313054,-0.0027999255247157296,0.023111640333880166,0.08121012588664005,-0.055082012759998064,-6.900717631460735e-07
Bearing,preprocess_Reading30.dat,3.7728908962572163,-0.9115664449221298,0.3459284391465633,-1.9058285853552808,-0.4137853486179059,-1.0467598472239388,0.04142207489887368,-0.061906983686538505,0.053779117234998675,-0.015934016889228558,-0.07415726425399478,-7.585787002860889e-07
Bearing,preprocess_Reading31.dat,3.41616030689942,-1.218068989221715,-0.43868131532354415,-1.7818267218766644,-0.6854089510073725,-0.33655525848898704,-0.036521988581276386,-0.012535539467695445,0.05005503012813929,0.006442983754886529,0.0067058804272106904,-1.4754814475546048e-06
Bearing,preprocess_Reading32.dat,3.8863895341565193,-2.1244584433456875,-0.43402060325394315,-1.4651704267206032,-0.3755077904041566,0.130204397839626,-0.05897580612970062,0.026073054699196234,0.025018440206930434,-0.044449949576836116,0.004867076967510032,-1.380902798846959e-06
Bearing,preprocess_Reading33.dat,3.9427667416140437,-2.3612405933076466,0.22060533004822125,0.0681175232459365,-1.074039573606987,-0.2076707655918493,-0.16677480201212513,-0.027511369618207118,0.04624088425838752,0.010201274618079105,0.02777961374769875,-1.2738531938431532e-06
Bearing,preprocess_Reading34.dat,3.5059567671287737,-2.403403528756183,0.3563941557808424,0.026603202478289057,-0.9479678518171235,-0.10979282439345132,-0.1065279061860009,0.09898948939327061,0.043790544569761336,-0.01081977773710281,0.06906084314713729,-1.3161899183315364e-06
Bearing,preprocess_Reading35.dat,3.225821122498044,-2.48533972331975,0.10493991605946623,-0.49521372387258855,-0.7022936402212614,-0.2416407612487469,-0.09015710995063317,0.022216010815825724,0.060764452360464245,0.04917565063512694,0.048445336214831054,-6.185673768457823e-07
Bearing,preprocess_Reading36.dat,3.1382796556713295,-2.5006191104587083,0.32770905136524026,-0.4032453446864807,-0.8049121468131599,-0.334724944117252,-0.008351886338444213,-0.008268622553171819,0.003441234889138509,0.10255089193191883,0.03990820883500096,-8.642549108938723e-07
Bearing,preprocess_Reading37.dat,4.845193666619856,-3.34161336800764,-0.4352234969345336,-0.6935633623832023,-0.9710638946292697,0.503895197153416,-0.4794786593649497,0.03344789831145946,0.1246401121485299,-0.001435468799880369,-0.18399762214880738,-1.2115208581758354e-06
Bearing,preprocess_Reading38.dat,4.7935849859467,-3.4741498202425003,-0.5159259712971701,-0.25452951503521565,-1.1916584706075377,1.0339294388485163,-0.5481353001317705,0.04306616035913141,0.1340890629507561,-0.002673592171640404,-0.2672788237380522,-1.0491312441236817e-06
Bearing,preprocess_Reading39.dat,3.979237824123714,-2.5560038943620027,0.30801321414372884,-0.5470261159854833,-1.0179163575060632,-0.34609964799199283,-0.1270735667920918,0.01192985088328552,0.10330899149766469,0.024860787780665826,-0.13964586272648205,-1.153321573367378e-06
Bearing,preprocess_Reading40.dat,3.2476094107249893,-2.612244500526013,0.5298814820783003,0.3780210946148155,-0.829894967286969,-0.4442262323891695,0.17731807977111594,0.038880889745991465,0.004250162626336439,-0.1633477665937725,-0.03147250457301118,-1.1843473051673864e-06
Bearing,preprocess_Reading41.dat,3.511894567973962,-2.8847161333070632,-0.15182141581870706,-0.5970607534765803,-0.8338267075037659,0.12573114938376143,-0.12619485603839567,0.053573810523174156,0.046468790738869496,-0.03772280929222901,0.027355910103786386,-1.1933285462856433e-06
Bearing,preprocess_Reading42.dat,3.1162046549045823,-2.388495876377279,0.1375341022652068,-0.3998919306147747,-0.7441133150670445,-0.3074649426797734,0.07448171981664409,9.91313571654641e-05,0.062024554571640064,0.04474547403435723,0.015850836477458538,-9.933471910012964e-07
Bearing,preprocess_Reading43.dat,3.015130730774221,-2.2732083410502946,0.46013008925252685,-1.712190511641139,-0.5718116218996633,-0.6524587978143184,0.06118032256314279,0.07382947177223907,-0.04967628923080885,0.034613750529423275,0.06266919582180494,-7.628212541414788e-07
Bearing,preprocess_Reading44.dat,3.542013981160767,-2.110216434057764,0.2370848189901402,-1.0505368284536143,-0.678435121928605,-0.6142115522113969,-0.06488120799344597,-0.028988139690125255,0.05370139508709511,0.011938607490303151,-0.015398333016406878,-1.1351326231951981e-06
Bearing,preprocess_Reading45.dat,3.0733058786776812,-2.3500256867571805,0.16786959688956857,-0.7027573316565533,-0.3040007614658696,-0.21110767096685243,-0.05967606665401693,-0.02244512721893529,0.06910775307632723,0.0448704194668556,0.08091021358425216,-1.5087805689652577e-07
Bearing,preprocess_Reading46.dat,2.4355477684735116,-2.907154015793165,0.6123826824478293,0.5285845696868454,-0.5560369967235642,0.07255801572017392,-0.21670284003504375,-0.04975762388893882,-0.03477735660586587,0.10982646088626025,-0.0697632450069003,6.385475093463375e-08
Bearing,preprocess_Reading47.dat,2.6443491749079864,-1.910790036070736,0.6701458925189605,-1.3845668169072363,-0.4334105949533926,-1.1033197955341636,0.0006679739148303406,0.0525926611317963,0.05171989294846464,0.09765337056992988,0.0506918913388762,-8.356201617513465e-07
Bearing,preprocess_Reading48.dat,1.62518209703155,-2.667317846728675,0.23222018705347322,-0.1139350057480155,-0.32496095508004436,0.2607045784605128,-0.03020627594074279,0.08496316515014059,0.015209447364972728,0.03975495410501426,0.05480239051686397,4.73323632664292e-07
Bearing,preprocess_Reading49.dat,1.9303445888950512,-2.1714847549476755,0.12749750397757825,-0.6651941750007443,-0.4555379509664982,0.09957054423569824,0.01758079975727542,-0.022396917448358984,-0.0778395875860609,0.07080749580073095,0.11741549049275228,-1.070314043216797e-06
Bearing,preprocess_Reading50.dat,2.3759317631124297,-1.861909965781552,0.1561305108472366,-0.6002435361385097,-0.778105744341547,-0.4390831482479039,-0.11656527155871893,-0.053607194889766965,0.10087333221331458,0.06683044638072584,-0.030077258568777857,-9.048249457438098e-07
Bearing,preprocess_Reading51.dat,1.9894536640896743,-3.103732211454408,-0.4101044104279628,0.1213068814590442,-0.6114244680613043,0.8904097495092516,-0.13916781437098316,-0.04383638290859008,0.008259719499139643,0.10952932494991306,0.07770667386477548,-4.6927028145434e-07
Bearing,preprocess_Reading52.dat,2.2133577124465416,-1.9756225177460416,0.6462191327701285,-0.570334740365697,-0.5516636468960591,-0.36618226689636507,-0.19596661154765727,-0.04657961098561535,-0.03054271230226754,0.08847452078530971,-0.020280270448021148,-9.737329379437567e-07
Bearing,preprocess_Reading53.dat,2.09591366799233,-2.4312871388746577,0.11831984088153694,-0.40853524146033804,-0.6326030686728337,0.36990462133330587,-0.2868297948047875,-0.027399189623565922,0.0420711207618578,0.0027001928867584654,0.028030618460985427,1.3106606284257417e-07
Bearing,preprocess_Reading54.dat,2.3150083073263987,-1.8965112025186295,0.5615707183068264,-1.2648031515149103,-0.5541848379726364,-0.6262108491092621,0.02716509093929064,0.01939065935254074,0.003195092310966788,0.016220055234748915,0.09218547295841212,-6.39353278286607e-07
Bearing,preprocess_Reading55.dat,1.7617154384253466,-2.7418964302655,-0.09185186956252916,-1.4587946753103949,-0.29180172011277083,0.3974182896378581,-0.2852129650919299,-0.05348110654375031,-0.06193439295044268,0.034580199326693366,0.10024604594210652,-8.844156972746371e-07
Bearing,preprocess_Reading56.dat,1.788790210241505,-2.63533011284313,0.21354840234738137,-0.2574229324933718,-0.5459350130375431,0.4667455660142112,-0.3114768555398402,-0.047666906617408605,-0.08394460646852564,0.09331844631427633,0.07306547039514322,-8.287159477121967e-07
Bearing,preprocess_Reading57.dat,2.6926257343647277,-1.922654718106976,0.533878481064581,-1.1095835455942904,-0.6658529718470902,-0.6634379820254568,-0.19479129078189414,-0.18117447184359492,-0.01390244730438129,0.0746114855312375,0.041331359793281966,-8.881226477739693e-07
Bearing,preprocess_Reading58.dat,1.6064541052446466,-2.5643134952027853,0.07911380218785244,-1.1069668446883523,-0.4956515325902204,0.24133067496935917,-0.12471112638740994,0.04258182725022659,-0.06787860464903492,-0.014547996711055697,0.08851777406143434,-1.4590071276868406e-06
Bearing,preprocess_Reading59.dat,2.174750164869421,-2.2238235586963513,0.36577643846678276,-0.6286200249699168,-0.7156644679715151,-0.004409119170176232,-0.39335908613841447,-0.1506223451902221,-0.04263417126853981,0.027446639987673813,0.010036789769530968,-1.5158386375812395e-06
Bearing,preprocess_Reading60.dat,2.604959911379823,-2.1975056915770335,0.22952701954296784,-1.187731265861296,-0.6478861453893433,-0.14060220382096206,-0.20490883876107235,0.04693834072366435,0.06497642407320744,-0.014713099873530165,0.010980829998285932,-1.2440172905901839e-06
Bearing,preprocess_Reading61.dat,1.0169672338353828,-1.859241881865493,0.8853150301570039,-0.5135676815986466,-0.9044459147696489,-0.3253962229699509,-0.18894153043523895,-0.10647240302026308,-0.060209643853266596,0.01872004984928321,0.17822391770953608,-1.299090317014543e-06
Bearing,preprocess_Reading62.dat,2.8271639525717527,-2.1239655030151687,0.4494041822058476,-0.963833087657084,-0.7459455945560408,-0.368312313285826,-0.3833903735953618,-0.10611098914837165,0.0467358848805858,0.04116666993455119,-0.017467121539722335,-6.962689788619261e-07
Bearing,preprocess_Reading63.dat,2.2523937074350386,-2.1498997862096503,0.5926414283109366,0.15501335396210175,-0.9343149237106175,-0.3038235687891989,-0.29561522691685654,-0.0462710207625326,-0.0015526155698825223,0.047030658040936264,0.12932943815984355,-1.4314039668681276e-06
Bearing,preprocess_Reading64.dat,1.8631482662322278,-1.6878722379914457,0.6624904184029194,-0.33364648512732514,-0.9867565296970718,-0.6612249803236915,-0.1580246948293769,-0.038555439864757644,-0.054230558636612754,0.1031917059447867,0.13988269974302564,-1.5115388583477068e-06
Bearing,preprocess_Reading65.dat,0.9341134801603398,-2.2786916964579755,0.7451945376991811,-0.4779701179370395,-0.21756767674799704,0.03419700102093908,-0.13859766353536776,0.034398095892620446,-0.0549665207294023,0.08509507948968963,0.08442906873739615,-6.770891294049662e-07
Bearing,preprocess_Reading66.dat,1.0316586587503394,-2.279459233485235,0.15185524632449382,-1.1601632514656914,-0.22084870081422622,0.3877092412619265,-0.18232655053392458,0.002874517911568441,-0.04408848551892513,0.08707875299028013,0.01730275147226866,-6.522889924865808e-07
Bearing,preprocess_Reading67.dat,-0.04751108179173403,-1.8475231378602306,1.7046721505827818,0.4051210597094342,-0.08875821839759317,-0.7466610701112778,0.20079975463440478,0.08983865906586117,-0.00357048494540923,-0.08267703383063107,0.025701091778309176,6.42519659281928e-08
Bearing,preprocess_Reading68.dat,0.46878121586186366,-2.3918879667260113,0.33390908759281845,-1.1745978345348025,-0.38139650673924347,0.32073569298075755,0.16989931470600725,0.13663741358714818,0.033804931359814994,0.009436882947435972,-0.06073831514971132,-1.0018137990208525e-06
Bearing,preprocess_Reading69.dat,1.1893623789003105,-2.305427725772518,0.3304883852994174,-0.9489783240843592,-0.5913680601230327,0.11075206384809436,-0.25615184787826545,-0.06854726253241467,0.11425537350823166,0.09386403734668092,0.04477804206978656,-5.09824295667605e-07
Bearing,preprocess_Reading70.dat,1.7107642646321264,-2.0274603932627113,0.8106101960368155,0.21212208049962095,-0.7545501314533386,-0.11929133152922124,-0.15436564698263006,-0.004633639581621856,0.04836937978262603,-0.05022622296373921,0.026716670770940875,-9.540352464488386e-07
Bearing,preprocess_Reading71.dat,1.555003423445719,-2.2491439684459613,0.8498159040724391,-0.2658768365643153,-0.3765474783635273,-0.1517152930972017,-0.12788826991027097,-0.06507635796326976,0.04643773644899671,0.10178448754071205,0.05259607503199449,-6.152290225779107e-07
Bearing,preprocess_Reading72.dat,0.9005425428744102,-1.955917396913828,1.3115116178271968,-0.8595976429998953,0.03168161409275637,-0.6339552967867484,0.2785051998509107,0.0941703687565346,0.014922314089545603,0.03663262352653589,0.020485789510686792,-3.652203580536633e-07
Bearing,preprocess_Reading73.dat,1.6392697510772734,-2.3304617083390093,0.19067905984095226,-0.5159859246178149,-0.43392499965161263,0.5371256997018968,-0.22830945270049996,-0.10465913837841426,0.010527500616876592,0.08189447356009219,-0.001685909439466446,-7.74392460848877e-07
Bearing,preprocess_Reading74.dat,1.5230659806923532,-2.781519095197723,0.13622733331711537,-0.7714755583374269,-0.15725421311644014,0.829911215323812,-0.20444159402428458,0.026993285637206668,0.0006344415763191077,0.10830081273773613,0.06484949206294467,-1.135350085321774e-06
Bearing,preprocess_Reading75.dat,0.8304490631417304,-2.4529856438377307,0.3599823222630177,0.4108795178881092,-0.35097141112045505,0.6463067157407949,-0.2830515552995368,-0.1956069409547359,0.01640225184907371,0.10973237851942562,0.06706440320600328,-7.070340408194848e-07
Bearing,preprocess_Reading76.dat,-0.22843520895066557,-0.019619065626541237,1.4825792779596467,-1.9129244201344853,1.374771574371402,0.022665566647126024,0.44599728714670256,-0.2520661750881222,0.10169915449246801,0.01104874573196686,0.019996823358355034,-1.3021263095623588e-06
Bearing,preprocess_Reading77.dat,1.5160962568121346,-0.0675192207096653,0.7252584308006055,-0.4757597669343389,0.874815488886801,0.27496224600563474,-0.06598606420605761,-0.28466536422365024,0.051138815053985945,0.04365201983528448,0.09862336639547897,-1.4382711579837078e-06
Bearing,preprocess_Reading78.dat,1.668972283921689,-0.6334262051227053,1.3622110637490075,-0.1789242824475589,0.5666761431047899,-0.2634790928467021,0.0865611449193353,-0.27380799207779305,0.0893799045258525,0.02075643102841446,0.04762749576213266,-9.140429525634404e-07
Bearing,preprocess_Reading79.dat,1.5419113150838228,0.1635775721009557,0.31684628682951294,-2.6158530407450606,0.6983545940176151,-0.13025958520866338,0.2629048000339427,-0.10956103875983925,0.14743751958050538,0.002078599320468972,0.05182690947304627,-5.145783883232373e-07
Bearing,preprocess_Reading80.dat,1.11662774147353,-0.17711098417397744,0.2906931362406706,-0.4745202687903563,0.9999697562689254,0.4737036792788386,0.08964805421473929,-0.2637916619614833,0.12037139341575917,-0.03113672845292851,0.06569345450317315,-6.256403349383854e-07
Bearing,preprocess_Reading81.dat,1.7532699113331844,0.22899562816888214,0.5394455933119823,-0.2743183744437251,1.1473230473247908,-0.0061659915459249546,0.0858818216775901,-0.2887098402310412,-0.06455917231511991,-0.11347669589598042,0.006126291329269538,-1.4849251797274502e-06
Bearing,preprocess_Reading82.dat,1.3057000231087004,-0.008132028809882553,0.6488648623037023,0.41399817005658296,0.48364852702930117,0.17550845019221684,0.010912291266098273,-0.2850877086843887,0.12408696017243699,-0.03228534204145247,0.04565947102280923,-1.8645707909537028e-07
Bearing,preprocess_Reading83.dat,1.180057060095664,-0.0487139783320278,0.30431292478366456,-1.189465467964744,0.87492528044989,-0.03591518235027147,0.09411076489316902,-0.14492763709607906,-0.019648207862498972,0.029574180256097052,0.06481775261210225,-7.456657550355272e-07
Bearing,preprocess_Reading84.dat,1.52288293766359,-0.36704395099767007,-0.001921069105949545,-0.4336829888936647,0.7012327158335079,0.21829608176778106,0.16270693265259345,-0.2006086513993136,-0.11893396091525617,-0.25463773885725316,0.030001224682635344,-2.2399044554915405e-06
Bearing,preprocess_Reading85.dat,-0.5847610785394293,-1.154165871501129,0.390570914519414,0.531080186838498,0.07967351159491459,0.6712831949222156,0.12588665506889357,-0.19555336364340462,-0.034419827906527284,0.027791784175270534,-0.017492859322724638,-6.848910676472142e-07
Bearing,preprocess_Reading86.dat,1.4811924947946333,0.07848768390114183,0.44756423529502726,-0.832735440786071,0.23841173454015419,-0.5669811608281167,0.16243153888029566,-0.10513369139092744,0.032609097207634996,0.02371375590027764,-0.030774625144311,-1.0452717610147806e-06
Bearing,preprocess_Reading87.dat,2.901887723282925,-0.16562005557313997,-0.39067078086329604,-0.8504356957566565,0.2597324080460298,-0.05738756787472362,0.12859938379076039,-0.2334516420214007,-0.008485419947218926,-0.021355704812423534,-0.04345743857093549,-1.2996528725749602e-06
Bearing,preprocess_Reading88.dat,2.26091056687473,-0.6660502577404643,0.5156407953874301,-0.15809622231755596,0.14690592684598242,-0.2833641531825037,0.02224158927301037,-0.17104807990423015,-0.04371264515993527,0.017100379681285742,-0.02026981604389213,-8.408153876033083e-07
Bearing,preprocess_Reading89.dat,1.7147101627530235,-0.6973228703638628,0.5510071173410644,-1.557690027216827,0.012627835101238102,-0.8907892926951423,0.36264098293383845,-0.01554260914778563,-0.0005285492353846263,0.0393218844029274,-0.0074410851374807595,2.4928008247734945e-06
Bearing,preprocess_Reading90.dat,0.8797171724452241,-1.3496344668430067,1.0026961140879287,1.5789285158530908,-0.3257330122493212,-0.5619533928057784,0.43692655840058264,-0.10070958949230017,0.08271399276635212,-0.008539597022036795,0.07499793420920393,-9.941518328205525e-07
Bearing,preprocess_Reading91.dat,2.6934930462630433,-1.71591186405911,0.20039836225445778,-1.1308696395188824,-0.33474496920861435,-0.33042047669038926,0.07844091542284533,-0.06834500225641545,0.016570828746220824,0.03783448721139739,-0.043593480669494526,-4.3680127561678103e-07
Bearing,preprocess_Reading92.dat,4.062992199522879,-1.055570365729088,-0.012793018239116034,-2.290793166377637,-0.5434364117396773,-0.6920037491721093,-0.1359444781896708,0.01995161129310863,-0.007444751492987736,0.019616640323281247,-0.06534016997808956,-1.5604229231300608e-06
Bearing,preprocess_Reading93.dat,1.1397275712360202,-1.8059443510675963,1.0009714683346698,-0.5536944592518103,-0.6288862877787229,-0.9390495490001006,0.1576363467649945,-0.052742851252402974,0.034582984789388226,0.018067412625710145,-0.02417678828735483,-7.501927930617768e-07
Bearing,preprocess_Reading94.dat,1.0599204858626916,-1.8341534526592709,-0.06852017863859652,-1.9656935689666,-0.10398818501536118,-0.20230608640362022,0.4043329468307114,0.04044199704420737,0.08769379988512534,-0.005203230557560625,0.027812236368043395,-7.90119106759156e-07
Bearing,preprocess_Reading95.dat,1.9486739358128047,-1.5793837330914176,0.1664272070851984,-1.6255453524966368,-0.49463776297104256,-0.4894250988769445,0.14132568020794795,0.1368527365090164,0.013367475203929422,-0.06016498000273162,-0.04355971774580816,-8.549517441309252e-07
Bearing,preprocess_Reading96.dat,3.1778269131606143,-1.4547976838211152,-0.6822836552653452,-2.476142117975736,-0.11803901359504675,-0.05205592689164171,-0.034197551303293404,-0.0886552489971184,0.047734877613111765,0.02119048073294183,-0.06826754395144394,-1.3305790732079466e-06
Bearing,preprocess_Reading97.dat,3.6234855752939548,-1.4328016444222074,-0.25345833705694454,-1.4629900507103382,-0.5316583866614224,-0.08352895360707613,-0.15497119875483123,0.013054628830073639,-0.03227406339025202,0.04641850055229794,-0.10395854285499782,-8.25821564447098e-07
Bearing,preprocess_Reading98.dat,2.70440872013259,-1.91656204202029,-0.11499332529708489,-0.5490879625062256,-0.40237147109534016,0.3182307301051674,-0.08394108594877613,-0.014142187350011399,0.013330438609399912,0.009726192550628336,-0.10112671691043973,-4.1714751738406125e-07
Bearing,preprocess_Reading99.dat,1.9885860905031414,-2.2698148242066365,1.0943456261557312,0.8661674712078006,-0.10089412140437651,-0.7845480514477068,0.2650818901322922,0.062211511699706956,-0.02974517363822827,0.03923273266367263,-0.06823549976429878,-3.9761553270572284e-07
Bearing,preprocess_Reading100.dat,2.8479846862103537,-1.218261643691636,-0.5721676229999432,-1.8297520495842254,-0.37853493812727695,-0.15192574839385614,0.18984603472219036,0.14680131087947468,0.014661660058816021,0.0006821883082062602,-0.05620958142598102,-6.880917825523266e-07
Bearing,preprocess_Reading101.dat,3.311480601691777,-1.511393430783479,0.03106722105151398,-1.0440883150044151,-0.4208807878610343,-0.32949370285991075,-0.01161021923556266,-0.004529460994548651,0.08916103720119753,0.02110864103587875,-0.08837925555471952,-6.978920944498697e-07
Bearing,preprocess_Reading102.dat,2.5418507243987616,-2.043920546886686,0.1893827914265381,-0.241230602165081,-0.4994608885482681,0.06463012384144075,0.13462645355543656,0.08899735527570275,0.07963912746697312,-0.09208443394448076,-0.029302300585229864,-1.2816656383264463e-06
Bearing,preprocess_Reading103.dat,2.366097240645615,-2.354591846595209,0.3706791781472969,-0.5175514270957575,-0.4486961925473773,-0.05175529440039661,-0.013404324713898876,0.13944450210419604,0.07763199335054746,-0.01094012639307358,-0.004771268409262366,-7.608000610258446e-07
Bearing,preprocess_Reading104.dat,2.0991704568519025,-2.426590908875087,0.10438653806259104,-1.0456591635357961,-0.39975788506686394,0.00623025680217976,0.10755483513557072,0.14963832818734338,-0.026267905114564522,0.06092278363503746,0.006580032310247273,-2.40111958554901e-07
Bearing,preprocess_Reading105.dat,2.504263365348947,-2.137266645130008,0.5528517518781202,-0.7314727787207276,-0.41631934972860907,-0.39341662923579157,0.13307675790474377,0.08128559834579745,0.009737735579974606,0.038101352015320535,7.722983102002267e-05,-1.3574498387821126e-06
Bearing,preprocess_Reading106.dat,3.125495465334048,-1.299533615125311,0.09228327749917824,-1.7033563896745991,-0.5128844451384232,-0.6329042109160242,0.1861128381963062,-0.02426443402154023,0.039166292503892045,0.06331298230951633,-0.027605049809172208,-1.1700506452093332e-06
Bearing,preprocess_Reading107.dat,2.904141614910012,-1.4779738841217676,0.4352174324705334,-0.9335305835303769,-0.456412981568186,-0.51037164380901,0.11855352489528068,0.05400034218997221,0.027818883428326644,0.02121930519994452,-0.04477893323115289,-1.4266666817606565e-06
Bearing,preprocess_Reading108.dat,3.2598371206251713,-1.9837716389925342,0.1749869791731213,-0.34358317795134863,-0.6645689109121656,-0.019161097413986517,0.023298274564141276,0.060013937130345904,0.037765563653278295,-0.008379230399712211,-0.038684940411112985,-1.1682363449762048e-06
Bearing,preprocess_Reading109.dat,2.812397739645853,-1.9746671269251823,-0.03772547700519345,-0.27872680679908884,-0.8953402303939599,0.2044321574898895,-0.03157555042471996,0.016550865474448354,0.026530769611259445,0.032397492978383735,-0.02659757188434522,-1.3478508668230222e-06
Bearing,preprocess_Reading110.dat,2.9287774133197018,-1.8205688491317205,0.5068377510287646,-0.7607493466909352,-0.6616912404413858,-0.6409094437823001,0.01267970107861391,0.06441099875084585,0.05322535108106819,0.016116472004766978,-0.054042989387317136,-5.152422857469713e-07
Bearing,preprocess_Reading111.dat,2.953679225928879,-2.159010777584494,-0.16481083182257758,-0.8625198407188688,-0.671747414618699,0.25712580798022866,-0.03604834642988364,0.024746514872056157,0.048971958408589755,-0.0001419739086478373,-0.03920830794038078,-7.503246912138135e-07
Bearing,preprocess_Reading112.dat,2.8813971511209946,-2.003129064589237,0.2816517850638087,-0.5441601431482624,-0.6296978806372018,-0.38031695442846625,-0.08368550374578501,0.15609601835083653,0.08402025510550193,0.003564136991385724,-0.06931772142714777,-2.4014983431981515e-07
Bearing,preprocess_Reading113.dat,3.2431619574959676,-2.746743980544553,-0.29831041525597274,-1.090339210015766,-0.6414757180629386,0.3873927294100269,-0.11146155945266643,0.06480725964535494,0.010944040187363495,0.0019800333040462578,0.019534769988429224,-5.754494674931447e-07
Bearing,preprocess_Reading114.dat,2.190148853570466,-2.7007210688120127,0.5264700630013689,-0.5817800399258662,-0.5634612672045846,-0.19934664435001215,0.05576726800108393,0.08158903936261408,-0.06130590625868063,-0.03835047588368089,0.06249119552541719,-1.1415482151729858e-06
Bearing,preprocess_Reading115.dat,2.3744793017306494,-2.7364721923816413,0.09957360345965847,-0.856005696532287,-0.5230927419878405,0.024612214666248446,0.003506825543204874,0.0864447636180363,-0.08214985602855127,0.0629498430847376,0.06209930979561807,-5.795374816609794e-07
Bearing,preprocess_Reading116.dat,1.8083952352854125,-2.690861625417072,0.14895208752363842,-0.4405632057756817,-0.5932572158611521,0.06784435696838645,0.1433596354293724,0.06978777390513936,-0.02869001876888344,0.003014055705518997,0.0939959863085754,1.7717042037403745e-07
Bearing,preprocess_Reading117.dat,2.7197167004234504,-2.5867834910695104,1.0762825470025934,0.6138612189540329,-0.6925664011407427,-0.6877565835490265,0.010034094658395191,0.06714574854178931,0.033833689877916254,0.03685625200508628,0.05204074906851155,-6.09481683774351e-07
Bearing,preprocess_Reading118.dat,2.7717968248352487,-2.63695771882411,-0.13381588144949672,-0.6563246291927302,-0.7440641809659454,0.20640479785375854,-0.0766116757247387,0.00810081188807116,-0.06006700378759557,0.06255228363454442,0.03788979635242365,-4.905163527175964e-07
Bearing,preprocess_Reading119.dat,2.295276696016328,-2.1499950010132025,0.4537665495568381,-0.19279791029329316,-0.29311461495845004,-0.1523549476772502,0.3082477166032581,0.02632890144323505,-0.03223344084537583,-0.05658290017615784,0.057262319759698366,-2.349573077740213e-07
Bearing,preprocess_Reading120.dat,2.8258651037578444,-2.4779309320649228,0.4286178370843366,0.255696734033057,-0.5667817645689952,-0.10456119500980803,-0.060242859594714634,-0.13204332638103128,-0.0029297135666385738,-0.006159932067185779,0.024355803132917644,-1.0728903725004463e-06
Bearing,preprocess_Reading121.dat,2.396804299243204,-2.5663203445827736,0.5303557839776671,1.1062988559499243,-0.6986162721481286,-0.4359048317524138,-0.0344527112102435,-0.18593012292581734,0.054187933994000924,-0.055015559922393015,0.10756599202589187,-1.5764541882643978e-06
Bearing,preprocess_Reading122.dat,3.1308793942945536,-2.5956542018853157,-0.24703090324394553,-0.41577559255610197,-0.9551666102804505,0.22710771689117965,-0.14924394574297464,0.007197642520605515,0.08012437577853342,0.06067096018044494,0.04382485937313237,-5.54369570094382e-07
Bearing,preprocess_Reading123.dat,2.8843544503357923,-2.830159533611984,0.43874713656009856,-0.018359797175719526,-0.5697626469221757,-0.07812564807766192,-0.05831791728500882,0.06002771936136379,0.0010967877332818327,-0.022862124437558036,0.13907094194205316,-1.3255896776882151e-06
Bearing,preprocess_Reading124.dat,3.1470030661080965,-2.863150514159472,0.6420218102855552,1.227087551234754,-0.9714645915716673,-0.2875364056657194,-0.13705333404067402,-0.02087761217729626,0.06954721551547553,0.024076421333129632,0.07899321829891283,-6.489237949953968e-07
Bearing,preprocess_Reading125.dat,3.6474686715834377,-2.269693940289744,0.2130741808456605,-0.19114863287904585,-0.6305213068812602,-0.34843292062054126,0.06133118403751049,-0.09188599740896562,-0.015974755074479666,-0.13486212431589972,0.032579161028310114,-4.980152402515865e-07
Bearing,preprocess_Reading126.dat,2.3703233374948223,-1.8877845137936755,0.930664187805816,-0.44855286214503926,-0.9016210749271618,-0.6479386688426412,-0.20950459564592402,0.10888871701095695,-0.04629559015551206,0.034911449109512174,0.06161232307632234,-6.233135808008655e-07
Bearing,preprocess_Reading127.dat,2.936665704163825,-2.2717359166840247,1.0239221859424257,-0.6276113521961714,-0.42225164370238155,-0.7155878980823202,-0.15953702903202124,0.0015023482676127797,0.024031460976396395,0.06067248189757453,0.0190740397647741,-9.693435481596335e-07
Bearing,preprocess_Reading128.dat,3.2669847175448874,-2.5152945591572715,0.6310028000456315,0.1222238364663197,-0.8648988825643351,-0.08025807259832549,-0.2839329170627133,-0.07045155619201592,0.056954151721251366,-0.002528113672975574,-0.015373349695051526,2.728289553013958e-07
Bearing,preprocess_Reading129.dat,2.8737416599431045,-2.680310142292698,-0.2180328039613381,-0.34636810668474916,-1.1054989595894462,0.5173277313494676,-0.29845949539009,0.05348926618628318,0.09225630580481092,0.018640174052242057,0.038479327385678996,-9.718045435458679e-07
Bearing,preprocess_Reading130.dat,2.6691173280408216,-2.707158082536217,0.29276148859688833,-0.3352984151516349,-0.6320441347588492,-0.062015668318656625,0.05638837034946934,0.03298947064011869,0.05587041513854451,0.005097311593955937,0.11554300023247063,-1.095546716569755e-06
Bearing,preprocess_Reading131.dat,3.465265015532294,-2.393781312610595,0.36566243740573184,-0.3214470254222472,-1.0067509749274157,-0.11633694256691195,-0.3592098616407723,-0.07775868644515675,0.06912203003143871,0.03682864656923229,0.038655540696366224,-5.591154250255517e-07
Bearing,preprocess_Reading132.dat,2.4760098491574216,-2.5392807281971854,0.6488290436216343,-0.7216819104641281,-0.5701896701504899,-0.2285354322930705,-0.22299404068542353,0.02610688343366016,-0.0763213859350526,0.010254881847191461,0.05838005451445152,-2.4705546786240925e-07
Bearing,preprocess_Reading133.dat,2.665849169276212,-2.6103647292732566,0.2101363635298536,-0.2520557893069285,-0.7803860199084139,0.21039209780911125,-0.2584796723924283,-0.09107316123920536,0.08212843791556827,0.00998916198006458,0.03164409211954915,-9.513792196709798e-07
Bearing,preprocess_Reading134.dat,2.0882962395185207,-2.2523233481824305,0.8414475000743337,0.6781815769730326,-0.9634300963683549,-0.27162932548230384,-0.2100305450444794,0.013479078890154367,0.017047561450602867,0.08617294601737631,-0.09682425003490058,-7.761273595289967e-07
Bearing,preprocess_Reading135.dat,2.615147717005705,-2.3383445582602866,0.32416782163446833,-0.001522620631766199,-0.8417626032737132,0.23817189121647878,-0.22620476976758572,-0.1500223277682738,0.04703227260316898,0.016371529225383073,-0.11697189004895131,-1.0167058867900555e-06
Bearing,preprocess_Reading136.dat,1.244184558612675,-1.9186989156105294,1.1629213511777858,0.3499622893006816,-0.619721597706628,-0.5898276874359772,-0.04569096274381168,-0.019102675523230046,0.05408926612389552,0.07853449528782921,0.0013708529816499758,1.4579572809270518e-06
Bearing,preprocess_Reading137.dat,3.4061536525272325,-2.4281414675741297,1.3879476958054933,0.9748336948472192,-0.8869350622643998,-0.6720063761215214,-0.2697225522078046,-0.10229729102696214,0.04177376088919242,0.025640182348003922,-0.004527683050779105,-9.850522169932228e-07
Bearing,preprocess_Reading138.dat,3.962723691234012,-3.00206563151373,0.04177524258010888,0.06081330561239769,-1.1518049017394891,0.5238638349306974,-0.6484977878192185,-0.11287973092440322,0.05898433672855754,0.028849640320860608,-0.12980666210191918,-7.66851852994771e-07
Bearing,preprocess_Reading139.dat,1.9211997697672527,-2.0233274485259476,2.0317664028703613,1.0663089918858724,-0.8496498048540208,-0.9189618327670788,-0.3535742114927423,-0.21135452965813464,-0.09991861771713133,0.0015419846392519924,-0.04738437038423792,-9.881340952904637e-07
Bearing,preprocess_Reading140.dat,1.9254582461094933,-2.288690004179238,1.395919168587258,-0.3024145539459774,-0.5037201560293724,-0.7550417386505915,-0.05611925886173117,0.037585541549856494,-0.023115958156569177,-0.04717228580393168,0.10467914435874068,-1.745061868169709e-06
Bearing,preprocess_Reading141.dat,1.5818389448066565,-2.362145419219183,0.5074212042818362,-0.5254970868119632,-0.4246520252502476,0.47001750364604733,-0.32726605547197885,-0.03806523214405536,-0.0729304714345224,0.0009854762884566534,-0.01526722244547367,-1.0017147380094353e-06
Bearing,preprocess_Reading142.dat,2.4635149820323847,-2.674391600796617,0.5706088740834567,0.5958958658824883,-0.5153621608980318,0.08901101216555797,-0.26049236004553494,-0.07267154813512923,0.07882819543009502,0.04003375855813738,0.0007331989313352867,-1.0690849452935153e-06
Bearing,preprocess_Reading143.dat,2.0047653059891073,-2.0323558782225097,1.7640397974140838,0.8990441054451452,-0.7161896494722421,-1.0097180547726117,-0.07938906797918077,0.007463310684762253,0.06753075001724672,0.020740958907021916,-0.038041124552130934,-4.6900647349863787e-07
Bearing,preprocess_Reading144.dat,1.6553368091612048,-1.816674930618966,1.5486684591597528,0.535356781828157,-0.3511967470246715,-0.8013114871483562,-0.0923563212381881,-0.07632818914365974,0.024656288088113817,0.08987754266889997,0.01223667135854596,9.123088218868164e-07
Bearing,preprocess_Reading145.dat,1.1163155940503404,-2.8590101908099554,0.226202104759897,-0.7284161302167588,-0.19629035562896552,0.6399474273089183,-0.11621667744667663,0.0016000289275261473,-0.07311454309720225,0.1361322789251366,0.05447038739551178,-9.77840764055362e-07
Bearing,preprocess_Reading146.dat,1.3344344049336556,-2.7897012930074943,0.6740799799068073,-0.7757816574237872,-0.10142910480679387,0.14964394320023636,0.012803178621969256,-0.009727948948440954,0.012162332698290857,-0.10042308956994772,0.05046098331110376,-2.1478696036936223e-06
Bearing,preprocess_Reading147.dat,1.3169545433107643,-3.035115982557095,0.7253926441632887,0.4970691504774663,-0.42098895766153355,0.5717359916376251,-0.12716135396484485,-0.040303353161153514,-0.022058165235186153,0.019279267938581722,0.11883769114384439,-6.943533205259776e-07
Bearing,preprocess_Reading148.dat,1.2022415900393035,-2.324483421927426,1.4943787355680613,0.32145285043270316,-0.36034467629221256,-0.525735160950096,0.06660278163558207,0.020596699639928794,-0.121627962801286,-0.046943608835973885,0.09838727100049456,-1.1613870042786528e-06
Bearing,preprocess_Reading149.dat,1.128784960747899,-2.2703332943064516,0.6803453963743451,-0.8704789936523046,-0.21256181352239673,0.008274378432056227,-0.08125906070909017,-0.056546494954179585,-0.02046541774101381,0.046727330314921704,0.05889727341655671,-1.5083649462494484e-06
Bearing,preprocess_Reading150.dat,0.0607476249210726,-2.5132083769416673,0.5918314771951705,-0.49880077185170174,-0.5746070047435682,0.01756704012203398,0.20537590058381072,0.09659501528741278,-0.043498203935647156,0.007139198291609543,0.016041339550717626,-9.291408465442079e-07
Bearing,preprocess_Reading151.dat,-1.3095056819518012,-0.31501228580479224,1.129385294670932,-0.899223780622268,1.5862745009146493,0.7707454068485132,0.6643375649966103,-0.19949819450644427,0.16899166400360027,0.014956318674192205,0.1580797710621169,-1.3576313445565128e-06
Bearing,preprocess_Reading152.dat,0.3915336069403443,0.6202700294029129,0.24707730112908075,-1.7414927665227558,1.7975833638309744,0.4745099169799498,0.5417029795093916,-0.26074866703615235,0.06084290191861966,0.0827510234831675,0.061635032613426,-1.1539038016752602e-06
Bearing,preprocess_Reading153.dat,0.7533756167854917,0.13265344380433927,0.1955047034170433,-0.6130620602054052,1.2532402876707323,0.4721231590704439,0.22745441938819744,-0.3862790672170419,0.06343817480872169,0.07520687418937694,0.05898201197791186,-1.3540440103257774e-06
Bearing,preprocess_Reading154.dat,-1.5431882111457453,-0.31023944061164743,0.3642777716896003,-2.6205349971884124,1.0163642781504467,-0.03498451084897252,0.6170415668495638,-0.06711185881048198,-0.08025762329015554,0.0024933026002529226,0.08713825948311266,-1.4417337409712392e-06
Bearing,preprocess_Reading155.dat,-1.4801832233819325,-0.19787378561112667,0.07060825852203963,-1.3397586138827362,1.034306340365891,0.8105302168370319,0.5169603296416883,-0.07981630571285785,-0.048468960821183446,0.017336329868909366,0.09439609662766792,-9.226809675149639e-07
Bearing,preprocess_Reading156.dat,1.2451322319654063,0.17463075354174604,0.45656755778713914,0.8542298911750883,0.798944151237985,0.365211078344892,0.024835603183860584,-0.21171534595367675,0.1191112064352286,0.005827977566594502,0.06428772765683008,-1.040264600507264e-06
Bearing,preprocess_Reading157.dat,1.93145290722654,0.39239206114321595,-0.5359037403235859,-1.600744159624711,0.8502383484361956,0.503749567617308,-0.09495495825377917,-0.43310413535757325,-0.006949714393440225,-0.02677382225204289,-0.0022743845949931966,-1.252738854598827e-06
Bearing,preprocess_Reading158.dat,1.3731470879444814,0.48443589610577636,-0.17972927094043512,-0.9828096361711268,0.9821757497772007,0.4231347743688497,-0.026821517634387417,-0.2881507424793601,0.05257934252460514,0.06528636111521188,0.02072811727717999,-6.782615141170884e-07
Bearing,preprocess_Reading159.dat,1.8460993359478677,0.26524750618380066,-0.05375928074951105,-0.7653932201956314,0.6575701942353186,-0.014606565690248242,0.19659846670741088,-0.2984125454470084,0.020724766484919745,0.04178321380536833,0.028591773645248453,-1.786864476639753e-06
Bearing,preprocess_Reading160.dat,1.7048721200522887,0.443257200412995,0.20500871432155365,-0.958682702114548,0.7486854850333537,-0.36320419105022245,0.01751566061534783,-0.15730860104798322,0.06393886771115782,0.09653136516596555,0.0630135183053168,-9.498976724149588e-07
Bearing,preprocess_Reading161.dat,1.958728318247374,-0.08937820783821684,0.47092472471103547,-0.5216775657481468,0.7012569698739387,-0.40008919356679273,-0.030070923575798134,-0.12593549581322167,0.06229704599036672,-0.016565818953212956,-0.026218060037371475,-1.0437068133242257e-06
Bearing,preprocess_Reading162.dat,2.15168567528681,0.3576637590180982,0.16007507243890162,-0.9144426923335439,0.44183815045083563,-0.22509577883263923,0.002723936583017577,-0.13906835127728523,0.05692525023188791,-0.07466919408222254,0.016578083830056406,-1.6782485976327422e-06
Bearing,preprocess_Reading163.dat,1.7750540533851595,-0.24564698302165067,0.6000757548924969,-1.0415572670482336,0.20953103255846733,-0.9000755581610079,0.2847837365752475,-0.11179042145059723,0.08923879770268336,-0.1133293582007329,0.034470739739023225,-5.249484824016857e-07
Bearing,preprocess_Reading164.dat,0.17994645534402923,-0.24145581606963146,-0.05011358186168504,-1.0044687410070998,-0.014379241374659308,-0.23189449098706022,0.2712289150000164,-0.021836848595078708,-0.051424601226515834,0.03750381521352046,0.025071862735678192,-4.790208022176635e-07
Bearing,preprocess_Reading165.dat,1.7376563937175353,-0.37186923101745745,-0.13341001893847543,-2.0330891721780002,0.24382426248995995,-0.1998059936139079,0.1279287824225655,-0.03351313498875484,0.042182434064705274,-0.022011209362155556,-0.05602193748173245,-7.377331735239979e-07
Bearing,preprocess_Reading166.dat,1.2003410169562425,-0.9053251903662483,0.9667007969191919,-1.2839740615937536,-0.08091826893321198,-0.912818481280732,0.19307576191739478,-0.08045865537738402,-0.15420409740175825,0.0031775089623864165,0.025665306677793303,-1.1666873719587357e-07
Bearing,preprocess_Reading167.dat,0.8220418391174525,-1.8190443974858348,-0.14227208686679652,-1.4518803289674376,-0.39302312076703333,0.3014254442520928,0.1698593186966493,0.08205197722463893,0.021334597170454,-0.015704941521833462,0.014883422455182498,-7.080900580969859e-07
Bearing,preprocess_Reading168.dat,0.8825711793811639,-1.2384622837001094,-0.08112214818831132,-2.5644284584027037,0.04515545369494022,-0.3548309866372795,0.48161838677833796,0.15259123642275751,0.07761440417213042,0.01605437283972968,-0.010220874958657419,-1.681666551726421e-08
Bearing,preprocess_Reading169.dat,2.1042997380423505,-1.4209178973531742,0.29888498519295853,-0.9202024174895495,-0.2157948713043039,-0.44184772726546556,0.2483225133470121,-0.06855658640671837,0.025012931881082917,0.03753013267653193,0.033363520325989916,-1.1245428239592305e-06
Bearing,preprocess_Reading170.dat,2.432054235622015,-1.0031685860229758,-0.16701024017128885,-1.8551572676525427,-0.1624450785028494,-0.31240516710114363,0.06392183360383445,-0.12302163054323216,0.035678325255131906,-0.019534983693748634,-0.0015874567257750656,-3.73295464654765e-07
Bearing,preprocess_Reading171.dat,3.4293888250021385,-1.1965759759368573,-0.2958024467333028,-2.8011593191781454,-0.11015047752750064,-0.28807097303215373,-0.12343896120173821,0.007758451238953112,-0.0005730550775429012,0.002918837992752801,-0.02921993369332144,-7.67790779056796e-07
Bearing,preprocess_Reading172.dat,2.2530197671293766,-1.4545879632954402,0.4210614494855757,-1.4889809133064396,-0.0994966652234096,-0.8669124131517463,0.2198464983118588,0.06801734032933396,0.05633823305882944,0.031785687430004594,-0.0008868517127501067,-8.712218051932311e-07
Bearing,preprocess_Reading173.dat,1.561045638608342,-0.730555466311789,-0.1947926742881422,-2.1374699070029117,0.2834005651250623,-0.5159586718631115,0.3373180073327935,-0.05531472027869544,-0.044139594314094456,0.08213539875363549,0.01027333822251847,4.5247939363180903e-07
Bearing,preprocess_Reading174.dat,2.276715484885058,-2.0092086493202084,-0.13503239476734905,-1.0431727393971586,-0.23799372100338637,0.31426744682038765,0.1194004005990806,0.07305306460019002,0.021892835941328882,0.008328567544457063,-0.02718337727892349,-9.678226904205582e-07
Bearing,preprocess_Reading175.dat,2.2966682190242134,-1.55500535680395,0.1355406118087373,-0.35624896665474587,-0.3475279066527819,-0.1155759847440371,0.05122685535963794,-0.002077662688774731,0.00027279963329303645,0.08033212988588485,-0.02084214361839131,-1.016608324658687e-06
Bearing,preprocess_Reading176.dat,2.7604744579493006,-1.3464312362489412,0.13807671759030332,-0.6301006707831568,-0.48277440425654716,-0.2925203846448643,0.020373957484221807,-0.062386869539887646,-0.010816724092889307,-0.024435623656580363,-0.003105071518970122,-1.534643194195684e-06
Bearing,preprocess_Reading177.dat,2.7936741803744454,-1.7369667782411742,0.5978344119398791,-0.1768555153070529,-0.5871546111778236,-0.44094956404779734,0.0742838573896855,-0.014701807027214946,0.08609308944061354,0.010379039050993277,-0.04012205893524226,-1.7729012748206644e-06
Bearing,preprocess_Reading178.dat,2.1091149404501963,-2.283391451992731,0.5929940026172089,-0.8346273043339136,-0.4633584016062582,-0.5898586270575538,0.2021377023516777,0.1264158410037876,0.09984496302483796,0.015537018024913434,-0.0262540319944347,-1.0360253348255754e-06
Bearing,preprocess_Reading179.dat,2.1530411779948686,-2.5483348238198404,0.06305601795522578,-0.38027782318150277,-0.509902572328515,0.26463846918605516,0.034294468460077304,0.05037998487547881,0.07029788526838977,-0.009715413697174246,-0.013736035977463422,-7.055734863228601e-07
Bearing,preprocess_Reading180.dat,1.8737727269167253,-2.0886222722673367,0.15072401283688766,-1.6823279529467174,-0.4565692895756155,-0.5583088734355652,0.28371581648398386,0.2327655953685682,0.017842310907228594,0.014133492334794575,0.009837290545481993,-9.548290711732697e-07
Bearing,preprocess_Reading181.dat,2.3051334111997113,-2.0924732551324854,0.3737556997501781,-0.9798493516302972,-0.26453940174700347,-0.3679871866241546,0.08176326845890387,0.04165314003039341,-0.044494887793023914,0.024641198271501605,0.02048632105269756,-2.1799835036936025e-07
Bearing,preprocess_Reading182.dat,1.7142856396210433,-1.5492802300570354,0.01720834139643467,-1.960701079274709,-0.3863221623861521,-0.5758814338127045,0.2895464110468014,0.12140479614300274,-0.04403805015442711,0.10750857819917035,0.013230898335354966,5.857905050753906e-09
Bearing,preprocess_Reading183.dat,2.237547543511897,-1.7999954587477929,-0.415116243606346,-1.6632636583748224,-0.4059290193979252,-0.16619314166156815,0.09213844145693141,0.10247289895692925,0.07131974945973868,0.042866258187309506,-0.04085952592159424,-1.0342918691046209e-06
Bearing,preprocess_Reading184.dat,2.1041546830671813,-1.8837524429010717,0.23139622541273921,-1.4302331050802064,-0.37163838341002414,-0.5140796212636205,0.17447179822778297,0.06985860172661433,0.009252213212482895,0.0049087030998333165,-0.04288228266152355,-3.9244480774803714e-07
Bearing,preprocess_Reading185.dat,2.0784140381823315,-2.1271643656237513,-0.19439710495113657,-0.7849460897162975,-0.39158598604700323,0.030745155847708736,0.15752313567057802,0.09735084420964228,0.06456158983766513,0.05497221123874696,-0.026080327721017756,2.5868569451931613e-08
Bearing,preprocess_Reading186.dat,2.53752105004717,-2.226634857398481,0.6235314622889043,-0.21522156142882679,-0.576298510123462,-0.649343781124045,0.311159507300893,0.11622514588944817,0.07990095335614178,-0.03926444630275081,0.00916760341745779,3.78598431616189e-07
Bearing,preprocess_Reading187.dat,2.753881283820227,-2.194164308195009,0.3392529788411614,-0.20840471516272283,-0.646592563309595,-0.36997557373841367,0.014045669193536288,-0.015563340256372172,0.03603449650048161,0.023308807551579575,0.04196437479829692,8.907787876327524e-07
Bearing,preprocess_Reading188.dat,1.836200647970086,-1.7057819592353949,0.7692589324921564,-0.18696029315595822,-0.4039223279110446,-0.7988554605170765,0.24276434477088502,0.12137600451233028,0.10581245333344849,-0.009073294603201424,0.04398794951100071,8.250572948937057e-07
Bearing,preprocess_Reading189.dat,2.2419713611909913,-1.9366653094425759,0.5541724218817149,-0.029320341290027627,-0.5024839652131622,-0.3795838997896665,0.2998225227901228,0.046359228438395544,0.05054589625257119,-0.0041265032862118035,0.058812045116210604,2.362873873434358e-06
Bearing,preprocess_Reading190.dat,0.7132401905273189,-2.2382550114780306,0.8603458792363383,0.25992944950666785,-0.28403081203157676,-0.4694133595890889,0.3060715988025039,0.05114410545423787,-0.01715237325073382,-0.11200032625400795,0.10384550304886266,2.091242337413534e-07
Bearing,preprocess_Reading191.dat,1.3300147635295418,-2.273127096669455,0.2958407893713831,0.03799351008100418,-0.3042323848558859,-0.09518258004522233,0.1844218847056534,-0.01435943339487861,-0.0122866833138004,0.02712182859603942,0.013648295782635426,-1.1179167896930722e-07
Bearing,preprocess_Reading192.dat,1.0510405956553126,-1.9689372789734212,0.2043078163226178,-1.2940731876540397,-0.06664392568239798,-0.603330541098196,0.30694074956931294,0.09433315439949475,0.0469537342859805,0.0735982158118818,0.09142613129570139,3.568607275191527e-07
Bearing,preprocess_Reading193.dat,1.684452820366614,-2.136904483081926,-0.21690074797949882,-0.48261471978225234,-0.35699775718107346,0.38174154219076284,-0.1068137498347718,0.03799389340512941,-0.03288615156743361,0.03677184690243643,0.07450428206211172,-1.2094269641154957e-07
Bearing,preprocess_Reading194.dat,0.7345958154327243,-1.5141225412179438,0.7587905677453399,-0.4235960025057136,-0.1982368007082638,-0.711947718480973,0.1939075820989281,-0.1192653716783084,0.02032105316771119,0.1516431161504389,-0.013556210407253567,4.716379555358058e-07
Bearing,preprocess_Reading195.dat,0.2933083465008975,-2.1244601763502127,0.08080632663711941,-0.7860792800076353,-0.09640557658887734,0.1382235387286189,0.21475141495888303,0.13571406387877616,-0.010097098391911257,0.13029814112756663,0.005166823870223208,5.233822542385966e-07
Bearing,preprocess_Reading196.dat,0.7844090299091913,-1.7023860454710984,0.09260908035947585,0.06583626359891133,-0.4746308861553139,0.06865976241686617,0.17847671744379676,0.052772930977250394,0.015282203533599038,0.05781460141818113,0.05916970602458708,-3.5108643080712914e-07
Bearing,preprocess_Reading197.dat,1.6179114766886749,-2.227000855881146,0.49040470723882545,0.34487482669659686,-0.4350010219455594,-0.2612233668302282,0.20394207416143403,-0.003790294669634233,0.026854437150867987,-0.05972934839047348,-0.013457693436765871,-1.2979908338956852e-06
Bearing,preprocess_Reading198.dat,0.7605203594495312,-1.9894566430726504,0.523283457073066,-0.46732483130339786,-0.7502531337552337,-0.21471156447588477,0.10822788587175888,-0.008477137652912688,-0.018643370526967244,0.0287372636528927,0.11021109720254942,-8.229664202633329e-07
Bearing,preprocess_Reading199.dat,1.3906875739491917,-2.36154274440214,0.14296027387946825,-0.08338327746956034,-0.5208012983890786,0.2427981447554185,-0.20127865082862684,-0.06144479575713414,-0.0745698956449464,0.023276756295637933,0.08326010931001357,-7.314997593101489e-07
Bearing,preprocess_Reading200.dat,1.560766863119897,-2.169539310037906,0.21231785569490166,0.0518673274865946,-0.5535815485538284,-0.2796448800960921,-0.0561755387477522,-0.06928057119090608,0.030399394300723775,0.0808713509122731,0.09299920891831388,9.636995525283925e-07
Bearing,preprocess_Reading201.dat,1.402373784010237,-2.0918731718230155,0.1429066032724909,-0.4648977841387543,-0.2580524582731628,-0.007065270482940706,-0.027635171645302305,-0.08111209933285758,0.011277174862951399,-0.022159817011990938,0.03465623013351662,-5.050776626693213e-07
Bearing,preprocess_Reading202.dat,1.6303467325167542,-1.9833189110730673,0.49157900269471017,0.2264432831427332,-0.5690037044359431,-0.3090266893324725,-0.1268685556361325,-0.024117136495510793,-0.01588811788654899,0.05467416476382527,0.03202462596605474,-4.1981188660539966e-07
Bearing,preprocess_Reading203.dat,2.9459509247970157,-2.3607420515016155,-0.20106916242749656,-1.4364381625691551,-0.8637608170339202,-0.12011449131446969,-0.16890911010367005,-0.03474999380294656,0.05058596927130148,0.0006437779472886592,0.028534165036062455,-1.2489943773051058e-06
Bearing,preprocess_Reading204.dat,1.7667849602003556,-2.19443830874796,0.4231037319215512,-0.43810578008653467,-0.8613711523209651,-0.17152678224355222,-0.11265770189430238,0.0701708668004294,0.008632428552524853,-0.09277286025059374,0.07983334639677703,-1.2466535322620932e-06
Bearing,preprocess_Reading205.dat,1.4510912245539316,-2.3647969857295936,1.0397026866264258,0.6802502425006887,-0.2890180411971105,-0.4603316953671753,-0.14763982979971782,-0.052502632854282846,-0.02078751320457532,0.09684688427260382,0.06476699430621624,-7.543594224109497e-07
Bearing,preprocess_Reading206.dat,1.621887249425061,-2.2416236386626736,0.495915827187412,-0.3395376026494539,-0.4693384119943235,-0.297464119600414,-0.08486014995466819,-0.03439377118038483,0.02376192647502229,0.03674170213713887,0.04533039002073603,-5.794280209429137e-07
Bearing,preprocess_Reading207.dat,2.066752952226185,-2.1594157940582153,0.7321304079463017,0.12775475371358994,-0.6600054743207932,-0.29272984541743446,-0.16593438336622432,-0.03308659870293018,-0.033645376175662954,-0.10747437875875013,0.0750054453453216,-1.7852955246467615e-07
Bearing,preprocess_Reading208.dat,2.072154383380431,-2.1760654398521604,0.7180309980261232,-1.415541649820033,-0.2763865394898835,-0.2924024998737775,0.08243370983915307,0.048088303726434314,-0.07253531134698729,-0.012635568458354982,0.09223945506839511,-8.52042714135173e-07
Bearing,preprocess_Reading209.dat,1.9275241860621473,-1.9803750347407623,0.5585346256382886,-0.8907118944709499,-0.6164818343095511,-0.3341410953205619,-0.08975503892405992,-0.09508880099545977,-0.01374437193767681,0.009288127207226453,0.017555540364323417,-1.0496090065947043e-06
Bearing,preprocess_Reading210.dat,2.025962958488658,-2.1091428548153504,0.06135593707085777,-0.7733917005796102,-0.6980158294470885,0.1099546501146599,-0.10786772742152076,-0.05054255395730674,-0.008324504636299588,0.05682146795830453,0.04513140061060757,-1.179296379339585e-06
Bearing,preprocess_Reading211.dat,1.2777270360412243,-2.1959543651423905,0.6900733947708811,-0.4246900316904798,-0.43185509203738076,-0.06641906639465878,0.020782988190668636,0.07650813377997173,0.05997262623200427,-0.06912843575101728,0.03454630087445257,-1.2681672406519608e-06
Bearing,preprocess_Reading212.dat,0.19882616539790782,-1.3362291239317465,1.2733498824790528,-1.302776692402446,-0.28473734780720267,-0.8764681989532637,0.02632527438947001,-0.08249389289816318,-0.07107064835593148,0.04078545001024149,0.1302334016422577,9.59891296386263e-07
Bearing,preprocess_Reading213.dat,0.7041863769962563,-2.088326979872502,0.18007788244951767,-1.0133108742535992,-0.12103467420509452,0.263525568824391,0.11916525252576647,0.07020708723231256,-0.02400986237813662,0.06185246660346237,0.04657714919615483,-7.80532402453653e-07
Bearing,preprocess_Reading214.dat,2.113034156464972,-1.9093420421581757,0.41459891457551573,-0.8951746513852533,-0.6886219179555374,-0.5330704951560641,-0.22908708799354796,-0.04457479462941522,0.04774143899708034,0.08369374392256466,0.02015021427665538,-6.621590219369264e-07
Bearing,preprocess_Reading215.dat,1.7112366331015325,-1.9717134188749947,0.10136623487895798,-1.6294190283402243,-0.42857744126265546,0.04340997016486004,-0.2699144403611631,0.07973543876555939,0.06415198210056793,0.059842109448909955,0.053906911872184174,-8.012437190872576e-07
Bearing,preprocess_Reading216.dat,1.4128468554728557,-1.8090839459644974,0.9415484686545099,0.1970573688884535,-0.7479121954410811,-0.5767291387827644,-0.018551696311918844,-0.04998788269369432,-0.04210230744552247,0.07246621099417652,0.10953853253305992,-6.220856692412982e-07
Bearing,preprocess_Reading217.dat,0.9646215655624077,-2.3691177619757298,0.17007766347733808,-0.5472260505239332,-0.4918544235372497,0.5591220992085765,-0.3023626356846966,0.04823500530398614,0.1080344940678172,-0.017523030638166556,0.05325035613949645,-6.38243787492277e-07
Bearing,preprocess_Reading218.dat,0.295973818538855,-1.9746531906802123,0.6271239052245181,0.5107147912428859,-0.4514542660089974,0.2480433323262811,-0.011152052754665803,-0.1903241061439449,-0.026349054749908948,-0.0042631272550153,0.056226200977433256,-1.2049225279891822e-06
Bearing,preprocess_Reading219.dat,1.406515612465283,-1.806381077235577,0.3639516283382373,-1.4057357479470178,-0.6084235282008789,-0.20355899168768604,-0.1822879280678606,-0.03143729947732812,0.05039873613533958,0.06269935166736636,0.06879188106806866,-1.0706749821351569e-06
Bearing,preprocess_Reading220.dat,0.5222105366219595,-2.0865259912974037,0.4465629928250548,-0.3441098141271969,-0.6215832081444624,0.26846575851808957,-0.22515172637836053,-0.07913499216532968,-0.010312066797955361,0.04275834645356538,0.06334407410405087,-7.750508420232752e-07
Bearing,preprocess_Reading221.dat,0.7686516680242653,-1.45795769875624,1.2637113749920315,0.26308413552788684,-0.5479354022767089,-0.6177990905102757,-0.21773027293448471,-0.14982942463410093,0.09099741423373157,0.024700998108182496,0.04065188620615341,-1.15041653327826e-06
Bearing,preprocess_Reading222.dat,0.19036499216998914,-2.234159304443245,0.3396522378857246,0.24780539697799694,-0.33973744208868756,0.35997291316269714,0.18069983287574765,-0.044285468592801684,0.023119558560522543,-0.07587461457437177,-0.06618657503569847,-9.60857255779187e-07
Bearing,preprocess_Reading223.dat,0.07290599170827734,-2.777556843877299,0.7202174547553528,-1.0773001614046263,0.3436911696887385,0.8767721829857513,0.06755542985770707,-0.019323338719744145,-0.04362153488052551,-0.026487341664046576,0.13588872430066942,-1.2012092210924282e-06
Bearing,preprocess_Reading224.dat,0.47722190856418084,-2.3685764849579525,0.46485718480019494,-0.49960850884152247,-0.20797115483805165,0.42872250143545115,-0.1577416210181712,-0.11567593396939417,-0.024448098555232497,0.056552018729914826,0.11537779962130604,-1.0748275541412178e-06
Bearing,preprocess_Reading225.dat,0.1440630442895422,-2.8185333383499653,0.8102495673922195,-0.09536429209330234,0.03118164389454728,0.51958345596325,-0.09058588506158496,0.06646713428144171,-0.11981506045574088,0.09331570166908784,0.06999309634043145,-1.1072483935525178e-06
Flywheel,preprocess_Reading1.dat,-4.0397886757037496,-2.0105706591179104,1.406158854184075,-1.1214318111153054,0.9015783576511756,1.0505233331080273,1.3477696058256576,0.12423810025360876,0.16526216776924924,-0.015298929613623717,-0.09184363740289143,-6.600844807488798e-07
Flywheel,preprocess_Reading2.dat,-1.575879835584927,-1.5393047261821096,1.3271649355262671,-0.16669796087192476,0.8974221831868492,0.9425349363803522,0.6974324962889864,0.037156628779871345,-0.03425349924377465,0.01359337894167829,-0.08876622913727424,-6.403009518177147e-07
Flywheel,preprocess_Reading3.dat,-0.9514854772162551,-1.0458942754604967,1.7901409428266595,-1.9606892483158274,0.6258142205284766,-0.22332741732974667,0.49992891498498315,0.006629001267134638,0.06977287291295418,0.006324716505863325,-0.053906827191149385,1.4553088566791203e-06
Flywheel,preprocess_Reading4.dat,0.5089153487303176,-1.8894437683704217,1.022210057696174,0.35131553091845363,0.15738404478080514,0.7507525801744988,0.18042305736338604,-0.0024840401532038613,0.13516481901941044,-0.05326529307404501,-0.09484676867003815,-1.9200481831103535e-07
Flywheel,preprocess_Reading5.dat,-1.2748310567847247,-0.146239404075504,1.2013246353033866,-1.965848836388997,0.7489779841563667,-0.2664830572398488,0.4565666465306459,-0.016287229737168393,0.03638363920896211,-0.06918807760125224,0.015779808758588972,5.864443333336606e-08
Flywheel,preprocess_Reading6.dat,-0.8386578778474572,-0.9005653466762644,1.6353409661806195,0.05937193009459914,0.20322448566134574,-0.3059752565115896,0.1935946286263035,-0.18460636909991313,-0.12884171414218026,-0.11141449955592789,-0.09140623394139596,9.985289347563719e-08
Flywheel,preprocess_Reading7.dat,-1.5059007380798286,-1.6663004679777444,0.8239194282864473,-0.3633143765690217,0.027470966841595817,0.5759954264609731,0.49276202255076157,0.057394473278597966,-0.010789131899145503,-0.08806181068892745,-0.02060677282512088,-3.50358816142393e-07
Flywheel,preprocess_Reading8.dat,-1.588990781613807,-1.5592094840443305,0.5444527147621819,-1.394903726259572,-0.5196272124220981,0.3241228356981443,0.35790118604413623,0.023796867993710082,-0.07630747801709678,-0.16982957359626416,-0.14528510769239117,6.657883632111811e-07
Flywheel,preprocess_Reading9.dat,-0.8983768529142253,-1.6838722757692075,0.6559074410336215,-0.7499187892139713,-0.1549121760202889,0.5547511294901643,0.3839563870423262,0.12015119292857715,0.06418979693466086,-0.1653438568894061,-0.06961305140920576,6.970008830612162e-08
Flywheel,preprocess_Reading10.dat,-0.7370409949625504,-1.4062850374464675,0.7167647409607181,-1.350863072176174,0.006951340182588072,-0.024568195861456876,0.4545315326604467,0.10010441435616922,-0.013253849329188688,-0.12372761880944118,-0.0816145608983827,7.521287548522425e-07
Flywheel,preprocess_Reading11.dat,-0.2969763391027582,-2.3327809787874854,0.49642928141863557,-0.31650446089568285,-0.38612381409997476,0.90438723147174,0.24358450245415667,0.15941849665393368,-0.021738775108736855,-0.21477436491737095,-0.09366703248666437,-1.7836417514337554e-07
Flywheel,preprocess_Reading12.dat,0.19629865264070978,-1.76503879864265,0.2910028103034701,-1.3206885300485,-0.13248004313652917,0.28511871148016843,0.2193258394175757,0.19703684086395773,-0.020910704857630802,-0.050502963892823716,-0.08450304876357148,-1.148209929240615e-07
Flywheel,preprocess_Reading13.dat,0.2542978932929522,-1.6155455629073474,0.47958253766763986,-0.4990004142946506,-0.28313122307010113,0.2684936245271034,0.22170897570867787,0.0025588818750047057,-0.024929637639403642,-0.1469158943810005,-0.03996070338078429,-3.650837730380506e-07
Flywheel,preprocess_Reading14.dat,-0.1890255088671372,-1.8983497144224204,0.5083520739861902,-0.4082901600962463,-0.2737994045575863,0.23991410945254935,0.32120212471164694,0.1560024987923389,-0.08104361144873884,-0.1427265086558439,-0.022722778330548588,2.8555690215605143e-07
Flywheel,preprocess_Reading15.dat,-0.655051564861904,-2.075848720564635,0.8967129437505235,0.6114641827692244,0.3375783958134158,0.588354927649825,0.5724236931836773,0.1928748733395593,-0.08168146359711939,-0.2141040652293068,-0.04895477431788055,3.7635737425742715e-07
Flywheel,preprocess_Reading16.dat,-0.08621034976779565,-1.5605105510328818,0.3361963664844327,-0.7004148990132573,0.16018061709243747,0.30176375212643963,0.42596573146004707,0.06984269283878314,-0.1859131377301636,-0.05210510067893567,-0.05670173271031134,6.091125703132167e-07
Flywheel,preprocess_Reading17.dat,0.4295720045409178,-0.8393665201369884,1.1797457147035866,-0.2661303940536913,0.1255173136495202,-0.7544073714868975,0.37242685739399434,0.03493313479839969,-0.05163555826494587,-0.042514977266294586,-0.06834937993386152,1.6277963017111986e-06
Flywheel,preprocess_Reading18.dat,-0.11199172048525097,-1.2552157684584602,0.6281753538206306,-1.7238584650661932,0.3623448781927979,-0.41653686531750506,0.5544889111335009,0.14262666032497,-0.21575645829887535,0.009835009034292826,0.021569331707228235,1.1973788990321874e-06
Flywheel,preprocess_Reading19.dat,0.6351984502328654,-1.2207247113557556,0.449210570790117,-1.4748875580444798,-0.3300704868437925,-0.31464417313343185,0.48824014795448234,0.03266618441281186,-0.06574366702812082,-0.1368417436252702,-0.05185150521203315,-3.113675034177118e-07
Flywheel,preprocess_Reading20.dat,-0.40935528036623986,-2.2176563076449685,0.6508797254917127,0.5346197380142949,0.014183908158069664,0.39520663794901945,0.4971699123077625,0.21777867130852877,-0.08259259230524767,-0.03143353186716859,-0.04462339558279313,1.0147843249949892e-06
Flywheel,preprocess_Reading21.dat,-0.36777063334893534,-2.063938848821097,1.226754502915405,0.24105957861088373,-0.05327902231299851,-0.4493347891249553,0.8683519913642935,0.1807341997961917,-0.09713277146481603,-0.020588449163783922,0.01798545537156238,4.892045505932925e-07
Flywheel,preprocess_Reading22.dat,0.15100870017175672,-1.7407078119440345,0.6117009275045925,-1.6516894877312078,0.2526560977334723,-0.33833249427092255,0.6326583457642341,0.215340039912445,-0.08206648470714398,-0.15818467524700133,-0.04946594913629562,1.6560909337552018e-06
Flywheel,preprocess_Reading23.dat,1.1875156922963517,-2.314902704006521,-0.09555177573292405,-1.1470953745203125,-0.4075872077041716,0.4191346136161223,0.3785503318245963,0.09204298015228123,-0.0897818527375372,-0.07859834703272653,-0.06670047425611378,2.3368438642825127e-07
Flywheel,preprocess_Reading24.dat,-0.6994042751721299,-2.1072715105343516,0.09398387551863084,-0.7381311201926771,0.06339532052216314,0.5248440492010874,0.6386989180357594,0.21184723473191025,-0.133123988599685,-0.02031743411106558,0.006105016821145426,6.371379643732606e-07
Flywheel,preprocess_Reading25.dat,-0.3645866943127921,-2.2772000095797647,0.5271676805993233,-0.12371844484445192,0.2786745140479814,-0.04676520538662449,0.4127199305475314,0.22091876932557372,-0.14201500389740573,0.037598713665276506,0.0053594374079617,8.231843577812497e-07
Flywheel,preprocess_Reading26.dat,0.4292011938265544,-1.7999554141616851,1.3451607846810771,0.13864462035873737,-0.27227612620581215,-1.037989006279207,0.35626516199494024,0.11672239566435104,-0.07643850609742653,-0.03931443313191794,-0.07054283263284272,3.2051691321483533e-07
Flywheel,preprocess_Reading27.dat,0.42534715613645163,-2.8213408734989,0.4706151002998027,-0.20715791997020686,0.11471698028477495,0.23018794559506733,0.6797636727862543,0.2822709234858513,-0.04927906542011091,-0.020054781789423805,-0.10121868745835981,5.21852956773636e-07
Flywheel,preprocess_Reading28.dat,-0.2349267462191247,-2.152250274224976,0.7511740197132885,0.15654619831073005,0.10428332650267946,0.045215399100367204,0.4476608384756877,0.017635366627791832,-0.030942746797713038,-0.01608753422721028,-0.026379173642785483,1.9427638147577625e-06
Flywheel,preprocess_Reading29.dat,0.5839432550007063,-2.262564463555833,0.8014937058016542,-0.005258482795494369,0.38194482609116726,0.07524129490146587,0.45498693556575337,0.05552646989688727,-0.05469316642560017,0.005472695112244574,-0.06020806933725468,3.2130833814275794e-07
Flywheel,preprocess_Reading30.dat,0.8221896836849484,-2.5031564794495,0.0003916772720165753,-0.14486221318501857,-0.4284082210441281,0.5828356692668161,0.3630332795418873,0.17330210882005825,-0.005938347757289841,0.006690784590171609,-0.07295802945273996,7.984329676068742e-07
Flywheel,preprocess_Reading31.dat,1.3840302104172066,-1.5493272734307586,0.5538035740939963,-0.4414324281543816,-0.040663423134094046,-0.3020295885156388,0.4560805545897436,0.0771967770017711,-0.09583472414526686,-0.04290570376260511,-0.058429326295186594,-6.332166507908715e-07
Flywheel,preprocess_Reading32.dat,1.2638624157806408,-2.1479514681114247,0.930019664369039,-0.8379188480652707,0.18046585865406356,-0.15127557306248926,0.6815301539119343,0.1957638887380059,-0.08304203318458778,-0.05732452917267756,-0.01391324493425853,-8.884952858265697e-07
Flywheel,preprocess_Reading33.dat,0.10368486851844465,-1.6881904163530619,0.7808719042620569,-0.4667525007152729,0.31869209266254617,-0.48422945667792866,0.768428379926514,0.10916298587771558,-0.05128785275235208,-0.033343492103121826,-0.030457741021321025,1.001224621549878e-06
Flywheel,preprocess_Reading34.dat,0.3069060578723844,-3.027088419982328,1.0391065922684992,-0.10083791558370929,-0.01772957032130989,0.1399035114005221,0.5491161303981333,0.2624347233365668,-0.06298181500148328,-0.08235260574578449,-0.052909235971801465,5.756669605475057e-07
Flywheel,preprocess_Reading35.dat,0.49159058771496966,-2.5040865537817845,1.5139227034847744,-0.10215634557112976,0.17965612474332038,-0.7428520700424683,0.6284219896614829,0.20132946261995982,-0.11827893930197941,-0.21919711125611913,-0.07598904569905969,-2.659792159987984e-07
Flywheel,preprocess_Reading36.dat,1.1802291145109354,-2.6568964157422377,0.4873316041836999,-0.8261286010759236,-0.10049521879312251,-0.013564973235286163,0.4635195729668214,0.19877817706012907,-0.06291465587159445,-0.09091119956954798,-0.08079320218305916,1.544972295017511e-06
Flywheel,preprocess_Reading37.dat,-1.104483448189953,-2.4745585540178587,1.1074595578007043,1.0154019016298477,0.26462433797237117,0.2753141318589499,0.651762524841664,0.1949400606004859,-0.15215641813088554,0.01240452146784875,0.07124399550906253,3.1515536084448523e-06
Flywheel,preprocess_Reading38.dat,1.1376001666952622,-1.5410423134031634,0.7008209367006607,-2.076746563265086,0.19663573908120202,-0.9929228051010919,0.6385722398360263,0.2314665624406714,0.022401627814650833,-0.05394893541343956,0.01388250472754286,4.527404897730905e-06
Flywheel,preprocess_Reading39.dat,-0.755557897583249,-2.585863507362246,0.7363315274660758,0.6613395372459656,0.2874123606143447,0.5726429045135215,0.5970955181094791,0.11189114322382139,-0.06453208204494157,0.037884503452446136,0.03184511505544338,1.7004319185389954e-06
Flywheel,preprocess_Reading40.dat,0.9345398083189964,-1.9693517930453424,0.846643458761011,-0.3780507837327416,0.022876052536669248,-0.31637510603011126,0.6395669584160014,0.20699188531466653,0.03578261770127922,-0.026222762009122297,-0.01752788267937946,3.3088100874873542e-06
Flywheel,preprocess_Reading41.dat,0.8232054936366245,-3.3432154770924445,0.28362711390658324,0.41066640262897014,0.12229569124523869,1.096440831738287,0.3632925696741578,0.041570894850554735,-0.0589697902355111,-0.01590814501508537,-0.0009820909890546653,8.583892524882094e-07
Flywheel,preprocess_Reading42.dat,0.5329910873480479,-2.923889598269373,0.5405706271013199,-0.05265290770200998,0.17873972090144688,0.7713441951782017,0.44475345375434017,0.07916831158511183,-0.18353024202321352,-0.028460431391981306,-0.0023484846217632863,1.0218627203766376e-07
Flywheel,preprocess_Reading43.dat,1.702670276699015,-1.7676053247217134,1.0631029128211371,-0.8536323455709411,0.29177431612333043,-0.497935330187045,0.1933023600926604,0.055019807124153684,-0.10331666312219706,-0.0622427794418664,-0.025573638929997446,1.157965946670849e-06
Flywheel,preprocess_Reading44.dat,1.9196808537701449,-2.338977449874913,0.512646010635412,-0.5407617701091452,0.35338812519765506,0.11584552521246601,0.22547674527794814,0.12565257739070956,-0.03670755396157315,-0.044553955454844994,0.03403016083162123,1.7770809037339703e-06
Flywheel,preprocess_Reading45.dat,1.8199722795818931,-2.8109749935272164,0.5750589807649829,0.9175348922104676,-0.2348592965671502,0.3535569209425421,0.18091710252871288,0.08005806590507546,-0.0983112293435151,0.003415924333114548,-0.026129382850151234,1.1690217959236383e-06
Flywheel,preprocess_Reading46.dat,1.367183995025022,-2.312059469357876,0.3499098224181334,-0.8810271738715406,0.1417151115430332,0.1953521601293121,0.2790538378762199,-0.01906740428604543,-0.09784962943632909,-0.08482843208133507,-0.03683899740698973,1.094101040654913e-06
Flywheel,preprocess_Reading47.dat,2.2197146404794057,-1.7592246630100261,0.6145806462670614,-1.431632352688815,-0.031878734885879334,-0.6609603492535031,0.30372201659146736,-0.020794531785179524,-0.1228924544379792,-0.03211766539945635,0.0445841141416783,1.1586521707715913e-06
Flywheel,preprocess_Reading48.dat,1.866412477540142,-1.8345696471968234,0.8853144904333095,0.7825717408061056,-0.2274715318719656,-0.605233798783091,0.4807258616520342,-0.15086083810622739,-0.09471482543042342,0.052652909527607046,0.02802961201241913,9.761145667311103e-07
Flywheel,preprocess_Reading49.dat,2.6492245790681035,-1.8677846583284188,0.04404061578118023,-1.328419972374946,-0.10139895503182714,-0.21760217903541065,0.3491581262886278,0.06063849640488508,0.044342620848812055,-0.024317023829063967,0.038179810435712495,-3.2850679963011025e-07
Flywheel,preprocess_Reading50.dat,1.2461985030198726,-0.6061777419341806,-0.21822375175149836,0.14930895288237758,0.7098116033271548,0.42193755195730315,0.37138197165253034,-0.22832184058424002,-0.008325556440512194,-0.022056339219730953,0.018952531406168097,1.0598672915618904e-06
Flywheel,preprocess_Reading51.dat,2.2174501713132244,-1.922253824051562,1.1543488627981384,3.368350045560345,0.118920383557984,-0.1607307085547855,0.35071666178138927,-0.08861992388576305,0.03167659857234105,0.06810383777573717,-0.012412874914502275,5.782169479019666e-07
Flywheel,preprocess_Reading52.dat,2.714220291928536,-1.175850372030267,0.6014998594491271,1.6832968534899886,0.30458412341262253,-0.21810877838648038,0.18940133125668812,-0.10464069936829493,-0.10004163682298463,-0.02694414842963573,-0.056781707101902015,-4.1034211848866756e-07
Flywheel,preprocess_Reading53.dat,2.4823516641969463,-1.2848730149745868,1.0362349975009912,2.4660150690289395,0.03528128586289346,-0.38820687882616245,0.27940054682966275,-0.13982260036393354,-0.07114522988536001,0.07071256424789231,0.00895882617681355,-5.207897107478488e-07
Flywheel,preprocess_Reading54.dat,2.484825565819502,-1.3376279828409947,0.7826213550866584,1.4086298738001841,0.39373150810821184,0.03243396065709051,-0.021533478690024803,-0.2142664353904412,-0.03996096760028584,0.07469576093819011,0.00928185708534476,3.952105622783591e-07
Flywheel,preprocess_Reading55.dat,3.193695849290467,-1.8945965867708892,0.14380142502000728,0.44906380717359384,0.11196587833928134,0.31953959360971557,-0.022507611459616314,-0.1718461508854355,-0.04713087669129164,0.06087194138750896,0.041512552522346695,-8.012815650256333e-07
Flywheel,preprocess_Reading56.dat,2.210168771306971,-1.7277001783044947,0.81964548653973,1.9023783147479825,0.4392292516890737,0.3509654325111816,-0.07231565396298689,-0.18913948725508684,-0.10206850331684147,0.007498338483103393,-0.048639057843351714,-6.865099179609122e-07
Flywheel,preprocess_Reading57.dat,2.31062886686003,-1.191758573758135,-0.04204380080088293,0.32094123239602507,-0.29397551864798466,0.4271140747163027,0.10086045632583673,-0.1961351734691173,-0.029726215519353408,0.011017787149456173,-0.022940583323741076,-9.149985328743913e-07
Flywheel,preprocess_Reading58.dat,1.7797361841383466,-1.1698367363366031,1.494190433030889,3.000559705054712,0.21454739622805086,-0.2743653843763758,0.09341916245041851,-0.2099135448840388,-0.04364270427706629,0.03888807765905264,0.012992190101907577,-1.4043822277425618e-07
Flywheel,preprocess_Reading59.dat,2.0075711064831743,-1.8079820841434102,0.5309117758017262,1.0169480643877127,0.4686055976777879,0.2466272818274149,0.2480847234276786,-0.14658774827836227,-0.042153741510587636,0.033081129067980865,-0.015650567795020894,-1.2272376643615043e-06
Flywheel,preprocess_Reading60.dat,2.541287832409356,-1.7738723873384277,-0.207107286189812,-0.08435533440794246,-0.07682029652724373,0.6000850086722889,-0.017554257133072453,-0.11035674621654121,-0.03592558710062601,0.06290327668410609,-0.020954267616184505,-6.110237257008204e-07
Flywheel,preprocess_Reading61.dat,1.3599718637427856,-1.8189528012192941,0.267363097550227,0.6959931593951206,0.2975577885547954,0.5023917577921619,0.22518218115649186,-0.0326994054476219,0.03412528184929715,0.01579317205974891,-0.03848827267502718,-9.021753332839043e-07
Flywheel,preprocess_Reading62.dat,2.308233901830337,-1.2861611377240512,0.6990788152681885,0.6155638205346553,0.14692418697531692,-0.3561685689178702,0.0468247929732635,-0.2286368026253131,-0.0296083065970473,0.026497985717662265,0.0035709033507056657,3.9558010643087207e-07
Flywheel,preprocess_Reading63.dat,0.5726536136206576,-1.5547232232038057,0.9312615840394601,0.8109490833621407,0.3305823956710068,0.025045020465612515,0.32598312960363235,0.03629154367299581,0.003907745158174459,-0.0051197778212133385,0.005491194859837005,1.4806103220331454e-07
Flywheel,preprocess_Reading64.dat,1.810292350956134,-1.7141892336487374,0.4604401543132789,1.7674868272250386,0.014964369125807453,0.08653856584863104,0.0008435282896072652,-0.23452295545267599,-0.07268356310538106,0.11184212126169507,-0.03943959933199041,-9.778482600134862e-07
Flywheel,preprocess_Reading65.dat,0.6314045433675312,-1.9589875929062643,1.1224305710341718,1.9763546841162822,0.14953568789005495,-0.03310970249369081,0.253628161274449,-0.020513167797809793,-0.0566652491479538,0.042706599410774766,0.01940127124943485,-9.021336590532581e-07
Flywheel,preprocess_Reading66.dat,-0.27760711631686,-1.1924434295381763,1.330307031045202,0.8313778630043641,0.09352408025331696,-0.3441435504126809,0.05487810241104578,-0.31483525414150054,-0.017729663094854926,-0.037181736709947025,-0.03909377349090191,-9.507567195893882e-07
Flywheel,preprocess_Reading67.dat,-0.9075275545243497,-1.9739163371166042,0.91553869343815,0.4372958893987471,0.8628973551358121,0.01572704803707987,0.610201614520542,0.17639164703138088,-0.03752230328475706,-0.008161231458782135,-0.009672874841543892,-1.3245512901587509e-08
Flywheel,preprocess_Reading68.dat,-1.3571541262434303,-1.4870378073775918,1.1749961706141934,-0.7772763532306062,0.8643385902494649,-0.3671980384184146,0.27183329836461106,0.17053315298556126,-0.22304094400849317,0.08963195233893602,0.03980008537461648,-6.001747335248953e-07
Flywheel,preprocess_Reading69.dat,0.8853101652931005,-2.0668460448619386,1.1015293704502829,-0.5547381841259036,0.46403514596509304,-0.6824230947445104,0.1682735643627926,0.1901985721293919,-0.0009304536293926849,0.0009597200873611193,-0.1361938315381618,-1.0261918116765947e-06
Flywheel,preprocess_Reading70.dat,-0.7534373235087942,-2.0701226661960472,1.8601275579277412,0.25643646715028123,0.7714184985868631,-0.708667540867259,0.2922585307675292,0.29962717629292557,-0.2134657039439419,-0.07068157810852158,0.011728042849183993,-1.5217239063119985e-06
Flywheel,preprocess_Reading71.dat,-1.7312073890951094,-2.5667862362174176,1.3818795239044948,-0.16925650810119183,1.1203092427002679,0.13369180228105498,0.27731616201307324,0.15756148251669935,-0.16691754485459193,0.0849983677912344,0.01842149402504811,-1.1751873415652424e-06
Flywheel,preprocess_Reading72.dat,-1.857530698755552,-3.371048197420855,0.8436454574082994,-0.2987776432794047,1.183633720592133,0.9468410183060461,0.45200112390949654,0.06118500021952265,-0.2100632575013849,0.007619672071449498,0.03890848072506099,-1.2147324124014841e-06
Flywheel,preprocess_Reading73.dat,0.277619553962668,-2.0843182182862154,0.9989383238545637,-0.35269319713560265,0.7962291194797076,-0.41896515035803983,0.2134856873233032,-0.031047902477812764,0.09807367817373285,0.021866827294254723,0.022710194676948233,-6.635639347581982e-08
Flywheel,preprocess_Reading74.dat,-0.8557116829706157,-2.155750313346513,0.7919806685504137,-0.7838914207146989,0.9802706577881974,0.3701426114606731,-0.045789281991587154,-0.0186957815048823,-0.15611160775406616,0.0592955355560912,-0.01672600765166661,-4.3986774886597347e-07
Flywheel,preprocess_Reading75.dat,-1.1499437556586627,-2.081485274238413,1.1267141933242053,-0.9486813338222578,1.9476403728737652,0.1184635842075169,0.5565301141768859,0.07486329516668966,-0.20875513717562277,0.08936659656146442,0.003398508354907011,-7.45344557428551e-07
Flywheel,preprocess_Reading76.dat,-4.4520349832769925,-2.525270129204675,1.9058968059559416,-1.7876413261002166,0.31338291485445885,0.49261014390144375,1.1389178065735983,0.14767714253147765,0.04691656056986534,-0.06151090005450828,-0.012751306573503735,-7.059995423204694e-07
Flywheel,preprocess_Reading77.dat,-1.8753216276860998,-1.7228404171317737,0.8784325630269316,-0.9234437153218559,0.6859324786580174,0.6417891732208092,0.6372708024780387,-0.016456316679120855,-0.1097453291890294,0.026428776982454837,-0.06584857045446174,-2.726558064924262e-07
Flywheel,preprocess_Reading78.dat,-0.3195537447943546,-1.2871084716882777,0.4689681364315952,-1.3984499894336753,0.5342929164050576,0.8720031827055572,0.28928093474936045,-0.0789383393966767,0.07043171723588985,-0.056949209156432486,-0.05737444016465679,-1.0481293301357204e-06
Flywheel,preprocess_Reading79.dat,-1.6316115663130533,-1.2229491458108015,1.1983039287657298,-0.8063999837563742,0.6015635226573325,0.46001131903269704,0.5414075304527758,0.0726907720421415,0.0008471391603339748,-0.12631507117366403,-0.004994881052291917,-2.6318520676912735e-07
Flywheel,preprocess_Reading80.dat,-1.4736847342075854,-1.177755253234096,1.1979397191949541,0.2813381382354158,0.7560288258721556,0.6884883381866801,0.3625628483460321,-0.07994770212942909,0.03759709135650285,-0.09804535760689881,-0.049494329774501994,-1.1977722185356453e-07
Flywheel,preprocess_Reading81.dat,-0.1401385357846424,-0.7161241161566257,1.2368659704866967,-0.13823651713645235,0.30294859555168624,-0.1681826623224145,0.2163305451953268,-0.05852794115112574,-0.0011050472935436309,0.017745002166597842,-0.08579779915272943,1.968669102045727e-07
Flywheel,preprocess_Reading82.dat,-0.46947890713930346,-1.3643408313945384,0.529777738521057,0.4075319008521498,0.20855175434045403,1.0815815554386445,0.007826275854364266,-0.05443149537994495,-0.007748017601808383,-0.07253823820069162,-0.0666009313846182,4.47985433885318e-07
Flywheel,preprocess_Reading83.dat,0.06322152576256028,-1.0893309681775556,0.3959859917888115,0.646363913646963,0.22570567062520616,0.8153816371906221,-0.05696656128652657,0.013178773789345906,-0.02119902188655855,-0.11413325107630265,-0.1266360041028997,6.436312974439433e-07
Flywheel,preprocess_Reading84.dat,0.40682716872286817,-1.4211116629771872,0.39681488689693034,-0.5199523060072158,0.3370977011258399,0.5300699621545888,0.144874012206108,0.022420368599119264,0.08532255946134756,-0.08111604646752417,-0.08812554790994181,1.3585875675227306e-06
Flywheel,preprocess_Reading85.dat,-0.8814113484423142,-0.7783271942881844,-0.2992565536705238,-1.4191736326247857,0.28089159165507993,0.8029891531456821,0.2138835720696307,0.05368297225227076,-0.043814352660568774,-0.1312400036360587,-0.08421253832009083,2.2516848389946274e-06
Flywheel,preprocess_Reading86.dat,0.23824877512263734,-0.8877782432024883,0.06718588435073516,-0.7151841605643084,0.33904625676143385,0.33386359424706197,0.05287765747977111,0.11528176589943336,-0.029303027715029406,0.01879510069441177,-0.11190318228522117,5.353452522016864e-07
Flywheel,preprocess_Reading87.dat,0.14326431893317312,-0.37532675620341416,1.113009804629474,-0.35514476009172596,0.21920739829860134,-0.7582887395796972,0.18876908381834032,0.07376083264915344,-0.21898521080589653,0.011820460091929304,-0.07128914334977988,1.1687596976941157e-06
Flywheel,preprocess_Reading88.dat,-1.2688726859728234,-1.4348176082117483,0.4285195736059412,0.00758241838372311,-0.32772525646927625,0.11778044438667631,0.8333999206509762,-0.10789034799618442,-0.029717524229304,-0.10246863566157767,-0.049512941404026484,7.495720701370888e-07
Flywheel,preprocess_Reading89.dat,-0.036626230807033346,-1.7130239010214432,1.0988552234071154,0.4268812539044685,-0.34599484481878207,-0.4300927196631301,0.5306671374741114,0.052419809155374676,0.05984480194772015,-0.10782547669890084,-0.05481413250664325,6.663387548805981e-09
Flywheel,preprocess_Reading90.dat,-0.2583699670265892,-1.1655522411856611,0.914134408214411,-0.18884069975526194,0.05403289879891711,-0.5675431578056621,0.604359708797825,-0.007676162005884954,-0.0666053516284911,-0.05519164852211563,-0.013146436412689318,7.658171896641645e-07
Flywheel,preprocess_Reading91.dat,0.7418084443721876,-1.5248329809882946,0.8352545375706323,0.6439922441790188,-0.21807398612610004,-0.1173842839167475,0.41465390080696407,0.0731281987514563,-0.06845038872374427,-0.03660463457590496,-0.04631886211926404,-7.666270417949201e-11
Flywheel,preprocess_Reading92.dat,1.327154933123232,-1.9871900914372216,0.578605554375474,0.46686746664106454,-0.27695298511191657,-0.030491660184681614,0.3035660959382384,0.06930787522535158,0.039602752458729046,-0.11085382889436367,-0.16979142201697725,1.339530120345796e-06
Flywheel,preprocess_Reading93.dat,1.9712370250960558,-1.7077782755837063,0.3840403797652014,-1.2539924509387548,-0.354934354266933,-0.23941788207796544,0.26745285896469295,-0.07810504641644626,-0.11555637526791425,0.017382707162478427,-0.12426797093871897,1.1968612006729495e-06
Flywheel,preprocess_Reading94.dat,1.578823341622467,-2.2502988015812773,0.27324988401855654,0.15230894800377545,-0.2351581526100911,0.3036521337711182,0.351265035208175,0.08096943425776167,-0.0015229398994119642,-0.0711934262905686,-0.07136061422120817,1.6673253152479136e-06
Flywheel,preprocess_Reading95.dat,-1.070256972477688,-1.294124776735649,-0.5527312677465368,-1.4000709399183413,0.0960207934008215,0.34084541587172995,0.887005260931014,0.016756330561642146,-0.059322367914198905,-0.012580217760682556,0.016079447411100047,2.2036976966769583e-06
Flywheel,preprocess_Reading96.dat,-0.28420653607156343,-1.8282295965282596,0.39034366726350206,0.5531253135930149,0.12732141495900032,0.2846274626127718,0.7052119076512092,-0.034365643230212094,0.0365711520331337,-0.12376880790972647,-0.04685341482019273,-1.3210557827966619e-08
Flywheel,preprocess_Reading97.dat,1.7121252703751109,-1.0154125823652715,1.7518085065333178,-1.0128694134815672,0.1272146932744169,-1.911501490484925,0.6587378194631517,0.13159719622973962,-0.005783692323789457,-0.10968776615494125,-0.08155159333910446,2.3291657969959783e-06
Flywheel,preprocess_Reading98.dat,0.4971077430379312,-2.4777225761302746,0.6287902964237855,0.7085624368554805,0.09058445750977587,0.37113685393543766,0.47439796397548606,0.1610769121789258,-0.01031745125331843,-0.062167902996952296,-0.018188939667793495,1.5903764102956988e-06
Flywheel,preprocess_Reading99.dat,0.30376496256357177,-2.5718647523284606,-0.04577176367086611,0.19237394749278092,-0.059743011550699394,0.3525071613449736,0.4635426127670589,0.07692257866886308,-0.028128108667559486,-0.0649911820898505,-0.0339331552297874,6.879058221753346e-07
Flywheel,preprocess_Reading100.dat,1.2329183814066424,-1.5511359592495308,0.2009803727119108,0.18653331150943508,0.14635495097529966,-0.14084316309254155,0.46954364305496804,-0.013105599352180803,-0.06879016944050147,-0.08193425169174154,-0.05261441736896931,6.590121549149646e-07
Flywheel,preprocess_Reading101.dat,0.5948237883278172,-2.182130534565485,-0.364696536688093,-0.4955091233841393,0.242149087297429,0.5717205943758364,0.7554714709402949,-0.04524874593303411,-0.054036266953432235,0.06384120587528871,-0.12017770253084285,1.1305390371540163e-06
Flywheel,preprocess_Reading102.dat,0.8104744896379547,-1.547678620293724,0.42572220710899805,-0.5764528144852,0.11032632369135824,-0.6415830389076501,0.6890750081934376,-0.014066502673246849,-0.07738088350938076,-0.0983950739649253,-0.12483449203472471,2.009576526638777e-06
Flywheel,preprocess_Reading103.dat,1.5697520205799076,-2.346652476701602,0.31058939104762023,0.5473441629613307,-0.31617421998285195,0.118215924211772,0.3842704535542303,0.11267755095570675,0.08852402449368196,-0.082622620744238,-0.10215608438944927,4.554662451180808e-07
Flywheel,preprocess_Reading104.dat,0.5155842356863698,-2.2417389974443735,0.5569807968211072,1.1956010885758777,-0.18420002751396244,0.07484750524723417,0.4432221898894369,0.020955422219132176,0.012595687807028532,-0.01838192909596643,-0.10018207176741156,1.8840135331109682e-06
Flywheel,preprocess_Reading105.dat,0.04736426577915545,-2.150327187057355,0.6673925139007807,0.1792657300499001,-0.007280667157045174,-0.16108848706992887,0.2893617434020152,0.18480432878960615,-0.05645334418603988,-0.07653786610236671,-0.011317706098783988,2.602913326251473e-06
Flywheel,preprocess_Reading106.dat,1.0911556651713457,-2.0065234163638794,0.2912816077000396,-0.5793061525052164,-0.41057780332931376,-0.10284822635061168,0.41963542654052477,0.029283276922343733,-0.02015484428470087,-0.048448550538385975,-0.08576175535938174,2.163983829905696e-06
Flywheel,preprocess_Reading107.dat,1.1395619024702424,-2.8100468697728767,0.8285924559286586,1.1345907108341753,-0.24674100928070059,-0.013885294051750416,0.4652651558418943,0.14542911309369375,0.055204519288642125,-0.06631106101775754,-0.04276110126545199,8.458471611936063e-07
Flywheel,preprocess_Reading108.dat,0.30122337318531833,-2.13194563517337,0.05062412113939924,0.903771309837643,-0.7327649030163085,0.23877849206782895,0.6775117795933709,-0.0321555079958635,-0.03779563589390326,-0.010180204200168644,0.04606643198916112,2.4947860638873074e-06
Flywheel,preprocess_Reading109.dat,0.8496445988559147,-1.6153717139463013,1.1850782926384176,-0.7644803483236392,-0.16394456427388798,-1.451597333654723,0.7126496249933439,0.15329208109386006,-0.08088330454859084,0.004140302488806291,-0.03006314880741836,1.1828915803968223e-06
Flywheel,preprocess_Reading110.dat,2.451782278482643,-2.819128762131863,0.330734927609794,-0.2162462372934254,-0.37864957672498983,0.003381693118387459,0.13107102020944264,0.11146931258192558,0.011858678820468982,0.0002578070432775042,-0.10251383691032219,9.965755594130883e-07
Flywheel,preprocess_Reading111.dat,1.4375216668106103,-2.705805637163161,0.2543728119412158,-0.3093935182609651,-0.36787522415401697,0.3299098066497932,0.3334837124380057,0.14423500101349104,-0.06591357621392935,-0.02475963237415723,0.018872731379832287,1.3153329937411126e-06
Flywheel,preprocess_Reading112.dat,2.249940679518692,-2.5794393037120624,0.21665891738305262,-0.5493572389449204,-0.6950830962691575,0.22950238257199304,0.2180151900840141,0.04636803202614449,-0.10507165614029358,0.007134356574196211,-0.0015536625285551956,1.0042981592469322e-06
Flywheel,preprocess_Reading113.dat,0.9802697636854261,-2.2212420083270996,1.3716941290605997,0.5435924103938109,-0.05287653057534416,-0.5865533911936025,0.4805968462563554,0.0998226674014781,0.008410621676436787,-0.05695996119345901,-0.07676966658191675,1.5491334145492837e-06
Flywheel,preprocess_Reading114.dat,0.585776040711531,-2.416345501803669,0.740662348361685,1.2111642967713956,0.06147088538127877,0.29540213501098644,0.48744269326998496,0.07834968230406389,-0.006975780885034778,-0.00473007009440692,0.005366358654842171,7.97654526784985e-07
Flywheel,preprocess_Reading115.dat,0.30793426954274233,-1.8006873013373574,1.4318868406359537,0.32170701870321705,-0.29243378010153326,-0.9843972913296439,0.6887650108658991,0.03960271820476991,-0.1795376592291976,0.05353010020152882,-0.0204424813439369,6.360799372642801e-07
Flywheel,preprocess_Reading116.dat,2.184457508434328,-2.453567368347293,0.4356561336164447,-0.4139661868923097,-0.5791955818357313,-0.07948298147206331,-0.011246124067308067,0.16326852646644743,-0.08458656895745309,-0.04480275171772278,0.009891053698548044,5.371384172751059e-07
Flywheel,preprocess_Reading117.dat,1.570258281359026,-2.583184107879939,0.4801700327064324,1.095290318074803,-0.3715083283515408,0.12457158670829288,0.5333554685953685,-0.05661112667729638,-0.14447109621832507,0.002018926910002153,-0.0027630778418133097,2.1518122541994835e-06
Flywheel,preprocess_Reading118.dat,2.0219301226882793,-2.3050544221853495,0.6899192755851259,0.007949123813626916,-0.32468826701283665,-0.3715331641996136,0.1497987147277096,-0.06776017849719182,-0.16004048021062314,-0.00501955241532009,0.13238466472577234,-2.450811124632284e-08
Flywheel,preprocess_Reading119.dat,0.45917308737068585,-2.2628540486789097,0.6601322619536173,1.0668631749114375,0.1908867659219333,0.1859024417325196,0.42864743053309134,0.0685543836846148,-0.03720260449233757,-0.1857481124888796,0.017470376626558155,1.7779214268514021e-06
Flywheel,preprocess_Reading120.dat,1.5708077078601386,-1.8321877042555252,0.3969551853123831,-0.07739978436041778,0.06241308898148933,0.17404929240803124,0.2938049538494561,-0.05475910318694973,-0.1262409469472352,0.010395637913621764,0.009714644963789543,8.515364632242813e-07
Flywheel,preprocess_Reading121.dat,0.5887153348351751,-1.7070401726632833,0.7499177062859319,2.165440948148308,0.2394940586255574,0.19981394017217524,0.42740174815376264,-0.08836073897801229,-0.0001835296807729827,0.09333734898426606,0.008939074606351622,1.9532518551427805e-06
Flywheel,preprocess_Reading122.dat,0.3821854502422473,-1.8329685865872274,0.3884303869428933,1.3228402147463922,0.490261054996451,0.30947713375044944,0.8248348407687079,-0.056976457523079505,-0.12562721977498567,-0.2838264099547295,0.03497314867957062,-4.5085106595243555e-07
Flywheel,preprocess_Reading123.dat,2.16473173030227,-1.2141249780210885,0.4255026261075223,0.36131779204481046,0.11939564660539917,-0.10044843194878153,0.19915320696403752,-0.08345230441959377,-0.02590736152720089,-0.0056388997717934574,0.028617086443148455,6.203984231021715e-07
Flywheel,preprocess_Reading124.dat,1.7715127361685672,-0.5363509417287048,0.09749653701247776,1.4018436050706458,0.43522003059977116,0.30271003440925986,0.296676892465313,-0.246904123462821,0.08924880660756052,-0.0010410670413465047,-0.028983776528072838,2.5813518519580015e-07
Flywheel,preprocess_Reading125.dat,1.7293594959505962,-0.30555710785986107,0.9623714633563104,1.4413804350900499,0.09803544197534945,-0.8748191186257199,0.47585129196957776,-0.2569184717675722,0.07671085017339839,0.07125491360514803,0.059629997988336216,9.109221077742729e-07
Flywheel,preprocess_Reading126.dat,1.54505075373308,-1.369086532146292,0.7150168911917725,0.9633696958016426,-0.20758616238914615,-0.4034733157255186,0.32061700715267877,-0.00740246785212833,-0.06273818643941045,0.03906167904374354,0.07013783149366687,-6.046377507590166e-07
Flywheel,preprocess_Reading127.dat,1.6795209767849868,-0.8429115791655648,0.21410865844048727,1.0414147924451624,-0.20380936983827655,0.17327862541438077,0.058285608307007394,-0.13544292362449234,0.09548176895545825,0.004350537595620686,0.004832710515676875,-4.972658846981573e-07
Flywheel,preprocess_Reading128.dat,0.9039705043712525,-0.8019324660856995,0.17369872881791612,0.8353764259616054,0.23409399616321497,0.2903834629658363,0.4223048798467347,-0.13566738786342183,-0.1000556314483307,0.05288158626956074,0.02692648340072073,7.976595079472245e-08
Flywheel,preprocess_Reading129.dat,2.0158638561141546,-1.7713625738873016,0.03262667247847997,1.014117580485287,0.20203977477644938,0.5361641821912968,0.2794696086855664,-0.059309058606607686,-0.10080391010798019,-0.033888160964616436,0.09262571449812222,-9.953765183254305e-07
Flywheel,preprocess_Reading130.dat,1.5833290170721876,-1.3091110232688994,-0.042668976405475505,-0.809669110796083,0.21682755242315344,-0.14983406807443728,0.3471423203841378,-0.04831382183213332,-0.11898292688543714,-0.17140904835453838,0.03922483211413124,-3.6003030165950934e-07
Flywheel,preprocess_Reading131.dat,1.641842429467969,-0.818270388463892,0.658196631372913,-0.7688795646131584,0.15135600477687658,-0.8325952244611006,0.3296308233558765,-0.07984422654497393,-0.05969204651152383,0.050321581904533154,0.02849420733643623,2.6708934109050083e-06
Flywheel,preprocess_Reading132.dat,2.0722784212330168,-1.9905645744470306,0.07424271400353254,1.490852739270507,-0.6072001414524365,0.5549239764637176,0.03763405720150944,-0.15401829368032874,0.05170636501323925,-0.014594266495460055,-0.008191368774852298,-2.3432285517209433e-07
Flywheel,preprocess_Reading133.dat,1.0897012530215302,-0.5691186530836656,0.7205040238780598,-0.44203963479561054,0.21561183383538948,-0.9313535201231495,0.2709169557543963,0.030753763021411987,-0.027208046971970132,-0.03138666808736573,-0.01154936979660577,2.8540922527217404e-06
Flywheel,preprocess_Reading134.dat,0.5678516175153143,-1.9208243210982654,0.5011093762652932,1.1390321722547354,0.27038539434425773,0.6730163872728125,0.22160236860377033,-0.05550308458785895,-0.1918566824325153,0.047009811056822566,0.06271033426109877,2.255465570176762e-07
Flywheel,preprocess_Reading135.dat,1.2387299750240774,-2.153758183322077,-0.26528876047843664,0.3200039509961158,0.5210819202886341,1.050147526354995,0.3106682283134604,0.1822462650129422,0.07936936140348377,0.023847538301728564,0.07674302381438454,-5.434842997272315e-08
Flywheel,preprocess_Reading136.dat,1.3919862941368115,-1.9673071236494575,0.7890463574818161,1.564845322738718,-0.25202039747012306,-0.20123526110874265,0.2559251317557816,-0.0361632054031356,0.00772132839366908,0.08404446417757835,0.01882279989108908,-4.3871193722090225e-07
Flywheel,preprocess_Reading137.dat,1.0521205750396645,-1.2896324370541628,0.7452728596046848,-0.17831161457478975,0.11493757531150922,-0.4689275534872784,0.4268792111794988,0.02089880340081825,-0.023202766216122717,-0.07184568760814102,0.03321080731196664,-5.345930394902714e-07
Flywheel,preprocess_Reading138.dat,1.6351424668409695,-1.530111211771796,-0.0010050140041266966,-1.326010028015447,-0.3618018097877934,-0.23539540462620182,0.18325962935408438,0.010638636963251761,-0.03652003916553436,-0.0009573542104984634,0.053129326250210294,-2.4093130847776e-07
Flywheel,preprocess_Reading139.dat,1.94612465713279,-1.8131163541095803,0.11604572174426689,-0.25199881459464374,0.3185504377745719,0.1923848298864276,0.17848100824602472,-0.16632119946377413,0.01497457160861206,0.03718975022033191,0.0002789763700370012,2.4700316010594434e-07
Flywheel,preprocess_Reading140.dat,1.3280664509163709,-1.96073685205139,0.5139071327274941,1.480473797673021,-0.05753270568996061,0.5392895066161123,-0.0021055064606701683,-0.21414499214492178,-0.03282830364879863,0.03412674836473521,-0.019525059824246665,-6.691675456132031e-07
Flywheel,preprocess_Reading141.dat,0.9576051841284046,-1.7613463331141264,0.7039640378132913,1.2844367447913896,-0.16929476556518472,-0.08596305559813684,0.10136473685853922,-0.19579029789559457,0.10838127992789014,-0.017459243563705457,0.12361577948030869,-1.2947363155118366e-07
Flywheel,preprocess_Reading142.dat,-0.1125886299608739,-1.478570389877255,0.22601555680055074,0.12180886473246473,-0.24251917057179811,0.09306555576735728,0.11806244469319006,-0.1817770479025849,0.14189723757771472,0.001418773716500109,0.004758104954196382,4.824340116739276e-07
Flywheel,preprocess_Reading143.dat,0.6748637848928783,-1.2868616096176362,0.42089557800584054,0.09247809613222759,-0.05642668084309566,-0.12999789128581274,0.16420353085240863,-0.11625946033638042,0.08091851305164309,-0.022197635102208596,0.08159224033592916,-4.2709414124603833e-07
Flywheel,preprocess_Reading144.dat,-0.062086267302563364,-1.728738668296532,1.6280917958933256,3.076940797815942,0.11134489022780926,-0.2568086656519198,0.24956053550937543,-0.2578340089220951,0.023912127930593267,-0.1420695769469892,0.08986940461463894,-9.940586252242148e-07
Flywheel,preprocess_Reading145.dat,0.3043475695879524,-1.8728668512586508,1.0088186033920716,1.1190547859936948,0.32137841810587325,-0.2912027729212318,0.22063841550632576,-0.06405601028326921,-0.07455618190886257,0.004426537804580052,0.04025315289209363,-1.2906868796359434e-06
Flywheel,preprocess_Reading146.dat,1.3283460282027357,-2.0335277334531843,-0.009530273940453266,-1.1714703752054694,0.21880796950635123,0.045488193519780805,-0.018323068600437253,0.05808661549618956,-0.011809165521055312,0.06630700767365823,-0.08680637152996794,-5.6422343637783146e-08
Flywheel,preprocess_Reading147.dat,-0.8257823496644864,-1.6130599212194994,1.3835607503484868,0.37817554866918995,0.5775442923194614,-0.5342722461672302,0.38174534593517395,0.08706199116615758,-0.078934190530362,0.031060756821668787,0.053589526032915835,3.8220679096246425e-06
Flywheel,preprocess_Reading148.dat,-0.2588271504394172,-2.326331354659346,0.6799404606451228,0.7718680764149916,0.49105067183480344,0.7268534479636368,0.1760844587169549,-0.004971897808549648,-0.08608748754440979,-0.09170736108927158,0.006572934904368631,-8.438419011572549e-07
Flywheel,preprocess_Reading149.dat,0.2544281754798387,-2.2348015220549344,1.2668648116808106,1.4278212553413927,0.015526435852972606,-0.2307382352993207,0.01728189660109083,0.08692303945893727,-0.07935841322574598,0.047759198956963816,0.036836267509425834,-5.157305822066145e-07
Flywheel,preprocess_Reading150.dat,1.3423894382984212,-2.458635645589619,0.5273230744606888,-0.5714397822402496,0.42505107897038363,0.22111769463346262,-0.13248792139126825,-0.04979500968127523,-0.04639113085576763,-0.00015218318306330826,0.07141240868892279,-1.1357623436314604e-06
Flywheel,preprocess_Reading151.dat,-3.8768847216500166,-3.342924505307211,1.8015341945045895,-0.11286774451045596,0.8715971093759233,1.5558433279661827,1.28486404534896,0.30618189962740094,0.12560796703128685,-0.06896656123448076,0.07140179780284997,-1.0087066210688904e-06
Flywheel,preprocess_Reading152.dat,-2.8330094620858333,-2.2384176888751526,1.269157468585551,-0.9599429396575295,0.6591031552693227,1.0189171000620898,0.7810156488467574,0.05733618393611052,-0.026410224138830787,-0.06361626694617122,-0.020647099082398045,-4.7608750436836073e-07
Flywheel,preprocess_Reading153.dat,-0.7243899693066784,-1.5531141811865066,0.5997512283068832,-1.4181071996210999,0.436927063609584,0.9317624930559488,0.36384100259117463,0.0397347727387315,0.19172386556509002,-0.10676495787392642,-0.045379302574183496,-6.767740315144599e-07
Flywheel,preprocess_Reading154.dat,-1.024209291054698,-1.3513576988819795,0.41566282498859713,-0.7884814802799184,0.33214304359331176,1.0421942227930059,0.3750366217369157,-0.015603595143808742,0.08764729661643653,-0.05985564668062637,-0.050076465244567145,-3.5131579429842134e-07
Flywheel,preprocess_Reading155.dat,-1.3429066444299957,-1.1657347176893103,0.7342832091609259,0.6316982224680691,0.5555826823052373,0.8202102634291382,0.38181597709528353,0.08801021749262405,-0.012202805177682326,-0.027605585672024462,-0.07270818358899107,-3.532431628523337e-07
Flywheel,preprocess_Reading156.dat,0.09949867233839844,-1.2194523934281973,-0.11144701882984052,-1.054328167352986,0.62985669063916,1.0357133111198489,-0.14841394679952555,0.0071947331105630535,-0.06605237161250375,-0.14068249952765458,-0.1216218180882867,-2.7255108791150117e-07
Flywheel,preprocess_Reading157.dat,0.5116023244192438,-0.9727793993228967,1.6161145638330365,0.9584029555585618,0.23616262615470027,-0.44539426500711515,0.24285356830201452,0.12192834788453234,-0.04027584661068637,-0.019587685868697604,-0.07242150095254421,-1.403424503127284e-07
Flywheel,preprocess_Reading158.dat,-0.9313666426966052,-0.9250079548606513,0.8315679080344316,0.6307814862818462,0.7535622079987438,0.6675145474849333,0.11020605561089393,-0.07657749722109287,-0.12374836105097407,-0.016493826885788494,-0.0013508326892950583,1.0400821426324147e-06
Flywheel,preprocess_Reading159.dat,-0.8648749563478519,-0.884062740953269,0.3831957567794089,0.38935903612221096,0.993233846416125,0.41177017854573905,0.37738707072936906,-0.0657666708001066,-0.050124844131970124,-0.050073308334875076,-0.012344572030507078,3.388561083936052e-07
Flywheel,preprocess_Reading160.dat,-0.20632567912271524,-0.8096869292628228,0.0629221684170157,-0.25882710774182077,0.962859618226294,0.7878484440926071,0.318025671422279,-0.06793276272989067,0.010715841438915496,-0.09024651997939674,0.040236135244815195,6.685991842986257e-07
Flywheel,preprocess_Reading161.dat,-0.019577762745031674,-1.4767423606181593,0.7636357041131996,-0.1427019614600345,-0.2785148360892771,-0.07829167176789971,0.4218364085370201,0.08341004133351057,0.013622385357721324,-0.07162717674771181,-0.14064643539564123,2.421018642663625e-07
Flywheel,preprocess_Reading162.dat,0.20999879470786822,-1.283550091645187,0.3321353295832613,0.38094810536960577,-0.1818415683805667,0.30587009318583464,0.3436412234437326,-0.0643027196082056,-0.04486789991975547,-0.020295624323448596,-0.030904388861356262,1.64470000929624e-06
Flywheel,preprocess_Reading163.dat,0.7514018635459309,-1.1078788497161576,0.7911073535190541,-0.08063859610276775,0.23676350987631425,-0.20648683652983604,0.5458173692851145,0.1433660221605392,-0.01713327019167283,-0.147074730748757,-0.059367267818609605,1.398556150238407e-07
Flywheel,preprocess_Reading164.dat,0.8130576267267268,-1.6593057186891027,-0.26817037907268965,-0.27395787449372294,0.19966254253398788,0.8065540686135088,0.31722270692655863,0.011674417053279349,-0.036246824332728196,-0.1339323549159255,-0.07325432572062957,-8.138764197616162e-08
Flywheel,preprocess_Reading165.dat,-0.5328155243425905,-1.9553962655234973,0.3287609301828936,0.7245913670828104,0.37143508638577916,0.7492786023163062,0.461941915063923,0.0021843737724160186,-0.13337839588299807,-0.036942223039685536,-0.07657732124478266,1.2394115631172171e-06
Flywheel,preprocess_Reading166.dat,1.0878275606213246,-1.6936595225518043,0.8838247117249953,0.13060633799138133,-0.2546294035599133,-0.42632137701922557,0.34850136154349154,0.05876210972180943,-0.07854502653170975,-0.010387546057944917,-0.04560173349092833,1.3912864507153326e-06
Flywheel,preprocess_Reading167.dat,0.17684924598560928,-2.2465573590249144,-0.0010245450390773125,-0.35170141488125767,0.07894640708699936,0.733938358413371,0.5838118497685197,0.20497803869583658,-0.027308549012819223,-0.0828737733310941,0.0732615992471797,1.9977685217433974e-06
Flywheel,preprocess_Reading168.dat,1.283578317540054,-1.6775819742328641,0.5639929850440218,-0.6838427954683903,-0.15030246898443544,-0.19629228813654023,0.4128454421461702,0.1644091656418464,0.03194128909985679,-0.10338263643159548,0.013694600567694393,1.8539194073640545e-06
Flywheel,preprocess_Reading169.dat,0.7036196974772542,-0.5191962393946156,0.46836232291653257,-2.568011315213148,0.46502423802857423,-0.839845322186079,0.5019029998652702,-0.06355269967433877,-0.1029828516037492,-0.019244217451623455,-0.0073829514825885685,6.772873506290354e-07
Flywheel,preprocess_Reading170.dat,0.8627180655926745,-1.315269280698195,0.1810030838424964,0.11646613786616054,0.2229026661226256,0.23629430269211696,0.26839802732851403,0.002919138950949272,-0.02704340472459355,0.03943845393748522,-0.06551988929863889,1.6832666423843583e-06
Flywheel,preprocess_Reading171.dat,1.4201424155033455,-0.620267108775005,0.800989617133574,-1.8719381319066506,0.3103480430420526,-1.1474108108051648,0.5438081491941734,-0.08320344750256346,-0.2201543168315235,-0.03811187824192416,-0.04616551820425901,-3.433826827000674e-07
Flywheel,preprocess_Reading172.dat,0.9477377143082347,-1.8041119452585515,0.1940533331653898,0.24683573360047864,0.3921842255143827,0.36321095078780036,0.32075054378337947,0.022012589759039608,0.008893508069716224,-0.023586579589444778,-0.08397947458101579,1.3461350142489058e-06
Flywheel,preprocess_Reading173.dat,0.6974721746482492,-1.0811919028407557,1.0163714015729863,0.2995945864736007,0.712909264073897,-0.667976697868148,0.6168945591599108,0.014970360257213901,0.015121400001202868,0.003941470985268474,-0.0028064985694579454,8.416393935693239e-07
Flywheel,preprocess_Reading174.dat,0.9903291187172055,-2.0794440419788707,-0.21405385398650434,0.5654733152377079,-0.12819405590520475,0.4669386214789812,0.21171096790023267,-0.12298991025200323,-0.030748947491494278,0.04705228833913543,-0.039218224278308775,2.603896008480647e-07
Flywheel,preprocess_Reading175.dat,0.15937208088316032,-0.9550222409497183,0.8625231396624631,-3.1623168190960156,0.2321258604474099,-1.7005944615933477,0.9155536227961905,0.27574698934107505,-0.21927697980503755,0.010083863539328403,0.03802372445037358,6.966306140210979e-07
Flywheel,preprocess_Reading176.dat,1.3451519194961228,-1.6399315083713655,-0.42483908314280106,-2.171874014091499,0.10690524877348952,0.06521599010185522,0.44879299591421074,0.17139753501838892,-0.0042880657821389315,-0.03415791525103484,-0.007479559664858282,1.0134964906483604e-06
Flywheel,preprocess_Reading177.dat,-0.713414807973274,-1.444540635546427,-0.16391522500706954,-0.6896626875570856,-0.0977318389710374,0.20450025630620244,0.7678511650528695,-0.050992915010058024,-0.07152129336066855,-0.03767011468799536,0.030300264895426095,5.135317570627347e-07
Flywheel,preprocess_Reading178.dat,1.2232897868550798,-2.0369944626921908,0.2754121782572307,-1.1754802304627696,0.218793136021416,-0.06409005999420027,0.6694225784085495,0.17028630435062955,-0.05188501994965954,-0.04138140457592604,-0.037382999435389426,5.730485568095376e-07
Flywheel,preprocess_Reading179.dat,0.7865666588869439,-1.8377976873860726,0.7923762955325307,-1.421895874413896,0.4805468883267029,-0.1806942877247366,0.6646753129841318,0.1365607295779845,-0.08135320654508676,-0.06867827582678847,-0.0014693383593999377,1.5343547333705097e-07
Flywheel,preprocess_Reading180.dat,1.602992146802189,-1.892803062734209,0.8352045734731769,-0.15863664635824423,-0.4017481408666533,-0.20909749823911336,0.23864072788493776,0.011381992044634548,-0.005510582903403239,-0.03873485495509479,-0.00033711429720004535,1.3732054955355506e-07
Flywheel,preprocess_Reading181.dat,2.1072681213903817,-2.638156154442286,0.2680714422869333,-0.03267197961946028,-0.3561668332390447,0.3397417112805723,0.2682017434978336,0.2069898776585439,0.0803270846725721,-0.08767453530599956,-0.03320443078191232,-1.899454165718019e-08
Flywheel,preprocess_Reading182.dat,1.115178900838169,-2.39912353961349,-0.01997260154227026,-0.3353917052662861,-0.4929696661977899,0.4531760229566174,0.15555011486640768,0.015879815342888636,0.06534558304256258,-0.08140614860534402,0.02508513691014746,1.111925682268093e-06
Flywheel,preprocess_Reading183.dat,1.6243906241630537,-2.1058853614729727,0.7847894424247346,-0.5432439205556988,-0.19872719893832974,-0.33129900266937223,0.271731666352569,0.10214712846185708,0.019992976304177526,-0.04472868539028073,-0.017265782403338568,3.6187710694771943e-07
Flywheel,preprocess_Reading184.dat,2.4334423960126994,-2.243619360608124,0.6919542898119848,0.05448618365457071,-0.5049631003488441,-0.0904290824498045,-0.032823707493092935,-0.006935258068491538,-0.0567272198358413,0.017049218761908944,0.02910606096079738,-6.615327101645828e-07
Flywheel,preprocess_Reading185.dat,2.151108595483158,-2.0882908566730185,0.9346330272091602,0.8874621661817383,-0.10865074630933566,-0.2025072277919097,0.13543128601620213,-0.014833466441380935,-0.049423135133073635,-0.030497523727305215,-0.002838524172105553,5.0631965022831454e-08
Flywheel,preprocess_Reading186.dat,0.6971939390712018,-0.8575030303815353,0.5869014705902511,0.05964175698194191,0.2349373647122298,-0.28784811369615754,0.30994461041289295,-0.25049667170045575,-0.046383771785795634,-0.0139585708613549,0.007925586720534693,1.8183374152081316e-06
Flywheel,preprocess_Reading187.dat,1.2058954732155804,-2.215840488050621,-0.07195647654155042,-0.32678854186453443,-0.15917654964736444,0.38596150587105593,0.3704774274491621,0.03882915868738448,-0.05333277627697895,-0.0017698956545084943,0.019238050810219953,4.929162015284069e-07
Flywheel,preprocess_Reading188.dat,2.117139200023466,-1.7788152095041994,-0.2602160262916059,-1.2679228961252504,-0.4906673148216517,-0.1489859038337376,0.3558194891666974,0.277010604207567,0.04740891669018421,-0.07052606353474951,-0.01058096520501069,1.3841156431060226e-06
Flywheel,preprocess_Reading189.dat,2.764593553447968,-0.9307586310411853,0.7322773707484027,1.2310711067777995,0.03302408155161772,-0.3466324741278515,0.10719457296589764,-0.07866721734839889,0.04178444560461068,0.009509979226425231,-0.06285885831655887,1.2337905173637693e-06
Flywheel,preprocess_Reading190.dat,2.5357418338529114,-0.9315214857141505,1.1424104166154951,1.4802498432249989,0.19818368432324138,-0.6776357401328301,0.1807217482756064,0.06559904096090104,0.012941657552065217,-0.05016450664464184,0.006332083999846998,2.484268926637752e-07
Flywheel,preprocess_Reading191.dat,1.6677045015536134,-0.767848189293787,0.28415167348001286,0.42773972136667293,0.3866452815002103,-0.1884565114095565,0.5404578213547362,0.06679910404804916,-0.0503655573948519,-0.02813330940751664,-0.015593469852239241,6.987597203990911e-07
Flywheel,preprocess_Reading192.dat,2.252148637340138,-0.11526791717473511,0.2978959477861503,0.6899253890073673,0.9503523563453014,0.03270828815717166,0.45325684418492207,-0.33140073752381044,-0.06214777109834396,-0.08682701764839987,0.020469087705374134,-2.9271976208703007e-07
Flywheel,preprocess_Reading193.dat,2.494531039277958,-0.9522405446309655,0.06561388872591792,0.2267770068745139,-0.10035996087643938,-0.038871619283271104,0.124627106585904,-0.1926870644532698,0.08537098364228761,-0.031016238935346344,-0.029400181255555862,1.2348419977258937e-06
Flywheel,preprocess_Reading194.dat,2.2975545563258,-0.8743640332917856,0.3098777590647902,1.3055941497247927,-0.2874289871974314,-0.18046422453398536,0.2497878450009751,-0.13888530780397343,0.03493903732756462,-0.0241684939257716,0.044578706165189205,1.296551771614946e-06
Flywheel,preprocess_Reading195.dat,1.4298312049665627,-0.4372806836651124,0.878569325992393,0.9975894910852264,-0.4108529952095262,-0.9188787771674912,0.6287898563775238,-0.03918811512599457,-0.022845732513849547,0.026093635623981003,0.09523271425443268,5.9948505417771e-07
Flywheel,preprocess_Reading196.dat,1.6952119766762472,-0.9615755896953342,-0.03268149328243409,0.9932375051903918,0.15673490270943158,0.43785472432047073,0.2820649576289622,-0.18757836380794313,-0.03916022962987866,0.030124333542225875,0.060308254274605795,-2.3229575562756657e-07
Flywheel,preprocess_Reading197.dat,2.009230204115132,-1.1990549419321124,-0.45109141017515114,0.4292181387865341,0.3116999302648851,0.8222893524837378,0.2550597225197198,-0.12291968768982381,-0.028908971820899645,-0.12566114425989622,0.049852353987557836,-5.439074754177956e-07
Flywheel,preprocess_Reading198.dat,2.6726403186856182,-0.8427342420272301,-0.09865989421252933,1.414783200615636,0.08338739253127113,0.556831057970698,0.17009391210499872,-0.14972704292578368,-0.10810374725336856,0.06114099736228359,0.03997499552517561,-2.704779864712842e-07
Flywheel,preprocess_Reading199.dat,2.2027017596704463,-0.42925437598860233,0.560169522388258,1.88162834092759,-0.09236985870045424,-0.22581514632675617,0.2548959597761573,-0.21818976204371127,0.03870097161882308,-0.006749520152893877,0.049728601703184695,-6.89046787129793e-07
Flywheel,preprocess_Reading200.dat,2.5767186825542776,-1.1373964157795011,0.024813313844852664,0.6160838100337473,0.15452183256431198,0.41174173872434144,0.12547443217569718,-0.10349751326008384,-0.03458952596760539,0.056079081351097494,0.07260529692680114,1.0156929755591996e-06
Flywheel,preprocess_Reading201.dat,2.7094335106946406,-1.2666655644271017,-0.220162503424,1.092114256815448,-0.22967956119409444,0.38139918922383254,0.2609726810186263,-0.19446235166711157,0.036340185669063906,0.03269688998168807,0.002288165491969043,4.5895785079885605e-07
Flywheel,preprocess_Reading202.dat,2.241419040814469,-0.7059736342825915,-0.11348187543871194,1.6336911312308433,0.3583941253847916,0.6261747863636392,0.3417475227643825,-0.2977511708758263,-0.06229010401638063,0.030004977337487665,0.05801281429209669,-9.484339666697363e-07
Flywheel,preprocess_Reading203.dat,2.099923606382937,-0.8499716350171682,0.8950662199397065,1.700446176720062,0.02326329473222199,-0.21833265708715824,0.29367421318255127,-0.13790230122821054,0.04179807355954437,0.03183876498947104,0.0032151171865340976,-3.4848341590362354e-07
Flywheel,preprocess_Reading204.dat,2.149908273324827,-0.8685035956659349,1.0461967763382691,1.149997349614357,0.08520940221077927,-0.5755009821144986,0.29940656979333474,-0.149926783855189,-0.0933998363257011,-0.04451629774674576,0.047044392990205956,-1.1841413867335094e-06
Flywheel,preprocess_Reading205.dat,1.8481620687782871,-0.9172494833479543,0.4287433760630593,-0.0529969998431479,-0.0677918447956404,-0.4164884191233663,0.3164599727409887,-0.21334197882775474,-0.09842625554114293,0.08799413677438167,-0.02109306170249006,-7.583727503992152e-07
Flywheel,preprocess_Reading206.dat,3.0661118767793982,-1.272546931393392,0.13084416817129232,-0.24378489749728485,-0.12748070687413093,-0.1416486036474937,0.11942005425665407,-0.07022880405043946,-0.023159595777771484,0.025782799971004383,0.04908077492779631,-5.947155397667641e-07
Flywheel,preprocess_Reading207.dat,1.6174847810431816,-1.9737944434109522,0.881984982358351,1.5016260704630484,0.03445226389689507,0.020876824868883207,0.1526213106434693,-0.12648645791841745,-0.05949560001415554,0.005771211398884804,0.12370230056864659,-5.170227835571475e-07
Flywheel,preprocess_Reading208.dat,1.0804687157704957,-2.881377666113018,0.15427342680523687,0.7765454539175884,0.3000350343253138,1.2117342606767438,0.26830558575687347,-0.03995419703276749,-0.016917704180225583,0.03768518542633602,0.07107566795397081,-6.662619863671468e-07
Flywheel,preprocess_Reading209.dat,3.1378461376339635,-1.9192758149082076,0.2112626182888271,0.059158045928724444,-0.549612466294687,0.07394397904624599,-0.10432377460052895,-0.12935991341234734,-0.0480900768571493,0.029548045686191182,0.03646327500795817,-9.203803104858136e-07
Flywheel,preprocess_Reading210.dat,2.9595100745541987,-1.7074727140272716,0.07911190311677,-0.9577166558651359,-0.3540085975841814,0.034915755333702225,-0.08221075184491128,-0.10044033422673658,0.06253266772077619,-0.031137972366586684,0.02821115175976934,-8.164942989369981e-07
Flywheel,preprocess_Reading211.dat,2.438533397907262,-2.467207041873735,0.6195851852683372,1.0534801859646408,-0.01742695714743862,0.11075295524740474,0.0625934523256613,-0.13968720964591105,-0.01646811802009606,0.0017301674856464843,0.06050648147210876,-1.4674928287763402e-06
Flywheel,preprocess_Reading212.dat,2.5363619453720587,-1.79527492044198,0.09049776046310087,-0.4075990255824925,-0.3867313860279297,-0.1476871798905965,0.0020910903677791885,-0.05099696746395769,0.00926258424126657,0.053965789220858526,0.07189356647027971,2.3283774162122896e-06
Flywheel,preprocess_Reading213.dat,1.7547781819900814,-1.9023496702008091,0.7719707809418972,0.4273440160997213,-0.23016123656134005,-0.5992698317158461,0.1390447278168483,-0.0716318297592272,-0.02399762807803347,0.037650765438009895,0.09583667181386428,-1.168053246205116e-06
Flywheel,preprocess_Reading214.dat,2.0423525500062096,-2.070364406800872,-0.20675941776755202,-0.6966136610905787,-0.12922057573488668,0.3292459230590021,0.07605542450186095,-0.11168781318782654,-0.06494364552386252,0.06923270940320957,0.028055196452961652,-1.1320317117062763e-06
Flywheel,preprocess_Reading215.dat,2.679737519341973,-1.9892760618362062,0.009962297670900318,-1.734841706638286,-0.14789947305429893,-0.1918787211357756,-0.007129371253080733,-0.1340732934326245,0.020280542329797903,0.029274863368807587,0.03856060940256448,-1.8408302507661932e-07
Flywheel,preprocess_Reading216.dat,1.1780857440418924,-2.391208297746661,0.33321608261990576,0.10701439011993753,-0.04770023447135558,0.2527225813038168,-0.14641969837986799,0.09579660665435026,-0.08098563881912706,0.06412142326876331,0.03748401347161864,-1.6639105971337925e-08
Flywheel,preprocess_Reading217.dat,2.3909336961217624,-2.413371177473088,0.7738564639126874,0.3813564461276534,-0.3865052440246539,-0.172632305930977,-0.08201763450775104,-0.014736110977439034,-0.032966676988310246,0.0004835525994586698,0.05129269294565797,-3.152459661223339e-07
Flywheel,preprocess_Reading218.dat,1.6419326406425714,-2.3000139054683038,0.5063312478860333,1.0025003491192794,-0.4063428795096176,0.1337623787455569,-0.13802361450128456,-0.20365817661459232,0.04602440437626074,0.01039034706001135,0.09431003631232149,-1.884337978602124e-07
Flywheel,preprocess_Reading219.dat,0.39712910964628795,-2.747918507044709,0.4789943418555483,0.4342114230951961,0.27038450121798835,0.7130231112239617,0.12765352825675824,0.08986953987686218,-0.03869205408333275,0.029691427710432376,0.004532297852967049,-5.7650422826362636e-08
Flywheel,preprocess_Reading220.dat,0.782441898993246,-1.832135595208993,1.3973657083478532,0.23653969590618762,0.2266590073041024,-0.8240501589542776,0.05440430925390909,-0.07457299873000059,-0.08591845113307846,0.004344937880566818,-0.04522557306759267,2.4271121735141905e-06
Flywheel,preprocess_Reading221.dat,0.8386651939644858,-2.298547427409055,0.7335027583456548,0.7810515024606767,0.2755158985883677,0.1472804771440199,0.12029949102124878,-0.028904397156072893,-0.07591633426569244,-0.07145129663888397,0.09602591584906327,2.3622054512730262e-06
Flywheel,preprocess_Reading222.dat,-0.3656398591216014,-2.702819212613546,1.0686812271979116,-0.2743560482309913,0.6536944433413241,-0.03918494211909699,0.17226174614590428,0.1060782454145791,-0.09756109230930815,0.06410488852521369,0.1254701100824204,-6.502645409181546e-07
Flywheel,preprocess_Reading223.dat,0.8618332311833857,-2.782435478404921,0.18087837508203558,0.05385435257404351,0.10081523917823282,0.8895770075792053,-0.2064809765806052,0.006687597900028013,-0.08516664060046986,0.08805570642485967,0.08083122949998617,1.863207166418813e-07
Flywheel,preprocess_Reading224.dat,0.5876417096593657,-3.2864855903036214,0.25034170842841386,0.46509996873988846,0.22724707647182477,0.7406329419714115,-0.14701654120480248,-0.05989192847525285,-0.1330640264824585,0.11235615256018497,0.05990713865868229,-2.885429250397819e-07
Flywheel,preprocess_Reading225.dat,0.7085589616329365,-1.813169664749456,1.3011207533928963,-0.41239843449726443,0.38364212637396133,-0.6163335887167929,-0.04232383638657109,-0.031641032925334066,-0.06761505643102744,0.04993925647424062,0.06180948700931708,9.628414011579768e-07
LIV,preprocess_Reading1.dat,-0.9570503336962061,2.759605427317685,-0.06324939971108426,-1.901059348364129,0.1814792709992934,0.03801926140779471,0.24038644998389305,-0.23392700585206255,-0.054057128515135035,0.03768457092263905,0.016497416801366984,-4.2101653005892396e-07
LIV,preprocess_Reading2.dat,-0.19853479258756404,3.1332246222525035,-0.0950923509888317,-2.8487656366851315,0.5605893644527771,-0.24956540433250982,0.056795448796683176,-0.3754824724144914,-0.07251515749918083,-0.07174060034259265,-0.023179884182725184,-4.6375438843346047e-07
LIV,preprocess_Reading3.dat,-1.1645910550008332,2.39486256728197,0.6767730447206568,-2.1472763887301847,0.04000283241329321,-0.2338946091490871,-0.23166301046141188,-0.021340251220505473,-0.18005913766495865,0.011562958742062363,0.024391369522297937,4.0201519834466857e-08
LIV,preprocess_Reading4.dat,-1.7335064414396177,2.373457271532707,0.7641066432667026,-0.7567001156369366,-0.1713575747853864,-0.0960492921921428,-0.2838251776924508,-0.26280710344186486,-0.09292563032677863,-0.05125710100256947,0.04024117182140541,1.2734621137994628e-06
LIV,preprocess_Reading5.dat,-0.8049565093519783,2.83386045817545,0.1201815460786561,-1.6814363788168305,0.2734472439036449,-0.07008404547047782,-0.12627422610752279,-0.15335275617939562,0.08234582449096743,-0.0890586860615187,0.027777287890122696,-1.2174576728936216e-07
LIV,preprocess_Reading6.dat,0.21805670886819817,2.5941463113254324,0.527981340990651,-0.060682223713280053,-0.15832897808399882,-0.7090636900056646,-0.02767570131716405,-0.2296007077689248,-0.14992570318255352,0.015066053303203217,-0.0076883772308338864,2.1618049744406078e-07
LIV,preprocess_Reading7.dat,-1.452256387749188,1.9125432732716627,0.19634573564466376,0.02184689285699588,-0.6502515117354438,0.15190636339026692,-0.21985210550737677,-0.39432270247774426,0.11532730855063385,-0.11389445681248742,0.06023471507358973,3.8065697873402315e-07
LIV,preprocess_Reading8.dat,-1.5963419552071498,2.2682602830400045,0.794384850049946,-0.16258681429158597,-0.43843966564625747,-0.2801255226505169,-0.3795610910291018,-0.2433313583370928,-0.2538584248218469,-0.05169299870579183,0.025183655457988938,3.265442116775449e-07
LIV,preprocess_Reading9.dat,-0.4123672979639754,2.4885271976493795,0.0926683380843044,-0.639445960396169,-0.23476547582338797,-0.2944634036143466,-0.2028580523437724,-0.25919899245722333,-0.026194147973876664,-0.029763459123430168,0.027413587999875366,9.96580881175863e-07
LIV,preprocess_Reading10.dat,1.0066451244511414,2.8474059222800916,-0.5175140760567889,-0.7699506542171237,0.23258311767959156,0.07403775345989297,0.02468156430213408,-0.4820746118668582,-0.06290835897839517,0.0640632104635224,0.002062318919466833,-4.142329098337543e-07
LIV,preprocess_Reading11.dat,-0.36773088565214224,2.0778963440923217,0.10394510271604802,0.16078363110738864,-0.7197645805575638,-0.26582275777498204,-0.020255269258997337,-0.3043008133880651,0.15861978064582385,-0.1403877319397777,0.02902481164372665,1.2090009568709238e-06
LIV,preprocess_Reading12.dat,-0.5901654923150199,2.671401858708775,0.08298279284506337,1.0795720174977732,-0.775730463629447,-0.34434079743081736,0.12340371358142736,-0.07046160125434103,-0.01374552669948133,-0.11221333282194862,0.011387069548385562,1.53736690297773e-06
LIV,preprocess_Reading13.dat,0.055241479385241134,2.1185987933018966,-0.21957880361658144,0.9863465224585923,-1.0515369696952224,-0.2154959984219085,0.2288850780734159,-0.3597821730461001,0.08113043653079013,-0.0015709198537965314,0.03132534380505894,4.4569900743436794e-07
LIV,preprocess_Reading14.dat,-0.16466542990411434,2.3194711492031614,-0.017184678196262196,-0.11561291105752558,-0.6156226064365592,-0.44635624238439797,0.2125878084121527,-0.257589894690663,0.0744575151653302,-0.3576049330872581,0.0544833785622531,-3.687268094308992e-07
LIV,preprocess_Reading15.dat,0.30922776353863185,2.792564480625536,-0.45603673512848636,-0.04539765421687314,-0.7915039341980638,-0.33279095677020515,0.11735372469080711,-0.18155657774978948,0.07706434174996912,-0.06917722394640613,0.06770844216025033,6.15475623526657e-07
LIV,preprocess_Reading16.dat,2.366770674013701,2.340318838448045,-0.44707780282656956,0.26886918008209865,0.7368788446937737,0.20329651496965254,-0.06034255194485644,-0.296795045403646,0.0018644361455780387,0.043617356667291836,-0.013025642405332523,4.675287837748411e-07
LIV,preprocess_Reading17.dat,1.5890058042182946,2.34558111952415,-0.2386584857262652,0.013451480752445297,0.2651649377138959,-0.09538308569788573,-0.10155387597361733,-0.25351866935260103,0.05258743518167475,0.0022779298218482064,0.021293428977126154,5.932877898160347e-07
LIV,preprocess_Reading18.dat,1.0259227701243065,2.043449176431786,-0.11639758155281918,0.4649389366681242,0.04800926451199421,0.14734007472231728,-0.20779432841924525,-0.19022983318208392,0.03323930321474356,-0.06567433385509723,0.01966141623836426,1.2110129852968183e-07
LIV,preprocess_Reading19.dat,1.6562221215491872,2.572237436941583,-0.19694692351112927,-0.33240581655603,0.4400669111891973,-0.05114655836740208,-0.18649579163314045,-0.34032752821266987,0.024100438043374316,-0.04121136524086283,0.02142810290172658,1.4429328509032413e-07
LIV,preprocess_Reading20.dat,0.8979863645722675,2.739259711736646,-0.5784596448500318,-0.9125850745306544,0.21305246235771494,0.1748268945014788,0.018756053718395456,-0.15462685749732316,-0.12069790491998308,0.06090950481157136,-0.025498983774855016,-3.6262936975454284e-08
LIV,preprocess_Reading21.dat,2.27616544540771,2.461415172575694,-0.884328369901295,-0.39715730221888307,0.26837521408240994,0.253810208186113,0.10277555172636746,-0.23051804368719125,-0.06836050126999495,0.07089214979300684,-0.04119490781925223,-2.701535294088395e-07
LIV,preprocess_Reading22.dat,1.864646051778397,2.564099377900211,-0.5797438569962278,-0.03788125805698636,0.2925154965821405,0.07027147330747177,0.08441983770444111,-0.2735252483524162,-0.09776693148997496,0.06692040550602335,-0.042588723695740106,-7.868024781280657e-07
LIV,preprocess_Reading23.dat,1.2393512611699358,2.661821053732995,-0.5209373027550626,0.1710153722313331,0.11295913044125251,0.029359136807004603,0.3069175141178767,-0.03903721109767834,-0.0034447025713385073,0.00434664923709252,0.013394908980311582,-2.6975271944679298e-08
LIV,preprocess_Reading24.dat,1.293222528026172,2.0438690274703455,-0.37610822085062035,1.1004307154523458,-0.056976134270801095,0.31001291068057885,0.055486193694500134,-0.0909637172248699,-0.11079153661673014,0.01060082968459908,0.019628995896379505,6.98893142912659e-08
LIV,preprocess_Reading25.dat,1.5241925442579618,2.413870617832327,-0.9643211718957507,-0.2796989893283082,0.12399034244865063,0.3158728514364032,0.3442347538556567,-0.47089053528189573,-0.07247984328517453,0.038177881610697004,-0.03381431529784151,-8.940386941110755e-07
LIV,preprocess_Reading26.dat,1.2211096942531559,2.4857084098377893,-0.2828618259397869,-0.09735165244057435,0.11275439996317227,-0.21617002417913078,0.3146171284204454,-0.06997379852310041,-0.133174084161363,0.06169718360145535,-0.03617222814466299,8.225014275320512e-07
LIV,preprocess_Reading27.dat,0.9252067050737643,2.64971779310126,-0.33795347019646854,0.5670180583115049,-0.13455981109440068,-0.12412819930383173,0.3052764063730619,0.06492480921248618,-0.06892389312133666,0.03327806033762066,-0.025505531985097946,2.2841294977863884e-07
LIV,preprocess_Reading28.dat,2.065550649484897,1.4988628405866582,-1.292185413802287,0.0021038071182810153,-0.21228132976819794,0.9276816390152502,0.02433277641589375,-0.09444933001681664,0.06976935573121554,-0.00407814480866156,-0.03773136571330175,7.626669973295216e-08
LIV,preprocess_Reading29.dat,2.571818137612375,1.602773690970023,-0.4824155535348287,0.5958982460278133,0.3741282169726779,0.325834440761999,0.011721939246128509,-0.153574934364455,0.007199413466223762,0.028316895791777343,0.01653904710874752,8.445149878963713e-07
LIV,preprocess_Reading30.dat,2.1354900091872873,1.4772940339533596,-0.10182918929292466,1.040034108180111,0.25421348185708076,0.3632360784736861,-0.19239372267506286,-0.19272163531233721,-0.09083164438698645,0.042771428934471466,-0.016427863488733346,6.772926416902014e-07
LIV,preprocess_Reading31.dat,2.258190387847821,2.0057935200935257,-0.48480936046533313,0.9743815973458149,0.32404405665293423,0.6132484977848247,-0.2230743733609332,-0.2428922975862086,-0.0853044519321914,0.07836544601400888,-0.026465068644448017,6.440825152917057e-08
LIV,preprocess_Reading32.dat,3.205620092518768,1.8334106435921078,-1.0501419223027988,-0.5483909779901992,-0.005086587136835086,0.3201007223899331,-0.07592903832163381,0.3811679135900584,0.07375548093893276,0.028978928443026627,0.018731450834892006,-1.8900700409264622e-07
LIV,preprocess_Reading33.dat,2.5041627505205524,1.9777052633336887,-0.6762612707605621,0.05229057571491508,0.2832773573777381,0.40881422843448795,-0.061064324168767115,-0.04474283077839173,0.01503660840800675,-0.12190209565389692,-0.04213805638681964,-1.1010217400309315e-06
LIV,preprocess_Reading34.dat,1.8526975406249042,2.4837300580010067,-0.9841167900639013,-0.09007572069487864,0.18731413731793786,0.6469510697296468,-0.27659001050636595,0.11238320711816066,0.0018359117177536067,0.04289680147687181,-0.0068010129216472546,3.159713800066576e-07
LIV,preprocess_Reading35.dat,1.9665334903776666,2.2661732905145997,-0.8684036894505175,0.03962710051065266,0.3653646738391972,0.7340886023181242,-0.24071056614267863,-0.07047963192652279,0.1024599801209015,-0.007628881622983978,-0.0017352827476195128,-3.0585936293167004e-07
LIV,preprocess_Reading36.dat,1.560716634701176,2.2663607588319223,-0.8080284985737411,0.09407288666838953,0.48524664808209417,0.8650382033929248,-0.18415840164869,-0.2884525781621716,-0.035951264923297414,0.05520761220284984,0.025810766834316917,-3.357182086569098e-07
LIV,preprocess_Reading37.dat,1.4266144651018227,1.9910599087980692,-0.6121989322885673,-1.464165116457756,-0.051623368681281465,0.2769403798928694,-0.19842867739516146,-0.0906851317146038,-0.03179907350708574,-0.044088756942533586,0.0053438804662931765,-8.500852083574489e-07
LIV,preprocess_Reading38.dat,1.4796063061762847,2.0661657622198426,-1.2097082564893975,-0.9888594568749046,-0.03944351702599174,0.8157130029445895,-0.2253526629312862,-0.23819268567513807,-0.035323758072323005,-0.03205422573800798,0.02520682417993655,-5.83293533364839e-07
LIV,preprocess_Reading39.dat,1.4898245544545872,2.3501601220988833,-0.8325551442573373,-0.6168122623821006,-0.0037601440349882835,0.39304655016212575,-0.1635221074675751,-0.08996268867481105,-0.07618081816092973,0.004057590674877327,0.009483714115937516,-2.3687546408561144e-07
LIV,preprocess_Reading40.dat,1.1431816302624243,1.8275227757352774,-1.1444012929992993,-0.6307393544239712,-0.15176386606781794,0.7031161484501653,0.15601255492679755,0.027669756062701042,-0.04468742908630079,-0.04178015046583672,0.02946091879475801,-9.902965861038189e-08
LIV,preprocess_Reading41.dat,1.3966313768798502,2.030276577574306,-0.8920389627861609,-0.5478106410286223,0.005208117818367159,0.5239127718289415,-0.08503738662519825,0.24719174193587323,-0.004035628959873473,0.07062200968182053,0.048219413645944294,-2.5063264347363555e-08
LIV,preprocess_Reading42.dat,1.7690601668385422,2.196312571888959,-0.7530812882470508,-0.4210237865490364,0.5023939882845768,0.5670052171502473,-0.08495042418348574,-0.4215424320760078,-0.055870799459935304,0.04342279332361963,-0.0007082250444556075,-2.7005912483818677e-07
LIV,preprocess_Reading43.dat,1.8244226141465454,1.7340394539947448,-0.5888484788637092,-1.5084157599112462,0.25227261379846183,0.17073657367409606,0.01582914890743002,-0.02079646804291742,-0.1333691754972875,-0.14772077137549777,0.01971496646048506,-1.2907606257085e-06
LIV,preprocess_Reading44.dat,1.7893702184405167,1.784310454790428,-0.6081543912806211,-0.08041262375983711,-0.05813699235916852,0.4808885963216693,-0.28645287364852673,0.012314334998925116,-0.09515006837943332,0.02490639105159663,-0.00696039330599993,4.5213009570456215e-07
LIV,preprocess_Reading45.dat,2.5573096238293003,0.9533131553669882,-0.39667106896596216,0.3243431178435794,0.1908387017708607,0.451605701186346,-0.11689699748704344,0.32289721920305114,-0.029764001048647685,-0.014026992809370864,0.01733839694380252,1.1050166345318634e-06
LIV,preprocess_Reading46.dat,1.7199844077103803,2.2707568246775804,-0.7208268645834263,0.2050514238948963,0.3733566691219209,0.37816934812509934,0.013397942360224294,0.2522057383492066,-0.05756502548248523,-0.15267682446780376,0.018065092107726454,-7.767468995951646e-07
LIV,preprocess_Reading47.dat,2.6786195561020087,1.3962638473675755,-0.7387376429763188,-0.9246966183603456,0.26208148238717954,0.39238932016115585,-0.2340026938505342,0.16567670037028356,-0.004935852894449368,-0.003939437343937233,0.046961851363009524,3.820855439600135e-07
LIV,preprocess_Reading48.dat,1.9719840726233016,1.9589887875568721,-0.05989618465556611,0.33122028965647815,0.33314170051990527,0.00462456951696286,-0.06938474448145777,0.27553176363569853,-0.0018064109194902143,-0.006507324636201024,0.01481261527116367,3.988260642021784e-07
LIV,preprocess_Reading49.dat,1.0842827267767177,1.7732871347797472,0.5673478302661404,0.8651573778294621,0.12926249764201425,0.043682289752346705,-0.35788713863775234,-0.12044472388136494,0.08011657748284122,-0.0534080426206313,-0.016948376735912585,1.1796762151737304e-06
LIV,preprocess_Reading50.dat,1.5188462352953336,1.8079331587403287,-0.6050939123124885,-0.6494076074116019,-0.0750993195032064,0.6206298297241473,-0.45890303424308565,-0.20356433534881227,-0.016119178268825682,-0.03124562489255959,-0.033217566950938866,3.733685970178842e-08
LIV,preprocess_Reading51.dat,1.5203466031159054,2.8742932802934678,-0.5894682843093694,-0.2153522387945045,0.257994616982275,0.33511832070070585,-0.3789149501889226,0.4026829698023624,0.08632700035128495,-0.03414077393242593,0.02846605945042911,6.205805857794597e-07
LIV,preprocess_Reading52.dat,0.6393062127343048,3.2158942602378224,-0.08855196727485636,0.07957563508778352,-0.028737586197033323,-0.0982345390619254,-0.26403559312586067,0.38255539273235617,0.07115016374903198,-0.02007621507074432,0.05394360275038873,1.053595443190566e-06
LIV,preprocess_Reading53.dat,0.985298603235596,3.4302762286549746,-0.4943817764833754,-1.6111341223656357,0.05873293421013076,-0.19668256002415443,-0.3837910328974463,0.36233321635865867,-0.0809978643254937,0.022797316596685865,0.045736861938412525,2.5356408647962235e-08
LIV,preprocess_Reading54.dat,0.47429329004560994,2.3401360994449547,-0.2736520932723928,-0.1713125213892045,-0.3141306449755731,0.4118042465811583,-0.46709976531576747,0.3264797378412157,-0.09955787750060915,0.002621180465776853,0.04715433049040892,1.5673411027867856e-07
LIV,preprocess_Reading55.dat,0.7547953817987273,2.6045557749784303,-0.5655760788800559,-0.5206501547042812,0.047535520949558555,0.5315035210412679,-0.45311516374114025,0.14200603017911767,-0.09823057071899272,-0.06749769630926622,0.0559086789619407,-3.0095875143416335e-07
LIV,preprocess_Reading56.dat,1.5229403358313525,3.3530233417041653,-0.33117811080698045,-0.09347481517285289,0.3685355223936818,-0.13552081907556016,-0.15504229323854116,0.4921896952280037,-0.06262640834610275,-0.014536562828150931,0.04508905192152277,2.6576852742546122e-08
LIV,preprocess_Reading57.dat,1.4883958709857719,3.058817988834178,-0.575085000052507,-0.340885676696951,0.07458543930292559,-0.02140036668412787,-0.15153752069147544,0.35783347149329553,0.049988329366609095,-0.010112383877664366,0.06063110702550848,-7.936826856831897e-08
LIV,preprocess_Reading58.dat,2.2643840595157436,3.0907078907955494,-0.38654941378104457,-0.42138297942832387,0.4352881289808089,-0.40726052073645624,-0.007188944567570748,0.15721942819077817,0.06252104306075643,0.025822521522257995,0.039262613621795214,9.36957974085095e-07
LIV,preprocess_Reading59.dat,1.3934467042656478,3.7807231500469514,-0.3216526416632784,0.32827025925985537,0.2778788971851294,-0.5929876546513959,0.21894920851042,0.27863292448882365,0.02601384607699952,0.03832557871967887,0.04526632597127257,1.0089424529410869e-06
LIV,preprocess_Reading60.dat,2.0921102798881845,3.8153487980271272,-0.593245912136054,-0.4063025729689697,0.6436024007028504,-0.29219691029371925,-0.09418457636775814,0.5939073355610256,0.09497281860953405,0.0016751925291678157,0.003635766509490578,2.461313313265389e-07
LIV,preprocess_Reading61.dat,1.6775382147752065,3.29903002119202,-0.4745629341996007,0.49497082656523045,0.40208298700753026,-0.05205727108841589,0.02414713124251688,0.4224160565007769,0.03419728102604928,0.0062573472622910265,0.03995346410885309,1.3220880781994145e-07
LIV,preprocess_Reading62.dat,1.5122668340128778,3.335667040757824,-0.1371125146843439,0.40656156266098314,0.5150399419422114,-0.3985898157529139,0.0432380683009934,0.5583266820517881,0.050555049116253956,-0.051452352496298315,0.019313828015432088,2.1975867999760047e-06
LIV,preprocess_Reading63.dat,1.8831999187678992,3.3277648390582786,-0.35750932478467573,0.6344574690396377,0.6607143305595291,-0.12902472445996666,0.09308216118774071,0.7172738409031574,0.08252983327217502,0.023454920349627238,0.050382891827249775,5.282249154191404e-07
LIV,preprocess_Reading64.dat,1.7498805643964244,2.412800837224256,-0.6469602255914564,-0.6447117807689661,0.2121532585200994,0.16039770264516928,-0.13481487090886646,0.5361807486595712,0.03488183747434107,0.052237528443339065,0.023905374349817994,4.552106698477324e-07
LIV,preprocess_Reading65.dat,1.686335423278688,3.0979225448109915,-0.035502930825442355,-1.5010767490565786,0.6433077016016282,-0.48518294242030763,-0.07848615831870305,0.27539328140731506,0.10325967539162066,-0.0015769141365090157,-0.02029650759567594,7.331036869771973e-07
LIV,preprocess_Reading66.dat,0.3993297646293793,3.277474907428106,-0.16560204280284593,1.0140328540874588,0.17854965155476252,0.2756216499771458,-0.281970655554512,0.26464376543677537,-0.05654088568344893,-0.011653451842508178,-0.0037470323318769634,4.734884199255073e-07
LIV,preprocess_Reading67.dat,0.283220028462246,2.9978165060214432,0.1264114856029556,0.9264932722401735,0.17714764907778155,0.2518915780351186,-0.42097677864593075,0.2463472082007134,-0.07503476049385237,-0.010624114765469891,-0.027256746726012818,1.771907797882891e-08
LIV,preprocess_Reading68.dat,1.6653404079387013,2.8492752587226655,-0.3232788652694214,0.28892544149063765,0.418346945392984,0.15071118170861014,-0.18800858885009622,0.19904574047551873,-0.028687319510552676,0.04563717261236585,-0.003716431277973792,3.303313095577263e-07
LIV,preprocess_Reading69.dat,0.8242149834061401,2.957265769701048,-0.42093463046060914,-0.06745297690067886,0.08913461545109751,0.17837168794465294,-0.21661044306788296,0.46097646912602047,-0.01820378302323173,0.03960875526892943,0.017071199657698176,-7.666577339012112e-08
LIV,preprocess_Reading70.dat,0.6666018880705927,3.28630592801704,-0.406376488733326,-0.4322042754561376,0.1520504291433489,-0.030093973189543,-0.11137737755843818,0.4265076167407261,0.0791200375513228,-0.018902994841699428,0.011201078835285014,3.9805341007436317e-07
LIV,preprocess_Reading71.dat,1.2453580269624558,3.4112583804988095,-0.07378809499246088,0.5460934863571082,-0.024713312136957398,-0.3513809220158723,-0.05195576619701127,0.5422504472485714,0.037510248969681685,0.03918100055885516,0.017541714369135094,1.8285859734664435e-07
LIV,preprocess_Reading72.dat,0.877630324019647,2.1257292781196115,0.45003739151975014,1.3656500201486212,-0.12076805743847835,0.03116901491662779,-0.14151234842438631,0.08710584836115648,0.015490766846936154,0.029637457578748524,0.04974165442459764,-3.468246618593191e-07
LIV,preprocess_Reading73.dat,0.536901148419057,2.2048828893444763,-0.019836763057383452,0.8380531412826657,-0.31491302034283164,0.2714619264824499,-0.20757154860042573,0.1983527888631301,0.047816701992020365,-0.033547761229931805,0.0526978858104312,2.100765454806935e-07
LIV,preprocess_Reading74.dat,0.2567641707996989,1.751660853568255,-0.6051335347897453,-0.2927493940690928,-0.4622352026939715,0.8500126514843609,-0.3280713375598843,0.009975292623935497,-0.017199457295723343,-0.01178670520008733,0.00924788939209048,2.354499155778862e-08
LIV,preprocess_Reading75.dat,-0.16117159261703343,2.453928594150199,0.519745176200541,-0.1402444162494274,-0.7307497721549373,-0.3506715380389015,-0.23157375827292584,-0.0791460308477143,-0.07910424790266884,-0.041970807874554546,0.050371997622206566,1.8715302968667503e-07
LIV,preprocess_Reading76.dat,-2.9756107290427427,2.2582521496080625,1.2682714549763516,-0.9299994962493466,0.15862565606194454,-0.1740183370276706,-0.0887502178955092,-0.41226114385350954,0.09476216325176035,-0.06248178779683465,0.06669346088456359,1.3082664173225998e-06
LIV,preprocess_Reading77.dat,-2.3023916695597966,1.9573503112188182,1.5713889465580757,-0.17029187615615246,-0.0556487827301339,-0.43958256770393356,-0.2732583930116469,-0.3914566433803101,0.11296687142253119,-0.06502820423961954,0.000754892708968936,2.833147231375158e-07
LIV,preprocess_Reading78.dat,-0.8631517717780437,2.4125318246806717,0.5141471162066996,-0.9651421678636742,0.4233767811027243,-0.3284186207226195,-0.02276753229084949,-0.2759599866251941,0.07348528731751225,-0.03317373508588986,0.0012918517606140903,4.334299720712199e-07
LIV,preprocess_Reading79.dat,-0.5318936388646525,2.1022482373172933,0.34326737620257564,-1.2768770012250097,0.23403550757508165,-0.1376740630521389,0.02317354030782238,-0.2907216802700911,0.0966251779678039,-0.054685316892733996,0.006716890057767406,1.2306131676719684e-07
LIV,preprocess_Reading80.dat,-0.4987915395951305,2.513011961056249,0.3568991118203776,-1.1570663655314646,0.4124362600258069,-0.2668819595415016,0.16997633082770555,-0.19739767651745924,-0.055640471826280215,0.039328589275764624,0.06337006447331728,5.576926369162811e-07
LIV,preprocess_Reading81.dat,-0.5187241246452433,2.2345236019006687,0.722502611738953,-0.3062281264418993,0.024237959447349206,-0.38648338309366514,-0.10645632000709006,-0.39472504110989015,0.010604688777496221,-0.05965744002108221,0.04508843605080041,1.5982253108885135e-07
LIV,preprocess_Reading82.dat,-1.3067501080499473,2.7701749050791613,-0.010988731189977974,-1.2122553908260134,-0.07604539785556193,-0.033699264717827075,-0.35990452307468396,-0.37156189729246525,-0.1762483678423728,0.030744385724334654,0.001944958448165139,-3.815992981357405e-07
LIV,preprocess_Reading83.dat,-1.3442967671505155,3.0794116514796928,-0.040071565831138155,-1.9619717152012666,-0.2084715741975514,-0.3316205037335331,-0.03433174717083446,-0.3356501070275869,-0.10827532231582067,0.029431660485996942,0.0027912882840210617,2.6280188925425004e-07
LIV,preprocess_Reading84.dat,-0.9520178275872292,2.6998622881664773,-0.051009959907534236,-1.6563040260594968,-0.5299393768230629,-0.661944282844872,0.22148295447415467,-0.17836699062183375,-0.17778666528287818,-0.027029642018360393,0.004399326656106795,1.0638514784069532e-06
LIV,preprocess_Reading85.dat,-0.0711419869024675,3.5889825865423535,-0.8132694888887634,-1.963062997344438,-0.5057639334912261,-0.4561446895952079,0.21192545169869983,-0.3829871795717996,0.03269866593689907,0.030702938835485933,0.028805774415490044,-2.9007157307872207e-07
LIV,preprocess_Reading86.dat,0.23962562264583642,3.239114339242355,-0.6665195396302043,-1.484280302011849,0.15306697994510485,0.1059384184826293,-0.3344460448308521,-0.46767766121717996,0.06296967388448882,-0.05471333366737518,-0.00389876683414777,-2.793854815823898e-07
LIV,preprocess_Reading87.dat,0.9006140325338945,3.3559966404922648,-0.4893146159930788,-1.1048967197853512,0.13055741064526907,-0.36178398819757884,-0.11871867139879236,-0.19710677339390595,-0.12587023328427283,-0.009987438700104108,0.0167676446451462,-8.339648730476956e-09
LIV,preprocess_Reading88.dat,0.6977200933602622,3.247099909513706,-0.5284534995724793,-0.5264835713071075,0.03381679231237359,-0.31704339261423925,-0.1315138750586879,-0.059510258573590255,0.010779317067667075,0.01744822463649464,0.014558195686026025,1.1676748887461217e-06
LIV,preprocess_Reading89.dat,1.1938234394800906,2.5439200333512813,-0.07520146030043608,0.4484253353051914,-0.18848814830090307,-0.23616339556900623,-0.14216447541131597,-0.20844631067684138,-0.07280124764645195,-0.019440189732481215,-0.011826116133454908,6.261224744728352e-07
LIV,preprocess_Reading90.dat,1.9959514640921097,3.3471640079499707,-0.0455142230355783,-0.17715425702118415,0.2799161942265819,-0.7583260486932737,0.07548795253292315,-0.1964105338273924,-0.06321315926481583,0.034020552386668394,-0.008371504491063364,-4.3909950129920385e-07
LIV,preprocess_Reading91.dat,2.199943390386635,3.0190282594072033,-0.41216786497102054,-1.1322655578170562,0.6876853412468097,-0.36032619040730335,-0.1149695031013413,-0.20797910408520792,0.009473146936279578,-0.031217336970808078,0.012938829170800942,-2.7636398502884774e-07
LIV,preprocess_Reading92.dat,1.0962441784864752,2.9606003553024283,-0.7467110558201133,-1.3307067254653,0.04816032729271107,-0.33211578148725945,0.07919754897716871,-0.19103056540628016,0.04729561740932855,-0.09020041112531249,0.022784191683325985,1.073961516818994e-06
LIV,preprocess_Reading93.dat,1.596859552532898,2.872961183252714,-0.1957468028094606,0.10009136253449115,0.45198996095765315,-0.027368935143744354,-0.24572750680025132,-0.40057114174492775,-0.09738732338666418,0.05110791121038625,-0.0029299327213553384,5.556670608004954e-07
LIV,preprocess_Reading94.dat,1.480399357918331,2.948403019835837,-1.2575455637440014,-1.7546510240825133,0.13903383237526373,-0.06621102443904789,0.26280499553606645,-0.285698847189171,-0.029367403820739425,0.0059606724398300484,-0.027622656463599855,1.6637444194267849e-06
LIV,preprocess_Reading95.dat,1.97286619366394,2.6986038317749634,-0.7528265625451201,-0.5618016478131657,0.013377302974351385,-0.21528244910768674,0.0711933276936041,-0.07356150959033465,0.009903958219805787,0.04881005136745171,0.014018283196197436,3.911160912684339e-07
LIV,preprocess_Reading96.dat,2.1942714382302353,3.6697177936049967,-0.8345507617495236,-1.2132185067178471,0.4449471823525591,-0.38289977842467365,0.2824098328608564,-0.5579797830085215,0.019028824399278856,0.02247715169364286,-0.03552570910282258,-9.117088644160952e-07
LIV,preprocess_Reading97.dat,2.1121126681970175,3.189982062357529,-0.9063686385179325,-0.6976908688074689,0.307532321396991,-0.07193580563771709,0.1567686354685974,-0.2232228500250975,0.006301405125553438,-0.02017775327426184,-0.0015200739977160739,-3.0541978024373155e-07
LIV,preprocess_Reading98.dat,2.2118862753277826,3.3286159492913656,-1.2237261741183254,-1.271166887342434,0.35696144547398073,0.021764554511174938,0.22806212475372004,-0.3530928285106039,0.014047464746054348,0.07255476256076941,-0.001789547222286704,3.9805227708031956e-08
LIV,preprocess_Reading99.dat,2.466033381259827,2.763707614139845,-1.0495314586023023,-1.7197495048437603,0.0883336580354863,-0.2438356522836783,0.13169424095170507,-0.2939561748017031,0.032325515747076636,-0.09373885277434943,-0.017962720445723366,-1.8362024610813569e-07
LIV,preprocess_Reading100.dat,1.211905882565449,2.649933153597994,-0.9425904762748257,0.25481594493720344,0.7190489307359361,0.762088888604344,0.07032798301933132,-0.10234531961015349,0.08425223028915908,0.034338244961970854,-0.00931218470228156,1.4389946558475036e-06
LIV,preprocess_Reading101.dat,2.473103765053672,2.0485450173497552,-1.188148897971602,0.32151042016808506,0.2389462241103916,0.7929092463146847,-0.10442770221105463,-0.1938092771977731,0.020938880853039448,0.04922636251113333,-0.14151488648635582,-4.866928081083068e-07
LIV,preprocess_Reading102.dat,1.9575354903553976,3.1992572599315867,-0.9956009296003924,-0.2818871210729367,-0.049166262949532025,-0.08455072802093833,0.1678207381733324,-0.11758298140422786,0.039297708792075996,0.024146769137727314,-0.08841603026688015,-8.832800055122861e-07
LIV,preprocess_Reading103.dat,2.4995321593685733,2.2674177603038204,-0.8564473030147941,-0.4748586406907153,0.020254596271101388,0.1731534755253054,0.03320547557246333,-0.257527308931677,-0.003674888280710546,0.04619822942111892,-0.04926780410313262,-2.1808353922991855e-07
LIV,preprocess_Reading104.dat,2.376095762494006,2.1984338801588734,-1.2642897272076823,-0.8375298699993852,-0.00231222091538955,0.5529146335301517,-0.1966290475318408,-0.15932139948836072,-0.00937755416375474,0.03462535756865628,-0.04894136320137831,-6.302712961058084e-07
LIV,preprocess_Reading105.dat,2.464517759477529,2.8377309888923103,-0.974388620892354,0.3728216361839373,0.2291593087476605,0.3072603317482522,-0.019406192764209268,0.15233568616892734,0.10573467662000072,0.050494146230150194,0.004968875710417497,2.7251380725245795e-07
LIV,preprocess_Reading106.dat,2.641083795603945,2.688079844793601,-0.8596998017238255,-0.03570543287110747,0.3028640835863149,0.1437350416245919,-0.07536109667869634,0.0254087762406973,0.1020234989700726,0.039632057497531924,-0.023515249707785988,4.164882819717258e-07
LIV,preprocess_Reading107.dat,2.516220252808316,2.7782216318987962,-1.196014611249937,-0.3661137847802692,0.6225489535508085,0.49882618723044175,-0.09673314347538509,-0.12997168550423688,0.031417050976408664,0.042282419432168365,-0.05346416258318386,-2.4635324644055738e-08
LIV,preprocess_Reading108.dat,2.2772791828493664,3.0456813258331374,-0.678748292462434,-0.09725790663871144,0.49452185078922495,-0.09478662465618172,0.03865586951368504,0.08949966382802237,0.01582093710003745,-0.007889610279901952,0.009416370851780147,-6.885465408140802e-08
LIV,preprocess_Reading109.dat,2.195757913067589,3.0269099551412926,-0.8255864434566781,-0.18601055635229713,0.42344128985267293,0.20289796677670663,-0.09554388541155523,-0.02009938507840744,0.07434200708377978,0.04245790544475996,0.006777832816898671,9.44718084601721e-08
LIV,preprocess_Reading110.dat,2.124983910049119,3.1059257861761873,-1.2429794887274768,-0.41824826369794305,0.4119182837663862,0.3965531978698849,-0.07394028681260148,-0.07862055355412695,0.010970366759954862,0.10733604904673817,-0.01366183529630139,-2.5259489456419073e-07
LIV,preprocess_Reading111.dat,1.5851828373452088,1.8255189069955522,-0.6901470176697592,-0.09072671431022118,0.0634574113981281,0.609547724287097,-0.13318701774197017,0.03464975997240514,-0.006223840914870486,0.031794668270941,0.017538314177400753,2.557671080753754e-07
LIV,preprocess_Reading112.dat,2.0766322877624406,2.8700571054431356,-0.36452700813943956,-1.5448620297613536,0.18932569638585917,-0.6401550743528073,-0.03695807068117759,-0.06892749100719561,-0.025661645798536213,0.0519959404192207,0.01589880517992081,1.280019022689164e-06
LIV,preprocess_Reading113.dat,2.345834261534017,2.025790740669117,-1.1417166309513773,-1.1113188903153615,-0.05957282174208029,0.38762478418511676,-0.05723991126159727,-0.05410544375057719,0.006221498722948004,0.01860843792541659,0.057765551641402124,2.1964591427473393e-07
LIV,preprocess_Reading114.dat,3.306416488138535,0.9298135089523291,-0.3504276141069991,-0.46599634792159794,0.37454079731769807,0.2232799942843936,-0.25517100001073634,-0.00301745225190559,-0.030978305281615545,0.01506823739384836,0.0088837450237716,1.2704490572922333e-07
LIV,preprocess_Reading115.dat,2.5643770798305554,1.7006613733001748,-1.4837761379430447,-1.6429325744572982,0.33020804538244436,0.8090968395764455,-0.2095202238442591,0.22095836120968404,-0.04701252062979243,0.06732083108547475,0.049618810988658675,1.6693149562745086e-08
LIV,preprocess_Reading116.dat,2.013835158102002,2.217453218632241,-1.030798510594406,-1.4003712183967227,0.1937527614037078,0.37873757271409025,-0.18381649892211938,0.10981483545322122,-0.035491032350360364,0.04374466093036753,0.03491059565342491,9.038220397972632e-07
LIV,preprocess_Reading117.dat,2.6575833380471687,2.261129467013781,-1.143729266718801,-1.5469194205128738,0.4764321576423465,0.5017478281376728,-0.13863818861738325,0.2422954855737607,-0.005183227153397567,0.04394979787970394,-0.006357795314578731,-1.6403491715433257e-07
LIV,preprocess_Reading118.dat,2.8189529478042243,2.4542991937430663,-1.1108845050593523,-1.2128586827764032,0.6526611194942732,0.4521058117133293,-0.1795570664073795,0.32831724474193635,-0.02821672754801396,0.04279535240630499,0.06150298554531441,6.620591020837023e-07
LIV,preprocess_Reading119.dat,2.3593243007939195,2.05998297447742,-0.5689285928545754,-0.2732219548463386,0.3966666628622007,0.40669938527189914,-0.17156594731888647,0.30492522153517837,-0.06893924834809032,0.062370620343314316,0.033023819428485646,4.517127552602735e-07
LIV,preprocess_Reading120.dat,1.9729321709474372,2.612685608240562,-0.6969700413536815,-6.964758489246942e-05,0.24184061238455845,0.41373046394757046,-0.30297965006128225,0.28170328300128283,-0.029673707990142024,0.05653071134688606,0.03242320017296007,-7.531037548778156e-09
LIV,preprocess_Reading121.dat,1.7709168586347177,1.5918876626634122,-1.0908447637124652,-1.445322661300641,0.25458167200151405,0.9884239107416992,-0.4341840512679895,0.15351551245102013,-0.0749215630198516,0.005320826691050043,0.05038644471740218,-7.620612558355221e-08
LIV,preprocess_Reading122.dat,1.7438892284144936,2.2793758272728337,0.29971490367820436,0.6771178346246415,0.3180924331351485,-0.17812567220087466,-0.19364549509291543,0.42840871883275067,-0.00016571797508601723,0.032142120363667606,0.09770348215486754,1.4266384434372541e-06
LIV,preprocess_Reading123.dat,1.9067351660342287,1.813034902349541,-0.5207460689071102,-0.553901759902737,0.24234749811423742,0.5842376298241745,-0.36231102386093567,0.18142814471449908,0.008673620145208935,-0.03868639629240828,0.06028946354068488,6.440451979684365e-08
LIV,preprocess_Reading124.dat,2.2584911826889282,2.225304445537205,-0.30624099817397665,-0.17748958191775785,0.4929324236575582,0.3149539022065167,-0.32577780635986703,0.18899031358420568,0.049539494645519926,-0.03169889106978268,0.06371007308544449,-1.615623990658322e-07
LIV,preprocess_Reading125.dat,1.6741224462495385,2.2139834460425707,-0.30074642023085163,-0.05500275090672344,0.4963527941912343,0.42329343810504116,-0.31947895427841183,0.04283626458827253,0.017652954853786443,-0.231521245399236,0.03738324906963399,-6.014365152249874e-07
LIV,preprocess_Reading126.dat,1.9768717833167655,2.5293473556542296,-0.8442714241747545,-0.14702956839448547,0.5159185887128843,0.7709815256179452,-0.32153714716698667,0.015849017193826635,0.0517366177697978,0.020124079521969995,-0.028084294153855258,-5.145662388298626e-07
LIV,preprocess_Reading127.dat,1.8876615883403525,2.8600314241835623,-0.5676385837526442,0.11393025919526505,0.49425038651446584,0.3287856161480585,-0.3355837422613939,0.2796458552566083,0.04198533153744112,0.012757279182203565,0.013015649849264932,-1.4348083627326291e-07
LIV,preprocess_Reading128.dat,2.1898243796239494,1.6317194027044315,-1.0358374561948454,-0.48546465105292724,-0.011870161534060463,0.6020926563973038,-0.1722531705853808,0.15859734904622844,-0.03406719297462479,0.044242720597259436,0.007010659263305085,9.287158655767407e-08
LIV,preprocess_Reading129.dat,2.2894223094088755,1.273278117122618,-0.6077868171531987,-0.039346052629314635,0.3931529451438811,0.6979643331567905,-0.3511266241429611,0.07114015525549039,-0.08211137153554904,0.06070290174737724,0.0033814407444186976,8.83945172575058e-07
LIV,preprocess_Reading130.dat,2.3448033983504364,1.5402695566889402,-1.0747287344118537,-1.0691781243747347,0.1422742131015901,0.7313097606262682,-0.3298177987645445,0.5096729545242598,0.011473024719917535,-0.00546567956721264,0.02504851191928838,5.145938104090452e-07
LIV,preprocess_Reading131.dat,2.8013926843197554,1.7174567358366695,-0.5311021612562564,-1.9177812057708314,0.4581030343205045,-0.1993755673405002,-0.054793289388818896,0.43364604084453856,0.038854022112600514,-0.02039204008258609,0.024011360461769642,3.1069072255894355e-06
LIV,preprocess_Reading132.dat,1.185059718717285,0.515336434952145,0.46113506616962735,0.09369466585946735,0.29451626714364354,0.6274195739671318,-0.5667658590294626,0.12197461575149729,-0.04864254231240201,-0.0016866779602864083,0.023610322497251476,3.2019233411609577e-07
LIV,preprocess_Reading133.dat,1.7066552330166247,2.0705083837739346,-0.5149580878638367,-1.0615481797610267,0.07486851385201948,0.19885658246666185,-0.28769066548810546,0.40099353318357706,-0.002648609650679238,0.007304759284758982,-0.008354276989725693,1.8059830053706676e-07
LIV,preprocess_Reading134.dat,0.9061444737016449,3.1550518927544973,0.24044674187450527,0.7276155895743278,0.3356978150173657,-0.1967896609119851,-0.3105664084257131,0.402721192629111,-0.02452343843254129,0.008899595221519762,0.034836524805755296,1.2212193760278704e-06
LIV,preprocess_Reading135.dat,1.5845708247399952,2.7197949865506676,-0.18692619654393083,-0.00392981256247029,0.254499951708714,-0.11249155784642728,-0.19311104301747103,0.3587347091618294,0.11355086455309236,-0.046743266269903785,0.04425439668882302,1.5215486907491633e-06
LIV,preprocess_Reading136.dat,0.7729031086727529,2.802097564115701,0.0645458818837902,0.0373347038568577,0.09212426057706767,0.04610761992909881,-0.3986607624727688,0.5768980139924955,0.017274951256146125,-0.025625967242834724,0.0217421776262949,1.832399322953245e-07
LIV,preprocess_Reading137.dat,0.9002964610211551,3.3441025720245117,-0.24401074005691398,0.5918957211753514,0.09502309763846468,0.15321844077045615,-0.3361918436777936,0.5606219531811667,-0.11197343548044388,0.04683778838237727,0.012484826722913032,-1.9537742982883316e-07
LIV,preprocess_Reading138.dat,0.6398958333318643,4.240266022311881,-0.1771379199750814,-0.21590150783273515,-0.08151284989789896,-0.41768254918257286,-0.3743033949857075,0.33775291902241356,0.08586145861964338,-0.024335650090869434,0.028690489869692616,5.354134054684489e-07
LIV,preprocess_Reading139.dat,1.5659089593912126,3.465990564237087,0.09828016775109337,0.451555812269823,0.5135608191026673,-0.17291020027793996,-0.3542223486062282,-0.013364319027713983,0.008159913881651371,0.02206186439011694,0.020409017098072215,-1.5174161362367286e-07
LIV,preprocess_Reading140.dat,1.1845900617295428,3.498491789731166,-0.06830675418397616,0.48007219580237975,0.09826312901888777,-0.2999299090227206,-0.10047349166556035,0.04250131839427642,-0.026378356330766548,0.08661075753144469,0.025104028671713793,-5.880231420960324e-07
LIV,preprocess_Reading141.dat,1.3051671852946929,3.8545941984614953,-0.7393609769343712,-0.8561860197218881,0.45611727030133753,-0.1383729055364832,-0.033234720030664015,0.13587889370525383,-0.045633869116927774,0.05287616469600577,0.0016525910496765406,1.6253808730115822e-07
LIV,preprocess_Reading142.dat,1.1553130016796966,3.6277850108916967,-0.10646538408944922,1.3794147165787256,0.6218311114305042,-0.1776293471345554,0.19389895751267103,0.4346054254045345,0.019217572756483534,-0.029138130968477578,0.04863870805833518,-3.580315878706985e-07
LIV,preprocess_Reading143.dat,0.6673589912453953,2.9075720197580344,-0.0056979519313741156,0.5894910583069602,0.12034697202668146,-0.03651843846343002,-0.13938763760552586,0.39112945572921226,-0.0368362102037952,0.0318826141930235,0.07732460821888854,1.5321594041564955e-06
LIV,preprocess_Reading144.dat,1.2870654574062264,3.733511642716702,0.1261090636824443,0.18192953570777506,0.832342481008641,-0.4328771574945022,0.05877144607506485,0.21462062668307935,0.04560072229131422,-0.03397990911960006,0.025754879407763394,-3.838472526951808e-07
LIV,preprocess_Reading145.dat,0.6662904245168192,3.1432397410933395,-0.1296865049741668,0.7116718231743043,0.11437022442415526,0.016820955669954403,-0.1142929365696994,0.38504202863516723,0.03714033140881815,0.008627278315791097,0.030875019088930783,5.61965947802823e-07
LIV,preprocess_Reading146.dat,0.40047833059800186,2.810958998017497,0.02712541616927943,0.26168748341256154,-0.29691711683346195,-0.12353831432861195,-0.17856229095805837,0.22833465902885092,0.10232397472848745,-0.11347262868352509,0.024877230664518416,-1.0744255444579765e-07
LIV,preprocess_Reading147.dat,0.6003157960535271,2.6940653821534895,0.2130793293684804,0.9454348926034181,-0.055932810617121416,-0.060905317722810715,-0.14502367970087077,0.24392616629786595,-0.041241812318826,0.00802948864954003,0.06131171130336217,-1.7286444147751638e-07
LIV,preprocess_Reading148.dat,0.5871972386613524,2.778736758846251,-0.0025158254715658226,0.9097748446225595,-0.32782322634717836,-0.06322817313775075,-0.22876508648598912,0.29207346688653124,0.16769574707291615,-0.061825520886052844,0.06588904651835015,-1.3036232828581077e-08
LIV,preprocess_Reading149.dat,-0.17710992510879225,3.455985568107712,-0.03119068410134891,-0.32954705714695165,-0.24273148100538133,-0.21522549232498153,-0.32888983420710244,0.2225952180139542,0.25981357594952914,-0.10758214220921569,0.05786667900114724,5.156898307527055e-07
LIV,preprocess_Reading150.dat,-0.3029838337558133,3.0909401606241858,0.4259452504315904,0.07064014264458637,-0.14519526221616982,-0.07381603289565519,-0.3858175050698633,0.07897271804693182,0.22438466435581533,-0.1703989962239233,0.058637745187597685,-2.325389580592707e-07
LIV,preprocess_Reading151.dat,-1.0967131529714922,1.820832640908015,0.2781537030346108,-0.6621385079948942,0.8203662903797782,0.3084338746319992,0.1512947023627649,-0.10173067568628118,0.018495941269152553,-0.06755674472362283,-0.028948528914446714,2.002498779197507e-06
LIV,preprocess_Reading152.dat,-0.7597040978146133,2.135129485772598,0.4335316820486108,-0.9429400817895349,0.7109512557368038,-0.06258729143838852,-0.13880736493893794,-0.06497967591402383,0.009925410882257334,-0.0678546091121197,0.014185487590622728,1.4697679839728712e-06
LIV,preprocess_Reading153.dat,-0.2291840393005319,2.0866483660171338,0.4830504927070908,0.11519851751945069,0.7697966467146442,-0.2815027493502507,-0.0006316594159556114,-0.21505360012166058,0.02305819708524114,-0.04549051504010443,0.033837105009545475,2.835188535332772e-06
LIV,preprocess_Reading154.dat,0.8476136226991744,3.582079815155056,-0.023353842595964923,-1.6122171913470495,1.1382521050325487,-0.5910975484190496,0.19909228701890064,-0.2189804251788648,0.10439368552784516,-0.022332005889672477,-0.00939491262271536,1.0079888731375485e-06
LIV,preprocess_Reading155.dat,0.49024010144392427,2.4838270799977815,0.1455168801565585,-1.49387448829375,1.0223221062898007,-0.1639793604062464,0.1487086368189371,-0.15277041639146963,-0.004104676628817704,-0.13184766290484673,0.021438519641085427,-4.610638916183605e-07
LIV,preprocess_Reading156.dat,1.789347952142601,3.021483663284648,0.08111977925093242,-0.6620552287491174,0.7671605757097676,-0.528731215945809,-0.04366403105797224,-0.35145927797256526,-0.022145182008193837,0.034748832331655564,-0.0036339294066226303,5.86247709237242e-07
LIV,preprocess_Reading157.dat,0.24258073407707995,2.350314876619098,0.48661582297433176,0.1543862493013212,0.04930424590157178,-0.6916997788873007,0.04942701396455161,-0.17571424094911092,0.04413662748943469,-0.02253966344928325,0.053168912459398913,5.941667084494987e-07
LIV,preprocess_Reading158.dat,0.7545974309054463,2.231367347631753,-0.5833988984966257,-0.9303988352979291,-0.3248990755512684,-0.22606226792493586,0.10481585483024307,-0.045871666482191674,0.041118127253500836,0.03185615741041991,0.05938913514265568,-3.129461871478269e-08
LIV,preprocess_Reading159.dat,0.4133278241992909,2.1897564662206905,-0.2755465335139904,-0.332442479359783,-0.1724617826924143,-0.17666895898847013,0.18189202761351758,-0.2632027952694487,-0.007234951665162658,0.028667426555325275,0.019415250385977148,8.520577319549661e-07
LIV,preprocess_Reading160.dat,0.7800070066049282,2.7243209102003734,-0.20967460782438224,-0.035307840441961016,0.38840374869860383,-0.1593681204876541,0.05399016889509073,-0.20411796699344534,-0.06966415018461272,0.0056992164918511674,0.03409310037851239,3.1934037525091804e-07
LIV,preprocess_Reading161.dat,0.4726683549958033,2.822291376406542,-0.7611756337757942,0.6922534710843634,-0.07728204355557951,0.3055891339982352,0.11362610142217466,-0.35485593342476246,0.06918980314748346,-0.007474950649829732,0.000614230917381487,7.563201852105208e-08
LIV,preprocess_Reading162.dat,0.870166606389734,2.934330199457147,-0.695071001765655,-0.745333623964266,-0.07167341723886177,-0.15521145063788525,0.056216299572372834,-0.11757195970829339,-0.05494202135369605,-0.030600506484924562,0.03739786047010293,-5.904922882206031e-07
LIV,preprocess_Reading163.dat,1.2229506809205057,3.088682259609973,-0.4808128265324075,0.06208978878258406,0.380878740507332,-0.07578438426126707,0.06957621057490544,-0.21831904489782822,-0.07080659339989738,0.0374073283880442,0.002720751847761939,-3.1693172086134845e-07
LIV,preprocess_Reading164.dat,1.8665229614961696,2.9766135776495273,-1.3004656616630177,-1.0510181578781919,0.4887380728507799,0.5009290054004356,-0.0007861538170718911,-0.232631388860431,-0.061528771802283944,-0.11889172526388281,-0.0024931843807500646,-1.278151509761164e-06
LIV,preprocess_Reading165.dat,2.301062471984443,2.7988233209834954,-0.7018107245023176,-0.707084719915393,0.5139680912825701,0.13547201938697548,-0.20020816550150974,-0.25242745335668615,0.03930111007448426,-0.011478404742223582,0.039228611740692615,-6.361477034356965e-07
LIV,preprocess_Reading166.dat,1.4271840084927303,2.919949083039063,-0.3408097182542595,0.30445904886326175,-0.008697503002604785,-0.259925025578836,0.03742735971725878,-0.16731248000952623,-0.03201584691991846,0.048486979724008575,0.034039318678407135,-1.2424771392103153e-07
LIV,preprocess_Reading167.dat,1.396053306199644,3.282630399869891,-0.8769624494076725,-0.9274586709895806,0.061199300795624155,-0.2291989818148808,0.13416442675346457,-0.23024657332526746,0.02527607232753879,0.061222471240783005,-0.01586210173352049,-8.871850394972854e-08
LIV,preprocess_Reading168.dat,1.7282355714498305,3.376389603950208,-0.6847700935024459,-0.7446201283250035,0.32165295679813577,-0.39732397578408907,0.2885509329285441,-0.37961114699619397,0.007809297196599047,-0.013645504310921715,0.027178072591983297,-1.0982198416746175e-06
LIV,preprocess_Reading169.dat,1.6510717495701877,2.285482503119072,-0.8835113200986534,-0.48023526230532304,0.09603196484519343,0.3209402707458663,0.032536016986334446,-0.24280586966513476,0.09783322702185752,-0.02716438340699181,-0.011678735096005012,1.5729579135876314e-08
LIV,preprocess_Reading170.dat,2.0177040213470177,2.3349828408331854,-0.34721979933374286,0.3199723841183928,0.35912005368554795,0.06721861102679859,-0.09336747994079511,-0.4189822875832867,0.02971068899859444,0.023891801521594678,-0.019011503228568174,2.432433762681684e-08
LIV,preprocess_Reading171.dat,1.584201451131026,2.1768338449751825,-0.0989550993569784,0.8874682685599182,0.6880165455564401,0.361033845050039,-0.2310876989413814,-0.33390921637377147,-0.08554926989927028,-0.024931602855044727,-0.023744415700679467,8.173621766013177e-07
LIV,preprocess_Reading172.dat,1.4803064362370961,2.641267947213671,-0.2813335949222815,0.35999694656985765,0.2537617066714327,0.21501714348437098,-0.20938811614937358,-0.06851038681777148,-0.06304217056878048,-0.0118838315182719,-0.03228202228080722,1.2535518120823562e-06
LIV,preprocess_Reading173.dat,3.173478717694441,2.022825657748944,-0.8878736627496453,-0.611276898538709,0.15960499962162308,0.13236403962042698,-0.03820573597135255,-0.17585458428406905,0.05887612058518847,0.02555675709527542,-0.028302655180433078,-1.566496192261012e-07
LIV,preprocess_Reading174.dat,2.8681092862855317,2.0234134306624925,0.6484778783334303,1.9698585795853618,-0.06520230465792659,-0.6829116420249911,-0.01688322669459428,-0.29014465477665474,0.07397163272305826,0.028234259048772126,0.010699357829813166,-5.311097847550226e-07
LIV,preprocess_Reading175.dat,2.3654134917111307,2.8383768664453597,-0.4623686536115999,0.9978685973633225,-0.01057222494165472,-0.1989547349726401,0.02401195465064499,-0.036212678570715355,0.07903096081498957,0.03172345240139754,-0.001726562171363245,7.727291860330671e-08
LIV,preprocess_Reading176.dat,2.5376473711925622,2.660159279390543,-1.511780644696453,-1.0068700646949298,0.1146515520289626,0.3862553223425601,0.05481295012044873,-0.1006009149277144,-0.04281147370509916,0.09169943879954416,-0.04120058126585269,-6.378148183758733e-08
LIV,preprocess_Reading177.dat,2.3653755515832033,3.0995610390837802,-1.3837520512985233,-0.31400230496595255,0.19033656271216715,0.27909030435464244,0.014959217660148492,-0.02813349412980253,0.043246690584999865,0.04890946360090071,-0.025267936389706838,-4.846099955525463e-07
LIV,preprocess_Reading178.dat,2.2006929516430844,1.8777358494663854,-0.8402280582083916,-0.7887003722201577,-0.29066645490916776,-0.000771918820864287,0.061979586292371054,-0.16174405877531717,-0.008998754884237558,0.04770929588183266,-0.026344566389755047,5.547091862370939e-07
LIV,preprocess_Reading179.dat,3.059357202338626,2.5890370794352515,-0.7613766960041635,-0.812428432070691,0.3331363254726159,-0.20466386301697265,0.02225360838965492,-0.3547957765808392,-0.012541965867425744,0.0804675772935969,-0.06342286640807389,-1.3167008557584874e-07
LIV,preprocess_Reading180.dat,2.311414543737454,1.9138400862561025,-0.48886471122900516,0.39784184334038986,0.4511511671080276,0.336894062845484,-0.19602027514460946,-0.16051694937567548,-0.07226133620508375,0.10331654498553645,0.003077516982357755,2.6125103097036297e-07
LIV,preprocess_Reading181.dat,1.6714180117627584,2.2629969959032628,-0.7000630001012551,1.0945233990092333,0.05314131202253852,0.5897310666505148,-0.138920223434796,-0.12910835221942052,0.013449582587176961,0.0018113835017482534,-0.010662169257990925,5.804098971886743e-07
LIV,preprocess_Reading182.dat,1.8589728861894672,2.820288730362164,-0.8102424506730442,-0.26671116896009944,0.5250575640383514,0.4368589141266073,-0.234892986432507,-0.20241041332358778,-0.0501278537136445,-0.010013413503196398,-0.026994097792895484,3.396778730775871e-07
LIV,preprocess_Reading183.dat,2.3739513535971852,2.502626773399452,-0.6455921467707529,0.3241898055906876,0.22256009007229366,0.08657599388356958,-0.03633649187326032,-0.17271584920214889,-0.030215928400937755,0.08539080343214525,-0.02345285074501728,5.670095406037042e-07
LIV,preprocess_Reading184.dat,2.371750838554666,2.3623318329973855,-0.537124706402445,0.08837648070297499,0.29906311867906166,0.14768193450605796,-0.18263229600970712,0.20388859638138465,0.001375908639873651,-0.01189052264418298,0.010065350531820567,-1.6298395851791362e-07
LIV,preprocess_Reading185.dat,2.4600302272759627,2.5436117861742424,-0.9567446828751739,0.018764603752214826,0.6205793795160341,0.6595841411889196,-0.1814821161353472,0.1151938924103646,0.037678318024181534,0.048352280801485965,-0.004736004549298007,8.457956315535486e-07
LIV,preprocess_Reading186.dat,2.5863985715878806,2.480047181189337,-0.8431293411240334,0.049967612425281416,0.5299519862507688,0.2765683261498741,-0.07665303538678903,0.1273355895273502,-0.07343023989059051,0.04978000656908366,-0.028853517559914745,-3.2325672286419703e-07
LIV,preprocess_Reading187.dat,2.319709129325099,2.494710230084383,-1.2982193891695044,-0.390386570210477,0.13042556683068454,0.5506062197593494,-0.06140417666400756,0.23855739088313668,0.012719536389377138,0.04128180356316023,0.0038864848612738976,-2.810615238036289e-07
LIV,preprocess_Reading188.dat,2.078668101805056,2.3832445616217837,-0.20702699192349483,0.06445009450638414,0.15184985034099802,-0.23545621635840175,-0.07616767751659054,0.025855220040445076,0.025777639609401316,0.026301155478250363,0.057233202849283446,9.053447806016894e-07
LIV,preprocess_Reading189.dat,2.136534837382265,2.3333624629895997,-0.6341182795267398,-0.5358352538279761,0.4974861925079852,0.21321631513936806,-0.08157237150912153,0.09949725801248736,0.009043667188475183,-0.11049237514895666,0.023240289744634823,-2.4928538275278836e-07
LIV,preprocess_Reading190.dat,2.4191788554256903,1.9724212747710126,-1.1652827366084049,-1.6928443464707008,0.19733224345286784,0.47633559136702924,-0.11781198463966856,-0.15919120787827887,-0.016780231509382237,0.006305214310985427,-0.005783589279455927,-4.89615920096227e-07
LIV,preprocess_Reading191.dat,1.7927197631630571,2.3179168582224916,-1.4908742709776632,-1.602647424698028,0.2857025821510845,0.8875500539108477,-0.23465773620312472,0.10802264295952041,0.042978744280724346,-0.02748367690995184,-0.02180425028378183,2.6660448858850528e-08
LIV,preprocess_Reading192.dat,2.5781543410522456,2.044880696313978,-0.7508288198657646,-1.2010068687167206,0.11990047301931246,0.11948395597134606,-0.1774487664504594,-0.024410075941388703,0.003388821767131095,-0.010845806396105339,-0.021451661745092547,1.1113666415598022e-06
LIV,preprocess_Reading193.dat,2.157952454009094,2.64418293886586,-1.3290208706360285,-0.8334664568840203,0.18125583665273864,0.4246068393896469,-0.07914364249079567,0.19028181529716437,0.06429262685229113,0.03214248579530469,0.0010643581767403017,2.4985190252889663e-07
LIV,preprocess_Reading194.dat,2.755016678749043,3.1502800362960546,-1.0056874615151177,-1.0596599045776136,0.6830983253918375,0.09085370216357662,-0.11937515217901352,0.19505701510269974,0.04432942413681618,0.05359120614001078,-0.0007538203334882984,-2.454278981824166e-08
LIV,preprocess_Reading195.dat,2.084064014806698,2.001204093481469,-0.5899395995141717,0.9683394432325682,0.09365226689610248,0.27704424160829333,0.08826911968280887,-0.11728748615977135,-0.01665611791763637,0.049558270104087906,0.052362660817872955,-6.929025862109974e-07
LIV,preprocess_Reading196.dat,1.6827443334974035,2.374199017886945,-0.45273424542941654,0.08610038280734016,0.1476838263300895,0.15939393399466545,-0.06395884950450821,0.3421312931400116,-0.09950881884213418,0.04152213075079021,0.06195351936629856,3.1715150859488015e-08
LIV,preprocess_Reading197.dat,2.3054037973184167,3.053685884743692,-0.649542474760411,-0.6107362617554518,0.5169367297886335,-0.08521446424924826,0.057961474466028964,0.20745559467156352,-0.04206831339641146,0.05515750760577666,0.03951107287250269,-2.2481947843896065e-07
LIV,preprocess_Reading198.dat,2.3193778445890945,1.7219385013542028,-0.5642791660855663,0.09055267902422909,0.3146754669232246,0.505065243951962,-0.06253004756603499,0.2150122173461748,-0.046984669306630866,0.0299375756594157,0.03600450263538653,-8.872858123061184e-07
LIV,preprocess_Reading199.dat,2.03006074679179,2.2606952615239284,-0.07803818064308968,0.7749038150304556,0.04813349725873107,-0.04633131914398199,-0.08282293201818075,0.6198066314072391,-0.05917939948048819,0.054811783087352725,0.10241914258321744,1.8179035807387892e-07
LIV,preprocess_Reading200.dat,1.6512345801674662,2.4086150751234547,-0.3967018454314958,0.40206358783173796,-0.008119622914464806,0.11289984602470166,-0.06851633398197875,0.28721302338337446,-0.05400893202365067,-0.017553403834270044,0.016099949328665104,-3.36840098517304e-07
LIV,preprocess_Reading201.dat,1.6493903320395915,1.987592026427451,-0.4180784925781127,-0.2587754584580935,0.24514584264144645,0.5089251679077901,-0.3412931615194485,0.13879698060291662,-0.041290450678007504,0.012879469693256445,0.07676321661925259,-2.316581438342607e-08
LIV,preprocess_Reading202.dat,1.7189963766328544,2.234266210278772,0.6551501316309722,1.306389382363693,0.00025046151542186616,-0.8927397084264544,0.05753591862102884,0.031165461492884725,-0.039697563872782664,0.05022750245621044,0.055150309977800446,2.5823452356188365e-06
LIV,preprocess_Reading203.dat,1.9005629397134807,2.6803470023751594,-1.0747526785803823,-1.0300668817842034,0.21397569160573326,0.5143742283259342,-0.2840338810388482,0.4307922131605032,-0.03314375210722194,0.019451849962084627,0.05800401666620914,-4.7375705890278095e-07
LIV,preprocess_Reading204.dat,1.2772730482614172,2.692949023869566,0.0017941063081872415,0.15218024286144047,0.5320242900614077,0.30950099575444506,-0.4623721907558411,0.32432096188688614,-0.03220641626158773,0.019485803357071268,0.06939305340867716,-1.5195144406759387e-07
LIV,preprocess_Reading205.dat,0.9414157883686127,2.909861109880112,-0.10528383153870374,0.15538860925151415,0.07977630485429626,0.1611338781308742,-0.4853890702897484,0.1478696375542804,0.09582922202221873,-0.0626029771806134,0.05014549344016251,4.2780470325710877e-07
LIV,preprocess_Reading206.dat,1.6244569511848235,3.205483622481108,-0.3137351818633677,0.02381358132228014,0.12205191144869747,-0.23657936059185367,-0.1918966354870669,0.42322844091492734,0.09346917448611185,-0.00813498960645391,0.03850655028289717,1.4584820485044411e-06
LIV,preprocess_Reading207.dat,1.2800328048903806,3.1834687804242088,-0.4121883291604801,-0.14680443012734595,0.3497823123707363,0.29199459164439956,-0.46947323341269004,0.23221517275096756,-0.029239670687396514,0.011488366659016801,-0.0202074802164236,-2.792851460565155e-07
LIV,preprocess_Reading208.dat,1.582735775909096,3.4854371136160234,-0.4790352707774165,0.41173465515533075,0.34429036698561233,0.09895920662211215,-0.18399079419560638,0.13571635272864602,-0.07648051622427014,0.06354988802822437,-0.023658991494025526,-1.3081988669881487e-07
LIV,preprocess_Reading209.dat,2.17670030778953,2.9868410005852164,-0.09877037501827987,0.6123580219164437,0.18919217024685597,-0.6823554530379063,0.022281602940402725,0.7583054018088669,0.08689466171567867,0.04680008511490995,0.05901164023565271,3.5272190369385276e-06
LIV,preprocess_Reading210.dat,1.4725928405038045,3.5330340815642582,-0.1969993178733668,0.9697393051277263,0.3862615348243176,-0.1420664476938405,-0.011659371853729374,0.41528195497710363,0.11981950533525182,0.01724287061668998,0.010779872436381989,5.527225266186202e-07
LIV,preprocess_Reading211.dat,1.3336647553089747,3.334712571319595,0.04047494209193246,0.44388361217604755,0.32759862661045225,-0.3507461147359313,-0.13772108236187625,0.5089085209081198,0.07616282236151703,0.04275524715943981,0.06068980058160777,8.130482591830076e-07
LIV,preprocess_Reading212.dat,1.6158233616608495,3.4018916733208138,-0.2902990164420607,0.2479467679800494,0.4768244881695614,-0.15763189345529524,-0.04129028946595606,0.5114828189671836,0.07454502643293578,0.0335532201788364,0.0488734686107649,6.249119934357004e-07
LIV,preprocess_Reading213.dat,1.626954027674185,3.247616009496909,-0.24958484585931504,0.10192172257118834,0.251080043152152,-0.3431934956321807,0.07575344193836535,0.5031787549127386,0.022903516465736934,0.01139240117272431,0.04992067038646239,8.032359614837414e-07
LIV,preprocess_Reading214.dat,1.3708318828481452,3.3195486296562686,-0.9404359932883734,-0.20422663598056412,0.06903736191809137,0.22221081058469763,-0.0973395476132964,0.3867570308121882,0.01829714257461453,-0.008092679590201088,0.032491182512269075,-5.109699677766617e-07
LIV,preprocess_Reading215.dat,1.251690805368031,3.3879820284001476,-0.7504796733400333,-0.6411031790968712,-0.036492350795984264,0.05077818722898196,-0.28595642643440095,0.5092013621947177,0.09524669440842706,-0.006907137133039613,0.04700232464201344,2.65165607100345e-07
LIV,preprocess_Reading216.dat,-0.5197148338911947,3.229923562671347,-0.4928699036775545,-0.5701285240178452,-0.44171503418345326,0.30695932643633866,-0.4315008147638049,0.5240589044182054,-0.023179988532477862,-0.03688687997193055,0.03693438307951583,-5.591976983633181e-08
LIV,preprocess_Reading217.dat,0.26155209874111107,3.7923166652584688,-0.23521597569964547,0.43904263064538107,-0.322308192793438,-0.1795140099185434,-0.26727974823359296,0.4090095688149696,0.00893527057693574,-0.002024078857201997,-0.029002169836692362,1.069250612872376e-07
LIV,preprocess_Reading218.dat,0.7309233381529573,3.3906231154100706,-0.6976017841092638,0.3134971836137127,-0.06435119920414381,0.28467545189438687,-0.011728096748035354,0.21489594281825408,0.04680801306350021,-0.05632588918517775,0.02431040814896856,-8.520083115772599e-07
LIV,preprocess_Reading219.dat,0.1407963508704884,3.860732274393563,-0.1519131136636688,-0.4459873341525978,-0.15127044554373564,-0.41943970593398444,-0.03657129809910789,0.14273973931973852,0.20632392346050116,-0.08459942123533849,0.026645618304059027,-7.917544555310058e-08
LIV,preprocess_Reading220.dat,1.1456267253543944,3.480094109264123,0.41312395646287764,1.8937576188598215,0.07931632308057297,-0.45627069852958707,-0.0649037076217326,0.254178805182872,0.01993945266617886,0.03979679602721927,-0.007531741537688322,1.569464256324733e-07
LIV,preprocess_Reading221.dat,0.6889052224064965,3.0567722447143932,-0.45627160594864613,-0.2640365600574789,-0.2641106170241566,-0.09630848211065447,-0.06363827891146824,0.35969843232185267,0.05766713441242987,-0.05452703479314308,-0.003903007553309114,2.965423661835749e-07
LIV,preprocess_Reading222.dat,0.4260055228032369,3.078176301890148,-0.22589866097418404,-0.5606972658065625,0.09246212369357563,0.006559754923665434,-0.10175906804535127,0.3236560633743292,0.12354586005927586,-0.11303045230156038,0.018596938486201715,-2.2688199741447828e-07
LIV,preprocess_Reading223.dat,0.6223425460473387,3.1077417220319736,0.14807434758320442,1.1784418292306154,-0.23126463094861777,-0.12025438398438754,-0.23834352670734005,0.48483158788290565,0.2681492288373738,-0.08606057647416653,0.06326496615975725,-9.54283512295697e-08
LIV,preprocess_Reading224.dat,0.3533861513806177,3.014460039272,0.17914754837147978,0.45593914108149863,-0.3209124647352171,-0.23318932697606973,-0.10785865942959921,-0.07276015257519602,0.022401562591931996,-0.06871485565040243,0.026776315459803128,-4.7670911440580756e-07
LIV,preprocess_Reading225.dat,0.15279577578995923,2.6149375154742516,-0.2574084842792776,0.642489443698383,-0.24618985114446254,0.48373691029740445,-0.18456710539257237,0.17688115049513253,0.028161148839661688,-0.012236117572965631,-0.02699318297304906,-2.1948572743710023e-07
LOV,preprocess_Reading1.dat,-1.9484843033221564,0.1473393097129427,1.2828259991034916,0.6088864971049238,0.8166164594664094,0.36434432416209217,0.22029850315963292,-0.11820648441479964,0.05717175305923153,-0.07173170300650544,-0.0016015692441246308,8.430894296784989e-07
LOV,preprocess_Reading2.dat,-1.0255324353904496,0.750180496410883,0.8587944994540693,1.204727913017368,0.831694243025763,0.37629792509514753,0.22185342838312624,-0.08208422293930624,0.12054355675429392,-0.06016365949429199,0.003702377936865055,1.2553355056596578e-06
LOV,preprocess_Reading3.dat,1.4325686420230166,1.202721575390568,0.3270580452942432,1.3380329774892183,0.5229454906654951,-0.22051697305754211,-0.06475398673536291,-0.12047209327068631,0.1901434925364379,-0.015636036736318977,-0.03402126301261008,6.013745811062175e-07
LOV,preprocess_Reading4.dat,1.4497349072495958,1.72337949192705,0.3687116821354652,2.0340864638348424,0.5395241872067791,-0.13403475186591093,-0.1350980528757125,-0.2541916935006527,0.11810629316100485,-0.008893129700046867,-0.037311120268217,3.06540680761098e-07
LOV,preprocess_Reading5.dat,2.2315138783114863,1.7920899076333017,-0.8504940285401361,-0.056219753256334645,0.6940999338167543,0.1132052449073322,-0.04515323426498943,-0.21981006995017502,0.08178258440350905,0.045237972517727494,-0.07734912828739728,2.9407438465002283e-07
LOV,preprocess_Reading6.dat,2.361465990004283,2.262576745099375,-0.6361113917461005,1.2821071674088726,0.9335626676095257,0.08769491658305843,0.02417906855557908,-0.12956135129483148,0.08979093483341571,0.043807822739143784,-0.032815007317231464,7.081412447301456e-07
LOV,preprocess_Reading7.dat,2.610856120780222,1.5689693108780078,-0.46357166727689036,1.5696416356740859,0.9192836110953678,0.35672391464854813,-0.1747453549428514,-0.2706301320685022,0.0034363957718734728,0.02993928388171293,-0.03744125718418932,9.014304070542237e-07
LOV,preprocess_Reading8.dat,2.4432468730760277,2.1757787537760804,-0.3514031703929635,1.7012444811711347,1.372324380612098,0.1607968417154885,-0.05774816025244796,-0.4661566129067535,0.07955898650630688,0.0317541603494262,-0.015475660981508379,8.165068564670379e-07
LOV,preprocess_Reading9.dat,2.133590064803503,1.8900705243366631,-0.7341208778415198,1.7210771924604427,0.8292498562259109,0.43273342366661766,-0.07573268043532984,-0.20658083317408352,0.07682781566258226,0.013483738222523554,-0.030067657952708274,1.0490860410931975e-06
LOV,preprocess_Reading10.dat,2.172642621732164,2.3699680269738335,0.0021840788460124826,1.6468003403839178,1.0930809028818838,-0.309362024197991,0.01739598555776089,-0.3072263440363035,0.09104269521615536,0.05622671988249971,0.0029928538397141135,6.87105926201874e-07
LOV,preprocess_Reading11.dat,2.582257831621718,2.0186001033076453,-0.6042791352303523,1.32833295199238,1.0885259880481277,0.3005635238885369,-0.08648450585179976,-0.2513106345525664,0.08269821170216873,-0.09752331377702313,-0.03848909178984099,1.0793494038387904e-06
LOV,preprocess_Reading12.dat,3.2944573459639774,2.019593392086288,-0.7784431094183208,0.9928707539893878,1.0420012037786954,0.25455814345654126,-0.08560694247699847,-0.09319791801612952,0.11058830915356299,-0.03592689591908361,-0.024589714228878137,1.549548676855997e-07
LOV,preprocess_Reading13.dat,2.666190233545726,2.1081583811163735,-0.5766715380871072,1.743451008022051,1.081607759409882,0.39862675382819013,-0.028861555416145518,-0.17822775340341027,0.029347968305024334,0.03694269554838847,-0.021339964395273976,4.532123466986374e-07
LOV,preprocess_Reading14.dat,3.2525118665677537,1.8205798731097076,-0.7611420568336241,0.726763567431172,1.2720635581238033,0.4596804586845846,-0.1043020171444948,-0.1564481179362623,0.06058563708841929,0.034672428191991275,-0.0461882707997165,1.467639417820008e-06
LOV,preprocess_Reading15.dat,3.516108826325794,2.071403568487994,-0.4883754455804692,0.9771151399820278,1.2024592813523591,0.04611093148563303,-0.12772502546360473,0.11190665469307375,0.06122899511933687,0.06577469383215762,-0.09012070290830936,4.977458869164069e-07
LOV,preprocess_Reading16.dat,3.0263635251263596,1.8132023768870968,-1.3111985494612242,-0.14478696656040937,0.691533517701713,0.7107272360434705,-0.21105492657595484,0.018744127808370446,0.07474847346780071,0.022869916141287895,-0.03313316914638207,9.376426584912786e-07
LOV,preprocess_Reading17.dat,2.3315993640199673,2.022255772189721,-1.3423196817327636,-0.36936183260351996,0.21189296448839465,0.5833226596961478,-0.1918744800803776,0.13438586560228852,-0.02545093194718374,-0.056032766258411144,-0.02922131960375451,-2.3670795406348395e-07
LOV,preprocess_Reading18.dat,2.213412022980154,2.305411783107669,-0.8725741239632168,0.7008638209709437,0.5815432673569028,0.37746387229201733,-0.18608491125516155,0.0696422283169674,-0.01934543911853095,0.04355662161071936,-0.02487864515099808,6.635953381627759e-07
LOV,preprocess_Reading19.dat,2.1660315413588997,2.958713366094844,-1.1904830737859287,-0.40384641419795586,0.7235981638417924,0.3423324105434896,-0.19812518482530045,0.13890205015281004,0.164378311559758,-0.021463914997708698,0.011184435285789827,-1.3386561914833814e-07
LOV,preprocess_Reading20.dat,2.303563353247334,2.715233795379253,-0.8572780298166598,0.18155991945238273,0.6655101831842604,0.32888945367658645,-0.2658790438599653,-0.0565366419117256,0.09369059369386197,0.03233518831703235,-0.02996112978248455,-1.5876006967342967e-07
LOV,preprocess_Reading21.dat,1.7963503277541701,2.625377217069089,-1.333715910347091,-0.7684956159102245,0.6500375744167785,0.8257491921483744,-0.4268463859727955,0.04458683165075966,0.13111357157840528,-0.042990441880776026,-0.005685238018204312,-2.3689535945258112e-07
LOV,preprocess_Reading22.dat,0.9732339685247191,2.7217418409334635,-0.9120950748471759,-0.06274466004776977,0.32042865772679874,0.586851970903446,-0.3286926420895207,-0.14109482449264865,0.03537229187702519,-0.0018310299958106682,-0.02779299793240779,-3.956385988142963e-07
LOV,preprocess_Reading23.dat,0.31795857947069556,2.561826689913828,-0.9978247578124263,0.24495253800353034,0.08143189436421625,0.7777875881256325,-0.2757243196508737,-0.2838257813753689,-0.0005475667755383848,-0.00925511467913864,-0.03381739757010423,1.1661235791292941e-07
LOV,preprocess_Reading24.dat,1.442744225883207,2.401412400703354,-0.8361625187313984,-0.32555110711004526,0.25347904599318455,0.4469619435854936,-0.3663516627542943,0.04721888872473258,0.11448433075632658,-0.10170475162335989,0.01607291091678148,7.127919358197036e-07
LOV,preprocess_Reading25.dat,0.8283271463728288,2.3746677294842673,-1.3124105509013417,-1.2735277936064753,-0.030462877596468634,0.7489830731018247,-0.38531707340723875,-0.01747766470005744,0.1517198683336849,-0.03157452588591972,0.011173669790583618,1.972227992683893e-07
LOV,preprocess_Reading26.dat,0.11543012610344881,2.066226962371789,-1.1121902455126902,0.07861605108769418,-0.4186591114441068,0.45526631505504167,0.164001814308423,0.019648517624044584,-0.12527614892493652,-0.365698212947937,-0.021157332443084605,-1.2329482593996995e-06
LOV,preprocess_Reading27.dat,-0.37992328392577834,2.158871803240035,-1.1264013445097536,-0.001205962264745154,-0.8099176778126383,0.5890824395790349,-0.22442735128733493,-0.237346518003634,0.15639943600195616,-0.10260217849080686,-0.021643898899016672,6.865081122956954e-07
LOV,preprocess_Reading28.dat,-0.0884035583716113,1.7359954172629337,-1.0611822971484361,0.06859667511518208,-0.902171246795965,0.4547380074632938,-0.2249165951720043,-0.05806725137169871,0.03569393542316829,-0.0699632070747264,-0.04677846682619041,1.0003423271898267e-06
LOV,preprocess_Reading29.dat,-0.10143616429821249,1.2250224929146862,-1.1044759231877481,-0.49728889253109876,-1.1790855834583547,0.4775699152078274,-0.24836769727417532,-0.23436427399520138,0.006097604268586288,-0.046265723723105306,-0.06743327520399746,1.2255867057786326e-06
LOV,preprocess_Reading30.dat,-0.03240851807539854,1.4189189106841205,-1.3427509408156708,-0.5345813892269797,-1.2796748814530674,0.4667387806821071,-0.1256156096941588,-0.0762950073098558,0.13466367174537397,-0.079118679477018,-0.024973139244598427,7.653816622955611e-07
LOV,preprocess_Reading31.dat,0.5180848084308498,0.9059597386842855,-1.1851113387142713,-0.7832395782045727,-1.2362704216474192,0.23277846409185057,0.2079258209326246,0.05700608777459132,0.0476883072796325,-0.18078251365600773,-0.0052371438182243655,1.4241746482555219e-06
LOV,preprocess_Reading32.dat,-0.7754915048291159,1.6809857770707144,-1.649775987098886,-1.6064232177430922,-1.7443266772714503,0.28787290442195845,0.23023583472929765,0.2978707415928313,-0.06656509865076922,0.012482407117905143,-0.016346114774959564,3.469930394093072e-07
LOV,preprocess_Reading33.dat,-0.8192255730793522,1.7346293429986273,-1.4213583599158255,-0.8926909906921484,-1.6950742399241685,-0.043874443627570855,0.4953246964092151,0.024676362042164283,0.14649904054952614,-0.24332710493745643,0.0379341304689704,1.954665555924136e-06
LOV,preprocess_Reading34.dat,-0.29328136074300293,1.0164352604835838,-1.1664159693273706,0.34166472652912855,-1.3092734715826055,0.46201710219013525,0.3758179959331723,0.1290830134904721,0.11687437978719,-0.08605463264307155,-0.005553463159724719,2.0362706929366917e-06
LOV,preprocess_Reading35.dat,-0.7599437256713993,1.2754000990979233,-1.0620699154947828,1.001922123804842,-1.3818118955125627,0.26473159048845374,0.4838698407690478,0.18303961567766208,-0.06431990088705733,-0.026407050341575488,-0.07881158929389744,2.1474469175294407e-06
LOV,preprocess_Reading36.dat,-1.1340454642788993,2.1056638779968746,-1.6105394248282274,-0.4870573019115553,-2.0945233478977956,-0.2790976643801359,0.7660740991824453,0.07069893959181271,0.09666541929679663,-0.016837710946020712,0.030523502297351773,1.6624544851031035e-06
LOV,preprocess_Reading37.dat,-1.7244069872847994,1.9320378626126995,-1.4347809354510663,-0.27740123524315763,-2.2313946864566536,-0.33662512590288896,0.7534858675174066,0.12130714635056082,0.15569779353429736,-0.011248029819333727,0.07271313312075513,9.478467068101447e-07
LOV,preprocess_Reading38.dat,-0.5973605489400033,1.401314414342152,-1.5843584324487157,-0.31290125052478135,-1.7048770960797623,0.09523081587314482,0.5897290365055353,-0.10312194530676545,0.02769099509346704,-0.050928228515641556,0.0545096007483792,1.8052834974233008e-06
LOV,preprocess_Reading39.dat,-1.1845716193220779,1.3070926059749313,-1.5198983360886833,-0.34695851883148454,-1.7390733704095744,0.10306335247723741,0.5737838248281818,0.0380336392602164,-0.019584142892739933,-0.09651705147681221,0.017001134235243662,2.628109021742453e-06
LOV,preprocess_Reading40.dat,-2.4327762946996736,1.3189667147476645,-1.726233427923789,1.442807154410349,-2.0160322851561694,0.5412901990613087,0.8199334060625779,-0.164440616311278,-0.0634334735079497,-0.15784037502947976,0.016175290624617186,5.717210945578043e-07
LOV,preprocess_Reading41.dat,-1.5648382817802209,1.374109397449519,-1.093840151127271,1.2991357480766696,-1.8452371674489172,-0.21474524996391814,0.9775018997689382,-0.2132673695018407,0.0710323444799797,0.002730436520161103,-0.0002032257049069218,2.2573303271805425e-06
LOV,preprocess_Reading42.dat,-1.5203389110541368,0.8976848279097047,-1.6600291120364403,0.4935357562961375,-2.0482214584498952,0.5678184777224512,0.9273270610076628,-0.25317557616908903,-0.059888918534078114,-0.0024157362087916814,-0.005864598246428788,6.549407057353455e-07
LOV,preprocess_Reading43.dat,-1.6149622097193959,1.3669819630163809,-2.319103661938303,-0.4152450480575099,-1.924204021144284,0.495937677104663,0.8425931668106789,-0.055207398352133785,-0.006609152485647929,-0.0018455291776811157,0.0011006989567459338,3.857780738490213e-07
LOV,preprocess_Reading44.dat,-0.6333864967265552,0.4984113782014693,-0.8830772427381995,1.3533632849570205,-1.5315769854850474,0.054739200819899095,0.6972385269877646,-0.1365899603064054,0.0008499514737587253,-0.11410245585796291,0.02173691189220641,2.2195032608481286e-06
LOV,preprocess_Reading45.dat,-0.4990865303856909,0.6477917047343577,-0.6958478815284822,1.0172357708790296,-1.776690655395539,-0.2017043511723781,0.6056609010479233,-0.22503347913121066,-0.04227739992341558,-0.015017644451144875,0.028608838073396255,1.2122222085363198e-06
LOV,preprocess_Reading46.dat,-1.453837881027871,0.16770126524516238,-1.521661219155146,0.4670693456028445,-1.5037535476626276,0.6167813034489328,0.4846079353283261,0.04491586158061535,-0.05804295832227049,0.026576158469888204,-0.0018942058033461421,2.0259354369433e-06
LOV,preprocess_Reading47.dat,-1.077268234001938,0.5920688120340278,-1.7953449063473255,-0.5828487997977988,-1.5083488078495673,0.352270358645902,0.9735198357764894,0.24655599790070495,-0.05630046576257103,-0.08492396836880817,0.0472140116423723,3.717234320262239e-06
LOV,preprocess_Reading48.dat,-0.5910277627430032,0.10662684909522185,-1.6372036351705135,0.8876804294364314,-1.445643259620979,0.7332273347224626,0.6868409611867726,-0.00790412492575147,-0.022751533105104697,-0.055916273029788154,-0.014738283803341433,3.135650607458823e-06
LOV,preprocess_Reading49.dat,-1.064720008924846,0.10742704773185167,-1.9580590328427114,0.6731601585825123,-1.3446789951044122,0.6909321016203305,0.7293177790002391,-0.009164674331373553,-0.0037986462875954684,0.06088661879440567,-0.007979524199252075,3.8060203282694976e-07
LOV,preprocess_Reading50.dat,-1.1966784069526062,0.07143722405773209,-1.135327019306829,0.45978249517568104,-1.189274018442434,0.5000171181418644,0.7490583520081708,0.08609253212896234,-0.14824653143926653,-0.09709744890616583,-0.004982429529880452,7.524602899109533e-07
LOV,preprocess_Reading51.dat,-0.20089509310388814,0.4492890632813172,-1.2020414449367982,0.7100704938129709,-1.4226907119900851,-0.14660937982253383,0.744593172332924,0.03338046273013039,-0.026993204307577044,0.03725217304071315,0.004069081907241604,1.4092883049695456e-06
LOV,preprocess_Reading52.dat,-2.5669701277119183,-0.08595398380753141,-1.2861288267523259,-0.03103313190889791,-0.9917309868193153,0.8339257627985693,0.8635951915981409,0.10945724082492686,-0.18600790197661488,-0.07871421396034337,-0.017051918249050682,2.3290919472807366e-07
LOV,preprocess_Reading53.dat,-1.734709751650709,0.8128028787769528,-1.4798790016904064,0.25762253211292135,-1.4189325921580873,0.39540526893795713,0.5382172154536029,0.03100384044503936,-0.1372844044702555,-0.014619962072984593,0.0008882288126591276,2.5221951295577777e-06
LOV,preprocess_Reading54.dat,-1.9554948409368198,0.5936732486236027,-1.0306149328405965,1.50443699555034,-1.3728080308079884,0.49949643293884255,0.5159840449064814,-0.003326115957233594,-0.0815543319971628,-0.003483010650301915,0.03282593291866717,2.1782717573941853e-06
LOV,preprocess_Reading55.dat,-1.9497678861764656,0.17869953874785707,-1.4813613364280585,0.9503023966447478,-1.0314127984520465,0.7904057915576707,0.7372046695802852,0.0645473302687615,-0.026681766163900052,-0.006707271073309148,-0.0164586075996189,1.8709191985674008e-06
LOV,preprocess_Reading56.dat,-2.3534357398095374,0.3798144585236266,-1.4516302352616337,0.001857681844548526,-0.7839121682336124,0.8333287935643702,0.6118902886893027,-0.07353248124435662,-0.16019919384464834,-0.05838759330456247,-0.009613969969047256,3.31507577514561e-06
LOV,preprocess_Reading57.dat,-3.5419879244980836,-0.18682739512609167,-1.0702864313763811,-0.6192989560243316,-0.6229502453153971,0.7558154836398409,0.8794979033438375,-0.11538100465609336,-0.009821129778576673,-0.016100735168706203,0.00572425931929685,4.5084409710573477e-07
LOV,preprocess_Reading58.dat,-1.819941496916339,-0.5628963283864233,-0.8476527335409499,0.5683798348870738,-0.23231653778233918,0.6951363344818661,0.6855428763794349,0.0022826516337446146,0.008484569395264624,0.024215223240310807,0.049717153896970415,2.157148009899058e-06
LOV,preprocess_Reading59.dat,-2.3016773623713975,0.9004292487495607,-0.5696737142368351,-2.0245056193866477,-0.44218427756682854,-0.06628168011076134,0.3930761280055661,-0.052776043425711176,-0.20769043110544014,0.09526033902179962,-0.012944293458236411,1.2694471704188752e-06
LOV,preprocess_Reading60.dat,-2.6982391586713934,0.1335032400159263,-1.226563702728485,-0.4023441160916893,-0.5723348372543157,0.4692404477967726,0.6954902137084321,-0.20766517096870205,-0.14820717388061036,-0.14180899155008608,-0.0003894293078049739,4.2455356429476856e-07
LOV,preprocess_Reading61.dat,-2.548025991296356,0.0063146351548699214,-0.2690215931484092,-0.12868407863695777,-0.4483554487146644,0.5520142173147004,0.6077197344757338,-0.06995222208609034,-0.2739395546603841,0.06774434883560793,-0.05643386435223106,-1.5544146755000956e-07
LOV,preprocess_Reading62.dat,-2.4887359430856346,0.1179766369253456,-1.03316387732069,-0.5121796621502727,-0.3039062992990894,1.2594016851525187,0.401931395550448,0.1582281130581667,-0.06373013936335861,-0.07568970459763541,0.022478625333411748,1.5383473989876787e-06
LOV,preprocess_Reading63.dat,-3.065373593910051,0.42846048155322386,-0.2962838914946073,-0.1779593541620975,-0.3261196240990329,0.5476633186884546,0.3183144351967749,0.11050473558628116,-0.09659699948194561,0.04656424730990553,0.023255663484757175,7.3424877068802464e-09
LOV,preprocess_Reading64.dat,-2.1464399832682366,-0.17272976638516502,-1.027137550478653,-0.006968337811639564,-0.17414130649922985,1.3217087434760273,0.25970675066348,0.049874847403281186,-0.115484890846297,0.0717019083024111,-0.02113825251684092,1.0829886321450708e-06
LOV,preprocess_Reading65.dat,-3.1418450996918033,0.6913762169512969,-1.223771060295831,-0.033885205753424165,-0.5742686543067136,0.9270937971482078,0.6823604561146956,0.10774826142291427,-0.26026930946575255,0.12604982785696858,0.009434596027203167,2.0038795438398844e-06
LOV,preprocess_Reading66.dat,-1.4263627804865926,0.06515311500823726,0.12558905687152266,1.9121354824845613,0.14315968691801795,0.8832351020041687,0.43271868756665305,-0.05977864225461342,0.14395984945217905,0.009741311928105892,0.04465571785050743,2.384238168234277e-06
LOV,preprocess_Reading67.dat,-2.5392179448350247,-0.2175070376768399,-0.5181358228972801,-0.005221279202286667,0.158084533121878,1.6468074912532433,0.2802889866311135,0.1900989950458455,-0.18595239405840486,0.003068056997541816,0.027089760515900705,9.145711610536722e-07
LOV,preprocess_Reading68.dat,-1.655014737876592,0.24364566059835693,-0.9563972928676766,-0.42499252476701604,-0.012851545271520623,0.7927825865001017,0.7896166084264757,0.2746702152885273,-0.04908161083537956,0.08400015128147352,0.061915471228661145,1.4463495045001914e-06
LOV,preprocess_Reading69.dat,-2.370752313654382,0.16407113219824912,-0.46781406890050165,1.1366665250444785,-0.35818395284634,0.5808231654831552,0.4462953563982871,-0.060575881276517765,-0.16028260297291896,0.11284020218270309,0.021797958191846795,4.106338937873301e-06
LOV,preprocess_Reading70.dat,-2.2001711241364235,-0.22621175506561575,-1.0309631834448596,0.004024320770723345,-0.06263619661883485,1.2240468687678436,0.717262374112708,-0.0277180526162523,-0.1880426318679462,0.08540762802196991,0.030626442598917388,1.5464266918904214e-07
LOV,preprocess_Reading71.dat,-1.4340845465179606,0.03824398053416513,-1.1197207924300863,0.08388869087025405,-0.5339930770679441,1.3473780075442392,0.23384258180960976,-0.14492052103171105,-0.23262236838064934,0.07226596363255947,-0.061253330279000394,5.139751444806971e-07
LOV,preprocess_Reading72.dat,-2.9876111528628218,0.11852699124559862,-0.7840337269295868,-0.3975311281958262,-0.46500861354618467,1.3373153826485826,0.5011917941760892,0.026880358698186196,-0.09723806961215413,-0.0815731965338584,0.032753677355304066,1.432007766961985e-06
LOV,preprocess_Reading73.dat,-1.8698857697994262,0.44695123109749935,-0.9533907492359803,0.9219621905828134,-0.9764814567660387,1.0102703286288475,0.24437151922761075,-0.15454797627919534,-0.12894753152705724,0.08512278468652022,0.00919145490875056,8.296192750423973e-07
LOV,preprocess_Reading74.dat,-1.958278763711726,0.2801033514407201,-0.691646397801826,-0.4569628797421831,-0.5678098039703949,0.8893373202487955,0.04231828597413744,-0.30443944839082815,-0.15217666437819086,0.05310677418422531,-0.07898580177137224,9.080580299633544e-07
LOV,preprocess_Reading75.dat,-0.6222185453633265,0.3314032628080945,0.9134872618634694,0.8812157480328432,-0.009679576716957123,-0.7250542788836292,-0.008290470688964482,-0.1554771282085793,-0.21672029912509105,0.11614901744384193,-0.057623837645416946,1.0400495213206227e-06
LOV,preprocess_Reading76.dat,-0.7568467540753008,0.7613137188275848,0.3396567632665621,0.28404666005586293,0.7314655822058994,0.7929542213054254,-0.03814850674329238,-0.13619221848743224,0.13842854584356581,0.01963650664881827,-0.0020065865601548256,6.808285264530702e-07
LOV,preprocess_Reading77.dat,-1.1904283874162378,0.7516074270150529,0.3316199235026326,-0.4797842073744892,0.9883397928102943,0.17014408185811494,0.24417447908222684,0.03623605624349922,-0.018960671058998627,-0.038294202027078256,-0.012591595969272977,-6.673588469970845e-07
LOV,preprocess_Reading78.dat,0.6231851119501838,1.066082340158303,0.27959639124241337,0.7258588540769876,0.31132655628500616,-0.10778568556702674,-0.017353467539945718,-0.32177229948151537,0.10913316379145828,-0.12048947025989545,-0.007360488047415709,8.598819302718578e-07
LOV,preprocess_Reading79.dat,1.049166592647291,2.001971445904775,-0.1395240041221586,0.09911028787272418,0.5908237136621552,-0.03137045959447608,-0.04393148571689845,-0.3951856276881845,0.05555249497525071,-0.012077480146222582,-0.03508749664594215,2.1254408305153604e-07
LOV,preprocess_Reading80.dat,1.4784510522560879,2.316770072257856,0.10599235740627617,0.3684218324173569,0.92113438619131,-0.4944071571236044,0.04344408832576648,-0.11130001304678601,-0.012748322286336903,0.031686330214922,-0.001278990090011603,7.401902527389118e-07
LOV,preprocess_Reading81.dat,2.195255224363957,2.440819927018258,-0.2970473069677558,1.0376036210044293,1.1421755979065988,0.05799946073314352,0.08588838201549595,-0.27257212759425536,0.03487850732430138,-0.002660062918577257,-0.012659247670839657,6.632927276421023e-07
LOV,preprocess_Reading82.dat,2.787825981976199,2.0491428355274945,-0.4684439733296042,0.7024867222635718,1.268566064455812,0.13670945180881094,-0.039786183690045315,-0.25105402824837425,0.13366753364086606,-0.0037502054923357867,-0.0375752255933379,6.498462518582878e-07
LOV,preprocess_Reading83.dat,2.9489171554745948,2.4851448047380287,-0.05636726328826382,0.5630173062772108,1.2558101660428815,-0.5406644820156191,0.03772931146286083,-0.2846067621878354,0.09617047524544167,0.04215794709289815,-0.006164453283635514,2.105425761350219e-06
LOV,preprocess_Reading84.dat,2.67216055084076,1.9004564646443616,-0.7110341170220741,1.4045195263310535,1.063539345893775,0.37097126692337656,-0.20436581393611547,-0.21738301357705447,0.06127316104976897,0.09696109006103405,-0.027026157228101276,1.0720732477439623e-06
LOV,preprocess_Reading85.dat,2.1077055296376708,2.310755750932779,-1.038691716922857,0.1808464517814224,0.9347333584935452,0.2796114523407775,-0.026592773759955262,-0.2435258275565281,0.018857912496814108,0.07557969563528838,-0.04561223325053269,3.074090723145841e-07
LOV,preprocess_Reading86.dat,2.360068794710369,2.486093332050996,-0.7184420411499426,0.6514496030482846,0.8444565475110665,0.12286717723184228,0.024004328648461578,-0.1645257436537307,0.09164869330135597,0.03692972726086372,-0.018110495083463147,7.919415397082512e-07
LOV,preprocess_Reading87.dat,2.9623277225912963,2.359542098163367,-0.6163138665878073,0.4526791325272263,1.4712241607942826,-0.20953856810124868,-0.01984402010749209,-0.08939231529906272,-0.006286274603428945,0.043554535598366785,-0.04699831037566875,2.627666837081824e-07
LOV,preprocess_Reading88.dat,2.844474036431874,2.13337985984676,-0.3733706372603738,1.2185279071553088,1.3235673908287744,0.03142805134684274,0.019920658404078525,-0.05896943517644,0.04445411067369865,0.01760647251592317,-0.01490971131997953,6.397815921435569e-07
LOV,preprocess_Reading89.dat,2.911855081693934,2.3475078717096154,-0.9785074188674769,-0.03785387347536049,0.9459737730536071,0.22230518380984463,-0.04525432404794476,0.07177982778172062,0.014430166156666655,0.0300319204309065,-0.05176143363082404,1.1103917557684366e-06
LOV,preprocess_Reading90.dat,3.1357555788032556,2.0760595501279755,-0.7491291131554705,0.7646291676139421,0.9778837595774338,0.31769075844870304,-0.1050741915646159,0.01589553529274992,0.08202908798645293,0.02980984476218646,-0.02102403841217988,1.2102883300130783e-06
LOV,preprocess_Reading91.dat,3.1719276899831255,1.9891388308740845,-0.967951945483932,-0.32160578513909893,0.7374649947984332,0.38802608194679306,-0.3100431844020349,-0.020325192716742664,0.09371740376329313,0.0286754407965879,-0.014442610343666479,2.196411779660615e-07
LOV,preprocess_Reading92.dat,2.6036505796609517,2.360428687808901,-1.0790592442577296,-0.855186684797507,0.532729374032753,0.20519154116369903,-0.23526351422297623,0.06879105201841323,-0.055724444048790726,0.011951993108177102,-0.00011504772784618106,2.1644392039913334e-07
LOV,preprocess_Reading93.dat,2.386846751248614,2.5125240220214953,-1.0878604319554157,-0.45490016672097666,0.6467230427701208,0.2545467052820342,-0.19588209433659493,0.20141566368717295,0.08420164197441066,-0.005094138735493744,0.007978823440028614,5.4711119965607324e-08
LOV,preprocess_Reading94.dat,2.190954394052538,2.7248816434102734,-1.1485875958550775,-0.034548203200817466,0.5976310797151331,0.4684826849162667,-0.20041437730097336,-0.05502992724791198,0.0696662794543695,-0.039650554571949534,-0.006733940788614094,-5.479590534975031e-07
LOV,preprocess_Reading95.dat,1.4361943688048138,2.9411935995758207,-1.0207984141457753,0.1944259866413852,0.3056806414074807,0.5255315951894223,-0.32968952285675335,0.08697038515249432,0.12116648010014369,-0.03864396243003038,0.0017547439349737666,1.2260591346973203e-07
LOV,preprocess_Reading96.dat,0.9507023125060012,2.803989409685534,-0.5102317513946197,0.8263102044603625,0.3529342240261221,0.2969900935979474,-0.12438811391196786,0.0431919199899817,0.09621240000286307,-0.09789472052792784,0.010271821044331988,1.887463714892762e-07
LOV,preprocess_Reading97.dat,0.15628674930904235,2.930533884056505,-0.7943974693960575,0.5116994591319671,-0.0850549203785207,0.37423805520842096,-0.1297892649846701,-0.17163127976103337,-0.06368695443250336,-0.06624103580041198,0.003981693387239563,-7.759547860669443e-08
LOV,preprocess_Reading98.dat,1.0233052380189926,2.4153754220414987,-1.2294760767366892,0.22660795019039023,0.19905475696050326,0.8178622180409079,-0.19156191030790493,-0.109769689331193,-0.013923777132652672,-0.02225221346243063,-0.02623278020145045,4.7994343849251267e-08
LOV,preprocess_Reading99.dat,0.2840344951165714,2.6299566805586942,-0.8133262119800347,0.1602045365416181,0.19610230802102951,0.5667526516847485,-0.15485825587482507,-0.16175690736038242,0.10965656614256139,-0.04817909236468341,-0.016458776024466562,-3.1010790432298834e-08
LOV,preprocess_Reading100.dat,0.9401741058127191,2.2500502073616158,-0.7067528274701806,0.7313689621803969,0.14160754955179483,0.49642902380385595,-0.14116498893853913,-0.0033227115573908365,0.10533060628674551,-0.042059777057348605,0.0226680381823931,3.4626667236152906e-07
LOV,preprocess_Reading101.dat,-0.014593845763755397,2.220428207118908,-0.7542137424606835,-0.2768500015628778,-0.6114781630078293,0.2909938852390396,-0.2119860377409372,-0.18947764477294415,0.19844293746984493,-0.11572982383970835,-0.0059210647666702336,6.262642331527873e-07
LOV,preprocess_Reading102.dat,0.21594544092249035,2.4144401416263412,-1.387543854156331,-0.0666670575919675,-0.6300447790575012,0.7976865695160131,-0.1413606019396265,0.07001829108959504,0.09717362016104683,-0.050471358004340036,-0.02566714037916432,-2.734564315563275e-07
LOV,preprocess_Reading103.dat,-0.345343144987001,2.5634142257153076,-1.0008976767530104,0.3337356315244941,-0.26749526316486766,0.6774721665541867,-0.15348736517079822,-0.33265549641561143,0.16763574106926782,-0.08659876980415045,0.0021186841665294482,-2.1266153115456443e-08
LOV,preprocess_Reading104.dat,-0.12165273290510684,2.36505041648004,-0.8747490004927487,1.2654406569959158,-0.541158521473262,0.5246468559785742,0.08898816642664348,-0.12421362388517239,0.10194850972608474,-0.02996554085378401,0.014319929931134517,-1.2679606995608487e-08
LOV,preprocess_Reading105.dat,-0.22836247482799443,2.101022761140222,-1.0385869861204073,0.3847338956716427,-0.8417335850870268,0.3444028992785265,0.12629013198721598,-0.006213164428784482,0.0952348316429686,-0.0665876801638011,0.002131165278754394,-3.6853011224939203e-07
LOV,preprocess_Reading106.dat,-0.058217471101842125,1.6001924549435116,-0.7773229424826851,0.9159372663442038,-1.187836786773966,0.33090326123647634,0.16273793481508608,-0.07452170418237426,0.1454940668088182,-0.017709518669976342,0.031078804960010014,2.75528734735135e-07
LOV,preprocess_Reading107.dat,-0.666049701782575,2.4536543047993074,-0.6734470839220812,-0.24709744749696994,-0.935236350765307,-0.1688196896723195,0.04075325109238468,0.0432775660481131,0.009439248100616983,-0.03239260046855504,0.006457999476668558,2.1476785536537187e-06
LOV,preprocess_Reading108.dat,-0.44499214433678563,1.4764958796424574,-0.5956766999471098,1.1862494146854812,-0.9314894258977278,0.3903943160970636,-0.1664793300904238,-0.10314838528698886,0.10476947687269289,-0.051957324069826116,0.04135888783755642,7.878397564538604e-07
LOV,preprocess_Reading109.dat,0.33527018070907216,1.3007031538448115,-0.9248620479079307,1.0702016581838698,-1.1342280850753839,0.5296699650237913,0.0429181918825985,0.02059106284432572,0.055237640321597614,-0.0012720901447402378,0.0629205700833242,6.435835281670931e-07
LOV,preprocess_Reading110.dat,0.08099622470680197,0.4528062477104307,-0.5349405428337599,1.2474954274438994,-1.1410640073136176,0.7182293266241423,-0.17143875075036225,-0.004082936011057021,0.09908421980972484,-0.11590465006268372,0.08352722515576046,1.0179686802784501e-06
LOV,preprocess_Reading111.dat,-1.6783122806422148,2.0049030747930336,-0.8798027013493245,0.4396144200436413,-1.567906822415814,0.2597529605499624,0.21069238390694095,-0.04157573757900151,0.08657179361903912,-0.06979908966162933,0.030575260261212597,1.7864730515455656e-06
LOV,preprocess_Reading112.dat,-0.9612928304829707,0.7450491272014633,-0.9909330032023609,1.284511343007761,-1.3556955753796778,0.7248716728468201,0.19091679494174607,0.11343554553338152,0.07963411628590739,-0.04915931912983011,0.017004306803884917,6.88151181765794e-07
LOV,preprocess_Reading113.dat,-0.21196021482376873,1.689805930357885,-2.0892309418925015,-1.0734517174345684,-1.7440483894089058,0.312100865307918,0.6629224326599974,-0.042120161968613276,0.08657587889450313,-0.00018364698483209693,0.051199326018793526,4.708159259696254e-07
LOV,preprocess_Reading114.dat,-1.8099109655660812,2.099638073506165,-1.5186147734339717,-0.49482493745148276,-2.385346035601616,-0.16074685517622245,0.4771013582739875,-0.24367591260977206,-0.01776886466931828,-0.03554025304002636,0.015421500848650014,5.834773873055391e-07
LOV,preprocess_Reading115.dat,-1.4457435887910461,1.8406864539449261,-1.2864892799558525,0.18101853749248514,-2.4539892200208784,-0.4432768551968945,0.7158649038801541,-0.0027583907265449517,0.09457054128736592,-0.0817767374385757,0.07577610261534584,9.775936729413838e-07
LOV,preprocess_Reading116.dat,-1.7276582741962156,1.4697534595273216,-0.707254322430329,0.05357933238156003,-1.6492450484235235,-0.002041043154780271,0.19844896751922186,0.03730385182604512,-0.05158408247212387,0.026310598593547008,0.0033634014842240834,1.7184745338005747e-06
LOV,preprocess_Reading117.dat,-1.2872650656062303,1.4455474002164743,-1.0444582575812074,-0.9013353514625398,-0.9984326312039414,-0.06905429280946086,0.21598132405172535,-0.1167628884434088,-0.02330502717682752,-0.02188923021438372,0.03107109584909815,5.505994895019232e-07
LOV,preprocess_Reading118.dat,-0.7391223127937538,1.08556637081043,-1.1726409498427586,-0.7058350959872206,-1.2967717512335595,-0.1515203074770609,0.752309657219854,-0.30022205921915046,-0.01662104825432713,-0.0177108796292097,-0.006193045086786367,2.2398498636641546e-06
LOV,preprocess_Reading119.dat,-1.2808680110731732,1.3931386722540424,-1.768635955665326,-1.3560071868792212,-1.4186236829421832,0.23441828922413266,0.6024888031982865,-0.2248364575162129,-0.18128992244806172,0.052307667249821284,0.0022761902750848416,3.9879961317591733e-07
LOV,preprocess_Reading120.dat,-4.281851898668817,1.263235036321092,-1.0794197883202081,0.21807166836022673,-1.7136957687121441,0.38975326634078294,1.0187062494429835,-0.037708788641836175,-0.16971553436114162,0.009679548302690804,0.05104169322856484,2.636828848296497e-06
LOV,preprocess_Reading121.dat,-2.0219419346099414,0.4113004670156848,-0.979440415129631,1.3926060149492832,-1.7277079821365608,0.9325766659692902,0.04023033968159607,-0.05387523163064672,-0.08973886131637955,-0.012652084523213656,0.013895375790010144,1.942250863853558e-06
LOV,preprocess_Reading122.dat,-1.9603601993753892,1.1743170754989807,-1.6144043128594523,-0.34602975159648547,-2.0707776288557698,0.4714508522771817,0.4326252573727716,-0.25601562911784637,0.02646990251532911,-0.1068967755851187,0.05614280435111419,2.4125112727570764e-06
LOV,preprocess_Reading123.dat,-2.185119049402042,1.2534930096963126,-1.3260069271152368,-2.0209723356818543,-1.2267201348957117,0.11451765457080121,0.3566561207638723,-0.06456330057046623,-0.007849301503733376,-0.07790359374604407,0.008600275918234292,3.884646643839644e-07
LOV,preprocess_Reading124.dat,-2.3436988110738155,1.5532507380646268,-0.9267468532318588,-0.6075352959056306,-1.474472731071861,0.14239050657840446,0.42636311255535625,0.01102973069702323,-0.2291736170222698,0.02683119498468356,0.0407956566214046,5.915144666502618e-08
LOV,preprocess_Reading125.dat,-1.8835221582368216,1.2327028829385323,-0.9461486418457477,-0.19432352455103527,-1.8633122800433768,0.06707413911202013,0.3742079266918722,-0.4758171906838569,-0.08531860412952405,0.008324438567471872,-0.17129560479416273,5.366749747788814e-07
LOV,preprocess_Reading126.dat,-4.343392729315348,1.940724345509625,-0.5998745534837685,-0.80715970583441,-2.0259161789472357,0.0499857163495138,0.20668862481440642,-0.04733451820403543,-0.09663694598500436,-0.05055173451376325,0.06808290638674132,-5.212574082667546e-07
LOV,preprocess_Reading127.dat,-3.3770799229209234,1.1134754463376784,-1.3783319227934678,0.6176550912540069,-1.6509333710161516,0.32606980574012506,0.7941678255959344,-0.22304433997435252,0.010273614926107165,0.12057393248238235,0.025896514030485016,-5.60217753925745e-07
LOV,preprocess_Reading128.dat,-2.5953392589736364,0.9694047294960709,-0.5015599630797645,0.13644725742887492,-1.1690265157573074,0.08699270275188224,0.49422647397376473,-0.21312236147020025,0.01901427027572671,-0.13901655992941425,0.00857165150108691,7.371736572540509e-07
LOV,preprocess_Reading129.dat,-2.957302073146289,1.7549357931275205,-0.8883176036660502,-0.006030366421011148,-1.040241111169786,0.7111342944751118,-0.120457634270207,-0.4442017714374159,-0.19800849832314715,0.08916747599823219,-0.041625455106607846,6.181312929761559e-07
LOV,preprocess_Reading130.dat,-2.6760591707338017,1.0771328819285646,-1.0497920577906779,-0.7441501110719267,-1.121096708824403,0.7815509388059086,0.3016138881007341,0.01240625420866942,-0.22142524686539833,-0.04500321220107043,-0.06101733645856004,6.870297424899543e-08
LOV,preprocess_Reading131.dat,-1.9328316275932695,0.1952322339527469,-1.122314275483321,-0.18394610503340267,-0.5066125159952716,0.6871048839414309,0.5463251929787051,-0.16658530268685487,-0.04759162583270193,-0.07290860923524219,0.029621595513521677,1.3005190117662322e-08
LOV,preprocess_Reading132.dat,-2.5431801048388456,-0.32173097684615065,-0.8765539544171046,-0.06591038834982214,-0.14818229125601087,0.7699174645781846,0.35661868649972017,0.21570242870426345,-0.06169406302870832,0.00897511574195239,0.05435211825668081,1.4713431898868567e-06
LOV,preprocess_Reading133.dat,-3.756224769515103,0.9225853695063061,-1.1409684955884614,0.20587942365519174,-0.9040034768919939,0.8228702706318057,0.6008414956125028,-0.42556733356129317,-0.009888069333077332,0.04597794177678854,0.006817343843290437,4.050764439189235e-07
LOV,preprocess_Reading134.dat,-2.8153682552204304,-0.1212865739438092,-0.8977333456246099,-0.2961043301230687,0.027393115425292408,1.4320576301446326,0.28008672031130794,-0.13727779631632053,0.011049222775975432,-0.0063223493658211005,0.008395461825249511,6.056894394506005e-07
LOV,preprocess_Reading135.dat,-1.6958120972400696,0.041377617423350596,-1.2240673344866029,-0.2530028981508553,0.068542989659922,0.8797430628471303,0.4170410008822857,-0.005820150289713121,-0.11992363693108085,0.04484569372940679,-0.03168522295682357,5.331548697990406e-07
LOV,preprocess_Reading136.dat,-2.6529543521111334,-0.3662486561729151,-0.8839206610008289,1.5176198626927297,0.06404663882092337,1.3107200850759562,0.3504585812540557,-0.2700669382609085,-0.22515175335783744,0.05210211023508216,-0.03273129571334609,1.4673778799316387e-06
LOV,preprocess_Reading137.dat,-3.0403758822202334,0.10323118245331445,-0.2082347517053866,0.08653447144509714,0.23012109416786697,0.6816362688723279,0.6699665207880813,-0.02273808014502557,-0.2794640903102006,-0.03612888317416578,-0.0012126725741643156,1.2965948363777165e-06
LOV,preprocess_Reading138.dat,-2.417451737162356,-0.33896193902128763,-1.1588399741146482,0.3360978915696261,-0.3207688970961584,1.22221340633893,0.3976517539106407,-0.03604155049009037,-0.06637672880947602,-0.12260980288197179,-0.03509721304036145,3.5878500573109504e-06
LOV,preprocess_Reading139.dat,-1.6526858912977143,-0.19050234978108463,-1.0594679273394463,-0.606675987162494,-0.3401080978812971,1.2228837213458725,0.1940108168656114,-0.08420824797222078,-0.15234258494013847,0.037845392877480066,-0.030225665735991916,1.7825292572149412e-06
LOV,preprocess_Reading140.dat,-2.750822592377478,0.2630108072437007,-0.6070104955517911,1.2781609105609646,-0.18614250804608887,1.4242205992831625,0.4137646248418457,-0.11995737401418602,-0.18588738506299504,0.07501865843064115,0.005898858406297327,3.257496079048822e-06
LOV,preprocess_Reading141.dat,-2.2598791511990144,0.402178570169909,-1.1341154698811367,-0.784888113201597,-0.13245532539492685,1.045915255314417,0.47334491177406396,-0.03783627958112058,-0.12547698494926082,0.05199746282867037,-0.028872293357070006,9.117663689458926e-07
LOV,preprocess_Reading142.dat,-4.268041444226843,-0.7444238265431032,0.4939645323036358,-0.20898852092417664,0.7013990925326843,1.0369683581304892,0.6308748167966002,-0.05578432910945424,-0.284103273281402,-0.0651930710792218,-0.012578465066594477,4.444936030291429e-07
LOV,preprocess_Reading143.dat,-3.0595568405095794,0.11962497012757098,0.10413239308975646,1.0509887398081836,-0.19612921034914418,1.0542427424773446,0.604036476225083,-0.13890753311651272,-0.2081401076785432,-0.0095165720865241,0.006768674550259096,-1.1462819766414547e-07
LOV,preprocess_Reading144.dat,-1.4952982121637237,0.47481712991137925,-1.0763361001665703,-0.5218356987913637,-0.22342805346561412,1.0769580061135766,0.21820644496001046,-0.11677384706605175,-0.06536409031006454,0.05533568098657347,-0.02777491790976579,5.597618905597608e-07
LOV,preprocess_Reading145.dat,-3.2502887443561237,0.23868688700155055,-0.8214615138841797,-0.9364701311102298,-0.05946866009729211,0.9178669794418672,0.49618118422379726,0.16210601837592623,-0.12067737146882421,0.020254805195557658,-0.007372484347367328,3.15936647490778e-07
LOV,preprocess_Reading146.dat,-2.7381254615869386,0.4102377130439311,-1.0476340488082314,0.8402298365869486,-0.5865493244155581,1.1552243914255567,0.5371057467294093,0.04697329936752911,-0.0805748583359822,0.026375532773418576,-0.012344448737996274,-5.8707345270136196e-08
LOV,preprocess_Reading147.dat,-3.6275410593176187,-0.8106432445981392,-0.5966627138564174,0.27490117182518076,0.7461677573872926,1.8676090869895605,0.9431688065613019,-0.002109140822572972,-0.30752184838528335,0.09154119872956111,0.00923364159634466,2.2936382024728153e-07
LOV,preprocess_Reading148.dat,-1.1453084221691021,0.5413064574321351,-0.8595296974151811,0.3090240064516351,-0.591060937570991,0.731438245731114,0.5980440566930105,-0.2777256698262074,-0.13631648416501713,0.07867934106348487,-0.04873325485027589,2.1910584618828653e-07
LOV,preprocess_Reading149.dat,-3.006533108711905,0.009843737088268826,-0.21058757210226045,-0.16486755426114238,0.10682903417760388,0.7771074372344471,0.44926074494141677,0.1151317570710114,-0.21225631573186077,0.09031803226207429,0.0555150283341905,1.640161787335509e-06
LOV,preprocess_Reading150.dat,-4.310155778730278,-0.16005915604750445,-0.7578658624576086,-1.073423180656427,-0.03384919665920562,1.3083009605585296,0.8716513196369438,0.024785378225744274,-0.12442861733842818,0.008856820878654003,0.024052156483431553,-7.514341136005979e-07
LOV,preprocess_Reading151.dat,-3.833871186002796,-1.75368137234707,2.2289159655923796,2.041151582615429,0.6292145322970838,-0.014164305358280848,0.5350414071118098,-0.11953290481296376,-0.01105715713300116,-0.6095254718869751,0.04263027863235874,4.2196780955229635e-06
LOV,preprocess_Reading152.dat,-0.9348451682432638,0.3132109524155507,0.7321462152484611,0.7268358734342157,0.28871686057070745,-0.08725208777139064,-0.24243867461963506,-0.21178918184320397,0.0608705349386789,-0.2338386625101192,0.03873059158056029,6.202322062085654e-07
LOV,preprocess_Reading153.dat,-1.4675966791662274,0.8805329059376212,0.6317386822969104,-0.3877150676070998,0.733274191999147,-0.7670130097370644,0.10984917958441451,0.19702948373201534,-0.2479613237249482,-0.29469517281721086,0.05488928782545886,5.270990673167144e-07
LOV,preprocess_Reading154.dat,-0.5384373139117008,0.7634962516084595,0.10522234664462929,-1.616883009581327,0.5658733566786122,-0.7016164507273382,-0.16290604282001706,-0.2364021124106223,-0.18423119635908852,-0.17918107727335608,-0.027024508900717985,2.4164222662657176e-06
LOV,preprocess_Reading155.dat,-0.6357054477549824,1.208544374901535,-0.4932915365334391,-3.0315146376475406,0.4108416367311431,-0.48228481899306486,-0.02311682016570268,0.08820560763772164,-0.19117740539403819,-0.19983541817245146,-0.025492065987522877,1.8293886848845946e-07
LOV,preprocess_Reading156.dat,-0.16140738633210888,0.8819667168106761,0.1658749252739827,-2.7428074435992187,0.5268538410660535,-0.8678762289447177,0.0320677828770319,0.055667953104143665,-0.05739352249163973,-0.24865696274848492,-0.061856902695937105,7.88633352042297e-07
LOV,preprocess_Reading157.dat,0.1391290364278811,0.5305413319786771,0.24067796354942927,-1.9265087116486286,0.387902375161978,-0.5558390234355228,0.0063288689060763586,0.111416164744553,-0.2851226846274333,-0.06270758233250918,-0.029893368342357993,4.742087843840021e-07
LOV,preprocess_Reading158.dat,0.4173878113072708,0.7153187013675364,-0.016284188795379042,-2.3167394777508052,0.21506090466424732,-0.35521525692612715,-0.4098905501188276,0.02941212830147556,-0.17042638099698204,-0.1599641282974807,-0.01468535108129793,6.70890093269525e-07
LOV,preprocess_Reading159.dat,-0.4008982117121771,0.9953484772530358,-0.08104677460378525,-1.8657601086669229,0.5699405785937774,-0.07162343060757408,-0.34984738179096697,0.06946175636364313,-0.20882269178519738,-0.055864633055175014,-0.006375358881360893,-5.4409932241738816e-08
LOV,preprocess_Reading160.dat,0.466822924239229,0.8860831548506961,-0.024533438533223616,-1.1829164232599803,0.5045793898549528,0.1514338971408188,-0.46931215781865515,-0.22870499479826656,-0.1988838979093629,-0.12077915294530882,-0.05036140911517924,-6.175718084829567e-07
LOV,preprocess_Reading161.dat,2.3360504946467975,0.3574398631700356,-0.16827555132183047,-0.407019296726486,0.2529743087125858,-0.09439284692627647,-0.15174180364308876,-0.15198337545652432,-0.11080109005280567,-0.008697744544568047,-0.029988729520078316,-1.4851241487057022e-06
LOV,preprocess_Reading162.dat,2.910306029440167,1.0350163261391114,-0.5834579820103178,-1.2042095269210877,0.43365511256097444,-0.12816164720559473,-0.11693024061449739,-0.15695173503811316,0.025432379585232364,-0.02321939449749106,-0.015955891778243844,-1.314448986273641e-06
LOV,preprocess_Reading163.dat,2.2541338117142384,0.8657484898263831,0.19134336786848327,-0.4973478906018346,0.4092253346508088,-0.6304610875220049,-0.20590394606970908,-0.2100877552239641,-0.021376579785152627,0.011520994265192225,-0.015653786546415895,-3.708448966990105e-07
LOV,preprocess_Reading164.dat,2.2633118963488945,0.6743185960172797,0.15833575427523877,-0.2502763690155539,0.14833441516753454,-0.5309450866452398,-0.09620918294272747,-0.007207374928751016,-0.02568772376043049,-0.07338094269180377,-0.029039775061817163,-1.0144845592442908e-06
LOV,preprocess_Reading165.dat,2.570931682576043,0.216861911588858,0.11029496824171584,1.0410614726244969,0.19253541813124175,0.006747619376562243,-0.18177597170628645,0.00022424991509387818,0.024183838871825274,0.00026976113715815715,-0.016493995964804574,-1.2162337393297542e-06
LOV,preprocess_Reading166.dat,2.5758754919505984,0.9510342141592646,-0.7259228003436812,0.19784768781161452,0.3946296115348339,0.27576599033277593,0.024819859051439325,-0.04519189546269672,0.060846839901470974,-0.027249072491882843,-0.04154924777679025,-1.0973751431732843e-06
LOV,preprocess_Reading167.dat,2.2026369393574905,1.5021429737028333,-0.3403325892010027,0.3842947259518219,0.5589142023203073,-0.17112318451491454,0.05970789482439317,-0.06158766643808248,0.12321595617178381,0.013800686700698778,-0.0028941021886228053,-8.488602420025175e-07
LOV,preprocess_Reading168.dat,1.3472674306598384,1.1854118668544087,-1.3577048551748887,-0.955366511430668,0.44207813976016014,0.1924742417697851,0.20776157893786662,0.02358980526108568,0.020513099321604427,-0.12931912753902816,-0.004123965978769847,3.0923024464942973e-06
LOV,preprocess_Reading169.dat,1.5050112891606904,1.2662044566423984,-1.3157799219529527,-0.9812870175734763,0.4480260229959635,0.1656681141030222,0.2686537974295804,0.1420647322959731,-0.0673317904491189,-0.20880411913777383,-0.03138985369545431,5.414266278360794e-06
LOV,preprocess_Reading170.dat,0.8731585566842885,1.5630319151660539,-1.0841594568083028,-0.8743994242644708,0.8999375294319942,-0.1931472977730588,0.37227994125357966,0.04808067492353635,-0.10850929734107939,-0.4363360022984467,0.008293293153998162,1.1063232967567576e-05
LOV,preprocess_Reading171.dat,0.9193087828964465,1.0264988416122032,-1.2518719307076303,-0.6220234971952008,0.4506483940057991,0.5672169109147525,0.17096903104216987,0.12598362630815804,-0.07218569353496622,-0.3080659519233802,0.006103321713641258,7.482046808592945e-06
LOV,preprocess_Reading172.dat,1.9067855288505864,1.1313422399516837,-1.6340011856921732,-2.046491577413883,-0.05925397582163334,0.44473519496027447,-0.020865747279395944,0.2637849910424465,-0.009986533016300153,-0.07276579638472336,0.028163422015203398,-1.160677599539714e-06
LOV,preprocess_Reading173.dat,2.880180561509515,1.006593515969626,-1.3420744474990174,-1.7210751529692752,0.2785995955099301,0.5054706810383833,-0.1065686164377729,0.06636157833595685,0.01867480291475708,-0.02565756055669981,0.008812825263605032,-8.762350622924968e-07
LOV,preprocess_Reading174.dat,2.5699532642676006,1.2992622676352428,-1.2016590134421925,-0.5225164673067854,0.41805423426671606,0.4442756536432341,-0.13381524657105445,0.09546947637094294,0.047483509091195,-0.03730545973468953,-0.038708393158443724,-1.3396237989640264e-06
LOV,preprocess_Reading175.dat,2.5218112761895832,1.7360654631043368,-1.1039622553605195,-1.089962272171863,0.10471251917630821,-0.12758708135425773,-0.021847636878102563,0.26495352449182114,-0.027673637912120044,0.004770214631435912,0.029819178892514155,-1.2112323312063662e-06
LOV,preprocess_Reading176.dat,2.709041163859705,1.6176563064875236,-1.1163065458541812,-0.688670685136343,-0.05198065188422239,-0.030478053755326147,0.06070456508511686,0.1582942176109993,0.0408866822200529,0.03807823141478916,0.03222957793185594,-1.3344039565469949e-06
LOV,preprocess_Reading177.dat,2.316471687711203,2.2710793837863994,-1.2023206076445283,-1.3443498480692837,0.34521671833233014,-0.09210020376885335,0.08221306143476366,0.10278367783221933,0.09547851831866459,0.03855870260515528,0.016286949879741663,-1.5240856892267753e-06
LOV,preprocess_Reading178.dat,1.9527620950920268,2.3920368362341478,-1.3495452942501511,-1.506916701500975,-0.06676972408252149,-0.17971853029168613,0.23877834234876325,0.18148046253686081,0.08622106154329033,0.022014855350233915,0.020157213245283488,-1.4216355852156164e-06
LOV,preprocess_Reading179.dat,1.8040156922370505,2.492049800809929,-1.2624297596629108,-1.6069251218190306,0.41070766654691665,-0.28572923817691914,0.3054804600464715,0.16833797032818315,0.026806916939973304,0.01704173353327434,0.006970496742329708,-1.7788106996066069e-06
LOV,preprocess_Reading180.dat,1.0836310238839664,3.196035650803679,-1.2861334107535944,-1.488866272628327,-0.3083732769389082,-0.6610831217581307,0.3001343218772477,0.2969710144737359,0.06021608630987026,0.07698789183137335,0.003303169225290444,-6.821533556301621e-07
LOV,preprocess_Reading181.dat,0.5960741196890071,2.3668586435589463,-0.8560711324573788,0.4327297334526764,-0.8408531024423138,-0.299937522815951,0.22935399961639202,0.24449174375100538,0.06723846510418265,0.027654137649017956,0.010430612923103943,-1.0294365980678768e-06
LOV,preprocess_Reading182.dat,0.2108187867196623,2.6575161110956995,-1.450927274851893,-0.8133278182825852,-0.8025382489852593,-0.394953317423908,0.3547111794360352,0.343153550840214,0.13961054740405934,0.00514953856762814,-0.008954624654691677,-1.0294278830636027e-06
LOV,preprocess_Reading183.dat,-0.2639029886291713,2.4120469247665173,-0.7796583677163218,-1.1881148653091733,-0.7320111034049701,-0.6083340331312361,0.3080652409205493,0.2864603030685428,0.01542781482239793,0.0016502020833124448,-0.011011122978280675,-1.3669418150090452e-06
LOV,preprocess_Reading184.dat,0.6497749561870302,2.4837557619162673,-1.2871381879135106,-1.00684398713535,-0.7026769055971737,-0.43757588263712366,0.14138357453785663,0.3398252318822466,0.03367435548540232,0.09025540172246248,0.005188353678010197,-6.823418475355958e-07
LOV,preprocess_Reading185.dat,0.3262801214153068,2.1296760299002964,-1.2537023171112864,-1.1370551113486898,-0.6751929601045661,-0.16144716257833816,0.23881430732620415,0.06619116570651438,0.004097797694164885,0.04638447524253458,0.011882842781737915,-1.1880059556445626e-06
LOV,preprocess_Reading186.dat,0.31411802061922717,1.4614431820834184,-0.7514269021072716,-0.5864099538731858,-1.032880642610918,-0.5099417449280994,0.16539296349241056,0.276709699513024,0.0834580551961884,0.02701215970144149,0.032990604864337233,-9.24354581750388e-07
LOV,preprocess_Reading187.dat,-0.36822504288629176,2.2844828939218824,-1.332547419221158,-0.7098791751661399,-0.9371634381196127,-0.27697216733046454,0.25721829588449324,0.3962635723234342,0.03784208733576708,0.08281131006815004,0.02532302000928782,-1.0096680437986488e-06
LOV,preprocess_Reading188.dat,0.19103694529197837,2.412092020489573,-1.3494959252159144,-1.0578100933867416,-0.8798874568899826,-0.31149973222980765,0.4685319507387056,0.1394198076968913,0.03661385485812537,0.058229646737710965,-0.0017286572121375876,-1.413679736131137e-06
LOV,preprocess_Reading189.dat,-0.2693334379180751,2.075695886526891,-1.1398702110160124,0.29985993456299165,-0.7968509024126367,0.0603456032543904,0.38212617988932185,0.03335608895660325,0.07049349430625741,0.051947594752970665,-0.007868509029221656,-1.2756984807680434e-06
LOV,preprocess_Reading190.dat,-0.7398696745871823,2.4740817455311057,-1.7200348285674578,-1.0489499887025988,-1.043999293459572,-0.13859187823540098,0.6602214686956549,0.24847520571691023,0.09678662199714079,0.040488125104247714,-0.0060277183927663755,-1.2755937411057715e-06
LOV,preprocess_Reading191.dat,-0.8478548598101825,2.363235402561738,-1.2330409612584414,0.0091933943634158,-0.773088104348837,0.056101545205805875,0.41477799109063973,-0.15683935153627612,0.06932707196433113,0.03129278198362652,-0.013089812865438777,-6.361023261293172e-07
LOV,preprocess_Reading192.dat,-1.5852466436267327,2.510285985702411,-1.2252578508364114,0.27955343344157435,-1.5128207390744872,-0.37380818447485303,0.5955371689991891,0.2781928808954526,0.12747136411743767,-0.012688585499653548,0.022410758716730848,-7.378269930504946e-07
LOV,preprocess_Reading193.dat,-1.487814044597445,2.1841302034088694,-1.6468831818205392,-0.2170921632429701,-1.3763819561397697,-0.06954872009968154,0.3412836819883153,0.2887553755020382,0.08798195033733675,0.03606512861051491,-0.008621649247924417,-1.0749443587160605e-06
LOV,preprocess_Reading194.dat,-2.1769357038737955,2.2394495625829003,-1.3692890550496344,0.3951809385334199,-1.08766572964396,0.05525767340005249,0.44211533338642073,0.5112307739651742,0.11087821384462833,0.03677627962225116,0.022392586655931784,-8.075397931840187e-07
LOV,preprocess_Reading195.dat,-1.6936262614101258,1.9671982820665606,-1.5697983871983219,-0.7820043792528026,-0.6000484783267144,0.11214431907764774,0.6798040230584432,0.253827624263659,0.10431771834139193,-0.414686874052687,0.04177407110019917,-2.6902636841926736e-06
LOV,preprocess_Reading196.dat,-1.3901969114971109,1.7540875982466937,-1.2303601658138792,1.3338882163031276,-0.9525232712541509,0.41109759918798666,0.2335724239181695,0.3251739245848134,0.2764500577686087,-8.633723493010004e-05,0.04236981075016112,-5.335939270606558e-07
LOV,preprocess_Reading197.dat,-1.827140716558107,2.3070254579600964,-1.3485900902618253,-1.4106336450031548e-05,-1.5886819554621474,0.05772869207336481,0.34431273426152653,0.27637548364915304,0.1427776184967932,-0.001541486316003281,0.03608950920311849,-8.472664112980743e-07
LOV,preprocess_Reading198.dat,-2.288299528869824,2.1282533585712002,-1.100679148571265,-0.9291096149263963,-1.251893265952152,-0.3682636872903085,0.31324105948796904,0.23753671957591155,0.24681460096625799,-0.053505432875229166,0.05919294074849519,-3.2977547025508547e-08
LOV,preprocess_Reading199.dat,-2.433755490701835,2.1993897765740993,-1.578201635151434,-0.3629251070154063,-1.616266566796364,-0.010321901947902608,0.6553276420077981,0.3507039761059694,0.0813023312710287,0.08818111426165107,0.036422276330722494,-1.0784339947895656e-06
LOV,preprocess_Reading200.dat,-1.6620503395837873,1.5204683886777355,-1.3623394969587392,-0.3527927267704656,-0.9425317053117319,0.3920889000676317,0.35893473514390095,0.12981231010370284,0.10579582399908702,0.004663164791308878,0.004482045800123662,-1.3836326268348416e-06
LOV,preprocess_Reading201.dat,-2.1161838259225565,1.6359429244435366,-1.4008505005706653,-0.2740075703904952,-1.2641298912386116,0.024523003991076524,0.5226986299476667,0.22251809106603568,-0.15190640922082582,0.19514661589220997,-0.01749827190464739,-1.0319685367751682e-06
LOV,preprocess_Reading202.dat,-1.536109294017605,1.6617222465748365,-1.2430739394590427,0.9312410766221115,-1.7797725826465471,-0.09585851791215107,0.6750306932280665,-0.07609145107222805,0.11049316913971916,0.10963190345128264,-0.008359526381270648,-1.4407015366099034e-06
LOV,preprocess_Reading203.dat,-1.4332286585719376,1.5228213454127177,-1.0493400164964686,0.6248260361523824,-1.080833227718596,0.038531782471637285,0.28274006294311516,-0.11139192482703017,0.12225208452403051,0.10830441571960928,0.004063711505195595,-5.231572807245508e-07
LOV,preprocess_Reading204.dat,-1.2718146570034916,1.4860614253587952,-1.2640991018787149,-0.8224079692948251,-0.5043565845766794,0.09493369092829747,0.3729736760562058,-0.02060209978302476,0.08168838928843605,0.07543114304766968,0.007366574226077942,-8.115931303293372e-07
LOV,preprocess_Reading205.dat,-2.020765213210625,0.9206132103834272,-0.7107425570100235,-0.20141860300804865,-0.8560347341752143,0.07174194698686939,0.23771003035355545,-0.06111684927382883,-0.01279714230660121,0.11637519508205772,1.375097189271196e-05,-1.2433397235347923e-06
LOV,preprocess_Reading206.dat,-2.5400079433090705,1.4798744464167883,-0.7976193705088936,1.2577414415200725,-1.3240267417664027,-0.22024308599353293,0.5084710100804484,-0.19374183962028868,0.011997214371685707,0.13239989836256585,-0.004819984276973569,-5.599881628446978e-07
LOV,preprocess_Reading207.dat,-1.758571736802431,1.5183456532097666,-1.9117726122565968,0.48439616647726924,-1.8758059830105327,0.4791076182565458,0.5399809739537434,-0.09337606433535915,-0.07699369123315693,0.1224214299523503,0.009061101041565774,-1.3500911463498567e-06
LOV,preprocess_Reading208.dat,-2.4274110608270454,1.0230234782651024,-0.8232655244474787,0.6852784979424505,-1.4948155492188462,0.2495581026370438,0.02061953241764176,-0.0019360949741962544,0.07332320321927875,0.05994336283675219,-0.007129522750102936,-7.140225508725616e-07
LOV,preprocess_Reading209.dat,-1.3097169987783333,0.11796072008080222,-1.3697800616125242,0.8720431645987214,-0.6578464170387528,0.9259910906124256,0.28804725659863534,-0.22801736639724665,-0.12357534980134494,0.15972262283435085,0.004734317473056527,-1.6505595418070807e-06
LOV,preprocess_Reading210.dat,-1.7672143465754537,0.17294335113736561,-0.7099692086128082,1.2258076369132809,-0.7903452009595243,0.049042538270991275,0.23498773310805193,-0.3255673419003226,-0.004707335363402833,0.18267661117022727,0.007501856989969777,-1.02976953586918e-06
LOV,preprocess_Reading211.dat,-2.9803944925243924,1.4971879495345601,-1.0117957374622972,-0.16711569559664385,-1.6504532482539596,0.08490195134250789,0.3160400883633125,0.09352391165073429,0.05666644171576034,0.03451503655852948,0.018297676449350934,-8.344233932424886e-07
LOV,preprocess_Reading212.dat,-2.711827499579647,1.2577283862666382,-1.0552403956314704,1.8985484649867128,-1.7117311466954368,0.13399585576715686,0.448663098981697,-0.3397208267158801,-0.05357814072805361,0.13019445020923776,-0.0055806982837210035,-1.8738393550413885e-06
LOV,preprocess_Reading213.dat,-2.3740283162266036,1.040530131102767,-1.3961148628551707,0.5123061526563881,-1.4150158345022308,0.25197039980582303,0.4064272645330226,-0.3591132237263096,0.052584434594098325,0.21446964888824016,-0.038662871728199974,-8.394524956009868e-07
LOV,preprocess_Reading214.dat,-2.0503925927501854,1.2947538689045646,-0.7613351729611123,-0.4472765080230995,-0.6451046346410672,-0.015472833657518437,-0.014048791504187433,-0.48166346034080015,0.05428242120163003,0.10729930951524766,-0.0322995536392148,-4.109613916459863e-07
LOV,preprocess_Reading215.dat,-2.44352651173418,0.3679909523378289,-1.0595704096597087,0.2491896847284078,-0.7507102925865694,0.4104570179901707,0.08100706604838875,-0.4965535606194695,-0.1107370526473208,0.09517630891997507,0.008741135010277018,-2.058518549223128e-06
LOV,preprocess_Reading216.dat,-1.7384175464002336,0.6785695712431723,-0.6427446367865706,-0.007308610186784004,-1.1128726029164313,0.1899075809591996,0.12830511961949373,-0.09161782040764495,-0.04268752949594609,-0.08267530493273643,0.011235808689372222,-1.7601372481027128e-06
LOV,preprocess_Reading217.dat,-1.0430820726275258,0.06165061815154821,-1.5512567610594323,-0.9739352468074541,-0.7042851313235274,0.7982750862399743,-0.03752282363564878,-0.0393332107675604,-0.13092274172945292,0.2075634254532576,-0.0007696701223990277,-1.6191035924230097e-06
LOV,preprocess_Reading218.dat,-1.0442866543825657,0.5320962685742807,-1.6250141920493413,-0.5386213293448738,-0.1842116135196914,0.7234483895490297,0.2092795738126325,-0.07196736136774574,-0.03045747619766769,0.20668495887578608,0.015395420535138657,-9.67260711134292e-07
LOV,preprocess_Reading219.dat,-2.504330031940233,0.8563690012992382,-0.5063585026230907,0.7914535959356281,-0.5873856037635498,0.4997418644993272,-0.21006852468797163,-0.10112740994066563,-0.11353649372606836,0.15583357437854634,-0.009725774082767272,-8.362901727933449e-07
LOV,preprocess_Reading220.dat,-3.189372626672284,1.6775485644857473,-0.7193187448975203,-0.3172001665319164,-1.4109664571542464,-0.020237642460517898,0.2253001178118184,0.04361535299690361,-0.11739083536013724,0.19286239990978235,0.028867497036463876,-5.314510420660123e-07
LOV,preprocess_Reading221.dat,-2.579860994936867,0.48717832891308743,-1.167978212211123,-0.7160214272768872,-0.19184782849146118,0.8797599184248664,0.5730138375368826,0.13854299138116774,-0.1671478109183235,0.2223312730099482,0.027251149645403264,-1.5905384826627684e-06
LOV,preprocess_Reading222.dat,-3.7694362367850593,0.13743639169919517,-0.4209756631188424,0.02231695302795215,-0.49958714376808144,0.6894491168237784,0.19633506355441857,0.33595556470022353,-0.16236818173518547,0.08871036345231698,0.0006535479390877205,-2.424843814601422e-07
LOV,preprocess_Reading223.dat,-2.4529805019375255,-0.4898616305978588,-1.229119381594112,-1.0543515194277142,-0.09737982928032651,1.1026954364898922,0.2666734541733819,0.1945799887383368,-0.18494621779753445,0.1009968849504907,-0.03533801827865886,-1.4343786332153023e-06
LOV,preprocess_Reading224.dat,-3.4761008938439018,-0.2742840727857913,0.5502788313802384,-0.35088718338723507,-0.19373728626520145,0.03992108308187588,-0.09028554038480935,0.04272896908513777,0.3252209015189181,-0.05193866659338722,0.0325639605232582,2.0306655236414503e-06
LOV,preprocess_Reading225.dat,-2.823981114835073,-0.5604604026315685,-0.6428221205259043,-1.0579555241936647,-0.27132606556227806,0.8503804639630155,0.10249493494580378,0.11990619565307424,-0.21840163899701598,0.10684381015562293,-0.009830252164984567,-4.042638459491243e-07
NRV,preprocess_Reading1.dat,-4.737985411910288,0.5136775171332942,1.8350252048049311,-0.3124975987982161,1.143512259748992,0.2771125541094927,1.1789491364791687,-0.16927000551122706,-0.27528832922109536,0.0038793359523340088,0.06806585772613155,-1.4317712806162072e-06
NRV,preprocess_Reading2.dat,-4.105139357424642,1.5185577380034923,1.746913703501006,-0.2773617744835114,1.0162964846688025,-0.3527452242818732,0.7126475910159256,-0.24302837207289593,-0.1932479546653981,-0.11274130281055307,0.04650702763438668,-5.66049145413085e-07
NRV,preprocess_Reading3.dat,-2.3879301570610667,1.6807494835401309,0.6154843317943621,-1.2564186290906962,0.9628308706379513,-0.09805067442158148,0.30329770691457186,-0.10797347918640555,-0.19176484889254783,-0.0947458993749772,0.02886720624496929,2.3576499353111144e-08
NRV,preprocess_Reading4.dat,-2.01457282719951,2.3043370041023783,0.28370073399891926,-1.3559258947933583,0.7627441047708182,-0.12089271091602696,0.35647033321120236,-0.20225832043131187,-0.18151909647843786,-0.0938635557819141,0.018365852512165205,-5.314887194025247e-07
NRV,preprocess_Reading5.dat,-1.5653266370573502,1.8859978162921085,0.7130136569510793,0.7139000672690697,0.42426437720028515,0.0012554663059041705,0.12560001138916627,-0.1687191908763096,-0.07910071849161072,-0.08172806234243722,0.03681468086034355,-9.742105654377714e-07
NRV,preprocess_Reading6.dat,-2.07996883390281,1.3703041446941608,0.6840309731764486,-0.6773132309373535,1.0390936352732671,-0.49261937580856896,0.2488575828908207,-0.042760527104783924,-0.009225277012282132,0.02178146318922059,0.04261589905604398,-2.8756726865963926e-07
NRV,preprocess_Reading7.dat,-2.8301978997214676,1.6410703620805125,0.8184866633382643,0.038482376292263164,0.9766199669204587,-0.37193274345293853,0.3989267525737171,-0.06703179736489925,0.0026074352485058352,0.029768207829183085,0.04725850015284267,2.5355793743604646e-07
NRV,preprocess_Reading8.dat,-3.117562341352535,1.7855738658525375,1.1503402255476136,0.7277681958447824,0.18856834686457924,-0.46704739895481606,0.20233188598813368,-0.3566758997967258,-0.2357584846857225,-0.12685287024365735,0.001165774018889336,1.2777315854178642e-07
NRV,preprocess_Reading9.dat,-2.4811046555803373,1.8821496714244152,1.8521538307104053,1.5286308405181461,-0.07719286884061652,-0.2585462301487821,-0.5825732762945713,-0.2662724992989163,-0.12072149212368695,-0.1668999409282517,0.016856221846131846,-2.7881989712019144e-07
NRV,preprocess_Reading10.dat,-2.8125551281881545,1.5773795937015658,1.5202901913291431,1.1705613495695133,-0.6120009793692561,-0.40825656369401403,-0.1953381212170728,0.033725121100650006,-0.14735937219909379,-0.10801989529794527,0.008585775118220545,-2.4424096597984543e-08
NRV,preprocess_Reading11.dat,-3.0168601880671138,2.0014972057639686,1.56396346742845,1.216020898500124,-0.18706991819461924,-0.4416309307701605,-0.14373067156471944,0.10379051953931202,-0.30703304347397836,-0.06700354355206485,-0.00048055200880224347,-6.572994105724422e-07
NRV,preprocess_Reading12.dat,-1.2871725448626812,1.3784292862011571,0.5290174332771894,0.7441301591335236,0.07492016232665628,-0.14473085090245313,0.4746114119482854,-0.14415944674947107,-0.06420888419813574,-0.03197687852642503,0.051634086519127174,-6.33557593038108e-07
NRV,preprocess_Reading13.dat,-1.6794741749266326,1.4619490286856975,1.1321744170486343,2.1577646527662946,0.029013822756942,-0.514272920162227,0.5531284092609509,0.18529832388621298,-0.10171947951635803,-0.011293000208096936,0.007933920731637449,2.4655349420298246e-07
NRV,preprocess_Reading14.dat,0.35833446491912996,1.5110093991037812,0.9884521036056927,1.600342821953052,0.13249887647810116,-0.34099566325419617,0.41859939250890854,-0.3026829958564597,0.013866269019374777,-0.039897631738004945,0.027205417499604083,-7.127069523374025e-07
NRV,preprocess_Reading15.dat,-0.6066017899607034,1.9840234945828044,1.4622317140357786,2.76179780856323,0.3624900733650688,-0.21729192614970924,0.3587108712558433,-0.08990004252132028,0.023083251683066946,-0.03682127178550177,0.0472646212256948,9.120638701499132e-08
NRV,preprocess_Reading16.dat,-1.7395621980802514,1.4162595973850862,0.42172424728800484,1.3786816728374938,-0.15611536351705496,-0.10482670922720773,0.830812706255132,-0.36416976939208845,-0.19196895658335034,0.07158879545697554,-0.027729877553682315,-1.11507633447136e-06
NRV,preprocess_Reading17.dat,-0.4740159489338077,1.3349479506998756,0.6427377847525434,1.1543904942395555,-0.13620105519824133,-0.04335915031952117,0.36043939616735343,-0.31587390616731525,-0.148179438833387,0.040847434566349865,-0.01094033905860913,-1.0757766985082955e-06
NRV,preprocess_Reading18.dat,-1.3302878498542938,1.4951581294771197,0.4653619823882861,0.3590892615849625,0.2391880150627016,0.07459212086907133,0.5067780788331172,-0.43053328473921415,-0.1743651600915549,-0.20243469628402658,-0.011450165229505076,-1.8995198356069993e-06
NRV,preprocess_Reading19.dat,-0.561781352920887,2.1581343012134435,0.5956614111847397,-0.5714153377371401,0.08066393994760691,-0.8715065117302008,0.6819446270343126,-0.1509967229709156,-0.09140497274605142,0.05381477855675422,-0.006543474433865276,3.711092613117713e-07
NRV,preprocess_Reading20.dat,-1.1147994969823714,1.5275449838381305,0.3500791711633793,0.7519227570767578,0.06036970294895119,0.19688359224398982,0.45025642203669153,0.00857575031344016,-0.13739479029305487,0.04499603174683979,0.018282881490773763,-7.054328309585637e-07
NRV,preprocess_Reading21.dat,-0.3041467273475173,1.7233070205877534,0.6956247290199619,0.6667055217417124,0.009425352358331376,-0.5566614060505181,0.6117177740580587,-0.1266458858725974,-0.2048797975601186,-0.04483233192095634,0.012673223724730126,-3.515606567142862e-07
NRV,preprocess_Reading22.dat,-1.2508659253927685,1.2415994102497896,0.37282912535094376,1.0218197836994682,-0.16773512502168775,0.4061991923168143,0.6899243981213538,0.2151904298711138,-0.13133519641831187,-0.029146161766165392,0.016092280529556663,-8.692206171469157e-07
NRV,preprocess_Reading23.dat,-0.5404605243431789,1.2691400253407108,0.1780397215461584,0.597714615336264,-0.14727927211177144,0.5252499381926895,0.3445661868154643,-0.30789920181853975,-0.05956483106448079,0.026137728208360037,-0.014935387493594719,-8.260969339468451e-07
NRV,preprocess_Reading24.dat,1.013145052025848,1.6936989670862743,0.37166883149371693,0.598683669960115,0.21831197186946225,-0.271519022930937,0.4157060031416617,-0.09889943828329965,-0.09261017232943915,0.08684788217035866,-0.012528218056702081,-2.2028759582415592e-07
NRV,preprocess_Reading25.dat,0.7920171908043963,1.441561356673853,0.6265791235733431,0.8130297679845166,-0.04807159569497972,-0.21204401310138013,0.20935523505890827,-0.04904429387584544,-0.16680582659440493,0.0822535139842437,-0.03824253566241785,-8.223814335491486e-07
NRV,preprocess_Reading26.dat,0.08984914702440948,0.9758989189120796,0.287962585339038,1.5543498620562828,-0.46730109630810607,0.28456935780704257,0.44725555135598916,0.09834472150911308,-0.11659734593840704,0.03998119866952635,0.016369880504069234,-1.1820041149513984e-06
NRV,preprocess_Reading27.dat,-0.07994885795658221,1.5678018586374902,0.07618796813662493,0.7032090413248597,-0.43492327769473327,0.27224041845383234,0.29353716062847435,-0.16955384745275343,-0.08911637822991242,-0.007033522404912796,-0.022434725518145175,-1.4175887832809526e-06
NRV,preprocess_Reading28.dat,0.6661918129399651,1.4672174261235607,-0.4281697546159342,-0.277290765246487,0.1116762921888703,0.49352345744842996,0.39046984239014326,-0.08920734698718054,-0.04253340943495647,0.036578357802086243,-0.0705226354468111,-1.1031586512105643e-06
NRV,preprocess_Reading29.dat,0.5224448155052143,1.5168952595841096,0.5405904940825532,0.7705164044497531,0.36653447320915233,-0.04636443957933303,0.5219900726676369,-0.21233845170111004,-0.0005565265496543317,0.0399784266033272,-0.007119302783508637,-1.3412970726489098e-06
NRV,preprocess_Reading30.dat,0.5059384903763341,1.8714065522073275,0.035794269757305194,-1.1779497666446261,0.03473869934462889,-0.2756532853911039,0.5109654129474365,0.03444222781274199,-0.029646978619075563,-0.06716435954797065,0.008445115747461762,-9.809502081916063e-07
NRV,preprocess_Reading31.dat,0.7267693284424839,0.9745069738990008,1.5644040329193127,2.2932508421021582,0.09544860304456755,-0.370704654886214,0.49918293227755606,-0.08413598129671636,-0.047054768787884824,0.01662074908799438,0.004235130520093389,-5.434206416131962e-07
NRV,preprocess_Reading32.dat,1.2300705291194127,1.2670227513182104,0.5950370993939835,1.9450051185985995,0.03559621976951128,-0.04020746981552889,0.5251085357185522,0.076553781331671,-0.013097703536465286,0.05752648953098338,0.0017420323551209861,-1.0082314551338759e-06
NRV,preprocess_Reading33.dat,0.3760404841421074,1.6477021632469753,0.18838841308607318,0.6213630743022028,-0.12621854800162616,-0.22499060524395473,0.6565807341463675,0.12963577303656473,-0.06283545809972198,0.040320697581712354,-0.046361325859324634,-1.1426789103336815e-06
NRV,preprocess_Reading34.dat,0.415789331450945,1.3474459841023068,0.4654080784107628,1.2872538760568846,-0.1417938499450418,-0.08672818517992724,0.6812069067667856,-0.14004899818138766,0.004398384858908358,0.008282430883967002,-0.049354701404430615,-1.3592076127129628e-06
NRV,preprocess_Reading35.dat,-0.7938787914332878,1.2554939181999087,1.0625890268216314,1.3427352445681877,-0.2709454983476756,-0.3442535757433194,0.6678046445581618,0.15703886760683744,0.08266535898592299,-0.04584581665894133,0.016908398378652136,6.544126003531605e-08
NRV,preprocess_Reading36.dat,0.30410472468459393,2.308419910126803,-0.2051651204480126,0.5463809857830594,0.014487425353708736,-0.023547519185880644,0.6422050095945474,-0.26679112114163567,-0.04465182191756929,0.06390518721517906,-0.05086000368078089,-9.136598769188611e-07
NRV,preprocess_Reading37.dat,-0.5292636893383529,2.031572773460123,0.2979171102671002,0.9505113973756552,-0.5520624030487921,-0.19545053665085052,0.6158678922515038,0.02340180738065333,-0.16378443832025885,0.0944434181641216,-0.019606026752016576,-1.171426339292403e-06
NRV,preprocess_Reading38.dat,0.8212931865450046,1.924252760301996,-0.25729647580042564,0.388268968727649,-0.7102617099407588,-0.14847275609179766,0.4930629183295112,-0.260745818920387,-0.0524850558088211,0.05238531019652029,-0.09478151974439289,-1.4074138371449773e-06
NRV,preprocess_Reading39.dat,0.2707636940856317,2.2629369056124635,-0.19564500701314738,1.5197510052129584,-0.2879584665719583,0.022972791516280306,0.6067105968231865,-0.0027758690942972443,-0.16061232974438813,0.06353142770173385,-0.008421493406442866,-9.969152493257046e-07
NRV,preprocess_Reading40.dat,0.43536524933967125,2.2777993516141706,-0.06485713355601272,0.7087267862603652,-0.29678010511793296,-0.3024269444164321,0.463170815665645,0.07030502619414027,0.05802277471474039,0.017774498802063998,-0.024298319473210154,-5.202430600140353e-07
NRV,preprocess_Reading41.dat,-0.44503209524198867,1.7606569810322812,0.9262487785413289,2.3359296617214156,-0.6075353128644333,-0.3367598051412903,0.33127976393609104,0.0475578687386497,0.03438893218257601,-0.05628190955130226,-0.02361994522707938,-9.270770723524214e-07
NRV,preprocess_Reading42.dat,-0.7313750910158101,1.872231801421609,1.0418650786542898,2.084911343018392,-0.7797122470121007,-0.6161648469829619,0.5253527006591933,-0.24536391759060852,-0.020404387876572082,0.007033677494329189,-0.008913344298203445,-1.334924314088754e-06
NRV,preprocess_Reading43.dat,-0.21599944530085796,1.629731294112409,0.34558935077622777,0.6613421368411582,-0.4792755869638247,-0.38256185219571476,0.6439942982674483,-0.11656706539540508,-0.08485188833558725,0.03609652881104731,0.000562893042524,-1.6142929579349955e-06
NRV,preprocess_Reading44.dat,0.5668907346771851,1.711654103647423,0.2907220851866331,1.1081927576481074,-0.3897642226855507,-0.395976761938191,0.5774504428761883,0.21840061467309305,-0.021843421151347416,0.10205844878991349,-9.477351917630555e-05,-6.528583263622497e-07
NRV,preprocess_Reading45.dat,1.1313527726376118,1.5021468650330934,0.7283294842123169,1.1817355870287116,-0.0005100331423951831,-0.7389762113731648,0.47657749265252347,0.08448130156431759,-0.032887894622485515,0.08548931629510327,0.0023884634627317097,-7.483084736080278e-08
NRV,preprocess_Reading46.dat,0.47919105262724065,0.7087469365908291,0.5493874700027802,2.1480152770020156,0.14868670610891516,0.2088485831528174,0.5804426849712147,0.0981382767467971,0.02113994965947411,0.07760525076904327,0.02428438702196892,-6.212526376852987e-07
NRV,preprocess_Reading47.dat,0.713466049211875,1.5793241309956156,0.40058949211691414,0.11702915105281106,-0.07548970534840387,-0.6868682833111578,0.6301684241952475,-0.14809623726639484,0.001986271227520566,0.08110305199311969,0.01015952812339294,-8.787523766744614e-07
NRV,preprocess_Reading48.dat,-0.11285911204176416,0.7858804177434195,0.8767322689640042,1.6614228816437264,-0.06566003434311303,-0.30543213799465957,0.7302686432643755,0.13263282056006825,-0.019002512887033942,0.08258176983819793,0.00938296742967691,-1.3276133376990516e-06
NRV,preprocess_Reading49.dat,-0.24510627030086346,1.7793935359343451,-0.5708187393821895,-0.8969048781291571,0.17386782351119937,0.26870640268532403,0.5632345899759258,0.34529197999672434,-0.0843314004754529,0.06228070584449495,-0.031007730818733523,-1.469060775429102e-06
NRV,preprocess_Reading50.dat,-0.7618577125865619,0.9779366923578526,0.7306223019389759,1.4244937532804547,-0.349583538879999,0.21067784657945038,0.2211740573344847,-0.226346690987131,0.002859796448252219,-0.047268060490699225,-0.008414083388345022,-9.681515896000453e-07
NRV,preprocess_Reading51.dat,-1.306560398678499,0.9808818667919856,0.5141152866134419,1.1022855903877609,0.13922749313544408,0.4366386052907841,0.4052851514694675,0.38985912787096233,-0.10103670530220893,0.06838362449460572,-0.04902153318482006,-1.2970367346993187e-06
NRV,preprocess_Reading52.dat,-1.3617816639118643,0.9638530989042575,0.8638612278975694,1.3020448775133322,0.6653478515798636,0.416869614783563,0.13492140168089148,0.08401500437636647,-0.04753861117789009,0.08739209475773528,-0.00818061863310895,-5.681310741325139e-07
NRV,preprocess_Reading53.dat,-0.7957688878348496,1.7659924569504792,0.2934240034005884,0.4038105421069532,0.501494568078703,0.4246004551507459,0.2038246224531326,0.4939998315889713,0.11474555902303082,-0.07817883786004531,0.01403155410410241,-1.1469427921450442e-06
NRV,preprocess_Reading54.dat,-1.2643142103673861,1.3066631279302974,1.022722934266755,1.019090265656821,0.4066018481584534,0.049815897321736455,0.07252833803559657,0.11807291961960159,-0.12211253576504627,0.08869840053671688,-0.016635435882294825,2.0726248270881477e-07
NRV,preprocess_Reading55.dat,-1.2523212594845954,1.1921062840725123,1.5416204035587977,1.846537433958003,0.12734640620686474,-0.20829141713094884,0.17388187877236425,0.26766930287787943,-0.07540697062960644,0.016114965241713936,0.0371924505081507,-1.2988657682146984e-06
NRV,preprocess_Reading56.dat,-1.0692790447036564,1.3618834760219685,0.7258150899632912,0.9609888927658663,0.30864464499085187,0.2322283712958177,0.060695650484052524,0.28121451715320134,-0.09102696389711176,0.03652695783829955,0.01775258230054063,-1.5879485281328573e-06
NRV,preprocess_Reading57.dat,-0.6571225910462459,1.7981684624056757,0.5816430205380106,0.5314209419377771,0.09583643843934862,-0.060606076955978604,0.47071450086354616,0.5449139838059749,-0.0031678724711616747,-0.02398635394484232,0.011905831707516959,-1.5309126282454328e-06
NRV,preprocess_Reading58.dat,-0.8962770661918129,1.1686259057906236,1.103189675262894,1.9713763152663815,-0.155383429760435,0.1664405175615498,-0.027212990425069045,0.19948965739258054,0.08105231824122965,-0.03950861076338158,0.012436540453112575,-1.2700598372892688e-06
NRV,preprocess_Reading59.dat,0.058726244213160965,2.4075709079257503,0.7448519791034564,1.1998428358624078,-0.029954335796114985,-0.40988926677466186,-0.0612191442285908,0.5735891141734731,-0.05630547185071034,0.02475988934898902,0.04661244516266654,-1.1649067827254974e-06
NRV,preprocess_Reading60.dat,-0.06617302346696144,1.551285560800899,0.4263410490763671,-0.9431375721989799,-0.2088165322832745,-0.16856924253479993,-0.04122065486450813,0.080456265445191,0.05874473675772851,-0.0997171742789939,-0.03834594483956457,-1.2916149305327969e-06
NRV,preprocess_Reading61.dat,-1.0216239412187436,1.7867991065035111,1.159947118120503,0.6626843051874034,-0.13815136569775346,-0.22455029704208554,-0.10845068081642023,0.0848519798862641,-0.03524712852062014,-0.04569375856640243,0.002641887464374659,-1.4532052057946256e-06
NRV,preprocess_Reading62.dat,0.8775595410625543,1.020712537339011,0.49848074935894954,-0.03414483266777827,-0.17766834469969148,-0.04205455022566438,-0.05757325563051873,0.159080956562785,-0.0014370687940479352,0.0008620138048463856,-0.039999822455534226,-1.3627152619242344e-06
NRV,preprocess_Reading63.dat,0.7019458410098498,1.0455654441749949,0.31382425823591587,-0.35727478701106513,0.03399454128656235,-0.07278214992192224,-0.03762884933020828,0.41780868390785253,-0.10866313808635847,-0.056802823002035645,-0.020057036999465934,-1.1529971188120623e-06
NRV,preprocess_Reading64.dat,0.14837703715510248,0.6250243856396547,0.7262271893347355,1.877093791700409,0.07554109282896092,0.5843175792752331,0.1115509642262703,0.33768550711270934,-0.04467903527467291,0.03812986142579659,-0.02662126697369341,-1.2561751295902787e-06
NRV,preprocess_Reading65.dat,0.4244567155403894,1.3832791290216806,0.4640210522802785,1.3952286302986034,0.15175282920579586,0.3829720251234942,-0.43852490040454034,0.307770787192898,-0.07718962537286908,0.0609360033471557,-0.02416501218548519,-9.931300490814159e-07
NRV,preprocess_Reading66.dat,0.36904207465246636,1.158268264888285,0.8085133441276782,1.44359703131187,0.13288310571359613,0.249267188497326,-0.23505180178272195,0.43923498499816055,-0.01812240617194606,-0.005528621016662075,-0.01882186672811711,-1.0000204279385551e-06
NRV,preprocess_Reading67.dat,0.4142896125121256,1.350121923088095,0.7279633432959945,1.7481147763548475,0.04955551511633663,0.36401505998382605,-0.24589586941477193,0.3354151908394283,-0.04619153836184355,0.016590372367529273,-0.0033999597405980245,-1.1214994864899838e-06
NRV,preprocess_Reading68.dat,-0.42899072694067353,1.7233333214154742,1.264619589647988,1.3995808983854372,-0.03549463655313931,-0.03699412532903509,-0.7018831751661575,0.39144268576456726,-0.10053877833375606,0.004974717399190029,0.010130188144428665,-1.058687398917411e-06
NRV,preprocess_Reading69.dat,-0.00022471732999363152,1.8851511679223798,1.3144247989934275,1.488672816069901,0.06012399552828744,-0.49271026812669394,-0.3108946855802236,0.2637696763601591,-0.13680173584805114,0.07501264845374143,-0.023700880980351703,8.621182649681425e-07
NRV,preprocess_Reading70.dat,0.8118560242672828,1.3195501218112462,0.48895338639074065,1.6839364014059008,0.12949441502232156,0.3386293182748519,-0.1709003602460912,-0.03223175500566821,-0.022841080456360113,0.0731416050791372,-0.037546001263414897,-7.150430097197939e-07
NRV,preprocess_Reading71.dat,-0.6581432514722044,1.488069711467266,0.9607175377999418,0.2952160097073299,-0.2592074973346574,-0.09918071434487662,-0.5150602255344962,-0.08759485268906425,-0.009663064320418484,-0.042389571221778714,0.016340775319840517,-1.6179893382340071e-06
NRV,preprocess_Reading72.dat,-0.19354197032958614,1.133983404499587,0.1614462130487943,0.10543218264504704,-0.19178719301039363,0.6638471336013733,-0.5535601846497805,0.07222477974632678,0.022812045755509835,-0.036982259502761454,0.016462099816644385,-1.2650047994954788e-06
NRV,preprocess_Reading73.dat,-0.7980136473252767,0.9507445677496192,0.8260893517575071,0.06249901488384822,-0.38813024010608055,0.2816026779033217,-0.45693132866007846,0.041213649895591224,-0.2035157665856357,-0.014826284378169376,-0.017880962273593703,-1.6354893972884277e-06
NRV,preprocess_Reading74.dat,-1.847119806471594,1.2740842445957223,1.0510334381916986,1.0134413205813615,-0.2729477027261252,0.5533080176385194,-0.8652028432939739,-0.0465509005244851,0.022292404931689148,-0.03550811906725696,0.009482996146501225,-8.94845649478412e-07
NRV,preprocess_Reading75.dat,-0.39196865973765305,1.177742297726054,0.01000613488416615,0.3967610421421163,0.08725327365132136,0.8133572599434165,-0.12910117709358865,0.12041717983576432,-0.10970382415111293,0.06727405914971296,0.018211572827573373,-1.3190439348504233e-06
NRV,preprocess_Reading76.dat,-3.4373985394138846,1.7374672424556339,1.709973910166377,-1.6975681944745435,0.814000795587314,-0.15758321748691587,0.24103987043101938,-0.12534239531429806,0.07024754665449219,-0.11160016175220944,0.05964707960244968,-1.2051249524976827e-07
NRV,preprocess_Reading77.dat,-3.3480802889112837,1.3247662433581506,1.3227062986719027,-0.17993501407994617,0.4586376081230379,0.45792865817310086,0.18800184045803148,-0.21785578932595415,-0.0971953764988177,-0.045738138443748674,0.017131016251550578,-6.9331321676332e-07
NRV,preprocess_Reading78.dat,-2.1117131011007513,1.717521420852728,0.8309004783582772,-0.4386789998957744,0.142427462460276,-0.0033828864121455697,0.5378659761657345,-0.12765024542797387,-0.03195696393144961,-0.01310832968756343,0.04677345274650586,-8.020219137204929e-07
NRV,preprocess_Reading79.dat,-2.036796937064847,1.5292284092423567,1.2761485276734965,-0.5802047597223053,-0.10141081461760114,-0.1481088669052803,-0.23177413634857263,-0.3159150442298658,-0.046571904793360305,-0.12608192337852547,0.06565356720372086,2.7502364165336475e-07
NRV,preprocess_Reading80.dat,-0.8395098694663009,1.3468050749518945,0.7028397996004329,0.17105800512269095,0.19601166973641335,0.09461783264743868,-0.03624199261049854,-0.176688810131942,0.0005574207156812905,-0.03586704359391021,0.023656635402509296,-1.5114675349710754e-07
NRV,preprocess_Reading81.dat,-1.101231031609605,2.224666131483221,1.4539934295007082,0.6062021218649041,-0.15317715725322442,-0.9231629302162442,0.08492246119837964,-0.2846666200540539,-0.33085572406409874,0.03158458849670809,0.05239959399611715,-1.0771200485399425e-06
NRV,preprocess_Reading82.dat,-0.9563226771634687,1.8728070372887682,0.38761528107522253,0.19978366321061203,0.10117611007254992,0.30376921726433953,-0.04224561295061876,-0.3114241368445047,0.0027631322319350356,-0.036122557648509454,0.038705149243611486,-7.84528659712884e-07
NRV,preprocess_Reading83.dat,0.18284470493900393,1.6252159185171196,0.7213585291688956,1.0845162863318996,0.9339977191627823,0.5072156491051202,-0.13648341839247866,-0.5537501756864701,-0.055423061713619555,-0.005666034721167908,0.018481832111002516,-8.337370889029399e-07
NRV,preprocess_Reading84.dat,-0.07733444914317632,2.093445623341704,0.3459491802476285,-0.1894934480917651,0.2326977911666344,0.0005100215287518705,-0.01230849401531773,-0.49050791458281806,0.005418538766599187,-0.037806721413850095,0.04254759537344818,2.689945586435775e-07
NRV,preprocess_Reading85.dat,-0.735572708150986,2.0324572690096923,0.7069593577141039,-0.4275547017911773,-0.02567168234417463,-0.48501932873143266,0.36156345183584043,-0.18944586444088268,-0.1088475405183095,-0.0309962501134595,0.07096231213455774,-1.7022213413461398e-06
NRV,preprocess_Reading86.dat,-0.9540724808348534,2.2248841975768516,1.0061960985275162,0.841693337416324,0.24711612301908567,-0.15593519444933993,0.09450406940174451,-0.3644378522684016,-0.1637378760619562,0.034562226293006794,0.006868943315025945,-3.140869401088384e-07
NRV,preprocess_Reading87.dat,-1.0238874726851885,2.1082159387088293,0.3809243515650332,0.3036004187238767,0.24414199200758008,-0.034456306469370805,0.34110101941094473,-0.15409108305410013,-0.12700869611086096,0.020298346612511817,0.004798761648715159,-1.3616737368206697e-06
NRV,preprocess_Reading88.dat,-0.8260007856879612,2.368789171545357,0.296338403698117,0.56902107892485,0.09178893484954531,-0.2008112666746938,0.34194273677524445,-0.2850949019112101,-0.12518456480770931,-0.020423586212850914,0.02534598893292949,-8.19450927076474e-07
NRV,preprocess_Reading89.dat,0.07179623822256286,2.3329780433180303,0.2770480955478235,0.26135092607937593,0.36335430582263484,-0.049791883789085785,0.3068451261142445,-0.06976691639025415,-0.12282862345588268,0.028391251545794072,-0.014419989522298036,-1.1214915987276917e-06
NRV,preprocess_Reading90.dat,0.19625401066036732,1.50137611886854,0.7854546377163476,1.4269102415825994,0.303151413560146,-0.18388334141333515,0.3596282106056504,0.0906684368565982,-0.3601474474093071,0.11810286653571261,0.020621682849106152,-1.519123049785584e-06
NRV,preprocess_Reading91.dat,0.5564209663353633,1.921195218280075,0.48745199054407823,0.42472230924332394,0.5273847189222781,-0.24490610520496792,0.030936384139199302,-0.3074750954916882,-0.04447454589746199,0.04128196401896694,0.015111842054717184,-1.2473487270807563e-06
NRV,preprocess_Reading92.dat,-0.12992486050520144,2.3532744773669023,0.15754302836875417,0.45659071085764846,-0.17878163393981783,-0.15889506492886893,-0.198350386642785,-0.0717179642951698,-0.16693580058157131,0.09967413454285237,-0.03482179517068864,-4.926288208225131e-07
NRV,preprocess_Reading93.dat,0.335319837271073,2.3462343946086905,0.377455749237355,0.5604075643399719,0.06579631033273621,-0.1684280770197689,0.15020541227566017,-0.5347068414081491,-0.07772197494518901,0.03954322672778927,-0.014156714639744127,-1.744274877722364e-06
NRV,preprocess_Reading94.dat,1.0368367102658667,2.2572305529420302,-0.1315396492369817,-0.0354422041894759,0.2551430365654446,-0.0018440595095910559,0.16803002525700683,-0.47927183541420265,0.02625737058142037,-0.05396344024884538,0.027772923635763037,-1.8030903678003215e-06
NRV,preprocess_Reading95.dat,1.9778960673608053,2.1684185667090907,0.05127931409821174,0.9519238232747984,0.6236856079024874,-0.04933043449627395,0.31715673678025813,-0.3916127261827297,-0.0046833398611113575,0.05671997841530821,0.001509007401636207,-7.94834490709984e-07
NRV,preprocess_Reading96.dat,0.8811538547152672,1.986967452096971,0.258574359059574,0.3956306214382414,0.2547255682197584,-0.18595424624675497,0.2181533303780033,-0.21341340175947876,-0.18083886366596438,0.08743178323949394,-0.009811727941054395,-1.3312271981995716e-06
NRV,preprocess_Reading97.dat,2.0769877916899824,2.1899682162982352,0.20837638261559074,0.4381999526626911,0.9021467717413536,-0.45433476106166004,0.21863241487671822,-0.19349600538294612,-0.05569211540234383,0.1451977504988388,0.023570395475934144,-9.757444476171522e-07
NRV,preprocess_Reading98.dat,1.531968155788313,1.8411199551355868,0.0986051409656108,0.6025505880550139,0.16615606079491646,-0.23442842734780994,0.2654303110736339,-0.17567580286991388,-0.12003575114885746,0.10592730488847273,0.032202457556657876,-1.7232222111018213e-06
NRV,preprocess_Reading99.dat,0.4444131544602575,2.136453798317624,-0.2228085271853153,0.42066475448178997,-0.06002574776713755,0.08610657834045166,0.5005892925556188,-0.18030201688120967,-0.116386701588453,0.07021486983412924,-0.010467442560492077,-7.786904599275845e-07
NRV,preprocess_Reading100.dat,0.1966492323266919,2.4228776058906645,0.47365601166153626,0.1485064943660561,0.07277158455301222,-0.45356794649022225,0.5531916066408639,-0.16558377741070254,-0.035083950312193767,-0.05235890772509569,-0.014579699908052976,-1.1739140543745032e-06
NRV,preprocess_Reading101.dat,0.8453814466591767,1.85509903044206,0.006826394366268764,0.9510339391898,0.17970834307147168,-0.11433884789028992,0.526130284764147,-0.008704499566169017,-0.0950363622537837,0.0017375327945375037,-0.0044717368187194816,-1.3871233429265757e-06
NRV,preprocess_Reading102.dat,1.330778689300514,1.7746876734636512,0.2474858949644609,0.9302966261066449,0.45090497754221864,-0.34702615331230674,0.5377415047028273,-0.045559862298655614,-0.050794948768282784,0.07831402800827035,-0.027474110583225422,-1.770567857908313e-08
NRV,preprocess_Reading103.dat,1.6156737365860068,1.8360289066503437,0.6441269309443971,-0.15855432356949095,0.04767457761779306,-1.2829961421743,0.5448027746859619,-0.07421256240577151,0.046211545709264994,0.08219430443515437,0.039593119697406406,3.2004649216566134e-06
NRV,preprocess_Reading104.dat,0.9004145225586587,1.7232557062760303,0.7314489871162259,0.601261000934904,0.19768615516094212,-0.5295367399397239,0.5482311040407858,-0.20429839045537404,-0.04581436020476499,0.06855760861795988,-0.034784253556318194,-1.1947811155389833e-06
NRV,preprocess_Reading105.dat,0.17173761549980993,1.2018059744039034,1.2340417650748992,1.4244300426559766,-0.3381631378316059,-0.5350884551759397,0.4890429385681245,0.05405822263639129,-0.29450931679974623,0.04451597220220292,-0.04216772794855077,-1.5585433605747495e-06
NRV,preprocess_Reading106.dat,1.2741943846159463,1.8907941405832096,0.022073697907363996,-0.10839766798989585,0.11702055941825437,-0.27468363494570963,0.46341840520332894,-0.10275981023021533,-0.05610564096134129,0.0628910386733802,-0.056399395733041674,-1.292465239691383e-06
NRV,preprocess_Reading107.dat,-0.23954958889841185,1.5067436863038328,0.6546049791632826,1.6473921246466008,-0.43378246579856183,-0.04153274686878101,0.383630648214602,0.045084185690996106,-0.05817500294261752,-0.00799212790250683,-0.021732960959961464,-1.6661258167662667e-06
NRV,preprocess_Reading108.dat,-0.4131778037666494,1.5025391504354615,0.42823811243846926,1.467017371891817,-0.5839000262052927,-0.018498255842026454,0.33315396306845446,0.11052751778942317,-0.03037181251725151,0.02331435229382937,0.006670374896275811,-1.3483203336584834e-06
NRV,preprocess_Reading109.dat,-0.569363295025958,1.5399047381628868,0.7129238416934204,1.3001035835488757,-0.3154182325323789,0.005303750527392353,0.26607209167054063,-0.11625494461455246,-0.13411582046429976,0.030067281622553607,-0.033991954286801226,-1.2967040939028367e-06
NRV,preprocess_Reading110.dat,0.38431343549151986,1.6372117735075014,0.9422285777122706,1.6009773093873292,-0.23795764956746523,-0.9121233745181264,0.659405903881262,-0.09468118663370084,0.12600141380593202,0.019370378325742788,0.035249343689919214,1.873664691474787e-06
NRV,preprocess_Reading111.dat,0.06410976560622154,2.178157576147858,0.5879009415561502,1.021896345197107,-0.400522433773621,-0.8204723732320915,0.6004122508558186,0.29074397299808913,0.0037134543698643338,-0.1544938389388925,-0.002850707324675791,-1.4823051283549358e-06
NRV,preprocess_Reading112.dat,0.6372319197627746,1.960657149274916,0.2522423684331424,0.49808839404957667,0.10508624210369227,-0.2349108971670163,0.5402780047761496,-0.12214502049812985,0.004395783597661955,-0.030744424268224442,-0.04627135944680031,-1.4715617728121558e-06
NRV,preprocess_Reading113.dat,1.1063095810342962,1.717759671320925,0.7891683301646195,1.2670078169455992,0.040745961733770604,-0.7597978259044664,0.445410707584506,-0.1632693032955322,-0.02040689927829256,0.06814753014299144,-0.019061964647772368,-6.149328411959353e-08
NRV,preprocess_Reading114.dat,0.95755852010902,2.0484325209246124,1.0847269671498703,2.431202317405629,0.21992191882607612,-0.7464300092750693,0.48752393052578175,0.33692278777744217,0.0394961571747291,0.04748977123470446,0.02087319387319936,8.566707958990273e-07
NRV,preprocess_Reading115.dat,0.7833684639718047,2.460602802566203,-0.47436050271741836,0.33092353574729716,-0.2879734141133132,-0.0701980799740606,0.40930595509372386,0.11160177170290116,0.027396665870440963,0.053068535312883205,-0.04237884643043249,-7.595668139602228e-07
NRV,preprocess_Reading116.dat,0.8224082179579623,1.2722025009135196,0.2933600444267622,1.178995943504183,-0.07427838578580373,-0.1653151626625179,0.3999833898680912,-0.023054203946789982,-0.01124834094969491,0.008538327249793677,-0.06849840691133453,-1.361503030822593e-06
NRV,preprocess_Reading117.dat,1.004035520615117,1.5520737017276418,0.4161630926462974,1.702842695668942,-0.38962395995281773,-0.649816174219074,0.5751673860702669,0.3911558386450231,0.031020049188656678,0.07350412809348174,0.012765055008122252,-9.008848690860024e-07
NRV,preprocess_Reading118.dat,1.220381904132066,1.3327308062658008,0.7311564968478813,2.0793420552836217,0.3301116503478289,-0.402907827051689,0.5599619107302615,0.11194879224374346,0.04251352217840227,0.07429997161488937,-0.02413007725488425,-1.721914680510347e-08
NRV,preprocess_Reading119.dat,1.7081544044064303,1.3439168624007383,0.396479576030125,0.12878479254799768,-0.06101125029741446,-0.8317128019699027,0.3931541309980552,0.13996200178993962,0.03308800895430983,0.07316723229876566,-0.028369809994429295,-7.012260617925891e-07
NRV,preprocess_Reading120.dat,1.4407826626630689,1.4929047952209955,0.8073600295921725,2.258467225305011,0.36252853548418923,-0.2562872281003077,0.44934687276445245,0.0771867965839579,0.08809662375584033,-0.019068691646137566,0.004964719857215953,-1.0339181359336141e-06
NRV,preprocess_Reading121.dat,1.656886327151409,0.8721203545970756,0.6051624786577421,1.1095873214339207,-0.24997952736638812,-0.5256200288405108,0.4790383547869686,0.09319403300097369,-0.059631844587585706,0.040212023469195536,0.01325400030246213,-1.5415702236951166e-06
NRV,preprocess_Reading122.dat,0.7882464236362955,1.3304140698407234,0.3586845062729391,1.2407825067674818,-0.47959056596875776,-0.42778281253363465,0.39791252551700795,0.1351515744296932,0.0688024921918581,-0.04916230362795001,-0.03770981114321938,-1.882742182167408e-07
NRV,preprocess_Reading123.dat,0.9322323705091868,1.6270218706162451,0.05737528847694804,1.0034284325669192,-0.5379400655668977,-0.09038059151901152,0.12361498090286845,0.13045407569633605,-0.03477899676827106,0.053387615864570435,-0.09240719543058054,-9.567391388931755e-07
NRV,preprocess_Reading124.dat,0.8082138496341569,1.8826295844769099,-0.11515337900524067,1.0090333003818919,-0.17017726606708716,-0.07537579730778107,0.5340328114097519,-0.04958506988237918,0.08013424879896429,0.06270938625968396,-0.04531223167543443,-1.311488875565707e-06
NRV,preprocess_Reading125.dat,0.4414453802575107,1.9699442837721801,-0.2838579989565212,-0.16628523206314003,-0.31419101655951187,-0.14177682951164058,0.36321990076183586,-0.004818416700157448,0.11357691163485026,-0.039314866946973365,-0.068485640244531,-1.6396954988291543e-06
NRV,preprocess_Reading126.dat,-0.1605664193801135,1.8950219958147876,-0.22580262060600748,-0.32318049188433784,-0.08893946535109251,0.37568340032287245,-0.11774387668856488,0.366433204644028,-0.13404208019804317,-0.05828494475998706,-0.049111613153992595,-1.515413587766758e-06
NRV,preprocess_Reading127.dat,-0.38325049618137313,1.843005251948721,0.2083608312751295,1.5364826721966356,-0.061172062366144316,0.39128626203563804,-0.09243841753138572,0.01039314555525491,0.037121094722538384,-0.012882377853417849,-0.06672787808098561,-1.1124739276564856e-06
NRV,preprocess_Reading128.dat,-0.9163409530193181,1.9354898299539214,0.47941891011900273,1.3232313398341427,-0.04149505153698675,0.2994484639992844,0.04465702790788947,-0.020406536964234872,-0.04698127665509271,-0.028357368007325384,-0.01667362546341192,-1.2090550362618282e-06
NRV,preprocess_Reading129.dat,0.3697682179983766,2.1553666470807453,0.42687670563381913,1.668140978082335,-0.011665501608923951,-0.1390229046271129,0.14850117963427856,0.025510056264336684,0.0760238652824844,-0.03718370101882719,-0.0003543177763550289,-5.285155118456609e-07
NRV,preprocess_Reading130.dat,0.31206533203550946,1.4519592408113988,-0.02412105900065513,0.39470910940097875,-0.20483974070055955,0.08341016436383486,0.4285989271597342,0.27658485498221047,-0.1829947765921475,0.03403152642876844,-0.056886665280333135,-1.2903707463104818e-06
NRV,preprocess_Reading131.dat,1.0163599233920264,1.0098380947821195,0.23350201703104176,0.3439709409223436,0.6875816371110459,0.167309098109243,0.667383155909072,0.2041327267623316,-0.045666452290199756,0.022497269955881048,-0.025969628980967788,-8.609861388906903e-07
NRV,preprocess_Reading132.dat,0.8688202033748792,1.289526623367522,0.4091577648113412,-0.307953599432666,0.7985206665389567,-0.4582063885643641,0.5561878618820928,0.5778456228927529,-0.08873482890476195,0.0938319864898107,-0.03604648917437334,-1.0143630700349397e-06
NRV,preprocess_Reading133.dat,1.1888371923997016,0.9164820441671803,0.013365882127581033,0.03745127715516369,0.7316915639769809,0.1657217664716791,0.6978408726131552,0.11901564004319047,-0.08272554118824126,-0.1407725352098633,-0.09437699879414196,-1.961656565260254e-06
NRV,preprocess_Reading134.dat,0.717227447350313,1.5708535123812786,0.1998237083078499,0.885258537039882,0.1885931802810252,0.22302872393708123,0.03591821462461664,0.2230505388824664,-0.009371046090692234,0.037837368811711035,-0.007324566975885809,-1.0538001374570623e-06
NRV,preprocess_Reading135.dat,0.8441408852372104,2.064732107981933,0.5483139435480051,0.22364804081814116,0.7414831358477207,-0.2690512926652644,0.12129344800574504,0.03971711149355747,0.0470292107988171,0.049476859163824216,-0.02529140606616618,-1.407669152809547e-07
NRV,preprocess_Reading136.dat,0.36657511980715474,1.906893975161888,0.23368605333985482,0.049464081887459356,0.4316094817076773,0.3517250040395424,-0.3956023077434891,0.46315942058232845,-0.17465341345724528,0.07161579289676659,-0.0008324630351668219,-6.818641212844507e-07
NRV,preprocess_Reading137.dat,0.5669989023346141,2.361729618752199,0.735077793704366,-0.12530955694488818,0.5314216835082543,-0.38752312237232106,-0.15832876460977202,0.3394547450489014,-0.06841857458625726,0.023664309421757988,0.00993766982238837,3.5834564646853374e-07
NRV,preprocess_Reading138.dat,0.4844500597862479,2.272749041579746,0.41701745581713184,0.730907011629039,0.05451512241214076,-0.11717140397090238,-0.15075344035650265,0.23453504543178202,-0.007836677171012725,0.020016694202494693,-0.036135456809062896,-1.0079738074348346e-06
NRV,preprocess_Reading139.dat,0.40972954623288194,1.948442725137591,0.3227076803777582,0.9031061428493998,0.6378382298954034,0.40319037882969716,-0.16697571710159836,0.22580111005271566,0.07134098506334059,-0.011546665926446466,0.022562798286091645,-1.3533377720375304e-06
NRV,preprocess_Reading140.dat,0.2555445191228577,2.234822722954901,0.4054610887187434,1.2582793853016592,0.17595353363515515,0.032984950326185036,-0.21566382000222487,0.10925927007011317,-0.023282861888885606,0.07007085873923874,0.00467575020679389,-1.259009914646516e-06
NRV,preprocess_Reading141.dat,0.26769185910067506,1.9320801022883345,1.1023870354669987,1.7346636423309916,0.04700753048138772,-0.26283862033382455,-0.4652289408432035,0.31675516431456113,-0.04083513681084005,0.049600552401377666,-0.02134648792774536,-1.1592880467689453e-07
NRV,preprocess_Reading142.dat,0.1605264242651938,1.098435898947148,0.49232812636803946,1.0510462559837752,-0.13195293394534102,0.4331292504074162,-0.3170292129250553,0.11637298735255812,0.18282461961853402,-0.04298066319477088,-0.010298408442015418,-8.069712991037442e-07
NRV,preprocess_Reading143.dat,0.1192317075274693,1.4791015675465904,0.8935706282919884,1.4730339880145875,-0.22410883033765197,0.05949428656778277,-0.440163972074044,0.40433193483470775,0.0024474530894690446,-0.017588625363104703,0.03906830671394299,-5.784171474277902e-07
NRV,preprocess_Reading144.dat,-0.5394238329732702,2.0798153221918287,0.9262705585046376,0.825034281260126,-0.025515893027733553,-0.080221002146785,-0.3595485217365568,-0.016402497092963507,-0.03618544783810106,0.047584265918968596,-0.02880405673615223,-9.40855681443378e-07
NRV,preprocess_Reading145.dat,-0.8748442355590261,1.5301147548012874,1.3589500597599085,1.1622059479481017,-0.013473810359598132,0.053906734722144446,-0.4632598044225237,0.19986015592536865,-0.13071486658542408,-0.017221218018059235,0.023659951659596046,-1.1178897593253e-06
NRV,preprocess_Reading146.dat,-0.20864189140655948,2.6109514947213186,0.921164789469231,1.843789121077174,0.045123033724110584,-0.08664029790202371,-0.19540893984102234,0.21986405803961595,-0.04062087105838975,0.00416012875051243,0.015740740518609693,-9.14207555142527e-07
NRV,preprocess_Reading147.dat,0.05603567596907782,1.942176830849583,0.5454185045772684,1.3047171406218292,0.20729164103837508,0.16644125142652108,0.034388484570238874,0.4298030556433693,0.15448322778320078,-0.026563365450210364,0.07158506043732173,-8.691956147548418e-07
NRV,preprocess_Reading148.dat,-0.2217916484131636,2.5079213106383818,0.6318910043627249,2.3025545472651814,-0.25152929253714157,-0.22108681241243952,-0.12787838498398976,0.3252628288209202,0.03480707519652479,0.05771058113720734,0.041156080331715854,-9.100230895823646e-08
NRV,preprocess_Reading149.dat,-0.488718857287798,1.5421404504004557,1.1475774674104224,1.7523824462678539,-0.226334697240112,0.21760353226934429,-0.8174588748869451,0.05059131361318012,0.12080226672959107,-0.055104672893409985,0.020079404204469666,-6.67293307025458e-07
NRV,preprocess_Reading150.dat,-0.9670497277549445,2.070429342515462,1.1615257170841982,2.2140671345386727,-0.10667459287475109,-0.0018840646934603323,-0.7003230586962967,0.13702718048626372,-0.05005612224847483,0.01817113109558369,0.021653464892011563,-8.862683796669577e-07
NRV,preprocess_Reading151.dat,-3.433323960613105,0.6620608043689242,2.662446801043923,-0.13402536082389646,1.252863929655226,0.18725050359480253,0.49883576268451274,-0.11493193273976846,-0.18164924424938442,0.04859947436558388,0.08856063305476737,-1.2115355779911437e-06
NRV,preprocess_Reading152.dat,-1.62440785725379,2.161894981080166,0.4810596568309409,-2.1962035200267556,1.2545925230002364,0.40139014650459803,0.5204918598626693,-0.13998793742191806,0.08552443322873374,-0.044165471394530385,0.05602650277806054,-1.0562908050940852e-06
NRV,preprocess_Reading153.dat,-1.0560563038583184,2.1859742280852683,1.085719693656571,-0.20537604349987296,0.8748903063680322,-0.3521887283868568,0.41967732165353344,-0.25709565120353417,0.033684560278592665,-0.03789522541736739,0.030022210916445982,-8.345431444841145e-07
NRV,preprocess_Reading154.dat,-0.6994877447496017,2.857491445665444,0.39963517602388166,-1.4169073593332677,0.5162151518242685,-0.5084649663576497,0.58888981907463,-0.16761974412239822,0.027166166150587527,-0.016237823962646676,0.04868289171477937,-1.6474942936978207e-06
NRV,preprocess_Reading155.dat,0.03358721630149713,2.69632147080557,0.5245692655942606,-0.9786671223486899,0.7726018056511837,-0.19096600716979006,0.08760881417533452,-0.3509116776790747,-0.034704481467234934,0.022702948050710478,0.028640312837157827,-1.0559912476198679e-06
NRV,preprocess_Reading156.dat,0.1747955098951173,2.3324756810898872,0.5215239393453255,-0.5868626870348826,0.6488313317984761,-0.15004322900870726,0.29286287017934,-0.2483395428314146,-0.15633863918732502,0.088844000448267,-0.01538610155769218,-1.2303351901789963e-06
NRV,preprocess_Reading157.dat,-0.0381976062448407,2.064762161827331,0.7006866384697664,0.7109814779104188,0.6196939632488367,0.060928975704834375,-0.007910965260413762,-0.17976778179819275,-0.10343181736050486,0.03369911403981786,0.013581221557142994,-6.374875492303465e-07
NRV,preprocess_Reading158.dat,-0.2964832075221964,1.5375136297723957,0.5830617026262891,0.7763779533322035,0.3384830788105021,0.08041558458046301,0.1750575625182298,-0.4940377949932397,-0.09623483058169,0.027565753571049574,0.005292793879754724,-3.7044264967358156e-07
NRV,preprocess_Reading159.dat,0.5293845598406677,2.125511091531507,0.5901233237092356,0.16278404795260717,0.82601959817098,-0.09605012964312934,0.02359588852572837,-0.5879268019355807,0.012844181830672102,0.0009578251224129094,-0.00955615418859128,-8.113503014046311e-07
NRV,preprocess_Reading160.dat,-0.46933133163646945,2.309682914788241,0.2402369124288273,-0.5761412935164109,0.8224545049215797,0.11206767714815546,0.1498974522373442,-0.33171904538354663,0.04108994778296951,-0.11963560642079221,-0.0317806946974126,-3.3643152363939645e-07
NRV,preprocess_Reading161.dat,-0.9178324591092323,1.5671823272581444,0.0358463909149772,-0.4168657437902467,0.33306134757887484,0.5438399862868359,0.048418856665229104,-0.09470976082451532,-0.1260399848054679,-0.13801431051690907,0.008651444645484514,-6.668274249725613e-07
NRV,preprocess_Reading162.dat,-0.3110681495946207,1.1887245290668587,1.145418642714746,1.5902077217378094,0.5839952414592269,-0.20094391850028978,0.19251981351556233,-0.11787837873715613,-0.08298088979857994,-0.25054951917830126,-0.07842357202545394,-9.277232628079503e-07
NRV,preprocess_Reading163.dat,0.3601982868420462,1.4630755600686984,0.5723723707649234,1.0399083127150373,0.36965195954055774,-0.3168360092811869,0.09382316780880669,-0.3678136560772271,0.07491809564131315,0.010881749696629866,-0.024927088231099175,-5.209134690022576e-07
NRV,preprocess_Reading164.dat,0.8894480569412193,1.2153360179027812,0.3840790901359169,0.1748803857417711,0.32271626490043603,-0.12576257190004808,0.23705224173707465,-0.17681440304577853,-0.07890630057637925,-0.032711736741768214,-0.05016604250412238,-1.2128935297562164e-06
NRV,preprocess_Reading165.dat,0.4304794862234243,2.0377122235546987,0.4360338514391847,1.432272460385338,0.35949952417040854,0.020957940629640136,-0.040322707196946694,-0.28675437765488443,0.06049728208188213,-0.032971180810569906,0.0073572196393344915,-3.1027682663867504e-07
NRV,preprocess_Reading166.dat,1.0270982488919351,1.7933835628198604,0.22713666832991686,0.8500170266116405,0.6552009810236025,0.360396684856093,0.01541862961400155,-0.4132612910478221,-0.06062782803181788,0.03609775458111397,-0.013142433288425326,-9.397855842257333e-07
NRV,preprocess_Reading167.dat,0.686975018531286,1.7964157550506277,0.2078227555621823,1.0960824845148336,0.1747633568887265,0.03785436653059787,0.25242997652103666,-0.35828604565046573,-0.0015724592129231453,0.03913237320059805,0.005739024018960186,-3.5378769537583063e-07
NRV,preprocess_Reading168.dat,0.6652676705923113,2.3474489802472704,0.24707583248386383,0.8148195819069592,0.11924249009112411,-0.16573334508434442,0.17227082395243487,-0.20351228925931225,-0.06499009454300757,0.07547601168445586,0.0051578724457374,-5.934375513267664e-07
NRV,preprocess_Reading169.dat,0.49441382589342076,1.7982835772344108,0.24484915443797192,0.35973433312917596,0.12697592099067304,-0.050429632719960114,0.12605256425780337,-0.09876226060151473,-0.08595531367744076,0.04555894954119053,0.02332492395141708,-6.176719911272777e-07
NRV,preprocess_Reading170.dat,0.09521740768740027,2.1137630025740126,0.37282305060077325,0.4261784585156915,0.15958136230078032,-0.19697057464108053,0.21171951916773674,-0.20655944380450456,-0.03316284172396639,0.05127674216449073,-0.0021351117415834074,-9.592366512374838e-07
NRV,preprocess_Reading171.dat,-1.1676755404126031,1.7914736189130398,0.38802205921655447,0.4362093912882404,-0.4208910009130027,-0.018353211403084907,-0.17157849746917436,-0.1720314464923821,-0.06604210432999677,-0.02523029055095222,0.010635847227773273,-5.793419755606222e-07
NRV,preprocess_Reading172.dat,0.2562251951318004,2.270717766609654,0.10127293075261735,-0.31466300658965074,0.4420462426968668,-0.2790775882604045,0.28821651968922907,-0.013533950604324534,-0.13151783859636876,0.030388238144519557,-0.006503597974343886,-1.0196912691011088e-06
NRV,preprocess_Reading173.dat,0.9852573261532784,2.059006593067669,0.17557008563654442,1.564140381361124,0.24599895927274001,-0.3151556349926568,0.3699967938393156,-0.19575151870047222,-0.08460112247803127,0.13138922273679907,0.02421158405008376,-8.578271480746867e-07
NRV,preprocess_Reading174.dat,-0.297203904805891,1.4265570073668574,0.23437827570028733,1.5418070392475902,-0.23620228057373005,0.4344859396557673,0.20389338014762587,-0.43121853870526033,-0.12500685374533835,0.09500040954723488,-0.020975046363543956,-2.7252683156362934e-07
NRV,preprocess_Reading175.dat,0.29962747708100146,1.9945230437718953,0.0038192225833602747,0.7994442572963291,-0.10406041282361762,-0.1139228694217196,0.5134393771859043,0.041482302685070055,-0.19001330089799304,0.031184146544785473,-0.024561645772347263,-1.5249096446706856e-06
NRV,preprocess_Reading176.dat,1.6699049760999682,1.8095999356886525,0.03207440907580585,0.17892938877425496,0.309278067905014,-0.28568723208382274,0.3151294864595068,-0.10916190953112911,-0.0007307300206981019,0.07051451124759478,-0.045147328263908576,-1.1858227771160109e-08
NRV,preprocess_Reading177.dat,-0.6081630946380017,1.8369742461571705,1.3625496205549585,1.3556147534255152,-0.2953217965563254,-0.8999496934359891,0.358984583587435,-0.1305920881880282,-0.12319888700227064,-0.06796665219176319,-0.031636344328918875,7.319719796115627e-07
NRV,preprocess_Reading178.dat,0.2522099670762781,1.7494858432418825,0.1431016346178436,0.17509378837734088,-0.3732721143561704,-0.07112041156554816,0.03834719680518346,0.03896400113036222,0.02014350567790251,0.04254213847266205,-0.023315001649008113,-5.161118971286338e-07
NRV,preprocess_Reading179.dat,1.1221323092655358,1.9809723222841829,-0.5829073620280555,-1.1321302344067699,-0.3158035355635832,0.11220694260791288,0.1687593210271553,-0.08192344188220277,0.03218114590369619,0.020947413350037476,-0.05475337439495257,-5.857877048347754e-07
NRV,preprocess_Reading180.dat,0.8327089277255311,2.266463798099173,-0.24974118409788007,-0.7237685082522922,-0.2408790572463754,-0.11672824350722805,0.09020735059767158,-0.12403417579757738,-0.002175024445698911,-3.385067011941466e-05,-0.04250268889122224,-5.404866033473269e-07
NRV,preprocess_Reading181.dat,0.5677388703889006,1.5843968570058307,0.42398023323801726,1.3110767372947505,-0.010729081151609886,0.3526096175128633,-0.08668925782049094,-0.16398763389131224,0.033618847695385076,-0.009668750140017517,-0.04501874877216775,-7.869661488596217e-07
NRV,preprocess_Reading182.dat,-0.4783114779313989,2.782026455765245,-0.15842520704203872,-0.6323817051352884,-0.4918473475513773,-0.22837901085624862,0.23784933452872054,0.06520241447802445,-0.245877129130135,0.0813941429055779,-0.04687831334628301,-1.2680308429073267e-06
NRV,preprocess_Reading183.dat,-0.38037102336857465,2.117985202100617,0.3297388887244726,1.1456335874475074,-0.35022682962698465,0.15292220798396988,0.13665356229062617,0.07774944891012521,0.008136374740409822,-0.007882105550713248,0.002763234203222887,-1.135105719593293e-06
NRV,preprocess_Reading184.dat,-0.10749752608890231,2.8251559645764006,-0.032879512600920535,-0.20962177807100646,-0.27564966798448753,-0.048157782078008755,-0.10821423078749666,-0.018596841649123598,-0.05763377150242744,-0.0036607455574916804,-0.034831514315568184,-1.0276414053081136e-06
NRV,preprocess_Reading185.dat,-0.3463987773705134,2.671382727140287,0.68541467726155,0.4347178424511681,-0.1134557853212663,-0.47865607740238714,0.21108179830705864,-0.16464083596160248,-0.05693010150944501,-0.051445973346617935,-0.03708622363127049,-1.6738736655782311e-06
NRV,preprocess_Reading186.dat,1.1596956760733461,2.322350804646411,-0.11126332758851565,0.10535853472815453,-0.1484410353355168,-0.37764304586987774,0.3553458721237169,-0.02888868138379124,-0.08463769993375758,0.08980737265490887,-0.0726195776651542,-4.848307232781227e-07
NRV,preprocess_Reading187.dat,0.74324779442811,2.0731492906315023,0.5445248152380298,0.9523410150814874,-0.2726437526369961,-0.64194348265343,0.3837170531804129,-0.1358459202240357,0.051501296981882966,0.025941976916295195,-0.03657249129528625,4.7657362386157883e-07
NRV,preprocess_Reading188.dat,0.8173980593936997,1.754877402277626,0.19203235337468177,1.0916292906597176,0.11372633729462699,-0.025499287060264626,0.36212556309040483,0.1298185483014142,0.14785717091374798,-0.00923650746105978,-0.029677338028252644,-9.691429406338543e-07
NRV,preprocess_Reading189.dat,2.428077441871923,1.1585848689544382,-0.12771386592922696,0.10367607985498924,0.0892068901528112,-0.056032999143873226,0.2966283889065071,-0.016419387099779126,0.06319760602791909,0.04204261168476757,-0.06175618528776815,-1.121682081602283e-06
NRV,preprocess_Reading190.dat,1.5866804440075704,1.3143903058308986,-0.529001969538229,-0.5319572381613106,-0.39231672717141963,0.17385851972203173,0.09109142277057136,0.11917039416722353,0.09433654628380558,-0.08801004181138382,-0.04196577807898831,-1.3422777627923763e-06
NRV,preprocess_Reading191.dat,1.9183802135388341,1.3985887863434472,-0.19832301067154787,-0.05013141742344411,-0.280478267135835,-0.21842512365571165,0.1201357855806591,0.057816292394436496,0.016912094978236786,-0.03679805696290513,-0.01785131294886068,-1.1185092751033544e-06
NRV,preprocess_Reading192.dat,2.3406764706264203,1.2085262231976814,-0.235455064009737,-0.7408734910917797,-0.28360402671280754,-0.317402142635158,0.12431221011584388,0.12804183051848728,0.08142461856223011,0.028932142109833473,-0.07041169882545788,-1.0779935846316917e-06
NRV,preprocess_Reading193.dat,1.4034775740004863,1.0485082785021065,0.06964354247283736,0.044914543195954434,-0.07474486614599972,0.016193764169016373,0.4185656394903049,0.24066906203508293,-0.07583307737635804,0.004534410326851096,-0.0485308600734073,-9.679488618356717e-07
NRV,preprocess_Reading194.dat,1.8256320970252764,1.0237537905071643,-0.06342190860657615,0.12964511927390396,0.19480187524226258,0.21241322123051803,0.29495198562420416,0.10217070270944739,0.04651022538402993,0.024135974379526602,-0.057516027138395764,-1.255843550252727e-06
NRV,preprocess_Reading195.dat,1.278251719971746,0.7504952478256336,-0.35175135663146,-1.5799606282274181,-0.08559839220592307,0.24741647222115232,0.19158183579540047,0.4626813428006481,-0.18951052555658152,0.0714673884989937,-0.0996402125503793,-1.629909698481713e-06
NRV,preprocess_Reading196.dat,0.5177862389722542,1.4431079906536748,0.26001474197062546,-0.045077426170843905,-0.328079945501998,-0.2890568013597239,0.18321627424533318,0.539522391856881,0.10472879707471035,-0.03323314240346635,-0.017744258506257014,-1.0639235740592147e-06
NRV,preprocess_Reading197.dat,0.5343670082751488,1.2160240404867513,0.07246678660089799,1.3134395894026427,-0.2756391142483725,0.27308637567333066,0.3133091559359099,0.331550924674511,0.012837139976805367,0.04235466876367622,-0.002412223121359969,-8.97050811545714e-07
NRV,preprocess_Reading198.dat,0.5343724314063051,1.7486760483165378,-0.10995926052452748,-0.500964408189345,0.006633492535386664,-0.12141093345409769,0.5487558791810191,0.09937524623518472,0.030874268454439437,-0.03460918643698256,-0.06741847383149539,-1.0649444983915266e-06
NRV,preprocess_Reading199.dat,0.636593481087161,1.7967598460802479,0.5248446946972013,0.16355166518330203,0.13282570064640364,-0.47890345896529884,0.4048488200464472,0.033626585038006265,0.15553509041362448,-0.0003154370155345175,-0.009391401802451045,-6.083401599246367e-07
NRV,preprocess_Reading200.dat,0.6097787298420309,1.901780803139389,0.3361278974747203,0.6005394670576617,-0.3809590223944264,-0.5754312217763187,0.39397793885987464,-0.1528053032623968,0.1135651249483024,-0.05080268826652286,-0.046166758845284074,-1.0840277787527058e-06
NRV,preprocess_Reading201.dat,-0.1760027252205963,2.210136211847489,0.33578766422676815,0.317578076046062,-0.5982336148830034,-0.4417909095117515,0.28963037819679327,0.18671135427264887,-0.08424944967220062,-0.016013622077437627,-0.07996638652576517,-1.6190128032917193e-06
NRV,preprocess_Reading202.dat,1.113837648214019,1.427556224259186,-0.3724797379018219,0.16949281591737822,-0.004574047106057096,-0.1394941966487174,0.5607631757512491,0.2800440645398691,-0.09147542944203815,0.11037013441290866,-0.060319449129781426,-1.0687902251830672e-06
NRV,preprocess_Reading203.dat,1.1819877906729548,1.5279317108832409,-0.046190964320714345,0.7379253282522712,0.08123666261634697,-0.04260728607741784,0.44550969813533775,0.3164383889566251,0.010712295181098163,0.029724947157432086,-0.041070062723704816,-7.025009046923374e-07
NRV,preprocess_Reading204.dat,-0.19091309158877748,2.005955199653815,0.44768285875769204,-0.34171651332908987,-0.28495154074723034,-0.4962268020269074,0.2317883363828767,0.3578830357186502,0.1633927135306492,-0.07501579821341414,-0.024274426911969293,-9.239134047809178e-07
NRV,preprocess_Reading205.dat,-0.7644306014341418,2.4179029725055328,0.9836659649503875,1.6875428434202748,-0.6736745878794969,-0.7122673018663882,0.08089232873447534,0.3027325731902574,0.07875639694020538,-0.09369124390145545,-0.07954403613988673,2.2659042887194361e-07
NRV,preprocess_Reading206.dat,-1.1669151198240175,1.801012718575586,0.9301981862327636,1.0951469523519712,-0.20217384603504862,0.04394664621225589,-0.2519126061940299,0.16586418164446018,-0.1977574822990196,0.02040740644223423,-0.07710498817304912,-1.3598531281889526e-06
NRV,preprocess_Reading207.dat,-0.7458805633012685,1.9848932480810266,0.651291426305515,0.485422284697366,-0.39066355565199934,-0.3041687344609567,0.06192026927745815,0.2833547698813136,-0.03929400385180377,-0.0035925385666881926,-0.07451146224331534,-9.248446629447945e-07
NRV,preprocess_Reading208.dat,-0.49911872268945806,2.3772418213783504,0.6317068629772545,1.0881732593793731,0.022458860857734405,-0.24537282362130813,0.23317970968211443,0.3994212918301696,0.1117778371140222,-0.01614820226100145,-0.03797456286471165,-7.523703050971273e-07
NRV,preprocess_Reading209.dat,-1.1948435701235527,0.8179869632914505,0.7088111313437189,0.08098799396924494,-0.06256600601292019,0.5304527920073495,-0.05557118664910446,0.14257090072034453,-0.008815691164201311,-0.06814530894768597,-0.010063272319580636,-1.3543558533099814e-06
NRV,preprocess_Reading210.dat,-0.44375871022367713,0.8501524162030586,1.1865675171330374,2.2191629050362915,-0.12221759187604547,0.19685297072936742,-0.1677381560793252,0.0338314507438325,0.09127615501391774,-0.054834466508062465,0.023384828663831278,-9.388615297877395e-07
NRV,preprocess_Reading211.dat,-0.6327040786646458,1.5354600282841147,0.4757238992728125,0.010477718185711995,-0.12058021478164255,0.099500832884929,-0.09035523968500855,0.23789753703235364,-0.2860640591663662,0.057106616855296444,-0.08679752033513408,-1.4967698807383222e-06
NRV,preprocess_Reading212.dat,-0.5294839343495624,1.6789721785887326,0.7667425897197949,1.3033288127622675,0.2029170236653105,0.09282758348919712,0.05117414904195197,0.4847678254337404,-0.09453607317758597,0.006974898927010422,-0.012263240444685224,-1.0423859099732531e-06
NRV,preprocess_Reading213.dat,-0.8114952750596536,1.2641962522164698,0.8775883545594307,0.40180146131628686,0.3691935427783395,0.46691881161025306,-0.5279456409010251,0.21455710673938716,0.03521837041771498,-0.10491571377021679,-0.022093955156651947,-8.218247373985888e-07
NRV,preprocess_Reading214.dat,-0.9278325037533252,1.323471066366617,0.9733260731346626,1.327552053678011,0.48865554954702345,0.5515595505027588,-0.47982915731994175,0.3570718872589347,-0.12304495903223445,-0.00273889020856818,0.011170539098665626,-6.979117061355112e-07
NRV,preprocess_Reading215.dat,-0.6069166434407685,2.230599263005786,1.12054280952048,3.0175803879651983,1.0695060341948415,0.18123776206481795,0.32675014640315003,0.5071147365963654,-0.12012966336309322,0.061935131181585786,0.016208165705593396,-1.0132789187432001e-06
NRV,preprocess_Reading216.dat,0.017059689871062232,1.0383360815448117,0.5601589726071896,1.222773706716438,1.0751452787264129,0.5635901156088262,0.08470269790475263,0.5375852764555648,-0.00937502289468632,0.01657170609432476,0.01570183843307527,-1.1807692601679432e-06
NRV,preprocess_Reading217.dat,-0.7397853833463092,1.3968556482949688,1.0602661364871486,0.5500157137871632,0.7760039171700064,0.2603781098946328,-0.3349392840504408,0.2976222701729858,0.055187812862685245,-0.01226476428838755,0.03223451358241584,-8.974869321292067e-07
NRV,preprocess_Reading218.dat,-0.5366666685565963,1.519789110795418,0.45269413686437404,1.2748572023844882,0.4388653028700864,0.3765632940117681,0.0675163791025146,0.3971912920929222,0.1406562830292986,-0.12549097591903033,0.05925261795368309,-1.3758832155794044e-06
NRV,preprocess_Reading219.dat,-0.417637159892144,1.7903978939973682,0.8026767407045247,0.9947010438893196,0.5308861339488438,-0.07843032341224045,0.1340299128890261,0.6408971102929397,0.008872245014094334,-0.07553645252940648,0.034141162590189233,-8.564967561487806e-07
NRV,preprocess_Reading220.dat,-0.11607674375691075,0.9099684992409438,0.26455743358985045,0.7315346458487271,0.5824590220512742,0.6465227066601681,-0.050594819954206845,0.3587754775799422,-0.04009181296756538,0.054174775801089335,0.029335458953182937,-1.471945685703969e-06
NRV,preprocess_Reading221.dat,-0.39461892911102503,1.0057607734327851,0.8849411357522896,0.9934588639301976,0.37635873660448055,0.3382414304100897,-0.32602656912039996,0.39489873898880073,-0.11849434906443936,0.037207160759729394,0.0068729495611787325,-7.8092119484621e-07
NRV,preprocess_Reading222.dat,0.010328575655955664,1.1882110580663576,1.0432357842012823,1.3302782826803834,0.4615421752259327,-0.020900527458538994,0.25204760352702776,0.25002134378015506,0.005058644816968858,0.040849341263508344,0.017568743481263298,-1.2203051121430735e-06
NRV,preprocess_Reading223.dat,-0.5559122536884875,1.013935384057311,0.7898345206258247,0.07328393464569873,0.5410094625762749,0.2084285467208233,0.01747660081168825,0.4152631303680208,-0.289227489517974,-0.14115198265809284,0.0025616703844565047,-1.627956613542696e-06
NRV,preprocess_Reading224.dat,0.2653163634734235,1.0321225091670199,0.3467548457291714,0.3957915438918455,-0.019411884763596364,0.5423966538072132,-0.5583355832387794,-0.019013440723305373,-0.10837714112893682,0.011305491976396425,-0.02230688900441214,-1.125051074058885e-06
NRV,preprocess_Reading225.dat,-1.1125307540158313,1.0891327420577899,0.5156640856207416,0.21792474692276473,-0.6226845495993742,0.40237801065113826,-0.5911594979271294,-0.027665241036397014,0.07016104608960542,-0.0519219028124194,0.041771120278496617,-9.416618016581383e-07
Piston,preprocess_Reading1.dat,-3.908670417175432,-2.4680006571641235,2.09864619156904,-0.4534289411655405,1.665251873051279,2.239817297623787,0.7522644058583358,-0.024465042729242742,0.06086071353736301,0.034209136125279135,0.04979206268431968,-5.80991894494325e-07
Piston,preprocess_Reading2.dat,-3.2726690922369865,-1.9231710364599246,2.6166219881072315,-0.12578430536606533,1.3530119274640204,1.1910541750679877,0.6151580257121554,-0.009083425772385769,0.04756212807791346,0.027418069528207578,0.09390053059417335,-5.719709669960521e-07
Piston,preprocess_Reading3.dat,-2.4604226414679182,-1.352756255667704,2.0984828148623618,0.1803394537694313,0.919440540505062,1.0713938795667433,0.34455910510251353,-0.1662627630392444,0.05963061349153966,0.06293994873219795,0.032471535989073014,6.156280885508802e-07
Piston,preprocess_Reading4.dat,-1.3079534375995596,-1.223118450251574,1.599631720736262,-0.18559814556978374,0.6561468452947257,0.9205469586056644,0.20426216560308566,-0.19564049165944172,0.01626854858940444,-0.0002263241249575211,0.05668438722594724,1.984665074781199e-07
Piston,preprocess_Reading5.dat,0.4545601421423141,-1.1568490189674863,1.4524302953944332,0.8236545682629441,0.6827887046157352,0.7240047197677105,0.08209471714772318,-0.20517440585127847,0.0065867833729328475,-0.04414700350693693,0.029302250093486956,1.9577380115681993e-07
Piston,preprocess_Reading6.dat,1.1596067433340702,-1.1208016479734975,0.6965493133814469,-0.000689938061817569,0.30441539451453387,0.8812685375599052,-0.19235793081853125,-0.19430387196787796,0.00021084109692647064,-0.04191088062843108,0.0985234532050727,-3.2283669838478863e-07
Piston,preprocess_Reading7.dat,0.8783563680066944,-0.8856862899792864,0.3316143401381101,0.17722857867658293,0.41867530849092344,1.2923504122814937,-0.17679667454967743,-0.2708688442757881,0.011375128166578707,-0.05247668599676713,0.10640746428171183,-4.282252281583946e-07
Piston,preprocess_Reading8.dat,0.6067268006912089,-0.7479637288567071,1.3490239998190552,0.6241963083646118,0.5922457302379673,0.27620931800519033,-0.10124391619514285,-0.1710059189951866,-0.06789044902279155,-0.051227384107722776,0.08347424653654632,-4.238261175275604e-07
Piston,preprocess_Reading9.dat,0.270378534895799,-1.0702928119338089,0.7803815458872229,-0.15398478989707362,0.45667676066168505,0.8973917081109118,-0.10425242686762513,-0.10120239363650926,-0.09820329068684742,-0.07294102368566986,0.058801459499547966,-4.1865227179313056e-07
Piston,preprocess_Reading10.dat,1.0991080074855586,-0.18951762937036215,0.9204008137762063,0.8244779412857643,0.885929910244521,0.13649700160756686,0.09729637492304108,-0.1102023224200974,-0.20163502237621483,-0.42574880481262695,-0.0744845125320319,-9.987529908866042e-07
Piston,preprocess_Reading11.dat,0.9971185410232891,-0.08705995667746991,0.43439765245904066,-0.5487144471749272,0.9306105863471715,0.4613957734557345,-0.02224886578115419,-0.04777384866575544,-0.07204973750642372,-0.10271392201748814,0.017889661699777192,-9.399770887814601e-07
Piston,preprocess_Reading12.dat,0.87895146517501,-0.6140884907629324,0.31162540558988816,0.08076880585085634,0.1284808905422511,0.44236869975490295,0.05590629145263902,0.058898074350425676,-0.011330810757621133,-0.07647866283426612,-0.009024804032241762,8.884314552021311e-08
Piston,preprocess_Reading13.dat,0.8583600302712673,-0.08938997192867039,0.28223443190588976,-1.1429077556945215,0.5346674881758448,0.3340444029882369,0.029863904243797992,-0.09393367018270422,-0.08448923555176881,-0.0922908965712235,-0.04429416714739066,-4.356901867638394e-08
Piston,preprocess_Reading14.dat,1.8086639026225837,-0.44924208325052223,0.3868835119446494,-0.37091752776933445,0.3276157782505309,0.2964554250870175,0.09173317252180777,-0.021078091046276635,0.01925359128833989,-0.13910276256757542,-0.12009312119610943,-9.122173688076203e-07
Piston,preprocess_Reading15.dat,1.1948677783290464,-1.552550752000844,0.5368616587607369,-1.0816016381698879,0.08927738600975561,0.11073371111583538,-0.08321463323370673,-0.18725058188018137,-0.30641819131027476,-0.05606191658509556,-0.0673082494664628,-1.103288949703669e-06
Piston,preprocess_Reading16.dat,1.4583595794262778,-1.0571261334229176,0.3572882673564566,-1.67110518301834,0.3080894359086764,0.20632375199367414,-0.0362131588771367,0.06874597228272011,-0.05034699185322848,-0.10418779466377612,-0.062203254712221996,-2.9322028780326015e-07
Piston,preprocess_Reading17.dat,1.3008453065493675,-0.3097997872046366,0.5531555173697726,-0.66220040771701,0.36319362118990295,0.08635722892372599,-0.09852273788772856,0.04395487825034496,-0.0641615023319001,-0.04347885373529343,-0.04001612123779028,1.3677378651699558e-07
Piston,preprocess_Reading18.dat,1.6667928725131556,-0.48756155087640723,0.3947205662295243,0.6881019359463758,0.1929836962469631,0.33731918907834324,-0.10453255230372772,-0.04951794019288361,-0.08233463883742334,-0.02433664883474443,-0.044972877338048264,-6.654057644569976e-07
Piston,preprocess_Reading19.dat,2.0159824692786468,-0.9930230841338751,0.28247623525538995,-0.9901037939269448,0.24148479503587914,0.1789929811318135,0.04232692207871558,-0.021586550449364868,-0.050416477038764444,-0.0763130119793579,-0.0701797467906818,-3.2830583851415535e-07
Piston,preprocess_Reading20.dat,1.9352645865941995,-0.7030465006400357,0.7858144479717318,-0.27275040182498467,0.21984539223427907,-0.2828289010724359,0.11774891325622476,0.09990535416989163,-0.050016350692947874,-0.018035466988120214,-0.10933810610246358,-4.960915089063721e-07
Piston,preprocess_Reading21.dat,3.0121481419803597,-0.9426858624951521,0.5256967539833729,0.4609031294591906,-0.038583826200191976,0.010425231103186668,-0.058679391136698025,0.0019663739440299215,0.021174811779291796,-0.11451304284304761,-0.19904473194593636,-4.901716411302237e-07
Piston,preprocess_Reading22.dat,3.377550617554093,-1.2969224149351573,0.2712737756936922,0.1633156324914385,-0.20747228161563133,0.20285379357090755,-0.18486231103359907,0.020493135244940123,0.012553050715824103,-0.08567637175464643,-0.09880877433625979,-4.5748090083834676e-07
Piston,preprocess_Reading23.dat,2.4777249310251808,-1.5699623459715262,1.4114833016405355,0.6554331747452571,0.2053645268308272,-0.4096388575177266,0.06676028473012033,0.0053241659997233445,-0.03419220078000193,-0.04850135935114769,-0.06168134843411155,-6.256620631719395e-08
Piston,preprocess_Reading24.dat,3.12374722869355,-1.7194899516572821,0.9320615871873205,0.8078847345094303,-0.09568606647618977,0.08370098367987412,-0.14542231713715095,0.0402602621232682,0.01384971115162844,-0.08159997772204033,-0.10505357760060687,-4.739767764085029e-07
Piston,preprocess_Reading25.dat,3.1854847873526673,-1.6517582033042926,0.7284973632153691,1.4530109879260733,-0.08819662188626329,0.3066070992118972,-0.06477704798785926,0.018722799154213224,0.006466732997029253,-0.0428327980367137,-0.060238555252972795,3.712740953388012e-07
Piston,preprocess_Reading26.dat,3.8653106359675276,-1.4889168061584155,0.09540232597977075,-1.1804127995240197,-0.18902130039744441,0.04179572579875178,-0.23833331982971556,0.1511619851858646,0.04766480249984695,-0.04180427120219216,-0.11268003518120819,-2.081622059406438e-07
Piston,preprocess_Reading27.dat,3.3943533449379633,-0.42918564309784457,0.07494595736834789,0.19399260472308202,0.07776832215903628,0.21585164636638476,-0.10144467910650087,0.19876450197752019,0.050678800440191116,-0.03081348648173138,-0.08237475554633161,-8.367113659177064e-07
Piston,preprocess_Reading28.dat,3.758936885752048,-1.1307402703344853,0.13338443855999693,0.3722836455301067,-0.18979506181428474,0.34853262733447604,-0.28046007836254333,0.2582873272826503,0.07246714794237699,-0.034265397954077445,-0.0787333077075663,-2.768688577496077e-07
Piston,preprocess_Reading29.dat,4.238798175072842,-0.7947430889654238,0.8313759094007075,-0.06364343110669614,-0.15355275400631832,-0.7452810094806516,-0.1091682675376405,0.1253247265003453,8.864469608181561e-05,-0.07169314855827033,-0.054174900042770355,-7.371255376714799e-08
Piston,preprocess_Reading30.dat,2.7337144334800447,0.008264926644343319,0.6723347054985901,1.863534594647184,0.41641134203506974,0.10885023550068938,-0.1279566837570323,0.15091104515156384,0.02915381373364989,-0.022748792935445097,-0.07128330085373345,-1.0325304691210244e-08
Piston,preprocess_Reading31.dat,3.007983285693021,-0.16653880385247724,0.6998533842069686,1.2422581721132653,0.037144815353637624,-0.32643862196751694,-0.0247119026072821,0.18498659420394906,0.06365838464471832,0.031302470455891115,-0.04554104600245033,-1.353887490499659e-07
Piston,preprocess_Reading32.dat,3.6047956957822813,-0.9106150540837217,0.31087663553186146,1.2891457381660352,-0.16318848290081572,0.22378748944013221,-0.30463024477787326,0.10325169706775959,0.02699042922460966,-0.009809153326382313,-0.033218078638948934,-1.6547383982170954e-07
Piston,preprocess_Reading33.dat,3.517646011063231,-1.874649600961283,1.149148088233888,1.2543631389282923,-0.2885756748027774,-0.12651591899913953,-0.19137680846656363,0.06010392891209364,0.007375626919449505,-0.027898262938225817,-0.10956454719131456,-2.3240818519628404e-07
Piston,preprocess_Reading34.dat,3.6597299697333083,-1.8439319103608227,0.7473243243256102,1.1618307581084917,-0.3598069412713141,0.15965571193808012,-0.10608449647222744,0.1679889251177866,0.04845752298547491,-0.03068938331466584,0.008755265133680528,-5.129828387683643e-07
Piston,preprocess_Reading35.dat,3.2835122475034115,-1.352470092024155,0.7002255759977866,1.9168177031711162,-0.1735387941660906,0.531551626909885,-0.4299971101058469,0.11640990879747788,-0.05363556430329349,-0.016109813210841595,-0.044871017243146294,7.863814880071878e-07
Piston,preprocess_Reading36.dat,3.245698173879215,-0.8460144058071973,1.0057583852563077,2.2433087003537335,0.31579405252743775,0.21664947427000017,-0.23875064922346276,0.027210548870373493,0.024750322211319682,-0.02644715747404634,-0.05295629298300049,6.591942540118161e-07
Piston,preprocess_Reading37.dat,3.7471779502840685,0.1471602524435679,0.1130380590470539,0.6625151633713678,0.4831189038938059,0.16389518773501652,-0.17606601319521678,0.0207294169161986,0.003987058790065193,0.005863219673757202,0.016061059471626803,2.6456226412563197e-07
Piston,preprocess_Reading38.dat,3.430953095277855,-0.7077061076022817,0.6822132340940124,1.165682770942311,-0.048919163022231905,-0.2506406246291711,-0.155637345606178,0.017563514700471655,0.02083676594272566,-0.014580028089214015,-0.025237196458527553,2.1239299344240303e-06
Piston,preprocess_Reading39.dat,3.600498782651951,-1.329241519086591,0.16180948373934745,0.8057971414728197,0.06831029286099026,0.49032630915617875,-0.29875925612851334,0.017344194230307565,-0.02317790697432735,-0.01946660647458303,-0.0575055683386057,-5.800446279951826e-07
Piston,preprocess_Reading40.dat,3.410248476617198,-0.1954315135955844,0.3869661433490088,-0.11533183126766469,0.46544532188770993,0.023642171636360444,-0.37110168082381584,0.031335533472188794,-0.028925199700842452,-0.009725551762028318,-0.0599216487489678,4.685150509254204e-07
Piston,preprocess_Reading41.dat,3.7790374168235203,0.1936993392724205,0.4746022899296045,-0.0458282371562992,0.14702875682009053,-0.5403264472683192,-0.11035853768576265,0.03513118525365022,0.011838080288147932,0.041856154808058786,-0.026639682056668775,-1.6772612551166341e-07
Piston,preprocess_Reading42.dat,3.728495209458459,0.2070364411698437,0.09783049500961845,-0.6595284282567044,0.25878177245028255,-0.2226228044769107,-0.2762378525673937,-0.003848694311510138,-0.015288529099786025,-0.0017425404736314991,-0.052198816718453535,1.866195341544704e-07
Piston,preprocess_Reading43.dat,3.14272468617528,-1.3868777601365778,1.315842352904538,2.473596805917475,-0.22485071932612,-0.16588245184205574,-0.20672696953773587,0.0019132399060987138,0.028779467749937285,-0.059547618262497874,-0.051337672595083636,1.0240796216813033e-06
Piston,preprocess_Reading44.dat,3.9358970647655185,-1.4591813428804241,0.18761240388743997,0.928501402424463,-0.14911090369762628,0.44449592501224255,-0.22654203966986494,0.0704691042879117,-0.07012420162152355,-0.0798815794334012,0.06283243748745249,-6.963223394443674e-07
Piston,preprocess_Reading45.dat,3.410027166485418,-0.31397599473984045,0.40260133629411055,1.1038343613913952,0.2774367313549583,0.018859058443705275,-0.23508262057777427,0.10323124296423566,0.029748126509945932,0.04537291781892499,-0.027988330218406608,1.3433006680056425e-06
Piston,preprocess_Reading46.dat,3.601423300609013,-1.2776921101699628,0.8163505887035677,1.467256967180451,-0.1689411553309597,-0.013394976941181663,-0.2614469415603397,0.013510267554164802,-0.05313620960976106,-0.015268700471283645,0.014291246003907881,1.535403702952227e-06
Piston,preprocess_Reading47.dat,3.0489904584849468,-0.7384325024263299,0.34031473977103044,0.18931787485653584,0.15813072961976216,0.22978809097679578,-0.234642688089207,0.032467171453751234,-0.07920303551293384,0.003564101463013658,-0.03994929063357506,1.4591627996039006e-06
Piston,preprocess_Reading48.dat,3.791716823865712,-0.8289618748402884,1.02513018795991,1.0197610138154434,0.11643596177649845,-0.48947024297398184,-0.24905094973298922,0.12321789822609226,-0.04102005763693052,0.006754667310316248,0.038937114406930574,1.494032244281965e-06
Piston,preprocess_Reading49.dat,3.9352917015028623,-0.047865703150544045,0.381683740228531,-0.00033185647311497987,-0.02882479653677268,-0.5341291288502075,-0.19360332174106634,0.27008684391219356,0.03848140064688437,0.028755139665815655,0.032969889895595794,9.317594301242122e-07
Piston,preprocess_Reading50.dat,3.8589724013679523,0.22653850163789854,-0.05832715962522993,-0.7477145500141874,0.2565981683499253,-0.1269650199587883,-0.2137517328690947,0.07156391635175793,0.027832655912551595,0.042961079901273375,0.038155243452086124,1.822242724558463e-07
Piston,preprocess_Reading51.dat,3.5333992737728313,1.3200701484361892,0.2189082903424099,-0.529963309902139,0.6445657444076545,-0.5245148257428317,-0.15591995618702914,0.10701684077640405,0.020600526458631457,-0.012479553745014953,-0.003323638586951879,-1.6656950978734977e-07
Piston,preprocess_Reading52.dat,3.863363055446096,0.8516441059942382,0.42312502757096143,-1.863672015476318,0.5961347271925614,-1.3089942610916843,0.10492301065874243,0.07201966307951217,0.034914850512786165,-0.06163918024821215,0.011932096037161496,2.6024352365979025e-06
Piston,preprocess_Reading53.dat,3.9870358110217294,-0.4055637163893141,-0.08860967232955508,-0.23176151957869148,0.2232850689361923,0.18952145042184387,-0.42896252503903815,0.18729438873458534,-0.029674138556705927,0.07658405803666654,0.024379432526939245,4.744952848169682e-07
Piston,preprocess_Reading54.dat,4.287995470455926,-0.01763662188582793,0.511559026993455,0.3490195383976722,0.1362009592145402,-0.47329087503619405,-0.24128737720735283,-0.05412595581720671,0.03091953595290794,0.0814501624276183,0.02624599834619368,-1.0382178163051219e-07
Piston,preprocess_Reading55.dat,3.9707383636081235,-0.2886826505356473,-0.2802937677892999,-0.42991071286672333,0.03876594982407765,0.41382007799461806,-0.3740924499593636,-0.22859678704128986,0.016298505891303147,0.03168900140807067,0.07261509238397203,-3.9476220768338855e-07
Piston,preprocess_Reading56.dat,3.6313564766688584,-0.4086152687765729,-0.3051819015171106,-0.9026597891128827,0.1289229065257914,0.3724272132623136,-0.3533800923440309,-0.03492825155776884,-0.04089587030363094,0.05884428542855103,0.06029843232730959,6.485821028631712e-07
Piston,preprocess_Reading57.dat,3.8113192167856713,0.9457905762061071,0.18978242322385477,-0.894154841348826,0.3027109223128219,-0.63658124447544,-0.015066237545972055,-0.18362323151287827,0.039596035192892114,0.0673999837046118,0.058402229943363616,1.3959605938979747e-06
Piston,preprocess_Reading58.dat,3.4366845620494413,0.8111108383719368,-0.4792047447634163,-1.4298779470484249,0.10801364065288388,-0.09068376743928006,-0.0805641755167526,-0.057690975828161885,0.06025981737512844,0.022589033569751685,0.05122490250718358,4.015175349537158e-07
Piston,preprocess_Reading59.dat,3.7764346216718447,-0.49581144938825333,0.07926718416320731,-0.03682750310228948,0.039656528090810314,0.4012806494957534,-0.48103801710906735,-0.12398079221294968,0.033521425522845004,0.0046008501195958776,0.010055512963713608,2.0646747160575009e-07
Piston,preprocess_Reading60.dat,3.8986282349230175,-0.40715262709501493,0.2040805067777824,0.28877266155995457,0.02869112120701909,0.13051580218935416,-0.31142013684923425,-0.09760370908806196,0.009627601244227575,0.050288756346985986,0.06763671744114445,4.773567304591693e-07
Piston,preprocess_Reading61.dat,3.8785646784533996,-0.24708509009004517,-0.2020845908537683,-0.8491317109456482,0.0035141893657199418,0.3295254187252677,-0.41247546117583234,-0.07212623149861132,0.04450298964461708,-0.013149331278612302,0.06002773517892491,1.1537094661557148e-07
Piston,preprocess_Reading62.dat,3.6707136851838964,-0.5254415467828779,0.46929120509525674,0.10651326673475574,0.2928711746352441,-0.021097975005914982,-0.1583706369778013,0.018167966311327798,-0.05561893814425851,-0.09790658190803982,0.05453214821684875,1.09192434271533e-07
Piston,preprocess_Reading63.dat,3.2890257478306197,0.19764351717579545,-0.1479744634878985,-1.392209702319684,0.027215134437556517,0.05255449042321746,-0.27884548912824647,0.05167727006875489,-0.00216794533109379,0.015581581797494548,-0.00994800095479469,-6.621474388724998e-07
Piston,preprocess_Reading64.dat,4.122331868523314,-1.4704196849565394,0.10365659687178386,-0.0421703339652399,-0.45352356967302154,0.40051458157513986,-0.4487481675845606,-0.13464355108530657,0.05329347502711595,-0.033137018374068926,0.011056955434366219,-7.978089236697771e-08
Piston,preprocess_Reading65.dat,3.6738090218562127,-0.2660926827737707,0.20204990266194375,-0.2555465765815953,0.021299562322394487,0.16872502943806886,-0.40836632083515667,-0.1723977101767496,0.0053115412638083705,0.02805181650213039,-0.040883825289010765,1.2271727329755443e-07
Piston,preprocess_Reading66.dat,3.4079664048102267,-0.7884307257445755,0.0661954489898553,0.0037194358342950377,-0.3819213985571449,0.3379933463865782,-0.42440543861117835,-0.2239462793460548,0.02488353217050788,0.03451591062278205,0.025746083582799496,2.2028314311154093e-07
Piston,preprocess_Reading67.dat,3.37088211231975,-1.067738576318924,-0.010588662765627692,0.38185736945351917,-0.316855318426573,0.5952249650322347,-0.44088493354588254,-0.09275105544495056,0.044544402132871516,0.028942032692800105,-0.007116255309164016,4.89715672062799e-07
Piston,preprocess_Reading68.dat,3.4945824929050997,-0.40001884371444046,0.469629459157478,-0.04999351910341058,0.06941931641702531,-0.11193382815967833,-0.3138980149874892,-0.0433211588566266,-0.06211363357109817,-0.07343058630466387,0.005115424560912872,-7.864229530841965e-07
Piston,preprocess_Reading69.dat,3.5978672184739486,-0.7630014043531848,0.6860731821552932,-0.3235145194957547,-0.12183909304888171,-0.27352102563247466,-0.3128030523898747,-0.13153416934066373,0.04386385324797916,-0.0031674061821587007,0.033584898284606424,5.480366767927362e-07
Piston,preprocess_Reading70.dat,3.436430272183229,-1.2568435792523647,0.42558425419251034,-0.011419556930079735,-0.22652319821592437,0.1854539959394728,-0.4619772308951082,-0.02393738207723688,0.0327346686332196,0.02518319355130749,0.044770822324206365,4.6916026274722996e-07
Piston,preprocess_Reading71.dat,3.412865221915746,-1.675672300866955,-0.1583121380076707,-0.48426034804892076,-0.5006866308674387,0.8233745374304523,-0.5410818451466591,-0.09041374557914472,0.008861240755169841,0.004536299776413395,0.0812231032832982,2.6399772286562974e-07
Piston,preprocess_Reading72.dat,3.323233863006382,-1.4018056061410313,0.045126517040417986,-0.33622269466208643,-0.3464563507996973,0.5883323972781743,-0.43396318838328823,0.025517562028086995,0.01784233562444567,0.011124778365642008,-0.032336306750170664,1.093064981385907e-06
Piston,preprocess_Reading73.dat,2.825859455123183,-1.8031790041601925,0.38951417942925376,-0.19044747764437153,-0.4647591223787941,0.6245303117402758,-0.4743229133976457,-0.02785516947712238,0.02309002565259343,-0.04653311712305692,-0.03228701163976735,7.836358341988695e-07
Piston,preprocess_Reading74.dat,3.0783725958254347,-1.3062463896994856,0.02178444350822337,-1.441572651497395,-0.5578037398942273,0.23674320886798053,-0.4786177708633711,0.05440014340777247,0.06377306680508539,0.020722016217055123,-0.01227713940663987,1.009576212410782e-06
Piston,preprocess_Reading75.dat,2.269995311219064,-1.2431400963596833,0.25174746036867535,-1.281901233169281,0.29236612301978543,0.1660485438583277,-0.22653378691905607,0.054230667096362144,-0.0649017471555712,0.10993520206521688,0.0051773800905082325,3.4311144246629527e-06
Piston,preprocess_Reading76.dat,-5.839090929007539,-3.2507627396393217,2.6738230775671403,-0.4183148586753591,1.7763850307769007,2.3994991165926973,1.211906609820295,0.17249707198365055,0.13546854024098284,-0.006448091855955559,0.10468905631307668,-7.515497421776747e-08
Piston,preprocess_Reading77.dat,-2.762211851889113,-2.1823333066574557,2.130444501719393,-0.23389012097865666,1.1162311342113271,1.3741417478614544,0.7384070724881254,0.0658940452963408,0.11050897197002986,-0.030163097065272353,0.019694837264945354,-1.4844297026409688e-07
Piston,preprocess_Reading78.dat,-1.3193592995402486,-1.8449114190135578,1.0651408447615531,-0.1425123478311528,0.879638746696247,1.658198339456432,0.35156641368853103,-0.02082303822867795,0.205402078533922,-0.04038190203239009,0.056594493061746534,6.173874100418854e-07
Piston,preprocess_Reading79.dat,-2.155162098116023,-2.1985464981019627,1.1793462497220708,-0.3263389980651782,0.2862791638178715,1.8838808383418457,-0.14500214862680547,-0.12331206653144752,-0.02389894545397929,0.019069312142803194,0.08535238807015276,2.412989178096606e-07
Piston,preprocess_Reading80.dat,-0.6982074951217435,-1.6194620729727511,0.6312289834841053,0.16952655691068663,-0.026634943483750662,1.5132902844653684,-0.19391259213791384,-0.28816805153643127,0.14021868568433307,-0.0648554470204709,0.07683523551347386,4.947995927904882e-07
Piston,preprocess_Reading81.dat,0.2997637857438672,-1.1997691616602384,0.28235059395493967,0.6046003584661637,-0.0702559883525018,1.2572414945300041,-0.39518191960381355,-0.17819816994504725,0.09235658279683205,-0.04910923244040558,-0.025321941528770372,2.0586216985866432e-07
Piston,preprocess_Reading82.dat,0.8063199365460774,-1.1482676924213104,0.28268318987398516,0.3975485036995075,0.3005154703529977,1.2043021863941097,-0.20172105479695118,-0.11369099629720808,0.08774310783401663,-0.00852560317644493,0.061278305992775985,6.643915912842718e-07
Piston,preprocess_Reading83.dat,1.3683902699885784,-0.43223138132639227,1.0042931034802587,0.7882034610031903,0.27905122616401834,-0.13800828485083436,0.028534527277300072,-0.04105399481187498,0.06520255649115389,-0.012620466743227724,-0.084880113069819,1.4287285257715788e-06
Piston,preprocess_Reading84.dat,1.7067234822365247,-0.8320383729695195,0.17277139296531416,0.3204730622191532,-0.48782663080539834,0.5449395326149908,-0.23275126086827427,-0.07764930932652751,0.0020987180535828906,-0.043044999975271205,0.016234578728807153,-3.8683090353046224e-07
Piston,preprocess_Reading85.dat,1.1427832875339172,-0.8376780446196681,0.1134606415971941,0.21072626490564428,-0.013452303823456187,0.6552697394777748,-0.23793527543188744,-0.004038336280081149,0.10910386985592836,-0.02232114947078479,-0.0940489245610541,4.5335972453776574e-07
Piston,preprocess_Reading86.dat,1.2836914375398143,-0.7191368011423885,-0.10809370515163971,0.4755537195064133,-0.12237768794468536,0.7098193451123436,-0.1529517862835421,-0.013377859381451146,0.08143501444986653,-0.10377802712154487,-0.039453464175121335,1.9360392595874734e-07
Piston,preprocess_Reading87.dat,1.8347302810396406,-0.5363650869751859,-0.3504453577259074,-0.9217231860634307,0.09530517574733402,0.3703192545586272,-0.08114584752002849,0.036651615878853475,0.05441148838128927,-0.06621577784168087,-0.05687158961983809,-1.0015259195384838e-07
Piston,preprocess_Reading88.dat,2.069699497721986,-0.44461169606686324,0.14763998934811354,0.8859594002908108,0.18223692207204104,0.4971556142612593,-0.21065120592235806,0.05747707959217741,0.019748084683619507,-0.07748193676986435,-0.08876814066167593,-3.284909400362393e-07
Piston,preprocess_Reading89.dat,1.497799236958776,-0.08512870400175139,-0.19189816807009658,-0.7579862954723162,-0.06550106559880951,0.1827925097537785,-0.0545735486609943,0.027757061815235226,-0.012385556293605687,-0.012238636460066971,-0.009247947808685972,-4.3886386016049916e-07
Piston,preprocess_Reading90.dat,2.310767233985883,0.046416311251592325,0.21080401429886342,0.004614992629876905,-0.10052415356578222,-0.1479442962230983,-0.01607177237163878,0.00304445200477005,0.04187351470701187,0.0132228033987889,-0.06377544539405013,-8.153323193418358e-07
Piston,preprocess_Reading91.dat,2.2335512809088005,-0.2406748178896932,0.2841335488056761,0.03572634726143646,0.1921896265142382,-0.06952620831957644,0.004104395322466362,-0.026868260686300702,-0.0019882665128883362,-0.17559157874422826,-0.094698723091671,-1.1492264466326023e-06
Piston,preprocess_Reading92.dat,2.4393840976322494,-0.8401675739136111,0.324134192860909,1.4115600976796292,-0.12484838562495448,0.39573625445216193,-0.13622148130115905,-0.13361702928478733,-0.008464620137691671,-0.04494357668688615,-0.05537112978440481,-7.14671067969169e-07
Piston,preprocess_Reading93.dat,2.5473872282275174,-1.3019752731806737,-0.2586331388886114,0.37007828379151925,-0.30198211789781204,0.8776794179827058,-0.3242301195142515,-0.0058873472343808015,0.015399781872167383,-0.015512781766145541,-0.08960985925707382,-1.3901219006418842e-07
Piston,preprocess_Reading94.dat,2.2192231031363683,-0.6167596142160263,-0.22491098427097536,-0.09078867788398275,0.0010215194893935238,0.6142003116930248,-0.24070233091964693,0.14238823004363357,-0.04189306107265447,-0.03642592639875231,-0.058750246639147685,-1.0004200288066787e-07
Piston,preprocess_Reading95.dat,2.829917157087974,-0.8978440956509648,0.3844996858604938,1.6614531532486136,-0.061220140268251934,0.2765744264215179,-0.28264684354012587,-0.06302495992732295,0.08612117023637066,0.01651889500033113,-0.11408150717171052,-3.785927870485279e-07
Piston,preprocess_Reading96.dat,2.736576748445555,-0.5642468572121403,0.7237261379040923,0.6123926233522461,-0.012785251039707674,-0.4056638869403681,0.015526790208240703,0.04929293698125543,-0.05994587586513321,-0.10460486804615135,-0.09750456577899919,7.206943988355571e-08
Piston,preprocess_Reading97.dat,3.2218831838762365,-0.5871915353991981,0.29337360914562505,-0.1172315274598004,-0.24648497893507434,-0.14296492611547162,-0.18301695882949504,0.13406018565988762,0.07281492218311231,-0.05781801603619054,-0.11550972274993242,-7.270758151572668e-07
Piston,preprocess_Reading98.dat,3.419813087835357,-1.4626314947502919,-0.40803766721613277,0.37570271997357757,-0.4833762351589988,0.7809553421002423,-0.35421357904907236,0.08048435726111744,0.07057868751961593,-0.02213643911889948,-0.14047062350066686,-3.1810265445767733e-07
Piston,preprocess_Reading99.dat,3.1356398676841657,-0.28179471425823266,0.6355197725086803,1.3953454301961408,-0.20897372706915018,-0.1386110844559056,-0.29741360927791877,0.14381808107564015,0.0369887695639193,-0.035942308252150064,-0.061819265432970644,1.3746879153345042e-06
Piston,preprocess_Reading100.dat,3.7475670098634715,-0.11821781016882163,0.30047156772517253,0.21413158580982916,-0.20857747838968865,-0.21877936994160413,-0.30580745722112895,0.03901685852727959,0.06495029314161513,-0.02045835386447763,-0.09812121665613618,-6.66079722904817e-08
Piston,preprocess_Reading101.dat,3.4264365582183163,-1.004258934219037,0.05202978335489226,0.2029783802703742,-0.1837655512811548,0.2711540189420572,-0.19919648138106633,0.10495833030417069,0.004233758514239625,-0.19173843591129283,-0.026783597907361817,-5.941219764309288e-07
Piston,preprocess_Reading102.dat,3.1210331260838093,-0.699510098850677,0.06919091986514399,0.6053033168226586,0.16825075974071235,0.5557411518335881,-0.3179209743057467,0.06784755072540422,-0.09494863047860361,-0.17387500581340606,-0.09327316338237847,-5.900697583782461e-07
Piston,preprocess_Reading103.dat,3.493443468386626,-0.5073030735850576,-0.32876844642668623,-0.5104493732025741,-0.22857460867162735,0.511467107853417,-0.6433893141802178,0.21253595903516273,-0.04007520140321949,-0.038032417876070354,-0.02330078709996032,2.415171561737725e-08
Piston,preprocess_Reading104.dat,3.578885563835935,-1.050336549797845,0.00818702083965761,0.8848050965334379,-0.38049779924799937,0.2991160744962465,-0.19473274655795136,0.20566690390803977,0.007858693110966531,-0.11751557603646755,-0.026845360024072052,-2.663845760946603e-07
Piston,preprocess_Reading105.dat,3.8768691197779184,-0.5629788200419364,-0.17688793444134718,-0.5225036811056581,-0.21048066547578895,0.08993119673375892,-0.33396104246964803,0.07681347593656246,0.018111325714116694,-0.021781020088151706,-0.03950281803232302,-2.6253722336232115e-07
Piston,preprocess_Reading106.dat,3.735379404575554,-0.6501784497520328,-0.4905369398847618,-0.8608215579133335,-0.04790354294604548,0.4444576657201033,-0.4200089400190594,-0.025888306840457887,-0.04044776476037708,0.00590566076053928,-0.035659240122910094,1.0707022324299812e-07
Piston,preprocess_Reading107.dat,3.866194640526256,-0.2026875873803824,0.0672472082548347,-0.6788674720843464,0.012999887920295378,-0.1344414281533606,-0.2769895132547254,0.16581276913904003,0.008927374263635404,-0.022233412350811572,-0.013387820655519097,4.037020743926654e-08
Piston,preprocess_Reading108.dat,4.0403961722210076,-0.216297479584767,0.07173825999297902,-0.7079223169457127,-0.10522964081626326,-0.2408238637553627,-0.42298794383545973,0.1777366306909207,-0.020964235017826842,-0.03384176759645474,-0.02474137818203128,4.081373569688596e-07
Piston,preprocess_Reading109.dat,4.6256220714794365,-1.3441370945183868,0.2459007764397211,0.47271184844125763,-0.43283438367475185,0.10537353315872579,-0.42837974296005804,0.04082954189080617,0.00477153283291176,0.00564167534923025,0.0003018591498703615,-1.535974437452498e-07
Piston,preprocess_Reading110.dat,3.2291392672313566,0.10845740963926458,0.47580790847603455,0.7251578058486308,-0.14100912324578915,-0.3396536727201225,-0.17413606538391985,0.17298327809284245,0.03895930459272366,-0.024940140412735002,0.029622891458129606,2.1523278911563128e-07
Piston,preprocess_Reading111.dat,3.6072349724169124,-0.2584228478374876,0.6278773208535405,0.7202139723753366,-0.008912569958153642,-0.3645378697007569,-0.1981186405385439,0.027284575336455428,0.014744493113341226,-0.02064686908491239,0.0025937560024070897,9.97301297871787e-07
Piston,preprocess_Reading112.dat,3.2124045534366634,0.2728456438496335,0.13235839986225845,-0.6494442310346991,0.11155111889407122,-0.4677077426617471,-0.08177566415097604,0.2508782148891882,0.045186633855458805,-0.03214464716799978,-0.024080305633756377,7.314665376761458e-07
Piston,preprocess_Reading113.dat,3.0817418846737223,0.2368593113848262,0.31866396031968075,-0.1677508929451002,0.02190206917630035,-0.38133149766647173,-0.22975430390958093,0.018926575602054973,0.013250714652644553,0.037682483652328735,-0.03883574666674307,1.0439806157357588e-06
Piston,preprocess_Reading114.dat,3.42560078296235,0.6932722259826964,0.49389869522218527,0.2741634749657403,0.3209998869753782,-0.5166373877155349,-0.1822117610426014,0.06122788235193417,0.08723262014851584,-0.011251240489805652,-0.07089366646443078,8.904832748264127e-07
Piston,preprocess_Reading115.dat,3.913467073925057,0.3207529764765398,0.1582101027201384,-0.9404591568418347,0.16180204982074328,-0.4101068372768795,-0.3685283005862315,0.013202338375874995,-0.03797515974632655,-0.038112334296676854,-0.0507266993259403,-9.430471623052268e-08
Piston,preprocess_Reading116.dat,3.6971429269468064,-0.25715278455849394,0.16393089215438547,-0.1501705801109258,0.2334430882034451,-0.050738744510463944,-0.3407481200473732,-0.11167841094371853,0.01335083547521367,-0.015223868973577406,-0.002296917991030012,1.493658795026631e-07
Piston,preprocess_Reading117.dat,3.298701290419637,0.5940596085945037,0.6851258428559787,0.6004168546146745,0.1363383890390946,-0.5642424771906397,-0.25068773067629885,-0.08553465915859543,0.049273816531125426,-0.010018225096023278,-0.06085516286086937,9.203089770331703e-07
Piston,preprocess_Reading118.dat,3.188594161153278,0.36902799333269765,-0.17749499858704823,-1.675348725229433,0.5170738009690331,0.004269824101047885,-0.3249828165633383,-0.2512071274396217,-0.05776044842174907,-0.03254581630556776,-0.008745416077118142,2.6018551253331786e-07
Piston,preprocess_Reading119.dat,3.8367446953874556,-1.0742153454434047,-0.28365133770982925,0.21427139187614966,-0.19428193689527296,0.6961720614920883,-0.4605480173223285,-0.044019634002457696,0.0029905735336937423,-0.011438429193809144,0.05329029252660292,9.308835846090195e-07
Piston,preprocess_Reading120.dat,3.610642609065372,-0.6574003177161473,0.020512939671959884,0.27419955993649986,-0.06755636450122554,0.0684595669727351,-0.40428393752815855,0.014073921446421826,0.07839927186249994,0.03455106764397324,0.007720775884823195,9.058426818167002e-07
Piston,preprocess_Reading121.dat,3.510920913501375,-0.35919791645838506,0.24662795373650906,-0.38682349842872227,0.09098272793229349,-0.28022332209419226,-0.362792807728664,0.015849870421856715,-0.010743931451219742,0.04044599311595386,0.11075215937705722,7.980974692769316e-07
Piston,preprocess_Reading122.dat,2.851504699041289,0.3661719824154268,0.520892503868918,-0.7114812871790641,0.41234905865705107,-0.7972679634439965,-0.15681585319852442,0.11011808620128732,-0.016923078221274257,0.05276349873194834,0.0019359987822410382,3.2298856510435323e-06
Piston,preprocess_Reading123.dat,3.537260233718344,-0.06735503072922545,0.4908650715322941,-0.38153063210604626,-0.026569232235912378,-0.6623576695158502,-0.29582133464559773,0.041711450521741064,-0.025701751637661856,0.04731750402665075,0.08964148918564849,9.778901752576823e-07
Piston,preprocess_Reading124.dat,4.211351440267734,-0.4300514773630807,0.17137480266972457,-0.7892416209159329,-0.035668187309245925,-0.43687181659861757,-0.2063609538826313,-0.060639421360247386,0.0238201004470808,0.026459368579358548,0.03245527188637708,2.0828079896866916e-06
Piston,preprocess_Reading125.dat,4.176165832333021,-1.539831484692214,0.30071023873404534,0.8619606051448249,-0.6827158218333372,0.2623491572871313,-0.4714738064863432,-0.011640956046721874,-0.015075693392211983,0.004789545617917406,0.12242926640264691,5.22114573868426e-07
Piston,preprocess_Reading126.dat,3.7567571210497595,-0.9509288024723633,0.7417910980697341,0.21047380324556625,-0.3012120919164598,-0.43540355118171853,-0.3054703374191045,0.03343044733367456,0.04300088984157735,-0.0009495603246399781,0.0368273063826412,3.963449100438355e-06
Piston,preprocess_Reading127.dat,4.234082066225497,-0.811054572808774,0.18020317993358467,-0.4075370897344648,-0.14668643608834228,-0.12321164735230279,-0.3570195969190457,0.007729518964039385,0.0015079221425081172,0.023639814963519742,-0.015706002978574597,7.167585392760504e-07
Piston,preprocess_Reading128.dat,4.135624873176016,-1.699001583494158,-0.25369434027175763,0.5194454444711721,-0.5179755900255572,0.7740943952777556,-0.44794347959181163,0.06353635178934272,0.006767191606518546,0.031335239210913454,0.07650736073699378,6.238713848723535e-07
Piston,preprocess_Reading129.dat,3.7263515517803247,-2.022714491183545,-0.7123430835990492,0.1555567980656632,-0.5114989547388593,1.2679084899484359,-0.49150104377928927,0.053302170936426516,-0.026764869142895487,-0.03187753556462121,0.027568686178431376,1.4779898418479333e-06
Piston,preprocess_Reading130.dat,3.0581561170112344,-0.9909509075046287,0.6801698256913064,0.3848493487527001,-0.206389910845581,-0.2503763192631181,-0.2038434773822021,0.014356221876338237,-0.04701525006266099,0.017568601323686164,0.07306028353909533,1.12756629215512e-06
Piston,preprocess_Reading131.dat,3.926614383747379,-1.2077526266744685,-0.06815968486898571,0.5618312430286537,-0.36396037079389776,0.5696117903692853,-0.40953980082054425,-0.030049237683480567,0.06713942259558602,0.02114381741116006,0.08195052878680856,2.779909953479864e-06
Piston,preprocess_Reading132.dat,4.310282650373054,-1.2682771396818595,0.213475793439418,0.23848776195946747,-0.5135386739655765,0.04508923518084855,-0.4764369497048096,-0.05876114042128408,-0.018815511592442682,0.06052246787581556,0.11828206105860654,3.214042440334885e-08
Piston,preprocess_Reading133.dat,4.347237401218994,-1.3476059642517089,0.027784256235208495,0.44347035529471923,-0.5160835356708603,0.213064092948011,-0.36080466298506986,-0.17663157650493208,0.0072386891257820735,-0.009792258855174915,0.06467575471426316,-2.590464609759526e-07
Piston,preprocess_Reading134.dat,3.6513541707303174,-1.2828969701750979,-0.23750269914703145,0.2991642092929656,-0.1932495857261037,0.6962203810229507,-0.4624273502437865,0.051825864421532364,0.07382711705220286,0.04918387961252766,0.03274893096726612,7.228135970907292e-07
Piston,preprocess_Reading135.dat,3.6994495207667892,-1.3266119915775938,-0.05351291622987372,0.26079689824313473,-0.39244744404945386,0.5077232601120488,-0.3913945050284563,0.07151097122671664,0.017948581687784067,0.021265433318494606,0.09883611208885335,1.310507970379246e-06
Piston,preprocess_Reading136.dat,4.107144934431833,-1.6343872641803852,0.6593336404391723,1.2868876686443098,-0.617601957831568,0.03012339648357449,-0.3486112453128543,-0.14885537926915346,-0.007480870984967905,0.00619513377957305,0.03327456447637825,9.170020298699825e-07
Piston,preprocess_Reading137.dat,4.805942147280213,-1.6419317806199207,-0.2545917674079495,-0.4251854206959485,-0.5829290074089598,0.4369742830155028,-0.3700047543362953,-0.024391767760243693,-0.030149646530268987,-0.029686713593762532,0.11110372587746524,-1.0429663389821896e-06
Piston,preprocess_Reading138.dat,4.305352089122623,-1.4115294931864681,-0.34462433368846396,-0.660357299420064,-0.56591843368882,0.38618300327316846,-0.39153506454072545,0.05561509585155156,-0.01536203966391421,-0.017779666574891512,0.03780440007607024,1.4886419522271656e-07
Piston,preprocess_Reading139.dat,4.214041182894001,-2.080685323754806,-0.08686817374644165,-0.6812325276761853,-0.8278543851600944,0.40092929059188537,-0.5025353460326129,-0.04680660531532616,-0.034583871519538435,0.023451722379478603,0.03637522902742898,6.69816406529174e-07
Piston,preprocess_Reading140.dat,4.3561948802279895,-2.0186124260758698,1.1395031436714569,1.3507213377092575,-0.6485694323227069,-0.20953435133299725,-0.4003585191907909,-0.12260250717729473,-0.03381674133999969,-0.03621056413093933,0.01995412332267914,-1.2981069794886117e-07
Piston,preprocess_Reading141.dat,4.077290982235348,-2.242895165558673,0.5988692155720501,0.45098452234678366,-0.8873610747043031,0.05911644466912455,-0.5921007882707898,-0.08229122522040722,-0.0162111023101744,0.04198396610284395,0.061529414050957576,2.792924181218678e-07
Piston,preprocess_Reading142.dat,3.4292208524097822,-1.3509870456770339,0.21699256802112224,-0.524338746451524,-0.47635692178554323,0.17314883384697424,-0.4098075449507903,0.0830192645231401,-0.016651012128025257,0.02921606148525686,-0.053661775094664355,1.2538897245953494e-06
Piston,preprocess_Reading143.dat,2.9326815483450264,-1.4881221576576076,-0.07915155653262324,0.15159103871013713,-0.7341360847980726,0.6588792520976015,-0.5282146096947146,-0.05239061683483608,-0.017793328695456676,0.05126887136170224,-0.04450400675239789,1.8417397345838507e-06
Piston,preprocess_Reading144.dat,3.6438747311743778,-1.0229601406595306,0.27147292800200007,-0.3187681724197574,-0.6380928544458325,-0.1289411344946158,-0.33123538498447297,0.0644780190777196,0.06134232235404841,-0.0004620757462885789,-0.022731660502977306,4.3068441814459136e-07
Piston,preprocess_Reading145.dat,3.455525581514697,-1.3331629402501446,-0.4935400749275111,-1.0766186684975287,-0.610437362638016,0.6909720187623108,-0.5067477026251412,0.24213425463474264,0.06255161621312658,-0.0005601565989489857,0.01342505455017747,1.022209269673697e-06
Piston,preprocess_Reading146.dat,2.882652245094562,-1.4468056202461992,0.5910694621853855,1.5761766970440807,-0.15390751599654728,0.5001165995969064,-0.3009382820694297,0.07891498504126607,0.021979942512410918,-0.05771384693469954,-0.05021651412270441,4.6615274511850434e-07
Piston,preprocess_Reading147.dat,3.071187413945995,-0.8393833426520159,0.16403467266551555,-0.5586872227230526,-0.33482646801793897,0.03659172709835075,-0.2855630783651444,0.06158594165648576,0.014224005297867335,-0.0659135519860207,0.007201784698867724,7.94886899981981e-07
Piston,preprocess_Reading148.dat,2.395170158025418,-1.2679321255851488,0.49032670058181516,-1.146867352544859,-0.3228125448394913,-0.040124171968682086,-0.3682345082275951,-0.000183879981922306,-0.006589033421898545,0.056635745607890066,0.028172412793176525,2.5191970079793274e-06
Piston,preprocess_Reading149.dat,2.551804549152401,-0.5917315677043421,0.3917628327812614,-0.6447094186903416,0.045384790947698046,-0.09917228591087836,-0.14041534414710996,0.09000353615699594,0.03800558304781774,0.056627043056651775,0.0063123586353858166,2.2374181196767367e-06
Piston,preprocess_Reading150.dat,3.1466400387420674,-1.8824058664669776,0.3584758440774642,-0.24943384573286517,-0.4880372745376042,0.3706791999129512,-0.4545928785838385,0.1097876245967026,0.03427360352739177,0.010103969605975687,0.05420956096666467,9.898104094784764e-07
Piston,preprocess_Reading151.dat,-3.0822006329359684,-2.5577543210019438,1.1694387331075247,-1.4246706859736933,1.131516891586216,2.053428167896363,0.4625425040373918,0.04538797655561939,0.1596239292863621,-0.06225556227540443,-0.026982167555318536,-1.797585670623807e-07
Piston,preprocess_Reading152.dat,-2.8885910624525777,-1.98203305293561,1.7365489378982826,-1.3432050796386754,1.0226731097728212,1.440746242085153,0.34063789028706665,-0.04946647881346689,-0.009019077294116877,0.05293512081535879,0.006411352235753832,7.828070808687916e-08
Piston,preprocess_Reading153.dat,-2.2705684373952355,-1.7210383946870653,2.3194656150127306,-0.5565893188148437,1.4508972722525413,0.8722493654798943,0.5071823813115452,-0.0859015253146417,0.14419880006262156,0.009653146054924849,0.056870178638358936,1.4540383890513365e-06
Piston,preprocess_Reading154.dat,-3.4796361900814,-2.2260663204508795,1.7735232026345726,-0.6072861814008232,1.0495566173520343,1.984649663654707,0.11014629421861925,-0.19375977874209216,0.05833705640610395,-0.03280950084988537,0.058111389426520256,1.3785170753466065e-06
Piston,preprocess_Reading155.dat,-1.7215599307300034,-1.6974601445822846,1.7872907829127955,-0.4208694606612368,0.9650360703046926,1.0530044966010013,0.14938094152087308,-0.1374603701069199,0.016650447186631195,0.006045217626992554,0.03626864013766908,7.283387942946455e-07
Piston,preprocess_Reading156.dat,-0.29035836755173366,-1.5728732769726104,1.5229597960887873,0.6635343780932667,0.3243029798480454,0.8103394951239689,-0.246812988632966,-0.2896144165815478,-0.03677136099026527,-0.02051307674650068,0.04840017774034281,8.232243622503328e-07
Piston,preprocess_Reading157.dat,1.3410656033488293,-0.9617845743410565,0.012639076747596125,-1.9600668714640996,0.49348600844910745,0.8008206124456196,-0.14234682549302102,-0.2457904077452796,-0.03318339576781697,-0.053839557890816896,0.0482683996355345,-3.463829173060924e-07
Piston,preprocess_Reading158.dat,-0.17427866707425527,-1.3003986591073462,0.9081863144027603,-1.2254665653883496,0.9295820685540875,1.1321425259443239,-0.05830069406104659,-0.11371078174067817,-0.0248644550057961,-0.10770127529130609,0.0722424878836732,6.414341929821901e-07
Piston,preprocess_Reading159.dat,0.2895406422957975,-1.1291223815756828,0.7095383932814074,-0.10608676647631915,0.5381638576324673,1.0138894071572644,-0.1507219238853086,0.008685227265999148,-0.031095257059777674,-0.018181979017218294,-0.002134117324740591,8.193505413418397e-07
Piston,preprocess_Reading160.dat,0.8460282565530127,-0.9796636992391632,0.6458758289038966,0.34089034091440956,0.3694166820517539,0.8464820735059942,-0.20538174352852584,-0.18004055669565375,-0.04182593570960806,-0.028457876656508643,-0.017928207925170057,2.8300070570674597e-07
Piston,preprocess_Reading161.dat,-0.18826881130605302,-1.20096360178937,1.3598886963900965,1.2123881058264339,0.5129708448250673,0.349587800439694,-0.07337434284028704,-0.06818924580713172,-0.1350083835882444,-0.03773764545435535,-0.027906394976517236,8.339844738924009e-07
Piston,preprocess_Reading162.dat,0.38265029932319533,-0.9076067707990184,0.8345690053369902,0.7312865387651225,0.39435375024534003,0.43330749181857087,-0.15400810673408394,0.0780394064441435,-0.05436175644813943,-0.07096172546268244,-0.020312470749775047,1.9175329420699083e-06
Piston,preprocess_Reading163.dat,0.7826626103575287,-0.7461560778620074,0.5472663718605002,-0.5063722592481509,0.484746486466767,0.7975744945757329,-0.3565259336976548,-0.033815433067528905,-0.184300871640272,-0.03392287612881403,-0.07376237933550525,1.5111943744035425e-06
Piston,preprocess_Reading164.dat,1.3690921654603474,-1.0526383542383577,0.43883825271796817,1.3375995925208493,0.19573349621116534,0.6325178787311739,0.004095854235479863,-0.07176816738385373,-0.0187618506531894,-0.11245904526426305,-0.04924957249075488,4.157414919934941e-07
Piston,preprocess_Reading165.dat,1.7077651663628073,-1.4032851947517735,0.5994585437352533,1.1732948942793449,-0.07249629464347569,0.6310853769351914,-0.10188781609100325,0.11171083631338802,-0.044308247900001145,-0.10608200933522449,-0.07202801107222584,7.105238735561391e-07
Piston,preprocess_Reading166.dat,1.7131907147028653,-0.7099786017419139,0.0649007132741864,-0.2663271226288286,0.4268337128629413,0.5434919638343736,-0.07784804121159644,-0.0037416421348563348,-0.07775983954657739,-0.03297000189229452,-0.053555049202296784,1.0729131228624533e-06
Piston,preprocess_Reading167.dat,1.8496818163645898,-0.14246388026951545,0.06216124268018784,-0.2722083493479331,0.29406514683278095,0.17404994621189088,-0.027277300609810682,0.09297486829726515,-0.06921652570878242,-0.02372169440697518,-0.12547502600175037,2.3161520352338566e-06
Piston,preprocess_Reading168.dat,2.227942093690047,-0.854708468828222,0.6120237851806224,1.9346638777703145,0.22975743116134753,0.30333613488946365,-0.11319610886705508,-0.060882315436461144,-0.037145360062135584,-0.011928422539970245,-0.08301451393711626,1.3175862477586115e-06
Piston,preprocess_Reading169.dat,2.5607804001381744,-0.22598482837326977,-0.10703137639687414,-0.1875173266637226,0.25949312319959494,0.3283152900937056,-0.01453825417646254,-0.04493667126220259,-0.002091068668035561,-0.028704580880979626,-0.14121743407928897,-3.3325603381927225e-07
Piston,preprocess_Reading170.dat,3.0513635025683703,-1.0172089568955647,0.326136800116072,1.204266937550562,0.09324315557986172,0.33759989413233393,-0.007546219194876108,-0.013992504945985322,0.06604929060887224,-0.013639328842363616,-0.10828053272714844,7.328809603153891e-07
Piston,preprocess_Reading171.dat,2.8616855805276296,-0.6857749006962884,0.9613795756966689,1.2522335799299378,-0.07475689218931586,-0.34659067838252267,-0.016693135723789686,0.05695639715378455,0.0011682111542182922,-0.18240799822717438,-0.09192784363338231,-2.8408010100357695e-07
Piston,preprocess_Reading172.dat,2.7170465716591603,-1.0663103777766845,0.8556472085671256,1.0918962940114727,0.08695376086606633,-0.1316925885434135,-0.03526477416511814,0.06624257906059154,0.050635595517916486,0.011592655410198622,-0.12825636391359463,3.297959661582662e-07
Piston,preprocess_Reading173.dat,2.7226929959882082,0.14543329902859428,1.0584332051060865,0.9911906753884699,0.21941401834131383,-0.6090824636256942,-0.05421393167719817,0.18401047285865973,0.0712669732748881,-0.07466173521172959,-0.04663502135353127,-2.942620600942126e-07
Piston,preprocess_Reading174.dat,3.4550778031278435,-0.3975293398335914,1.0068820888627747,0.5508204121989804,0.04205534038842368,-0.568739337862111,-0.1705215899750515,0.0947850014036206,0.051254582190795116,-0.017659587250558294,-0.04195744650586549,2.065878022898551e-07
Piston,preprocess_Reading175.dat,3.015090964534818,-1.3968678685456435,1.2115913244253913,0.9846391501963703,-0.013831889869168725,-0.35690286419803263,-0.14713867567775754,-0.010621238734368819,-0.024132004045670025,-0.09047987308735571,-0.08685808345602807,1.7559140888653417e-07
Piston,preprocess_Reading176.dat,3.5032251154793745,-0.9646850400347866,0.814433777701197,0.9798404290026024,-0.005436418053113688,-0.15828202520903864,-0.25123537155755704,0.08441365517434095,0.016224120489504286,-0.01911751371519987,-0.04411944782468157,-6.489521369650494e-08
Piston,preprocess_Reading177.dat,3.9047588638270305,-0.6454271052696741,1.3428622003075636,0.6022856870692077,-0.07777717850652334,-1.1432399226150698,-0.1089908766309262,0.11342287213144235,0.07486020382209281,-0.035240380517751226,-0.03317733207258651,5.915481062501183e-07
Piston,preprocess_Reading178.dat,3.187287684857849,-1.1440547079309864,0.7971721956091612,1.4836042940933283,0.27275587764697434,0.05517446373675145,-0.12779654512149535,0.06371906589371545,-0.014255740593789762,-0.0442921669502764,-0.004823182034261904,2.6006294322063514e-07
Piston,preprocess_Reading179.dat,2.569180884736646,-1.4093281433363292,0.4240030462005236,0.8209920642536825,0.24676213926316534,0.44405691828821453,-0.2228458781622722,0.11254190475454373,-0.018717262268323685,-0.0625415855513233,-0.03908363333392719,4.605340129696314e-07
Piston,preprocess_Reading180.dat,2.758734869690149,-0.6795933558601894,0.6753278140898762,-0.0008109362303541499,0.34004523809866116,-0.13360288698271544,-0.15191246127754618,0.1883350721383188,0.0053156195171347835,0.0031840428993884155,-0.02842193275891519,9.45192880389438e-08
Piston,preprocess_Reading181.dat,2.5563490610539104,-0.5072075253061711,0.7207239136089432,1.6538585146852063,0.30582673983537567,-0.07280819314351056,-0.16585041055997038,0.1993452278335691,0.05729012053312625,-0.07217440620367778,-0.029736748695247006,6.920787952825517e-07
Piston,preprocess_Reading182.dat,2.4442403840138223,-0.44418988757840866,1.7084002345636813,2.3237778423539717,0.401161850383153,-0.5725734461799945,-0.09119420050755776,0.24746673566540345,-0.006679797378210988,-0.06420290232680269,0.0014260356588267414,3.136299261005365e-07
Piston,preprocess_Reading183.dat,2.640931632888397,-0.8507088335527928,1.4604195851006754,3.0055888682651855,0.43109553411913354,-0.2542957882554016,-0.02336332550332105,0.06392559689253559,-0.02765710078088937,-0.14925408662001002,-0.016093082361559548,-6.191597681771942e-07
Piston,preprocess_Reading184.dat,3.044977063414577,0.4314402093950227,1.2051757292745664,2.0471633938014375,0.7575515354034835,-0.6211950179557594,-0.10145137681270379,0.1722455603047022,0.05546487164744148,0.02870550799024062,-0.06383976765558795,8.202397661824336e-07
Piston,preprocess_Reading185.dat,3.311691550338434,0.846450769161881,0.9879856888587516,1.015508312539188,0.6602351299156836,-0.7177060935935309,-0.16597898013096543,0.263982474686538,0.026439162965254927,-0.0003630665498730754,-0.030600461873454502,5.172290016453673e-07
Piston,preprocess_Reading186.dat,3.6341484594211937,0.6702204366172517,0.8329852963998275,2.392527166528469,0.6272835733220812,-0.3934220734882244,-0.2249019288135376,0.14276469297159994,0.06400154820882703,0.027225690714132837,-0.04245454364515912,1.7961081552676885e-06
Piston,preprocess_Reading187.dat,3.8407094350703415,1.4273425995647677,0.27898434060911514,0.8714081681668185,0.7801664033102548,-0.3344036829069967,-0.09164456964357016,0.1075608919066441,0.06256501254865314,0.03129434731605242,-0.05494205289068924,2.6214237283824336e-07
Piston,preprocess_Reading188.dat,3.6698592288706093,1.884422153737516,0.5912348512302116,-0.00840164381936821,1.0190648504548399,-0.8813772932861156,-0.16145138265496733,-0.015902217717461364,0.023036494134276247,0.04047942375551949,-0.011905347701426762,1.0040432608400717e-07
Piston,preprocess_Reading189.dat,3.660339018081699,2.18339500386093,0.26904579819811275,-0.045863085881809686,1.1596855907301964,-0.6283310937905419,-0.08634456145225174,-0.021433854667526186,0.06350375269994601,0.05113589489165952,-0.010119124771387392,2.5187224943013794e-07
Piston,preprocess_Reading190.dat,3.7340028917574153,1.1177756779641506,0.6264832167756598,1.3383195967206087,0.7104741187051625,-0.41539357670433863,-0.14481640076022892,-0.141089401256023,0.04943740430042853,0.05589915931389934,-0.027973951370996137,2.838826954884312e-07
Piston,preprocess_Reading191.dat,3.8185888926803386,1.9892432257803714,0.07874621182542604,-0.23637061295228406,0.9895815686104625,-0.5545918598460956,-0.12452079556624239,-0.16294388728504694,0.034280724235355546,0.058278077382475715,-0.07199366871843582,3.017887594994765e-07
Piston,preprocess_Reading192.dat,3.705961271183616,1.43032031030411,-0.0631938473069473,0.15088342780336367,0.8872801173398757,-0.17782644922623547,-0.1197553354697194,-0.21108404752357218,0.04254251738780206,0.04290717488978641,-0.035439928322492806,8.41936635310845e-07
Piston,preprocess_Reading193.dat,3.552723147993548,1.543218834738888,0.1491898580505398,0.059728236739486316,0.8787800272468519,-0.6479384096411483,-0.03952380786606355,0.10434711258574982,-0.03037297755294757,0.08461767665769418,0.027170457298295002,2.5070001298777375e-07
Piston,preprocess_Reading194.dat,2.999244227150405,1.6146017380611286,0.49455684427738095,-0.121102557370105,1.2239764964811217,-0.780398211683605,-0.03182257024590632,0.02592174413433678,-0.01549428630786587,0.10023633346981276,0.06324378352340497,5.91099191194985e-07
Piston,preprocess_Reading195.dat,3.851069352916875,0.4748488691704497,0.19704379914786607,-0.4889466791083783,0.6531932549851137,-0.5281461256369071,-0.11756303653811508,0.051671968161555275,0.04925892707156992,0.03902190699476166,0.04225795551760454,7.099592735270454e-07
Piston,preprocess_Reading196.dat,3.2891798223841486,-1.0094553031154847,-0.41230164115202433,-0.5851717394176472,-0.024600150385948896,0.5022742882917208,-0.35970055194106665,0.0057956691943164065,0.07812296056494032,-0.0041631623819989565,0.015878611330801432,2.604584617107711e-06
Piston,preprocess_Reading197.dat,3.8925177264545927,-1.118019473529083,-0.8697729614376152,-0.12896862683127228,-0.2686621987139558,0.9943186161813223,-0.37519996146170737,-0.05253678338433206,-0.025268271556381634,0.043783540336311336,0.130898020885386,7.375454960093136e-07
Piston,preprocess_Reading198.dat,3.158807619660965,-0.7098538848339779,0.3055033439127593,0.21601171453102563,0.0019233975092150571,0.005656953601241731,-0.12057880831630552,-0.03256345602921453,0.03303018247261248,0.02996720352193931,0.1347985499288215,2.4060006985151545e-06
Piston,preprocess_Reading199.dat,3.9923195685807786,-0.6307275034480776,-0.3345909953058944,0.3180188700709081,0.08946309133667577,0.45812419322110587,-0.2362803906588617,-0.0013262083431233125,0.054752203886505986,0.03129934824286393,0.09341754386436465,-2.0197792483429908e-07
Piston,preprocess_Reading200.dat,3.4304574523086275,-0.43673647564663765,0.022379795401115198,-0.014402974946419497,-0.004947341146998943,-0.08342603650673171,-0.06203902891186134,0.019892359648251482,-0.019568601439228086,0.012090692894696152,0.10796468701963527,1.2265438856962578e-06
Piston,preprocess_Reading201.dat,3.3675373609677486,-0.21334530305703184,-0.2818386055530604,-0.006017512233611628,0.23017378498930524,0.37529639513128743,-0.17093720815409993,-0.04580668582750576,0.04159845725152432,0.03191161184150861,0.04288021539205846,4.463120766322013e-07
Piston,preprocess_Reading202.dat,3.414622600628798,-0.28123184553549735,0.6624258279763959,0.7905865899530022,-0.04711199632332427,-0.412043403203575,-0.10147931851842522,-0.10924395840911527,0.03987015832456939,-0.007534891398766402,0.09841518353853562,4.5504254762850713e-07
Piston,preprocess_Reading203.dat,3.4956980260698276,-0.9710544822884075,-0.5508949514395317,-0.4095323625405031,-0.05813939972971657,0.8382770303339965,-0.3178851330661449,-0.0895513326440583,-0.039609410526560376,0.02505677152426849,0.05961457348709775,1.186385339103416e-06
Piston,preprocess_Reading204.dat,3.9278327253483174,-0.8354252094461053,-0.15821970109806777,-0.7927533872127795,-0.36950195364870553,0.03511642816730037,-0.25535121964504487,0.02359231198025449,0.012858610557088075,0.031447873920734754,0.04360525864623799,5.049055519524634e-07
Piston,preprocess_Reading205.dat,3.74044482817001,-0.7499703967242809,-0.3271018561754105,-0.31096695179741035,-0.11803851229158895,0.31739386374738804,-0.2696354611745036,0.065224818536171,0.011551470853869433,0.056861946726359,0.046071083686314705,1.0352031867066006e-06
Piston,preprocess_Reading206.dat,3.639171623152064,-0.9109667158427743,-0.09858776509708791,0.07978002623692938,-0.23560706487492386,0.3110337291663606,-0.24337047455199454,0.05393834945080453,0.02488348149370826,-0.007713459796118735,0.005008167437359569,4.6552888254304673e-07
Piston,preprocess_Reading207.dat,4.1446310539906674,-0.8215109458472394,-0.1929706423393191,-1.049899786989586,-0.04170644770413349,0.15828494584979874,-0.3507955002715405,0.07811508015094054,0.03317326705104431,0.007959280492810165,0.024195008217746956,1.7146153288630807e-07
Piston,preprocess_Reading208.dat,4.021290937928238,-1.3062570279807137,-0.10146481316957912,-0.050883191697438775,-0.19612697635562595,0.5539119856514919,-0.46965197239587736,-0.03642430685746361,0.03607194953298625,0.015994419964875245,0.11625972948261407,8.448781143600133e-07
Piston,preprocess_Reading209.dat,3.997487245311849,-0.5117737364939864,-0.22364350427421403,-0.5860556326740906,0.015323863651124071,0.2741939597915588,-0.3235575451258523,-0.07344622897927139,0.06544642795178322,0.022332850506939502,0.09150741451791934,-1.8887346300192894e-08
Piston,preprocess_Reading210.dat,3.4173176351581644,-2.1413586759247156,0.5212058645598054,1.0317236871813065,-0.3082620802262983,0.6370393572623488,-0.483680015480005,-0.11407093189656735,0.0008776539058592295,-0.009404843578547435,0.0940476793656618,1.1785130086090165e-06
Piston,preprocess_Reading211.dat,3.5955093339670787,-1.1030596159775625,-0.035915296509829005,-0.8201665235210079,-0.4644380204271309,0.13085876851597142,-0.24649040417216406,0.06416597198537968,0.016167003612642776,-0.005479266402905124,0.07459353435879396,9.411787514815626e-07
Piston,preprocess_Reading212.dat,3.090860621610409,-1.4293311338198393,-0.08964013871164901,1.0954835189629863,-0.3218967417677842,0.9336646449571674,-0.3013390473701436,-0.027303562873396692,0.024811020673049487,0.017386496098501274,0.02718260734174351,1.0244841455948576e-06
Piston,preprocess_Reading213.dat,2.594614889467781,-1.6985167943542565,0.5876298089500065,1.321912659616265,-0.08108945435908702,0.803533632745173,-0.5025322646029117,-0.102131670687838,0.021689175345474057,0.03582719558595331,0.030706808453257135,2.0527590642966053e-06
Piston,preprocess_Reading214.dat,3.0297365898451893,-2.169244836456756,0.10903670371830576,0.38093265568227314,-0.5477900848886553,1.0569937255284405,-0.6090729545954987,-0.03484910093282938,0.003971465723336737,0.017342661102960125,0.04214134661882086,1.5048295401404736e-06
Piston,preprocess_Reading215.dat,3.21834334262768,-1.7433622291667228,0.12268756653458046,-0.0077342870074463424,-0.37129828050297076,0.7066524020109207,-0.579452853564542,0.009689190625705403,-0.0014154832889996982,0.007054533217851,0.050494605670277,1.0124311815850914e-06
Piston,preprocess_Reading216.dat,3.1345229749857206,-1.234549435196763,0.6338236390819726,-0.9976699269564145,-0.10810825476187919,-0.23096439104546634,-0.3904719271501706,-0.003739437713216953,0.03158564578120888,0.04822905102711051,-0.025731484736659115,2.4897000957047866e-06
Piston,preprocess_Reading217.dat,3.1185641630079126,-2.015117348637452,0.5976253918245199,0.4915790344441066,-0.5243808209826336,0.539838234433118,-0.4810006486040315,-0.007347219615821157,-0.05296528450778025,0.04618406415795938,0.07470457264261694,9.65261519515693e-07
Piston,preprocess_Reading218.dat,3.1287086315362695,-2.165780315456219,0.6090399052519013,-1.0641596809326737,-0.5655477155852807,0.1782889125482289,-0.5270003358114195,0.03963593363445526,-0.04339856221826929,-0.01866143348637176,0.04907331385641888,1.3558705891995378e-06
Piston,preprocess_Reading219.dat,2.8362154772566988,-1.9157327481655397,0.9978710041425044,0.35406047045695915,-0.49253471543017646,0.20241183114417446,-0.5221134236716884,-0.10321559006335101,-0.02976106568965316,0.004219488809665466,0.058278477695451664,8.606738136069377e-07
Piston,preprocess_Reading220.dat,3.2231250216769625,-1.1706697399814532,1.2026721261048796,-0.06489227543938568,-0.21686911405632667,-0.6022961368251156,-0.323192869972188,0.03888583789338158,0.016772891362000313,0.027589436599835877,0.033858135607821443,3.1689744637788755e-06
Piston,preprocess_Reading221.dat,2.8420028739572123,-1.5168407260691827,0.734839079674408,0.6718446751830399,-0.07236382901443514,0.27024388527780435,-0.4002084905981505,0.010893216630952081,0.04227853271782487,0.03152857390478596,-0.01981287001409171,1.3491655603379017e-06
Piston,preprocess_Reading222.dat,2.5041026501142385,-1.6727683399364242,0.523313816924558,-0.2406027891893623,0.052108147432262525,0.7544678735979379,-0.462368234021552,0.13265102723524627,-0.031305414442759874,-0.019092041584974614,-0.009440377606950651,1.958859363871879e-06
Piston,preprocess_Reading223.dat,3.036656007204919,-1.7322162751963206,0.45132802771281144,0.1499361733724145,-0.3057885893247981,0.42908521796197757,-0.5028868076472659,0.004248916459588243,-0.010209838462479524,0.027990315316814996,0.07832505694495516,1.5366621405689105e-06
Piston,preprocess_Reading224.dat,3.0701914838534274,-2.1114879466261605,1.2061093492458714,1.0404254707970777,-0.05609420158084348,0.197329678763037,-0.3811903069787347,-0.07860586884030069,-0.03441695866375971,0.055024992472901504,0.12561155865169024,5.08874768410841e-07
Piston,preprocess_Reading225.dat,2.732052644601933,-1.067089371090888,0.2176855792058256,0.5400439231818683,-0.4206233124474436,0.2876678279822633,-0.37082837700425,-0.00256619954761678,0.04926718267752801,0.02756592011465991,0.06430776014511222,3.0503455430757645e-06
Riderbelt,preprocess_Reading1.dat,-8.993054555768126,0.11093603589812015,3.5209284788790014,-1.7316829077897367,0.6422831289566185,0.30940803883898277,0.2443642749726525,0.01139274442654278,-0.1876594507251174,-0.10483695251818514,0.05193587802116953,-2.1316957262996853e-07
Riderbelt,preprocess_Reading2.dat,-3.886375860197661,1.7703534651452029,1.4473852214128,-1.820998828435892,0.2618036603217794,-0.10768148895502948,-0.23139077422214888,-0.01690908409028773,0.0783712721276494,-0.13009968634173869,0.06465774841266048,4.932760821447275e-07
Riderbelt,preprocess_Reading3.dat,-4.892109061491207,1.0920975100136767,1.9796567398815954,1.1971321990706532,-0.3168073586325585,-0.563237489682895,-0.6512382043621007,0.017214810929338346,-0.1586520920624553,-0.07071308392386944,0.02880158071501742,2.7048853951492584e-06
Riderbelt,preprocess_Reading4.dat,-1.6445976320292175,1.9675647267785523,0.8287544032899896,-1.7292130003711317,0.8166256000008761,-0.8181459833608588,-0.08625512355720874,-0.3874278834777136,0.08453662057863888,-0.03968972212074658,0.04167458793519013,8.88695796798974e-07
Riderbelt,preprocess_Reading5.dat,-0.7949498107158323,1.7741114091914052,0.37955539456232334,-1.8436122916862527,0.6421852501601552,-0.4275150071496468,0.08375176557044017,-0.23208229610787728,0.026435689614916096,0.0012391164864133325,0.028282974866187725,-1.669067682170288e-07
Riderbelt,preprocess_Reading6.dat,-2.4840404879175013,2.0241277946259117,0.33043129165910556,-2.0499971454124637,0.23196789562216913,-1.0934658318241934,0.09717610833955011,-0.10016196284814784,-0.060439972096637186,-0.1445388074434779,-0.014684938383778332,1.9400390727113488e-06
Riderbelt,preprocess_Reading7.dat,-4.951874141229143,1.2962715220143617,1.8820399697230967,-0.7003592845069023,-0.09426915440800065,-0.7994589327415287,-0.47774353594203656,-0.07396422682342217,-0.0921116156996428,-0.12101280936577284,-0.0023767266089478583,2.2511440908455211e-07
Riderbelt,preprocess_Reading8.dat,-4.64389255095482,1.370543628728473,1.8868996268361244,0.165931316299577,-0.13105355615873368,-0.7936810574233661,-0.3539099632199406,-0.08997571335476018,0.024330078092970945,-0.10383086529700633,0.049462514928013804,1.2428259093216248e-06
Riderbelt,preprocess_Reading9.dat,-4.202236946827516,1.7960751617866977,1.5958157211273258,-0.28701971433392043,-0.15701203537813144,-0.6448581901538919,-0.8269492721869104,-0.18310213703070508,-0.14988801227015836,-0.10459309143401373,0.005759263523673672,2.509142879513165e-09
Riderbelt,preprocess_Reading10.dat,-5.0456611384358245,1.5050537911996806,1.93884808727139,-0.6947300739523221,-0.6680513871683628,-0.5661293254058958,-0.6403307632377374,-0.297248997819902,-0.004800665434635963,-0.07730859641960343,0.017757893480323247,1.0855336437383806e-06
Riderbelt,preprocess_Reading11.dat,-4.618272572480698,1.5992116073773104,1.490117570315005,0.06129576893274555,-0.32519568831710377,-0.5713321216202427,-0.2301861970894371,-0.18175597725258177,-0.10259654218069486,0.08717164184582343,-0.007192143814056921,7.462230736671059e-07
Riderbelt,preprocess_Reading12.dat,-4.666695483081681,0.9943385946055066,1.3250196923969468,-0.83982612093112,-0.4844645894215486,-0.5534409301746995,0.07064176063732679,0.2325764220451497,-0.045560275611911435,-0.40712211295492123,0.046578562416203485,-1.7690659009969911e-06
Riderbelt,preprocess_Reading13.dat,-4.393823242279912,0.9751247507903402,1.8243100332751827,-0.05145169901326508,-0.6101108734400867,-1.0893166858249685,-0.2390588684012007,-0.3968301067150773,-0.1785812794457385,0.07052331597434716,0.016974016603940167,2.61858131409871e-06
Riderbelt,preprocess_Reading14.dat,-6.083986881122169,1.4186617678427609,1.6656289672233524,-0.4266014565428534,-1.053188738285942,-0.43342259531319416,-0.660007565685181,0.12738383949620852,-0.22552249008384662,0.01278873527793987,0.004962244305319132,-1.2843914950804497e-08
Riderbelt,preprocess_Reading15.dat,-4.510379432161976,1.0515332206027306,1.124034632297926,-0.5921343197146659,-1.0170268890510057,-0.419105692572189,-0.1360920856358871,-0.18110752546558986,-0.01715021871217666,0.028477652595931754,-0.005871835326773085,6.817590362516957e-07
Riderbelt,preprocess_Reading16.dat,-4.839958980381143,0.5119845054191248,1.5388601951252485,0.11408526111768252,-0.84189332612305,-0.46524962977835044,-0.3626869957503901,0.10379151289715395,0.10372306029584673,-0.0074251761389715525,0.050482976988085765,2.824799188614359e-07
Riderbelt,preprocess_Reading17.dat,-5.175219018955004,0.362633756800259,1.9586700763835578,0.1250516478116496,-0.9421987303662285,-0.45771005695322087,-0.6396751912763774,0.2907034201112625,-0.28281008912188366,0.03923856503866632,-0.00899685572366599,5.677440109598149e-07
Riderbelt,preprocess_Reading18.dat,-5.819877495608741,0.15268343766701264,2.402436590017504,-0.5897063406250066,-0.4382731861708116,-0.23244090778731563,-0.544360964365874,-0.23189465475403254,0.029031820402871084,-0.09898708486347416,0.043393334773673464,5.655705172183976e-07
Riderbelt,preprocess_Reading19.dat,-6.322860459181838,0.3160016558299067,2.713095900751263,-0.016918623754966725,-0.42851608026487953,-0.8303182610466973,-0.778881061702402,0.033738066862316965,0.02175146078924212,-0.1389652363525526,0.05523237365024001,7.907732707388454e-07
Riderbelt,preprocess_Reading20.dat,-5.919367766215004,0.43003552541598844,1.937463340087717,-1.9548095178815073,-0.2877481328494869,-0.958337799965362,-0.21428880190434701,-0.13443129455329486,-0.12137051378455052,0.04085506900346267,0.02702014347423341,8.962287633886276e-07
Riderbelt,preprocess_Reading21.dat,-5.924398746879404,-0.024959143424137336,1.9473067683253849,-0.010720710558982565,-0.28781408818638754,-0.4611565063079599,-0.4833468203608709,0.27945184500571496,-0.21591330877469392,0.1340836213779959,0.0016965582677246666,-3.1786181900736924e-07
Riderbelt,preprocess_Reading22.dat,-6.04859605692406,0.28797319300966145,1.881748952871804,-1.505545973371062,-0.05930537820590873,-0.33716353976681035,-0.4685322805045164,-0.04562775460139338,0.10619696461794814,-0.04615212043544914,0.018007116462944322,-2.6035645302839867e-07
Riderbelt,preprocess_Reading23.dat,-4.184797862885569,-0.018302550716656256,1.8552064181774692,0.02643538631947551,-0.1817946767404204,-0.5876228804018396,-0.13102729650610867,0.0057305513822156874,-0.06640210638854864,0.17687289359995528,0.0008174783600362726,-1.7037283656106295e-07
Riderbelt,preprocess_Reading24.dat,-3.7235671117227525,0.12534406761205913,1.0840999816428798,-0.4614149786970293,-0.0635251094302767,-0.7141005262488721,0.5685065652442418,0.09148086134463182,0.06721578549417082,0.08285545144185479,0.06445942101511216,-7.438235406980904e-07
Riderbelt,preprocess_Reading25.dat,-3.216649717373151,0.7357723604143487,0.9287943511716356,-0.7270356390594405,-0.5447577507811753,-0.873984817237752,0.09159659948354086,-0.09253369424093916,0.19300493033799934,-0.046059673685264,0.014529731666052668,-3.069787157621702e-08
Riderbelt,preprocess_Reading26.dat,-2.2765070058187407,-0.032527397544134445,1.7058323090714385,1.381470554092319,-0.15493173686562556,-0.9110665638578306,-0.152183735836742,-0.4469101953950804,0.5218666197111275,-0.1914629799848099,-0.010085287858146531,5.864294782383982e-07
Riderbelt,preprocess_Reading27.dat,-2.9328828338966324,0.6632596836834482,0.9267052829108896,-0.01477189963326198,-0.18223957372529306,-0.4062745042888217,0.1343661620329017,-0.1770056016545184,0.11212415671109964,-0.0542625474122637,-0.053351703941011006,-7.162950435521003e-07
Riderbelt,preprocess_Reading28.dat,-2.5597528680391326,0.792515113552421,1.2719344357296876,-0.012169542337387354,0.38516231126376627,-0.9963039073871265,-0.28573730218533416,-0.04511961899308392,0.05983228882378713,-0.0428212854309262,-0.006252312537452329,1.487954135144413e-06
Riderbelt,preprocess_Reading29.dat,-3.055376443604808,0.5702443364773873,1.1345996070664193,0.4935243919880469,0.16148223273974424,-0.42416270057659566,-0.09396406353286701,0.241659642462348,0.2507029015212953,-0.05073747378890438,0.03021197483914636,1.0940610683881148e-06
Riderbelt,preprocess_Reading30.dat,-3.6605117867733385,0.3494487693893845,0.9550498177217082,0.2066786724112651,0.4352171351663359,-0.48080990139535723,-0.315492023433236,-0.012713638685170003,0.1887726729749189,-0.008483333113977212,-0.028625068900493128,-5.913750628999064e-07
Riderbelt,preprocess_Reading31.dat,-3.4743722010223994,-0.1827952971809143,1.0363321048854184,-1.0554931725294145,0.153610750481718,-0.06188826228518007,0.06923022850854436,0.15356478085555994,0.08541892394752315,0.07704481977583015,0.017526948239997356,5.637310377878406e-07
Riderbelt,preprocess_Reading32.dat,-3.207674375245476,-0.2049247014815977,1.2490531033994234,-0.31519575252282905,0.2515909175836109,0.014548487442868177,-0.039762340673409474,0.29365105215154647,0.224563143124587,-0.028691338411977633,-0.010524618168878517,1.1411957881520887e-06
Riderbelt,preprocess_Reading33.dat,-3.7618091962528624,0.11877067797754104,0.7769367637829451,-0.14755048539997015,0.1955319080081672,0.12476535097710716,0.1010031131340797,-0.12186603442131508,0.3316481680385829,0.027722475782591398,-0.005042458468459013,2.205690915325788e-06
Riderbelt,preprocess_Reading34.dat,-4.0378418556643565,0.2917766326564348,1.1202041908617049,0.3299670391866506,0.08870948427245111,-0.19824387363512594,0.29756017425511233,0.15117571308059166,0.06618443627018984,0.15998587395318867,0.00943824781571762,6.890620569102829e-07
Riderbelt,preprocess_Reading35.dat,-3.1769736210019337,0.41617388029497804,0.6342799511297413,-0.10147694971862833,-0.2550420228260752,0.1511763064782862,0.1540810749906131,0.10456042593438174,0.10880387376033458,0.11242680299503219,-0.03737443685810567,-4.243186628482828e-08
Riderbelt,preprocess_Reading36.dat,-2.9755195569874027,0.3426407251806388,0.7820220636989679,-0.012677836459708497,0.08843764874735409,0.40603444774430647,-0.10258533447210225,-0.09204760330766185,0.11889194683637119,0.06242026487289926,-0.045673248070066556,-3.5867900560155943e-07
Riderbelt,preprocess_Reading37.dat,-0.8812870407187685,-0.17418005449979984,0.2905460293057382,-0.5262430132468993,0.6404327136181236,0.353301345564142,-0.002677258762818618,0.12914117313529544,0.15559806367817783,0.08553514900577555,-0.025795468519128128,3.536024465172359e-07
Riderbelt,preprocess_Reading38.dat,-2.2024845813969662,0.09181836019559575,1.0177810454525313,-0.13963028538029598,0.4852218947267254,0.3565155779005102,-0.1721334976675763,0.041130076735248516,0.1819680826539552,0.07557623153481258,-0.027181902405499205,-9.576749248698233e-09
Riderbelt,preprocess_Reading39.dat,-3.423207306923611,0.36529079425383126,1.4595569894071545,-0.42651282274693797,0.36430383002898337,0.08541531987518866,0.1672577457148946,0.25246291832143747,-0.08035913344189193,0.05614213530911018,-0.037698667368645945,-6.049422092758836e-07
Riderbelt,preprocess_Reading40.dat,-3.2669797636588047,0.06318823448866144,1.5095420068968637,-0.03932662784204781,0.4340898710068928,0.14173467311782434,-0.03327518065053777,0.10625998490795652,0.2784823837435465,0.0019646807869891573,-0.00778100521674617,-1.7808120237438518e-07
Riderbelt,preprocess_Reading41.dat,-2.8611997789690817,-0.2674741181631676,1.0627732268897794,-1.3062976578710046,0.6231856121637737,-0.08338735008411721,0.18351462816967348,0.34613640017524444,0.03786132438231389,0.2035417262420707,-0.0009433328752703876,1.0230967050432387e-06
Riderbelt,preprocess_Reading42.dat,-3.0339130762799598,0.06200059348960247,1.2405953286818396,0.3146447076200415,-0.03377181912420348,0.11433508006706893,-0.15427970057382331,-0.020284133413099835,0.10206445302305327,0.017065231822864388,-0.06503813707035774,-5.8517653760054866e-08
Riderbelt,preprocess_Reading43.dat,-3.7506456244988837,-0.38281067587562734,1.7738623924884391,-0.04719147249117356,0.140954150456383,0.38488802739778993,0.030248125951556855,0.2501371954737158,0.1457212062434035,0.09356998576663117,0.0287853635085054,4.3042732652212446e-07
Riderbelt,preprocess_Reading44.dat,-2.0580502293445364,-0.014262834935841155,1.7074590199446749,0.9977316282316789,0.15603307845321654,-0.17756730450249264,-0.045970776932391606,-0.2357216157342881,0.312854454583357,-0.01645357488025265,0.009593813320716123,-1.0625277460746094e-08
Riderbelt,preprocess_Reading45.dat,-2.622548689837662,-0.5984536323242539,0.8672342488020668,-1.285392579763002,0.06918849546951523,0.13850758022462928,0.13940724178358882,0.010398641958406146,0.27649940745479007,0.1286959119514974,-0.045549434079076905,-4.254926725846952e-07
Riderbelt,preprocess_Reading46.dat,-1.9313734549290187,-0.5901983980020232,0.9285241283150242,0.5127352662866631,-0.3030127768426671,-0.08431405929571252,0.06386495928351683,0.14722277062969244,0.3302421212147067,0.10175408474058682,0.0034266962015474392,6.393851100602668e-07
Riderbelt,preprocess_Reading47.dat,-2.7661077758752355,-0.6579509785006096,0.6529143794761844,0.23990388965173265,-0.2234194637317451,0.38827323679870623,0.11563354515219113,-0.12801375057607622,0.2479382128909327,0.11374206912312917,-0.05177127358535389,4.0940682586664524e-07
Riderbelt,preprocess_Reading48.dat,-1.9975751894700362,-0.270374749451246,1.1494599019559124,1.2743938070157002,-0.5118756190521911,-0.16785297796778947,0.14115501401843086,-0.2051544395063987,0.3128939525385578,0.06141445531591962,-0.0019286893101479548,-3.433735999385016e-07
Riderbelt,preprocess_Reading49.dat,-1.8701471233272617,-0.8894847661047066,0.5318181809270897,-0.09847916643374832,-0.16846127903974853,0.4646463305990618,0.03932418257620409,-0.0044849453844747625,0.046378103120496485,0.16692783368031977,-0.05352744050922163,-5.581990919132666e-07
Riderbelt,preprocess_Reading50.dat,-2.0996588153566336,-1.1626069952302118,0.7831171130693065,-0.2124799886991495,0.5487444586189292,0.6492097427016632,0.19815167973399406,0.23811240818535404,0.18918788400628048,0.18448927559051234,-0.07671705565882156,-1.3879749932315716e-07
Riderbelt,preprocess_Reading51.dat,-3.349574260890651,-0.5723717515148383,1.4199170617489119,-1.2585919228636928,0.31148423344988024,0.3813279125458319,0.2536298427181889,0.2193793137892826,0.24874154818499686,0.07847447806345899,-0.0047741241742228465,1.1554898827931827e-07
Riderbelt,preprocess_Reading52.dat,-4.0991724082665275,-0.23333065588463767,1.0093843022816846,-0.8648818606193129,-0.04489673535795024,0.47112056028143956,-0.1468736162202464,-0.15147679851104914,0.4311509310114969,-0.026514683000796267,-0.03892524434753829,4.726440466889127e-08
Riderbelt,preprocess_Reading53.dat,-3.111449795746279,-1.6910573769604973,1.3658199325173486,-0.2680112438416792,0.5657226413468707,0.8172225943203888,0.32925755514728405,0.1660727522751434,0.28858777350575804,0.017519523144028708,-0.06043178836831255,-2.66989210954796e-07
Riderbelt,preprocess_Reading54.dat,-2.8643444338645727,-0.6968697327367456,0.9073456790453092,-0.9014458547394602,-0.013549962664829187,0.6064712340733296,0.006951419278513986,-0.2478453041785593,0.4658729852726465,0.021953886700821722,-0.027249850362673113,-2.554481035993103e-07
Riderbelt,preprocess_Reading55.dat,-1.973743766548112,-1.125168694950181,1.1402161703756504,0.4513340578852005,-0.5779035604557415,0.4177257480704691,-0.4848924973404867,-0.15940057023779058,0.09643562290986452,0.0756524939189444,-0.10363905479908711,-8.979047275628754e-07
Riderbelt,preprocess_Reading56.dat,-3.171558110372804,-0.37333903351925424,1.6178064671209085,0.6577688318505481,-0.4369985329159792,-0.12513996738466812,-0.44714119342788855,-0.23361668238657216,0.08376420079806246,0.13109698334756484,-0.07144073588550902,-8.390370386195343e-07
Riderbelt,preprocess_Reading57.dat,-2.0216462606530268,-0.3297400737156197,1.8214969191477202,0.13942162289887125,-0.4692739983650215,-0.6651440183212013,-0.42178172916876355,-0.10097358225755389,0.1514974437756242,0.07707368323190167,-0.12387824242345571,1.8126807399484068e-06
Riderbelt,preprocess_Reading58.dat,-1.8318553429938988,0.043051888165545046,2.582491014561392,0.005749883299505129,-0.22005466050146633,-1.5410839398503078,-0.3815118126926662,-0.038823731743304474,0.05472575828343413,0.15240551877972652,-0.09125661197151312,2.687116863121689e-06
Riderbelt,preprocess_Reading59.dat,-4.148745242839535,-0.41029192626163385,1.500598516287635,0.14557262464450718,-0.30837350299039235,0.4305179993381647,-0.5789008748476469,-0.2895192171930783,0.07024217578816196,0.06912469915967624,-0.04143516694044395,-2.088826835751794e-07
Riderbelt,preprocess_Reading60.dat,-3.466063849780455,-0.9348118742407697,1.1661540042519705,1.18610453735793,0.05939911589872142,0.41695198754137186,-0.36920498772849497,-0.0050166123661086505,0.13039608600231187,0.22844710747617414,-0.09022982457517521,-3.3700530013581297e-07
Riderbelt,preprocess_Reading61.dat,-4.112212586292335,-0.2513229874320291,1.0344256668769207,0.04390976944870742,-0.1629182594518675,0.4933246279799739,-0.10354358960700465,0.25540616548263756,0.23161444881510096,-0.0008454411292872005,-0.00596682245695607,-3.4308042072741306e-07
Riderbelt,preprocess_Reading62.dat,-3.804316712123712,0.41481472989248563,0.4715441374638438,-1.4542167176533995,0.07567474141482483,0.4377729517766912,0.14018975896653563,0.13283463528718634,0.0842936315473224,0.1445452992520956,-0.01581321463779376,-5.855051456449484e-07
Riderbelt,preprocess_Reading63.dat,-4.468480142296746,0.024633203108008973,2.074261143808682,-0.5465564855687722,-0.2435813304439182,-0.17531519856495334,-0.9740985644551743,-0.10390740419647194,0.25602401510127504,0.024965671854678028,-0.030032960060130752,-4.495697921866121e-07
Riderbelt,preprocess_Reading64.dat,-5.279151617312803,1.2767547637954069,1.5232351484883357,-0.3533416157657395,-0.9595631391117273,-0.1359395887389284,-0.8376979871334453,0.03393785685371079,0.012976674782638736,-0.007414808296026811,-0.02011555063299358,-8.434441218619571e-07
Riderbelt,preprocess_Reading65.dat,-5.362204714303076,0.8149278975271267,1.7198464609770345,0.3225987203340591,-0.8107522190645692,0.470448738027603,-1.2149580056844909,0.3446236606777281,0.03344106846065891,0.010701764263714166,-0.02899736691829145,7.261497173960498e-08
Riderbelt,preprocess_Reading66.dat,-5.381750646882344,0.8001605522386404,1.3221189948749694,-0.36567058781563033,-0.49690449046572066,0.6029835579539611,-1.0046126026602356,0.3894709107685344,-0.05439956572681251,0.10738090434757488,-0.0315902512530984,3.2426359104066226e-07
Riderbelt,preprocess_Reading67.dat,-3.987236217572931,1.2012197209599815,1.4769197068025315,-1.1490881992342532,-0.7427249425242399,0.07233947048039513,-1.1918048231089826,-0.22802649461088217,-0.20109916072354708,-0.041254437654922836,-0.06442851333241499,-4.2800024338947623e-07
Riderbelt,preprocess_Reading68.dat,-5.09692264713185,1.1750151516797827,1.316148153737852,-0.46821304362866056,-0.45782844458796196,0.5290561222037737,-0.970582078481506,0.2989649433340073,-0.08160144150865418,0.06831790812770401,-0.0497661510251135,-1.3582332600938372e-07
Riderbelt,preprocess_Reading69.dat,-6.768535046424381,0.5318983929008186,2.2383952382881334,-0.8824362269036826,-0.6106102662905122,0.36360720753187153,-1.2311088903423555,-0.11073884788888931,-0.048200590474736627,0.05026165204104244,-0.012696814776112912,-6.899904257535105e-07
Riderbelt,preprocess_Reading70.dat,-5.9427794984641045,0.20282767868705542,2.5710518719089728,-0.492093005873354,-0.6946071853886803,0.5052896533066795,-1.6081393834925402,-0.2072819821225296,-0.01812997080999631,-0.11863071517083691,-0.0209422200444366,-1.0295809328420549e-06
Riderbelt,preprocess_Reading71.dat,-6.319900560253456,0.8854424481879417,2.191092258307786,-0.7839344272063545,-0.4399530776840827,0.3830583936499352,-1.3856414040456453,0.055380009313201965,0.07207074753068823,-0.10049364650010566,-0.014561134479042817,5.166515760705868e-07
Riderbelt,preprocess_Reading72.dat,-6.608303724080253,-0.2570305236683722,1.455231941754474,-0.7812066492752356,-0.22704890376502324,1.0543937016575577,-0.9486521735081814,0.1429327204632492,-0.13213957724230016,0.006637548346197232,-0.036183371174350575,-1.0736577391379246e-06
Riderbelt,preprocess_Reading73.dat,-4.93437315173145,0.01612303182461932,1.842882156424558,0.40283301520680237,-0.20538133068035064,0.2717351458650101,-0.4864196817913687,-0.10967035249779503,0.1121964832543473,0.1050282123532989,0.038010125847225615,-6.740708201075899e-07
Riderbelt,preprocess_Reading74.dat,-4.795880474710436,0.27968649340037993,1.875940377796316,-1.1184578562451173,-0.11470573978313657,0.21729107347013518,-1.061051667628359,0.3162159468895968,-0.27807609065975797,0.11910662022580608,-0.0034329514051912573,-6.526572407554969e-07
Riderbelt,preprocess_Reading75.dat,-6.6901381322360445,0.8284140166371303,2.6826827131748616,-2.067954922031148,-0.10498785939732144,0.47954783015192654,-2.1062744698877185,-0.16570351148317458,-0.20773111832607158,-0.08475447666623102,-0.06939472757383462,-9.34723799393107e-07
Riderbelt,preprocess_Reading76.dat,-6.420083143423745,0.5058875354677934,2.1087946317222412,-0.8259151087979663,0.13391127841021339,-0.4419143556768421,-0.09923726807612616,-0.49535774388539033,-0.027066818796281762,-0.1949593679630976,-0.009701845937303605,2.1151230663749064e-06
Riderbelt,preprocess_Reading77.dat,-6.170204513652133,1.029760629093144,1.8640697695555128,-0.9530977295135372,-0.20328321280327083,-0.7176479728658046,-0.3254420711863478,0.12607792381194236,-0.33234368539968817,0.030384401130407346,-0.020987578854009703,9.907235677475849e-07
Riderbelt,preprocess_Reading78.dat,-2.145563716307425,1.5738399908871024,0.5638433465572902,-1.919536451520792,0.4808770557093215,-0.3785107646250912,-0.07154750933124297,-0.11074312133392625,-0.12302127153273477,0.07233722002669363,-0.016771934767163873,1.2605776186182843e-06
Riderbelt,preprocess_Reading79.dat,-3.3543583074497967,0.8566969782334781,0.7882760980242894,-1.4225670211624888,0.606659757008348,-0.7384424014085459,-0.3334654459276428,0.15378467396183826,-0.30885221201343543,-0.055861050062246495,-0.01997248836647436,1.9937279796083918e-07
Riderbelt,preprocess_Reading80.dat,-4.601264928685204,1.3366647529891917,1.4622732726756047,-0.3562679231585568,-0.11981108584161311,-0.4935227135896303,-0.6151665417263459,0.48089440155656316,-0.4885120301812512,0.10884454932211929,-0.0044832668699858755,8.510566905443608e-07
Riderbelt,preprocess_Reading81.dat,-1.953645528723548,1.860611991628946,0.934852938520768,-0.9526036100502727,0.3541664821903734,-0.08757710780135902,-0.5315811297345941,-0.2850971809691123,0.10313856633463254,-0.07471112910305937,-0.016928353708991577,9.677215388273804e-07
Riderbelt,preprocess_Reading82.dat,-3.037873126791928,1.310509482715224,0.8620752112917869,-0.8801366281634028,-0.3516461080809792,0.31391440949943966,-0.608043302066288,-0.2184697189286137,-0.03672331451646434,-0.04161737061007179,-0.004025970331539342,-4.819702498775294e-08
Riderbelt,preprocess_Reading83.dat,-3.0840202558394574,1.1981762428270488,0.858393977413534,-0.0388162034347643,-0.2744332869382684,0.18560159859998665,-0.1585496029969873,-0.0027440187008978766,-0.11924126033337107,0.03224808325076112,-0.011711993347063217,6.575328588063195e-07
Riderbelt,preprocess_Reading84.dat,-2.539106924838389,1.2355646802203897,0.8771443661110695,0.14824914666188435,-0.11178772518959575,0.39789342789504417,-0.43343530229700644,-0.0687847428800545,-0.03199480366119861,0.0044917441862471425,0.0011010313573869505,3.518308763821918e-06
Riderbelt,preprocess_Reading85.dat,-2.2994568751479667,1.556146412539496,0.4925765787342898,-0.0728622153218658,-0.2026747626290788,0.14139325637557726,-0.23989755636847374,-0.27248460284259896,0.41801969901130526,-0.13606836513040071,0.046144831081942735,1.7069476664446656e-06
Riderbelt,preprocess_Reading86.dat,-2.3313125078503023,1.3704931265758202,0.7636910285742395,0.47414259833848127,-0.28624793942361,0.25110042835464735,-0.3398397195486359,0.00034431535136432965,-0.17814042937184169,0.10351161340170101,-0.005032143834706501,3.347120742960423e-07
Riderbelt,preprocess_Reading87.dat,-1.8690524883955633,1.2459652835585244,0.5704759007418772,0.2338476447299641,-0.1243072567220423,0.18510303083880417,-0.24600659431153687,0.0021968430715781726,0.03589237497520217,0.027819991879330836,0.012710594817590166,1.417530677061288e-06
Riderbelt,preprocess_Reading88.dat,-1.2256002191834825,1.599773253138877,0.6134073486161212,-0.057006416279531784,0.019183335968314705,0.060107604895237116,-0.17690376341842673,-0.17931053419345197,-0.0770481851225704,0.06440895512496718,0.010978559011213552,2.439643466740649e-07
Riderbelt,preprocess_Reading89.dat,-1.939132201872245,1.21847380843975,1.2250156286177682,0.98179165445201,0.17551530273734306,-0.04953844959543213,-0.24626664275198318,-0.20022502331745423,0.03753221456336185,-0.012686041186535574,0.0514164500033381,-2.692040203969842e-07
Riderbelt,preprocess_Reading90.dat,-3.171787403977998,1.3888019957869495,1.0794270881301113,-0.8210292935487392,0.06698777114573058,0.034303080210110824,-0.3454785708972822,-0.164170181580027,-0.155970773987612,0.11334515717092122,-0.002879322733046169,1.0367111006317512e-07
Riderbelt,preprocess_Reading91.dat,-2.8318359213089126,1.196823935976172,0.826687936442389,-0.605344542839627,-0.5376770420556933,-0.2263108061957119,-0.1983536411692535,-0.16770115453278073,-0.20595232376128725,0.0777638363146422,0.00484475027769562,-7.991961638837094e-07
Riderbelt,preprocess_Reading92.dat,-3.587909585972117,0.6418321629725908,2.2476437396285975,-0.6018649417421609,0.06671462542182596,-0.5904042232381937,-0.4450791937066675,-0.054389482164570964,-0.24097137978239477,0.14598872104375038,-0.0024234249929336914,-6.795950742590217e-07
Riderbelt,preprocess_Reading93.dat,-3.9852921548118463,0.8348232885234734,1.0224915002121415,-0.3918671613920789,-0.7392191967974395,-0.38867400013287545,-0.29561307505838613,-0.04221777387143556,0.10835932792598695,-0.03191417178011343,-0.005097734623427057,-2.7750892441601146e-07
Riderbelt,preprocess_Reading94.dat,-5.517848004989153,0.7494312877672757,1.122496136677059,1.0452205867633366,-0.5548229269042942,-1.518856442118191,0.010476135057146316,0.3889350220803823,-0.1348574537024537,0.2179908867917036,0.009852455731326527,1.0732959241007302e-06
Riderbelt,preprocess_Reading95.dat,-3.8559981586996606,0.32186829164772685,0.7682193033034044,-0.10290806806934438,-0.07823145066509175,-0.27975815772573187,-0.26928232179218,0.22020463834699255,-0.12999554017054302,0.05977629906360469,0.012699989130203659,1.245403903624414e-06
Riderbelt,preprocess_Reading96.dat,-5.300399333068279,0.17307887362213373,0.9375223793474613,-1.5209882976243205,0.10713666178890584,-0.6432169986384929,-0.11590947530756016,0.19171183237130046,-0.13674578336918872,0.15280423510737445,-0.0070302841356252865,2.777670484927485e-06
Riderbelt,preprocess_Reading97.dat,-5.480505643399852,0.14849520222448828,1.7505463087173403,-0.02930992632095911,0.412448803581427,-0.3802300635556175,-0.29408033774401937,-0.158808353333097,0.1854397617156369,-0.06525181724816534,0.06264252123337741,1.2996006699725577e-06
Riderbelt,preprocess_Reading98.dat,-4.182627678848439,0.09105306957294591,1.5360084611371014,0.060965541032267936,-0.19540954329649882,-0.6363060024309207,-0.4409902075517537,0.059869910982537,0.1349714039229194,0.007430445235533216,-0.01995743886366021,1.2955574921357615e-06
Riderbelt,preprocess_Reading99.dat,-3.2571410528418405,0.916093560365282,1.0075986790316231,0.3098588973472892,-0.7871467710648405,-0.7218483240061654,-0.1438150509935196,0.40441196280971836,-0.15563080108040275,0.16345054439433968,-0.014671184356327256,1.3234723688752923e-06
Riderbelt,preprocess_Reading100.dat,-3.3351636223465313,0.9459987359639204,1.2642185507777024,-0.254852588875055,-0.12371650055181947,-0.5520977747276753,-0.23995690283567603,0.12296672169493536,-0.007211321528092487,0.0853619308955617,-0.03897924805532958,5.575666823199906e-07
Riderbelt,preprocess_Reading101.dat,-2.29896792456084,0.8622801363986164,0.6788093918512642,-1.1051699695133923,-0.01687579244372256,-0.39129879995766054,-0.25041447363781927,0.2712073311082361,0.17034858692250027,-0.046144634931966425,-0.0026584348313110177,9.390751184231847e-07
Riderbelt,preprocess_Reading102.dat,-3.0866311744206874,0.9285625679776363,0.6730235154235225,-0.7595446979669077,0.22528073415369562,-0.2973106908671385,-0.30113116856051964,0.03055089001163691,0.14943642871559462,0.0639194700654782,-0.01869359403659022,7.362177963054615e-07
Riderbelt,preprocess_Reading103.dat,-2.5942856140815764,0.3242716304295298,1.031835941465156,-0.9488051901844836,-0.0647239350119811,-0.015490684307416397,-0.24396607979158455,-0.036718684441090936,0.24523054912384198,-0.04892128747099511,-0.06024611553971817,4.478264456572492e-07
Riderbelt,preprocess_Reading104.dat,-2.7015792887573604,0.8806940932812779,0.8006760635517901,-0.4062064153787459,0.13286227168532055,-0.13262626324575746,0.09199317002445492,0.0926444967324148,0.22559337603395047,0.012850461517880989,0.02524337593068602,1.6660839503760036e-07
Riderbelt,preprocess_Reading105.dat,-1.9783191405019283,0.5164895961300884,0.7683037350020238,-0.5855853935519314,0.00389002664851493,-0.08211268976966693,0.224986099297059,0.07302250562687516,0.41138602019437553,-0.11687160085467246,0.035472641020747854,3.0759969069100245e-07
Riderbelt,preprocess_Reading106.dat,-1.9881576670146346,0.3906419589262134,0.9927250152729936,-0.34531432331100653,0.2883801100359955,-0.45087169049060916,0.2468487279145361,0.2103394179776773,0.2332675248029068,0.0628382973792495,0.0010577887311081508,5.401393500173244e-07
Riderbelt,preprocess_Reading107.dat,-2.856240405834383,0.8612076934774617,1.1880961795231024,-0.6704520814125619,0.2550848777543519,-0.3047798316722904,-0.08029086514532979,0.09182591462257823,0.28008022920030157,-0.0883246112666263,-0.014719998489056921,-2.713452831346792e-07
Riderbelt,preprocess_Reading108.dat,-2.3180618357248,1.138440593811727,0.497679387763026,-0.4986130225234657,0.13638324842665944,0.07678665095592853,-0.21887638969531756,-0.2716410924856985,0.39298184972302974,-0.08750200591544423,0.006265028568554331,-1.857758673370686e-07
Riderbelt,preprocess_Reading109.dat,-2.8716616055094684,0.7481498119487533,1.3948128840972607,0.8859136716305854,0.10898910187550975,0.03519108560216218,-0.13461312723832186,-0.08623267222887382,0.15491316324149454,0.0066026383667857165,-0.03889447887011849,-4.493389281519281e-07
Riderbelt,preprocess_Reading110.dat,-1.6410518283197948,1.090382768859777,0.729956877754979,-0.6509459175173903,0.11978189671902392,-0.31133319142181803,-0.061407036499144384,-0.0826467975150045,0.14861839797303347,0.04804983947740103,-0.014828823279474329,1.6443268470032727e-06
Riderbelt,preprocess_Reading111.dat,-2.4299436411158424,0.6638264288417901,1.026888886764256,-0.020681636403759637,0.11639338058062006,-0.21280008451991808,0.08763076570168846,0.3058776019374297,-0.006744526272272693,0.058716226300563466,0.004073774382271194,2.977704794671649e-07
Riderbelt,preprocess_Reading112.dat,-2.40960486676222,0.35042886005306884,0.9869860677203262,0.6858446588181677,-0.11273446300438125,-0.15043903353317148,0.09288589804544492,0.16639085353941743,0.008001042225840214,0.1655576321520046,-0.02977635649421827,-1.8473441109129046e-07
Riderbelt,preprocess_Reading113.dat,-1.9744803664720476,0.4113144974889902,0.9699801396640296,0.044887491519236565,0.3002404338365926,0.11040680150207367,-0.11611400264120758,-0.06801645032566982,0.4486851306655216,-0.07776350401467567,-0.005013889884660356,-1.3506627676645443e-07
Riderbelt,preprocess_Reading114.dat,-2.1944846107284417,0.5335295204438328,0.44648298885734927,-0.8947043516106492,0.22580021579232715,0.5360366676196148,-0.20521695011244723,0.09852887942987303,0.23899646066620578,-0.04195360549030423,-0.013803234922965885,-5.252991340596242e-07
Riderbelt,preprocess_Reading115.dat,-2.4478559196634015,0.5233567421329444,0.817912467350665,-0.4284821932883452,0.27780098589594665,0.1431708752389982,-0.05983318629103966,0.07997946928745961,0.4104954076981687,-0.05101767744601467,-0.012445596538777252,-4.347581917117654e-07
Riderbelt,preprocess_Reading116.dat,-1.7247475529789844,0.6869923291233592,0.380882982165341,-0.8546257531463781,-0.08503763278576568,0.027390308238349204,-0.24200720838593293,-0.050086071345089515,0.28103961167970704,-0.08159648590013024,-0.012773409546119635,-6.710134899912822e-07
Riderbelt,preprocess_Reading117.dat,-2.34624009251808,0.6483075774851877,0.7164426915919156,-1.2647923385206745,-0.1002463314184253,0.14571011321077454,-0.15239966998269688,0.17610067657815962,0.14439803120988287,0.023887740824701086,-0.0413643663510104,-5.681983621838189e-07
Riderbelt,preprocess_Reading118.dat,-2.418912031790756,0.13412620360159833,0.613970132516257,-0.6490406188572351,0.031481518825968315,0.08337545279549567,0.28919178043992394,0.12015472008515207,0.2881621125328217,-0.03689046041908355,-0.024237912672136097,-5.67939737749152e-07
Riderbelt,preprocess_Reading119.dat,-2.7790682753489855,0.8108072503212329,0.7445297223053846,-0.9166393173549454,-0.2068511159835632,-0.12404438362480423,0.28585333264983825,-0.12668898039131862,0.3164473056000181,-0.0026763027349855925,-0.016944100086641323,-8.052683823463282e-07
Riderbelt,preprocess_Reading120.dat,-2.699797676699389,-0.6764080882344176,0.7331971093657418,-0.304288704982194,-0.40252488980415063,0.38638079507952244,0.18499981615797734,0.04785633086534923,0.12568093775630212,0.13654224017746086,-0.0653664570313625,-6.773370017880884e-07
Riderbelt,preprocess_Reading121.dat,-1.656885930152228,-0.5413939730156743,1.1621970080045188,0.40848396292963346,-0.13690244620058656,-0.008295508102753762,0.034866297383666915,0.21305320568556324,0.05272755836870671,0.07963578626656731,-0.0242378451324988,-6.702558261709912e-07
Riderbelt,preprocess_Reading122.dat,-2.5746369496700674,-0.21598947900845264,0.6161110230162185,-0.6945827202643148,-0.13873910845389195,0.28804440797365877,0.08659787219613554,-0.009494566608793399,0.13285323833854082,0.07904542686675081,-0.06416087342035952,-8.186352289533641e-07
Riderbelt,preprocess_Reading123.dat,-4.019400999952818,0.3103176679668331,1.447022224465362,-0.6118948591455794,-0.3893638587003255,-0.33047458271825875,-0.036505937228502476,0.05572180825453223,0.19118911115320755,-0.04427585095250417,-0.03151476870707175,-1.0298746345416854e-06
Riderbelt,preprocess_Reading124.dat,-2.796390013795966,-1.379926379193278,0.8760672118908482,-0.09674368581990872,0.6289374115038987,1.1943248373900557,0.13726316994653356,0.12514242166618061,0.10139277374417285,0.22518565539795446,0.012943445268529708,-1.7815023218506152e-07
Riderbelt,preprocess_Reading125.dat,-3.692646247771096,-0.5794645941537709,0.9649711577673046,-0.9012001687061764,-0.30832221190402326,0.3813992854533798,0.13356375094124978,0.2200737492748235,0.04890871029742678,0.09018719621885217,-0.08543496638891243,-4.699226373634387e-07
Riderbelt,preprocess_Reading126.dat,-2.8179621522895246,-0.8156050093233622,0.19154606722138745,-1.6072069579117025,-0.17375867351264324,0.5464480351566058,0.08754085692883862,0.05631613067489441,0.19709052431450308,0.11469330688284111,-0.031240618890828655,-6.447661129287462e-07
Riderbelt,preprocess_Reading127.dat,-3.8624037203251786,-0.07772185790219945,0.37738797369262495,-0.5132472214093551,-0.6419081186309549,0.02150953222129148,0.20891486297122444,0.290746276885186,0.25425035665379714,0.04818374161101147,-0.00018579969727079303,-5.440883239779323e-07
Riderbelt,preprocess_Reading128.dat,-3.5537085096498076,-0.24115455616477452,1.3048911164029253,-1.3411933894500438,-0.4396764471434469,0.34673955508249865,-0.35221261630474426,-0.1039949787461394,-0.08146777931862823,0.08122855017504729,-0.09804473661095395,-1.2549021071890732e-06
Riderbelt,preprocess_Reading129.dat,-3.1937555931676345,-0.3806203339535613,1.1255298983582291,1.0843102609067061,-0.5448806198273781,0.3102661678092177,-0.11722201817981727,-0.07141859599286739,0.18386593463436515,0.09365505728964088,-0.03450695752368918,-5.322471544988188e-07
Riderbelt,preprocess_Reading130.dat,-1.7295819403599835,-1.0209973073475378,0.6040718343466024,0.12422723623306975,-0.26415864647849124,0.7274715194481075,-0.13722500429286655,0.19604451814733898,0.1263450958862502,0.12312987644226621,-0.06585872148418662,-8.904438844164499e-07
Riderbelt,preprocess_Reading131.dat,-2.64667770588918,0.19489118645893896,0.3192255450097403,-1.132280983764169,-0.10220112645477233,0.22276798195379227,-0.007945041410867073,-0.011987985800145448,0.09133431207723589,0.18939325766366533,-0.02984838765421123,-2.1150814633072287e-07
Riderbelt,preprocess_Reading132.dat,-3.537095117369803,0.5352232117587846,1.1962907250771289,-0.3340184300467848,-0.3832794449482771,0.11358101207650088,-0.19327565390685358,-0.1265515876271198,0.16957650432620391,0.008265902392646006,-0.00967843516906121,-7.591412673348432e-07
Riderbelt,preprocess_Reading133.dat,-4.485334577396593,-0.17016366528232532,0.6005599444154582,-0.6494990455518266,-0.045812895302910654,0.6460721635483305,0.07160366220011276,-0.1978975449336474,0.35021637585572996,0.10620364200155123,0.028931350554498036,-2.0258625001688657e-07
Riderbelt,preprocess_Reading134.dat,-4.107959731750427,-0.03395156338732795,0.7159475401731528,-0.07883368124457457,-0.38983790798133205,0.1468758118248886,0.1626913720711739,0.17068499372697366,0.07646763472657984,0.14584222885933695,-0.03521417469080577,-6.330505547459267e-07
Riderbelt,preprocess_Reading135.dat,-4.030654658197955,0.14267272242930296,0.6288986168734538,-0.8532473556773128,-0.13819267489433554,0.3704323469296712,0.019022815174466603,-0.13975429019767877,0.19673695051131831,0.12778023015717255,-0.0040203679093448455,-7.043320644278146e-07
Riderbelt,preprocess_Reading136.dat,-3.1358570512539043,-0.8226300634592906,1.525500141162117,0.9811392603049393,-0.27901987005118906,0.43094721701184147,-0.2672718088002412,0.07023728270480953,-0.008022276860471413,0.04393821138674819,-0.045421209924688025,-7.138423456221126e-07
Riderbelt,preprocess_Reading137.dat,-2.815311794116413,-0.19252135101296078,0.6564398087245722,0.0038419851143736295,-0.1254311397106639,0.4532580986615353,-0.15170875263945555,-0.21899283844265482,0.2696370364672869,0.12622506880562742,-0.011010628176507237,-6.140525665842453e-07
Riderbelt,preprocess_Reading138.dat,-2.2340460676016978,-0.5061891406522188,0.6154561712936166,-0.7148871729420077,-0.26721650673000913,0.42272542495573995,-0.16870182093551195,0.1601373047759834,0.2585685996765522,0.07051792210523805,-0.03359335186048305,6.40022854664075e-07
Riderbelt,preprocess_Reading139.dat,-3.29105385848814,0.21053845824470138,0.8484907703860952,-0.9859706605590444,-0.1314589057544643,0.4959277682852737,-0.36447174413387634,0.023655768356994653,0.059993056641181514,0.0984445636138029,-0.0760684277294027,-6.257247620350315e-07
Riderbelt,preprocess_Reading140.dat,-3.5639129509075658,0.45318903057330606,1.4850659965764827,0.46151551478927244,-0.36957328098712955,-0.038324969890800094,-0.5501012726194152,-0.23263227793045613,0.21532943470794835,0.01085766480466033,-0.052831774088141825,-2.8348939516196954e-08
Riderbelt,preprocess_Reading141.dat,-4.290246392715859,-0.3492240164584326,1.4609962333378104,0.0007796610254855031,-0.0822787992480286,0.3832836352485574,-0.3170904566098389,0.18863244855944536,0.09087759431969787,0.10923928080167941,-0.00860395542918682,-6.307345049438528e-07
Riderbelt,preprocess_Reading142.dat,-4.410880928498764,0.004658093055405423,1.4343038843390326,-0.5015388905889568,0.23665863395785472,-0.06554776209349823,-0.12437736084111135,0.04099409329964913,-0.027031533592751036,0.1480271989373768,-0.044763290187835814,8.851408482373764e-07
Riderbelt,preprocess_Reading143.dat,-5.21866123757784,0.053273846818647434,2.205969519314332,-0.8351925144407802,-0.18676556705185424,0.4258362145113579,-1.3308617825413749,0.1956799486958853,-0.21893901202009347,0.08528975372957003,-0.06691538815046719,6.864518358563806e-07
Riderbelt,preprocess_Reading144.dat,-5.522080889715374,0.48556844953970896,1.6193571063719585,0.5578070183216906,-0.36161356454878457,0.4982529191874097,-0.8593326533897646,-0.00455527666269511,0.024341296416448648,0.08485614314399212,-0.021934206202318462,-8.024071452345771e-07
Riderbelt,preprocess_Reading145.dat,-5.0039453490011585,0.1742025414039885,1.7575475966963248,-0.11452068459766733,-0.15159411584213503,0.5692051270455928,-0.769197969295144,0.07717714590741175,-0.002179363605590041,0.051201617600358476,0.013665215707183079,-9.093674263520915e-07
Riderbelt,preprocess_Reading146.dat,-4.351651248518648,1.0980589565357657,1.198664811133591,-0.2552970579757161,-0.5626321184364588,0.13123217844713023,-1.0208723729135836,0.5411950452822928,-0.0918547787333137,0.1101023601954457,-0.01739505434317297,2.502320074684811e-07
Riderbelt,preprocess_Reading147.dat,-5.441063888443635,1.1779935702147752,1.1798869891352242,-2.096547541490096,-0.25535343039978126,0.3752849624651684,-1.1009521666328346,0.11696976511313965,-0.20239706933346688,-0.005857319287466701,-0.042089189161606505,-1.487735770455653e-06
Riderbelt,preprocess_Reading148.dat,-4.41499964199849,1.1220109451540954,1.1599652723217766,-0.9681035991105702,-0.1728025295975152,0.2560522009171944,-0.7625205561410483,0.06362471534414241,-0.1655580362080722,0.07998373448402812,-0.016246220909356467,1.0631848768803403e-07
Riderbelt,preprocess_Reading149.dat,-5.8871616972747915,0.5022706422067947,2.3190621730535823,-1.0500574395483857,-0.1561310553678922,-0.092916959983451,-1.261222725339197,0.2776212365306739,-0.18495048457485835,0.061765616048969976,-0.024792106583052132,4.50527502022752e-07
Riderbelt,preprocess_Reading150.dat,-5.98326839242115,0.28582416148485057,2.892400449983346,-1.2464331626737566,-0.21447432480894252,0.32871308598927845,-1.8522175679500954,-0.0393221455039079,-0.23118747206031737,-0.08835105747999447,-0.07149525373450284,-2.2861014060081088e-07
Riderbelt,preprocess_Reading151.dat,-6.02445818052961,0.8543578762229642,1.1464154685705596,-0.46507515864427257,0.40566784702415015,-0.9317589253220363,-0.23515611052539792,-0.04931092630472498,0.09182554280827832,0.08907085055464402,0.041179319403112154,1.6718103982713562e-06
Riderbelt,preprocess_Reading152.dat,-3.7711768424134395,1.2162194169724134,0.7762224987282402,-1.1936797414031202,0.36228173241074924,-0.42910800267788174,-0.4619540916273351,-0.16672174323309577,0.13038484859144994,-0.03120808150199686,0.05831812057639408,5.961418409712631e-07
Riderbelt,preprocess_Reading153.dat,-2.9088288824531237,1.045164514825817,0.9504911794000253,-1.392757943360576,0.4561277698689281,-0.45070467132434866,-0.546482368847929,-0.4024122786997556,0.05292109616857733,-0.20097610126612564,-0.052205535171504565,4.88993522882403e-07
Riderbelt,preprocess_Reading154.dat,-1.9181204344426381,2.1286552497266316,0.5302852572623756,-2.0375337563273717,0.3500820743201056,-0.13212804450454863,-0.3916459807128501,-0.2553045313281631,-0.09132473722706128,-0.05114982969418267,-0.0195520241474415,-4.414000047752745e-07
Riderbelt,preprocess_Reading155.dat,-3.8092416075290547,1.1213890000646933,1.149619483746948,-0.40650188576801644,0.27896666388195274,-0.29015998360289647,-0.3317544725689274,-0.11771206397263743,-0.006511928890460268,-0.04519642251118503,0.017030433510167926,1.2130766770183544e-06
Riderbelt,preprocess_Reading156.dat,-2.856240272207129,1.6704427231522145,0.8417928856778646,-0.42801213638987873,-0.3107989007107091,-0.17621820243335007,-0.3408394326382214,0.09660139768351995,-0.05865704554622849,-0.03666823831260451,0.025619034527524332,2.2807931394518193e-06
Riderbelt,preprocess_Reading157.dat,-4.019481440018585,1.9077364102880263,1.0649767957363125,-1.1026507553105755,-0.5807493393450474,0.1272602140434242,-0.7427475796308967,-0.07615023645539663,-0.2557893853065784,0.02112963073851094,0.010636160252822132,2.0932753632517996e-06
Riderbelt,preprocess_Reading158.dat,-4.8326661369547015,1.6880693078143123,0.8941213154886081,-0.9427257495782644,-0.2270698797837637,0.07289288697953912,-0.33717193922883565,-0.2635449081174752,-0.1614975904781589,-0.11908717880646257,-0.02666455016689463,9.623109337137149e-07
Riderbelt,preprocess_Reading159.dat,-4.26368792319332,1.3106445402175206,1.0126466258792943,-0.5803197505927045,-0.297152783505662,-0.016966701971711025,-0.3577932713550016,-0.12611393432051776,-0.09429027760802156,0.0037563322750961644,0.017863030819946172,1.5966923548685426e-06
Riderbelt,preprocess_Reading160.dat,-4.1154314188013466,1.073424414993351,1.489194768935615,0.6015130145795569,-0.6736732565131913,-0.24624014401048616,-0.4607210095394265,-0.14694344665147943,-0.24919509403447393,-0.09784957736383336,0.014707831794763988,7.180220757695512e-07
Riderbelt,preprocess_Reading161.dat,-4.652727108545076,0.8497793324415475,0.7305728325792173,-0.738214972398438,-0.6430500731793001,0.09427912475643024,-0.15497028521364092,-0.09274952385889465,-0.007827997406166683,0.01021858513055209,0.04272893924482116,1.1275689843133284e-06
Riderbelt,preprocess_Reading162.dat,-5.037209563434996,1.106938582289854,1.0976940742052579,-0.9078730539580293,-0.35203666952563817,-0.2544444376058044,0.02383406787839298,-0.19607565017768228,0.06889819565338498,0.058148962441129666,0.04421991075266006,2.174304785839903e-06
Riderbelt,preprocess_Reading163.dat,-4.628506127419593,1.210588706431619,0.7872420845740558,-1.943162058963033,-0.4789685965366956,-0.1658588833582132,-0.2664606038638764,-0.19284369869069828,0.07809874634609891,-0.035469051378882996,0.0031047236322289356,1.1731433399691931e-06
Riderbelt,preprocess_Reading164.dat,-4.335987770574966,0.6381373998094486,1.1186126890193364,-0.9377557760284665,-0.49960859722862416,-0.19032880355500756,-0.10536279316808188,-0.2582634049110922,0.07420938938263366,0.04481916664975948,0.006674965341687792,4.361642081459858e-07
Riderbelt,preprocess_Reading165.dat,-3.415289715155993,0.7860739046328296,0.7127051503833747,-1.159232917116366,-0.3922942794895597,-0.5160125034812498,0.18400164730034982,-0.18240135595259452,0.1460120628015807,-0.0027615146351179045,0.05474753500767027,7.182527422048029e-07
Riderbelt,preprocess_Reading166.dat,-3.626873122741107,0.8947100408099019,1.2765821345473667,-0.8696593913359819,-0.7761373706691922,-0.7911838555395594,-0.09256701521637305,-0.15101050706711874,-0.05998464744704008,0.027169380999235205,0.016957724631020535,2.24168598495944e-06
Riderbelt,preprocess_Reading167.dat,-4.0173057863643225,0.6565070979792315,1.1909682593047335,-0.0973988095222643,-0.5017540433709775,-0.4839856523006048,-0.09165409127284956,-0.32396249891512036,-0.05535720429264531,0.0755873436543111,-0.011833536850073254,5.731811152940153e-07
Riderbelt,preprocess_Reading168.dat,-4.628704919152521,0.6995155178302568,1.1860682441290558,-0.08067146759696397,-0.4974464083187679,-0.40970864844395616,-0.02478354000826236,-0.19941015412663815,-0.08267398261351115,0.08926654254369781,0.013404633387744369,8.720204001947863e-07
Riderbelt,preprocess_Reading169.dat,-2.5508865130342353,1.1950588598801946,0.9916706103018158,-0.5458424147290001,-0.4432095451904563,-0.7276706904561875,-0.06812367528086473,-0.19381386571360834,0.12615840626410216,-0.0005581378711766471,0.03158912118541133,9.167888480772426e-07
Riderbelt,preprocess_Reading170.dat,-3.5378030291277724,0.481268946127462,1.1793671706843771,-1.036665415959333,-0.8151547287212858,-0.416166093285772,-0.388238143301756,0.1005480904034262,-0.005936560305027035,0.011864507060601085,-0.011543961351675455,1.1334026650235406e-06
Riderbelt,preprocess_Reading171.dat,-2.973961910972068,0.8071672043859661,0.9636807581227348,-0.5705179572639991,-0.6999184867495896,-0.36464293817897997,-0.17991195839158106,0.16549141159257189,-0.23462914677776164,0.09022189786837188,0.0020325070102687826,1.9683537619305076e-07
Riderbelt,preprocess_Reading172.dat,-3.615867673473272,0.43410881248332994,0.9460464989470558,0.002952787070229081,-0.7350801953486451,-0.09705871724558363,0.05350904464020738,0.0665354785166411,-0.10571037444120583,0.14660491800511827,0.015586157926191928,3.8019494959409226e-07
Riderbelt,preprocess_Reading173.dat,-4.98063330487274,0.8839580843625989,1.9982066166841208,-0.98303293067884,-0.27782733313163976,-0.7774200730095969,-0.024649220805165652,-0.09638316520782035,0.04796001687321909,0.01193289353203505,0.03135713260767213,1.3769535092232787e-07
Riderbelt,preprocess_Reading174.dat,-5.189515894473822,0.35728560343797094,1.6755689181064042,-0.8149900257867975,-0.26949553235696616,-0.3868883706475065,0.2163079820548852,0.1821150085586408,-0.03418991398527874,0.004723794071088734,0.037335354670908295,4.455166097737754e-07
Riderbelt,preprocess_Reading175.dat,-3.9632849416710147,0.46241987378469807,1.1162700240906147,-0.5780544009868941,-0.25333847605043824,-0.7531558966835374,0.22496034277546165,-0.06651037067358984,-0.027926199205420554,0.13240466553000257,0.03981236785048606,1.8569837186936168e-06
Riderbelt,preprocess_Reading176.dat,-4.300155872356214,0.7903225745444663,1.0710669620614643,-1.2264452653981741,0.02581076104747018,-0.6158010334230083,0.09222744258252752,-0.41957329464534715,0.007552034355077601,0.0370780213617074,0.016306417194878818,3.1718697884430704e-06
Riderbelt,preprocess_Reading177.dat,-3.3668573376773017,0.30524882339996073,1.6815964681916036,0.4259550364254349,-0.3474657940675117,-0.23714802785712183,-0.31728575544674315,-0.2214068281450964,0.03093616981349218,-0.07446652636420771,-0.005468134913416897,1.4306779189228916e-06
Riderbelt,preprocess_Reading178.dat,-2.3990854552552667,0.05154448435306904,1.2060222776393827,0.5067375967161756,-0.42320177254473834,-0.10438657179746012,-0.15877312667611174,-0.010755552542493612,0.030416014926481133,0.06057881533227063,-0.004475415486285254,1.0036331923773298e-06
Riderbelt,preprocess_Reading179.dat,-2.173193857229107,0.3972808189153754,1.2359682710851663,0.9029760502665347,-0.5335203386961511,-0.3705748585770145,0.01633804440532026,-0.0390515017175775,0.1810081953925484,-0.008208902464215753,0.002336396743413817,1.7899357925370763e-06
Riderbelt,preprocess_Reading180.dat,-2.4649084735179003,0.32599985741458065,0.9088322482233373,-0.2934453488493057,-0.5578897557961762,-0.1742559070610043,-0.0247788108117662,0.05639992585084347,-0.036985622676594686,0.026016862105483294,-0.008766385170767206,1.7925555827237963e-07
Riderbelt,preprocess_Reading181.dat,-4.2823539247533775,0.6706103478807846,1.491905232702564,1.0337072438415642,-1.0265806038084953,-0.4261347270408791,-0.029788150853175346,-0.09584342349976696,-0.08151551771295548,0.0051886393429771485,0.0010124763366382782,-5.860390178492211e-09
Riderbelt,preprocess_Reading182.dat,-3.16977500330918,0.5251508848745183,1.0194054122154024,1.5635473195032037,-1.4693220309030355,-0.856739111641831,0.2958597371524477,-0.4435855618502716,0.20982284351446173,0.06307921234701315,0.022385744798375913,2.830741852331573e-07
Riderbelt,preprocess_Reading183.dat,-1.8931085088974429,0.09566453771185914,0.6565510957829248,0.35222309809147606,-0.5454830024821293,-0.12266245499652725,0.04682729645931028,-0.2853970858993038,0.1747227584444908,0.060265776801019175,0.0006305175656140892,8.211999216733949e-07
Riderbelt,preprocess_Reading184.dat,-0.770369015456314,0.1709016673109986,0.18337937451989247,0.4055365379080948,-0.4018740476898436,0.10648527087020197,0.015465930576803138,-0.017746625579340706,0.12595057373627463,0.07873494085259738,0.029175626596606247,7.178608999388964e-07
Riderbelt,preprocess_Reading185.dat,-3.130706687062808,0.6004476495662935,0.6055152863762123,-1.296765681454649,0.3965401450379841,0.0018115272827041106,-0.029129917203273365,-0.28231747061017987,0.532671268270667,-0.13102494632653416,0.021748216667168085,3.584231214352192e-07
Riderbelt,preprocess_Reading186.dat,-3.4458842342325187,0.24177500906530375,0.7706258580955251,0.030165832622114568,-0.38582508048996167,-0.2584535928476917,0.0743943859322911,0.35524038454821594,-0.09528632449813808,0.13087420610743522,-0.02213314127410404,-9.262021225889099e-07
Riderbelt,preprocess_Reading187.dat,-3.6907062126054355,0.20940568152055875,1.6574947945754568,0.736257799007532,-0.061063906223192806,0.003304423976446304,-0.015215595193994241,0.23651918189546128,0.09821713076126767,0.1422390191064289,-0.030829817075234592,-2.1853349421577458e-07
Riderbelt,preprocess_Reading188.dat,-3.3287086661624534,0.6174874067539168,0.8251731159114608,-0.6260120588712426,-0.34707851816926255,0.04214864672987957,0.3804304693252075,0.04698869075790675,0.19600913716852386,0.04245251808330696,0.015763799649724193,-8.659444380524563e-07
Riderbelt,preprocess_Reading189.dat,-4.582971535935871,0.5988803757954371,0.7075046484893962,-0.2718036610715027,-0.3576728387554017,0.44210114651844956,-0.032241765058825506,-0.08514409345403513,0.3105046280897349,0.11789503458666062,0.02188497370863745,-4.783635272453122e-07
Riderbelt,preprocess_Reading190.dat,-2.6134714283380895,0.7648454519786639,1.020644775367869,1.1010741972016909,-0.5385450913754378,-0.09035959851943459,-0.09246949576042421,-0.3777808883336871,0.28042171746494104,-0.061051246844248896,0.008224633167387838,2.6538629369486144e-07
Riderbelt,preprocess_Reading191.dat,-3.3245981888414375,0.4444506027831349,0.8822459283998292,0.07297491339433704,-0.3944100467435615,0.03846493139687904,-0.1065668958756526,-0.09798898417061166,0.3188139357562181,0.03265822888235075,0.03458036382528062,9.601194310364204e-08
Riderbelt,preprocess_Reading192.dat,-2.5924369948731854,-0.12155485934765167,0.9904604505686853,0.6716188345182915,-0.6019617722259881,0.07692940830692246,0.12134408341915216,-0.08102325868887848,0.19840780569475142,0.10077503019137443,-0.03085698964038349,-8.772538171002168e-07
Riderbelt,preprocess_Reading193.dat,-2.949771787633248,0.24597082459259328,1.3688091828734912,0.41520859629453416,-0.5310609492364567,-0.452466123231234,-0.05222827759084238,-0.27520324459032414,0.14836257470955594,0.048270539680368,-0.01215033088639867,-3.578847473158172e-07
Riderbelt,preprocess_Reading194.dat,-4.45752104952428,0.10832045166582192,1.9735370318944716,0.5526162940190781,-0.28733591729266195,-0.3481004196551655,-0.18286922553830326,-0.13944752196526103,0.2548915156222081,-0.015149696316016776,0.013278001600564422,-5.850194459521283e-07
Riderbelt,preprocess_Reading195.dat,-3.8337497399188325,0.07849741488663634,1.014748228860681,0.27786345216323216,-0.36733763731638536,0.33732746985293505,0.07301020500505191,-0.12656855216401178,0.4876609902539895,-0.054014782937478405,0.012224955342380777,8.059468159106143e-07
Riderbelt,preprocess_Reading196.dat,-2.933889063555337,-0.5070872487137553,1.8620896907955986,0.22124382825865677,-0.1511820917619513,-0.3317042758813444,-0.011142500759229257,0.08939887210468479,0.01881692622635293,0.1600625171087276,-0.04640701865626505,-2.8954491273422824e-07
Riderbelt,preprocess_Reading197.dat,-2.774586325975363,-0.31710848191132424,0.31160018029155806,-0.06157715904950366,-0.5248955342537127,0.5684508049454341,0.047396999799033605,-0.02668359569808465,0.3383504345793689,0.12854665338977306,-0.017598086594922797,2.860604414466271e-07
Riderbelt,preprocess_Reading198.dat,-1.6704467839255868,-0.7408269390115156,1.1832634627786547,-0.43076335125547077,-0.029643604501990717,-0.011462495060374864,-0.13925121086386127,-0.08416135766426805,0.0166902189525343,0.18003029656724925,-0.10238884358386857,-1.770690892230246e-07
Riderbelt,preprocess_Reading199.dat,-3.075204474087567,-0.7130721797430517,0.8351874021064921,-0.0835354615993199,0.19029692299152942,0.6459436422659941,0.08305603445475547,-0.06651453922314443,0.07347960638745087,0.13180996934403436,0.005913438536228646,-2.5738017822290853e-07
Riderbelt,preprocess_Reading200.dat,-2.296036689576344,-0.5476680817260688,1.466413383538595,1.5285557480071952,-0.3876091851856871,0.0370320820516199,-0.09822698506354932,-0.05746782810082255,0.12681310922563888,0.057603115693200035,-0.029713460270966843,2.2083056912865988e-07
Riderbelt,preprocess_Reading201.dat,-2.0404725154453875,-0.598609683818071,0.5854090217473717,-1.1180573259512943,-0.17016614033823912,0.4451849505036348,0.11616321726534364,0.20452729964961103,0.07174189107408353,0.13522635718288248,-0.016458974630537006,-6.67478175632255e-07
Riderbelt,preprocess_Reading202.dat,-2.8186551020351245,0.36994161675697274,0.5045024033650148,-2.147745566937361,-0.5161191871532347,0.06640430207386343,-0.1408116332673409,0.018930300291138805,0.30811770175243686,-0.01446024955454611,0.006651955787790697,2.1909692596406165e-07
Riderbelt,preprocess_Reading203.dat,-4.749883237557926,-0.3208627240024166,1.7438881218853683,-0.8048268973415661,-0.055355565199605675,0.4490008728309555,-0.5007924419461186,-0.07670846923503295,0.03702175135316623,0.09974410527244185,-0.0172708335859016,-3.894663761394693e-07
Riderbelt,preprocess_Reading204.dat,-3.765544618119518,-0.44753802755126365,0.7959763055503896,-1.115961161979015,0.29841755624691696,0.5497745332055339,0.035279916766813725,0.05509788555185467,0.20832398881284758,0.11269274867455513,-0.053909436579988,-5.020138915501149e-07
Riderbelt,preprocess_Reading205.dat,-5.247382678980275,0.0723066984170791,1.1755385398966163,-1.1933446509684336,0.04466256290269993,0.46789274747117077,-0.018544843199513848,-0.11524617004342737,0.14030644845430795,0.07824282614536152,-0.0013023707076959949,-8.183291402546719e-07
Riderbelt,preprocess_Reading206.dat,-2.1609049287170157,0.23720711976604,0.6206196177263413,-0.1611387067108369,-0.6418238787977552,-0.17504762552385938,0.09427736593760105,-0.18890206878949578,0.23099469837326705,0.12208910416048085,-0.05947492924731059,-2.0350290056776036e-07
Riderbelt,preprocess_Reading207.dat,-2.986230451760639,-0.09379442002256806,1.058368766158293,-0.06057091635102416,-0.1263319158026136,0.6564042118887273,-0.6528388061241424,-0.2909910264875228,-0.03983644926471042,0.09588935362538215,-0.08465707368547024,-5.166260031846191e-07
Riderbelt,preprocess_Reading208.dat,-3.3661247083819212,-0.12024994216120458,1.3183302506972099,-0.4005781022144314,-0.6456713939337212,0.747595239554208,-1.2492307288108866,0.043189000915520144,0.02380482712687532,-0.04758071970017703,-0.06488573178916386,-6.788077803055104e-08
Riderbelt,preprocess_Reading209.dat,-2.8584896022683295,-0.6417783813116188,0.9389566623704452,0.9812925829764065,0.020298200623300695,0.5202303485675753,-0.2655877114669612,0.12191172541430191,0.10728632445712524,0.051792946042686826,-0.07073561123726711,-1.7906559757588072e-07
Riderbelt,preprocess_Reading210.dat,-2.5750097793366233,-1.084362713740997,0.6719365438189588,0.033501947091602924,0.12993273966835353,1.3381242043421915,-0.5168485566336205,0.010459386881950307,0.13995696149561793,0.0717299289355438,-0.08426048689662319,2.6583168810925034e-07
Riderbelt,preprocess_Reading211.dat,-2.2761725517100606,-1.058206459459226,0.5819906610654112,-0.6370476646671953,0.3604377764550467,0.7203970930337139,-0.33557341094982013,0.1372587906450634,0.14223403822134595,0.10164675660957512,-0.07073002835599639,-4.205537288414653e-07
Riderbelt,preprocess_Reading212.dat,-4.153145884908031,-0.7065987677310558,1.1331072395579782,-1.5106223810529331,0.07884360467336168,0.6766189861762689,-0.2619970978441408,0.07352884695156907,0.23509591851335188,0.04618428009228535,-0.05841343801533279,-7.022412583341638e-07
Riderbelt,preprocess_Reading213.dat,-6.0928099489963286,0.18541657483549456,0.4789342227800879,-1.9957561721446584,-0.27456017767360064,0.24529043983328783,0.010533525195559012,0.0670222418193871,0.2717449312235419,0.09264411873724326,0.015035324147591832,-6.757409241549695e-07
Riderbelt,preprocess_Reading214.dat,-5.686244611995786,-0.47836472061087715,1.0079536348897318,-1.3006402198927527,0.6695715763182736,0.8628424755494265,-0.01818173338627044,-0.17835142682112498,0.2464569397437654,0.10846741231581361,-0.027246005930361063,-6.379702876978372e-07
Riderbelt,preprocess_Reading215.dat,-3.9419351412139867,-0.4980028180804646,0.8720364450206953,-0.2812538370143594,-0.23146570313849887,0.7184579329182792,-0.5246815623825176,-0.20528270289492404,-0.06866121685850973,0.11857958593463529,-0.10953013568602586,-1.0564706230969904e-06
Riderbelt,preprocess_Reading216.dat,-3.35788180004211,0.27971251396465957,0.741796793548919,-0.7848572363100614,-0.5769403857511157,0.6029781594529396,-0.6665323979253568,0.2899322870012713,-0.017229547376225337,0.023307537217151578,-0.03977688777270843,-3.3685537123003456e-07
Riderbelt,preprocess_Reading217.dat,-3.4332213855726526,0.4898426745112471,1.1430984162391653,0.5351890926001239,-0.12116732406001798,0.36388981768678835,-0.45784273274767123,0.2882534536137771,-0.0625560389408919,0.12996301584296777,0.009247425300395799,-4.5926084507595275e-07
Riderbelt,preprocess_Reading218.dat,-3.307606004756226,1.0118896246057059,0.4444531076591765,-0.9640263141031787,-0.4438502490481286,0.31716609552218744,-0.6963226546524302,0.2950523293669165,0.045935610635067785,0.011021127867623399,0.011209867419546934,-9.684186061452171e-08
Riderbelt,preprocess_Reading219.dat,-4.696670449064103,0.3422988025305468,2.2178130612534614,1.2135726944604233,-0.32304736719669414,-0.09590143915326524,-0.5912380899859205,0.232655776562052,-0.05309306636867533,0.10074388469766986,-0.011972856441893744,3.488118771127835e-07
Riderbelt,preprocess_Reading220.dat,-5.40747871193125,0.05505820396985122,1.6906395575427315,-0.11229459888887115,0.16341781444869308,0.7794254214014152,-0.651164645942381,0.08880027066275564,0.18744284356872556,0.06720762802361445,0.028781766277503278,9.769577560376606e-07
Riderbelt,preprocess_Reading221.dat,-4.999717276117491,0.03996934024562874,2.1853355137559567,-0.8201203506854079,-0.01670932327942236,0.5427763961071103,-1.1338352609059392,0.20846939409381862,-0.17096236144059032,0.05822351592402694,-0.021268653350299205,-1.7701491853646974e-07
Riderbelt,preprocess_Reading222.dat,-5.356242468308686,0.014461468011084265,1.3299444703171124,-0.641512075244781,0.13034571942764528,0.6083069883644187,-0.5457051454568462,0.34401735639061354,-0.029752341491498854,0.14801988292144555,-0.02284669940891843,-1.8052585436829502e-07
Riderbelt,preprocess_Reading223.dat,-6.170264574810502,1.208111800630777,1.610185064137233,-1.6777527621445436,-0.5293315832874802,0.8903218719900033,-1.7980271968322414,0.20489278113740708,-0.08278085441930003,-0.04662954942829749,0.004481069610642321,-1.7262367055309058e-08
Riderbelt,preprocess_Reading224.dat,-4.92220429550008,0.1798098958438345,3.049861431675166,0.5633415066890591,-0.1309144984083724,-0.17992028237338328,-1.3917939844456666,0.06233675642334426,0.07475339253863081,-0.13524708688986448,0.01950871097416128,8.958054491128015e-07
Riderbelt,preprocess_Reading225.dat,-5.246689644347906,0.09859947982595606,1.5973422349256603,-1.4026007305332036,0.1168243657135299,0.8077094028817835,-1.061800357282393,0.28064760554861934,-0.23094963020045295,0.08522843593831995,-0.01175414531002992,-1.3850913714699858e-08
