classe,arquivo,amostras,media,rms,desvio_padrao
Healthy,preprocess_Reading1.dat,50000,-0.01066617075354,0.28072378538408616,0.2805210802806569
Healthy,preprocess_Reading2.dat,50000,-0.01687244311282,0.2748901402902142,0.27437184602684417
Healthy,preprocess_Reading3.dat,50000,-0.01209764966866,0.26843488607893473,0.26816214299692837
Healthy,preprocess_Reading4.dat,50000,-0.015104516710344601,0.25489937612285235,0.25445146005233743
Healthy,preprocess_Reading5.dat,50000,-0.020795592770134,0.26480991975068807,0.2639921152604839
Healthy,preprocess_Reading6.dat,50000,-0.016295785397260003,0.2490398496131941,0.24850612482119788
Healthy,preprocess_Reading7.dat,50000,-0.01571557811386,0.26275120412971653,0.26228079585849046
Healthy,preprocess_Reading8.dat,50000,-0.024305381772419997,0.25302903007842037,0.2518589654535313
Healthy,preprocess_Reading9.dat,50000,-0.0050024457001631994,0.25265339107335594,0.25260386291164094
Healthy,preprocess_Reading10.dat,50000,0.0059401049969448,0.26968641986118036,0.269620993637673
Healthy,preprocess_Reading11.dat,50000,0.020728408355064003,0.2747256956909578,0.27394258697753887
Healthy,preprocess_Reading12.dat,50000,-0.006439929240799999,0.26144065179096704,0.26136132407121593
Healthy,preprocess_Reading13.dat,50000,-0.0021125754579068,0.25411676884036616,0.2541079873416079
Healthy,preprocess_Reading14.dat,50000,-0.035324696742406,0.24131549742995875,0.2387160134970536
Healthy,preprocess_Reading15.dat,50000,-0.017874263377451998,0.26041734870013294,0.25980320670215007
Healthy,preprocess_Reading16.dat,50000,-0.040802236691972,0.2459765982478453,0.24256888581702762
Healthy,preprocess_Reading17.dat,50000,-0.043000734219246,0.25840967501653694,0.2548067836592229
Healthy,preprocess_Reading18.dat,50000,-0.01018479360463,0.24253502974752061,0.2423210899485676
Healthy,preprocess_Reading19.dat,50000,-0.034667075277838,0.2695633898751722,0.2673249241142225
Healthy,preprocess_Reading20.dat,50000,-0.0023796538521919995,0.26562504164114925,0.26561438213019645
Healthy,preprocess_Reading21.dat,50000,-0.039082509957444,0.2612123315645302,0.25827202631489987
Healthy,preprocess_Reading22.dat,50000,-0.007436463060487,0.26018633028261295,0.2600800366869456
Healthy,preprocess_Reading23.dat,50000,0.043184235592404,0.2801749285464662,0.2768268635488926
Healthy,preprocess_Reading24.dat,50000,-0.0076913911357400005,0.2703702130839689,0.27026079002598175
Healthy,preprocess_Reading25.dat,50000,-0.00911738666004,0.26307947350811933,0.262921438155584
Healthy,preprocess_Reading26.dat,50000,0.025488670408796002,0.23666910440441372,0.23529256822173336
Healthy,preprocess_Reading27.dat,50000,-0.05585472902764001,0.26213776533547695,0.2561180533666584
Healthy,preprocess_Reading28.dat,50000,0.0196275428927204,0.2524842319274726,0.2517201758540626
Healthy,preprocess_Reading29.dat,50000,0.01795238844688,0.2481712195397551,0.24752104144274614
Healthy,preprocess_Reading30.dat,50000,-0.00741187167724092,0.2604629794958009,0.260357500076472
Healthy,preprocess_Reading31.dat,50000,-0.014747894232812,0.24923790828684583,0.2488011948180715
Healthy,preprocess_Reading32.dat,50000,-0.009731037467780439,0.27594808476854404,0.2757764536671473
Healthy,preprocess_Reading33.dat,50000,0.066315651130418,0.2467542758016652,0.23767605483420692
Healthy,preprocess_Reading34.dat,50000,0.0008504051701879999,0.2644565781299778,0.2644552108151087
Healthy,preprocess_Reading35.dat,50000,0.044225834933578005,0.27345453299638756,0.2698545110623506
Healthy,preprocess_Reading36.dat,50000,0.027011528123726,0.2652841643730705,0.26390540959885506
Healthy,preprocess_Reading37.dat,50000,0.019278667455588,0.2587836508110783,0.2580645479492426
Healthy,preprocess_Reading38.dat,50000,0.009105841267016,0.24056935416480307,0.24039695883702514
Healthy,preprocess_Reading39.dat,50000,0.034809101273768,0.264907807786774,0.26261087771626473
Healthy,preprocess_Reading40.dat,50000,0.010600297044255299,0.2534534539649459,0.25323168646386746
Healthy,preprocess_Reading41.dat,50000,0.03260635865175,0.2682479540735058,0.26625887823713057
Healthy,preprocess_Reading42.dat,50000,-0.004613197151958,0.24594500115008427,0.24590173241104285
Healthy,preprocess_Reading43.dat,50000,-0.037831541925766,0.24069492790237587,0.23770322411244008
Healthy,preprocess_Reading44.dat,50000,0.01433931418266,0.2723169646807115,0.2719391720986272
Healthy,preprocess_Reading45.dat,50000,-0.025081035226490002,0.257115031454782,0.2558888060700606
Healthy,preprocess_Reading46.dat,50000,0.0034554130989700002,0.26404849072605663,0.2640258805023172
Healthy,preprocess_Reading47.dat,50000,0.044386655664800004,0.2742692634824725,0.27065375240353196
Healthy,preprocess_Reading48.dat,50000,0.019857854815231998,0.27394556126228,0.2732248819881578
Healthy,preprocess_Reading49.dat,50000,-0.0024960314946599997,0.26872526017954124,0.2687136678424449
Healthy,preprocess_Reading50.dat,50000,0.031832858602398,0.2651440651106948,0.26322622281342734
Healthy,preprocess_Reading51.dat,50000,-0.08826732654894641,0.26057019790532243,0.2451646530401978
Healthy,preprocess_Reading52.dat,50000,0.008615176217046001,0.27455455668082807,0.27441935670239315
Healthy,preprocess_Reading53.dat,50000,0.018232803972846,0.2342191433352112,0.23350839805875934
Healthy,preprocess_Reading54.dat,50000,-0.004042967757424,0.2698486545957672,0.26981836631122447
Healthy,preprocess_Reading55.dat,50000,0.027640622270586,0.2690636258249536,0.2676401142253631
Healthy,preprocess_Reading56.dat,50000,0.008095164999963999,0.2557944581780278,0.2556663316477439
Healthy,preprocess_Reading57.dat,50000,0.00737047276242,0.2766557339281116,0.2765575369548993
Healthy,preprocess_Reading58.dat,50000,-0.02004048662898,0.2747724103247608,0.2740406108067788
Healthy,preprocess_Reading59.dat,50000,0.054159254936240006,0.2834714807686985,0.27824962805716374
Healthy,preprocess_Reading60.dat,50000,-0.035337029478276,0.25711543006576526,0.2546755558069029
Healthy,preprocess_Reading61.dat,50000,-0.0026877604430419998,0.2583711559332705,0.2583571755575896
Healthy,preprocess_Reading62.dat,50000,0.066079760408482,0.26682530568134855,0.25851346002926556
Healthy,preprocess_Reading63.dat,50000,-0.01348172775924,0.27984836978667554,0.27952343924774115
Healthy,preprocess_Reading64.dat,50000,0.029512632307646,0.26781560538853083,0.2661845281452304
Healthy,preprocess_Reading65.dat,50000,0.0325136942523,0.2555575237725411,0.2534807835770216
Healthy,preprocess_Reading66.dat,50000,0.008234047372432001,0.27593948346479813,0.2758166039213161
Healthy,preprocess_Reading67.dat,50000,-0.0199188561947606,0.2648632031192795,0.2641131491132109
Healthy,preprocess_Reading68.dat,50000,0.0031504882779240006,0.2625904507387513,0.26257155071102284
Healthy,preprocess_Reading69.dat,50000,-0.01052638008564,0.24878151011584698,0.2485587155941508
Healthy,preprocess_Reading70.dat,50000,-0.03790485485814,0.26373098818189555,0.2609928276899242
Healthy,preprocess_Reading71.dat,50000,0.0017410534350280002,0.25206481832220534,0.252058805378314
Healthy,preprocess_Reading72.dat,50000,0.05405210541948201,0.26480432266376197,0.25922904775725847
Healthy,preprocess_Reading73.dat,50000,-0.017005996544451278,0.2526574910383434,0.2520845172939439
Healthy,preprocess_Reading74.dat,50000,0.0513403918336328,0.260028283634526,0.2549095377899512
Healthy,preprocess_Reading75.dat,50000,-0.025106145183978003,0.26034260013459476,0.2591292166445971
Healthy,preprocess_Reading76.dat,50000,-0.034360163857774004,0.2714818175166784,0.26929863791305364
Healthy,preprocess_Reading77.dat,50000,0.016222328663960003,0.26936750764277567,0.2688785789653004
Healthy,preprocess_Reading78.dat,50000,-0.033526402870784,0.25433117737390626,0.25211173732086184
Healthy,preprocess_Reading79.dat,50000,0.006647874227078,0.2530752007446497,0.25298787125118405
Healthy,preprocess_Reading80.dat,50000,-0.020947072259378002,0.28155040313552393,0.28077010109613965
Healthy,preprocess_Reading81.dat,50000,-0.037740219065443996,0.2634742098154649,0.2607572340372859
Healthy,preprocess_Reading82.dat,50000,1.713448051600011e-05,0.25063941814573093,0.2506394175600481
Healthy,preprocess_Reading83.dat,50000,-0.0144193984945618,0.25535455605818447,0.25494711264638303
Healthy,preprocess_Reading84.dat,50000,-0.012921858293248002,0.23425245156120142,0.23389578157949376
Healthy,preprocess_Reading85.dat,50000,0.014116115391899999,0.2744807660911308,0.2741175409203443
Healthy,preprocess_Reading86.dat,50000,0.04322197756265401,0.258398965850112,0.25475848603722856
Healthy,preprocess_Reading87.dat,50000,-0.008977366955400001,0.26075665713542084,0.2606020742875764
Healthy,preprocess_Reading88.dat,50000,-0.013810073089668,0.2607187188646537,0.2603527073945734
Healthy,preprocess_Reading89.dat,50000,0.011252932737940001,0.26498137668358795,0.2647423303779072
Healthy,preprocess_Reading90.dat,50000,0.013988956148319999,0.2731785345876652,0.27282012547710727
Healthy,preprocess_Reading91.dat,50000,0.029246674512198,0.25793239643147875,0.2562689079050814
Healthy,preprocess_Reading92.dat,50000,0.012197323454800001,0.2796215219550982,0.27935536658712046
Healthy,preprocess_Reading93.dat,50000,-0.004127768792879999,0.26261715566340116,0.26258471389920546
Healthy,preprocess_Reading94.dat,50000,-0.018425752332678,0.2377849202982072,0.23706994742522627
Healthy,preprocess_Reading95.dat,50000,-0.027371737455204003,0.24413040644572093,0.24259110317576832
Healthy,preprocess_Reading96.dat,50000,-0.011728004417272,0.2740025138269045,0.2737514045550295
Healthy,preprocess_Reading97.dat,50000,0.00873034246746,0.26044191711312054,0.26029554992346376
Healthy,preprocess_Reading98.dat,50000,0.042479524905496,0.23196221252010854,0.22803937818067158
Healthy,preprocess_Reading99.dat,50000,-0.0345063209370876,0.25560776039494854,0.25326792333319303
Healthy,preprocess_Reading100.dat,50000,0.026242455196005997,0.2773797880704702,0.27613561953378013
Healthy,preprocess_Reading101.dat,50000,0.017323780181446,0.26192219662579036,0.26134866314083977
Healthy,preprocess_Reading102.dat,50000,0.0364483739298644,0.25825084819169514,0.25566583000001925
Healthy,preprocess_Reading103.dat,50000,-0.0170236544834,0.2756398716013045,0.27511367469541287
Healthy,preprocess_Reading104.dat,50000,0.08212759404099,0.26887244954520645,0.2560223670335815
Healthy,preprocess_Reading105.dat,50000,0.05173542296789399,0.2624618472850035,0.2573123924155026
Healthy,preprocess_Reading106.dat,50000,-0.04670969939822,0.27493009696970483,0.2709331323443097
Healthy,preprocess_Reading107.dat,50000,-0.01511588252427,0.26563068685178143,0.2652002486666663
Healthy,preprocess_Reading108.dat,50000,0.028845171713072,0.27427211058470574,0.2727510709666095
Healthy,preprocess_Reading109.dat,50000,0.0254307549416764,0.2435356539483257,0.24220423499009064
Healthy,preprocess_Reading110.dat,50000,-0.021119265250480003,0.27139138397435464,0.27056840157489837
Healthy,preprocess_Reading111.dat,50000,-0.024160195418573997,0.27030761982140816,0.2692257311083977
Healthy,preprocess_Reading112.dat,50000,0.025699487330157998,0.28139705362076484,0.2802210522737623
Healthy,preprocess_Reading113.dat,50000,-0.021702437935831993,0.24970456206110878,0.24875966815738335
Healthy,preprocess_Reading114.dat,50000,0.00228364700254036,0.24119243682222238,0.2411816256198003
Healthy,preprocess_Reading115.dat,50000,0.043957534836520006,0.2830273736706132,0.27959297090231194
Healthy,preprocess_Reading116.dat,50000,0.047514570374079995,0.26227082737336394,0.2579309064328575
Healthy,preprocess_Reading117.dat,50000,-0.006038380980806,0.2592536390684375,0.2591833083463484
Healthy,preprocess_Reading118.dat,50000,-0.01361937978507,0.2535023911575773,0.2531362771648492
Healthy,preprocess_Reading119.dat,50000,0.046892234893818,0.2820099977631179,0.27808408286886316
Healthy,preprocess_Reading120.dat,50000,0.11225263654238599,0.2765718361666979,0.2527673360026999
Healthy,preprocess_Reading121.dat,50000,0.06687457201383999,0.2733253390106249,0.2650179853580484
Healthy,preprocess_Reading122.dat,50000,-0.017147913869704,0.27110777703951067,0.27056491979046776
Healthy,preprocess_Reading123.dat,50000,-0.0008109298393300004,0.2660736462467928,0.26607241048229546
Healthy,preprocess_Reading124.dat,50000,0.0732229030446,0.26455048472647413,0.2542151951373748
Healthy,preprocess_Reading125.dat,50000,0.015070184849512998,0.21867551760562884,0.2181556131037916
Healthy,preprocess_Reading126.dat,50000,-0.105243457986822,0.2609032628366085,0.23873484686941798
Healthy,preprocess_Reading127.dat,50000,0.042067864250182004,0.28345027307293436,0.280311170135172
Healthy,preprocess_Reading128.dat,50000,-0.0042162157018578,0.280592745141435,0.2805610667059165
Healthy,preprocess_Reading129.dat,50000,0.071874544758028,0.2532522841101989,0.24283897797276932
Healthy,preprocess_Reading130.dat,50000,0.05154220134354,0.25833630224420645,0.2531423444188506
Healthy,preprocess_Reading131.dat,50000,0.071609699136494,0.2375390391607636,0.22648807057988637
Healthy,preprocess_Reading132.dat,50000,0.020707462593726005,0.2591785640517079,0.25835001268982877
Healthy,preprocess_Reading133.dat,50000,-0.012843527212191999,0.2750639686027604,0.2747639543904004
Healthy,preprocess_Reading134.dat,50000,-0.005374020163256,0.27123903218155826,0.27118578960939915
Healthy,preprocess_Reading135.dat,50000,-0.0020870577308672,0.26491982979340106,0.26491160866936847
Healthy,preprocess_Reading136.dat,50000,-0.009419856403268,0.2548786688047127,0.2547045388621967
Healthy,preprocess_Reading137.dat,50000,0.00380747738126,0.2628464719083582,0.2628188937475054
Healthy,preprocess_Reading138.dat,50000,0.013784651150032001,0.27619359549148487,0.2758493893108808
Healthy,preprocess_Reading139.dat,50000,-0.00043830430961399984,0.2606981221255067,0.2606977536709854
Healthy,preprocess_Reading140.dat,50000,0.03107002844608,0.274825764978759,0.27306382848799265
Healthy,preprocess_Reading141.dat,50000,-0.013551409093518001,0.2553661783311625,0.25500636138544314
Healthy,preprocess_Reading142.dat,50000,0.033311259913626,0.26784547545124093,0.2657659848112022
Healthy,preprocess_Reading143.dat,50000,-0.013635556355682402,0.27872651373770113,0.27839278198840556
Healthy,preprocess_Reading144.dat,50000,0.0151837686771,0.2623514869706424,0.2619117330026806
Healthy,preprocess_Reading145.dat,50000,-0.0041578497762583995,0.25040346980462297,0.25036894770604595
Healthy,preprocess_Reading146.dat,50000,0.044326370776362,0.26745467826489366,0.26375590567715124
Healthy,preprocess_Reading147.dat,50000,0.022656988517874,0.2619463351995398,0.26096464012538284
Healthy,preprocess_Reading148.dat,50000,-0.017717312739040002,0.27512630201052507,0.27455523831698003
Healthy,preprocess_Reading149.dat,50000,0.01739627045788,0.27025988241890164,0.2696994138281261
Healthy,preprocess_Reading150.dat,50000,-0.011985041708344002,0.2650091161234254,0.2647379655504069
Healthy,preprocess_Reading151.dat,50000,0.006101550305502001,0.2257429269564749,0.22566045323615258
Healthy,preprocess_Reading152.dat,50000,-0.0605315671745506,0.24971111857586198,0.2422634353669597
Healthy,preprocess_Reading153.dat,50000,0.0077956350466081995,0.2505429383568076,0.2504216285281349
Healthy,preprocess_Reading154.dat,50000,-0.01130141043476,0.2800967160267942,0.2798686271291938
Healthy,preprocess_Reading155.dat,50000,-0.008954029523686,0.28659893513575935,0.28645902844253335
Healthy,preprocess_Reading156.dat,50000,0.007192165358862,0.26649450367100314,0.2663974347554891
Healthy,preprocess_Reading157.dat,50000,-0.038217324638848006,0.20460480077675167,0.2010038820479424
Healthy,preprocess_Reading158.dat,50000,-0.03236250459774,0.2591921051052615,0.25716379147356305
Healthy,preprocess_Reading159.dat,50000,-0.006307894308366,0.22490330007239095,0.22481482347222215
Healthy,preprocess_Reading160.dat,50000,-0.035811836632106,0.24653386759169135,0.2439189624173425
Healthy,preprocess_Reading161.dat,50000,0.00170834555185,0.21040844030925454,0.21040150500613966
Healthy,preprocess_Reading162.dat,50000,0.0099484997842088,0.24204172870002755,0.24183718858798647
Healthy,preprocess_Reading163.dat,50000,-0.021883339586662002,0.26487734817231584,0.26397183376893274
Healthy,preprocess_Reading164.dat,50000,-0.029939746346856,0.2562870572589028,0.25453225199788343
Healthy,preprocess_Reading165.dat,50000,0.016502125031627998,0.2605139911410726,0.2599908064714815
Healthy,preprocess_Reading166.dat,50000,-0.03440294611706,0.24700604216888739,0.24459849175006138
Healthy,preprocess_Reading167.dat,50000,-0.0236764640323616,0.2561075758071919,0.25501081435256984
Healthy,preprocess_Reading168.dat,50000,0.005493069430591999,0.2584531229230301,0.25839474247147054
Healthy,preprocess_Reading169.dat,50000,-0.022823931284638003,0.24578689786964997,0.24472488088688463
Healthy,preprocess_Reading170.dat,50000,0.019718075846499,0.2568707494885478,0.2561128255822422
Healthy,preprocess_Reading171.dat,50000,-0.06577128096037961,0.26773999026364886,0.25953581831263595
Healthy,preprocess_Reading172.dat,50000,0.0016564963834999997,0.2554282836568691,0.25542291226831126
Healthy,preprocess_Reading173.dat,50000,-0.04497420086199801,0.27376081872676095,0.2700413063343664
Healthy,preprocess_Reading174.dat,50000,-0.010430840522,0.26888167018112197,0.2686792699956479
Healthy,preprocess_Reading175.dat,50000,0.02396977161989964,0.2529638760936569,0.25182567910524306
Healthy,preprocess_Reading176.dat,50000,0.0027888607715340005,0.2600880827726468,0.2600731302075402
Healthy,preprocess_Reading177.dat,50000,0.036166927605522,0.26079131363318575,0.25827129653544467
Healthy,preprocess_Reading178.dat,50000,-0.01720874204738,0.2346917062575947,0.23405994143220632
Healthy,preprocess_Reading179.dat,50000,0.020476296336254,0.2582399535148047,0.2574268728778688
Healthy,preprocess_Reading180.dat,50000,-0.024112292804079997,0.262174641799473,0.2610634791356544
Healthy,preprocess_Reading181.dat,50000,0.0047809078723374,0.21798936821586104,0.21793693485746393
Healthy,preprocess_Reading182.dat,50000,0.030423808722978,0.2710534950527541,0.26934065612733077
Healthy,preprocess_Reading183.dat,50000,0.011219961690962,0.26057676765661375,0.26033510001922944
Healthy,preprocess_Reading184.dat,50000,0.05927547789390799,0.26366009177761335,0.256910610362103
Healthy,preprocess_Reading185.dat,50000,-0.032773457484361196,0.282081682876808,0.2801713338283074
Healthy,preprocess_Reading186.dat,50000,-0.0193664511445119,0.2561880286704014,0.2554549796032437
Healthy,preprocess_Reading187.dat,50000,0.013128489560193997,0.22346485829492363,0.2230788776523635
Healthy,preprocess_Reading188.dat,50000,0.013664420321901998,0.2608085140429936,0.260450311219973
Healthy,preprocess_Reading189.dat,50000,0.03987115801316599,0.26161903448549595,0.2585629709834961
Healthy,preprocess_Reading190.dat,50000,0.0648683785156,0.28670404554388984,0.27926923067174747
Healthy,preprocess_Reading191.dat,50000,0.001121637965286,0.27777292274579074,0.2777706581678739
Healthy,preprocess_Reading192.dat,50000,-0.0230581025868686,0.25872105369752363,0.25769149681634895
Healthy,preprocess_Reading193.dat,50000,0.060133869003476004,0.2748219691660423,0.26816232497309145
Healthy,preprocess_Reading194.dat,50000,-0.01139307955214,0.26202295372585493,0.2617751440025201
Healthy,preprocess_Reading195.dat,50000,0.047305896354310005,0.2764236633605618,0.2723457248347924
Healthy,preprocess_Reading196.dat,50000,-0.0011554273598220002,0.2687882931698628,0.2687858097682694
Healthy,preprocess_Reading197.dat,50000,0.008896745885738001,0.2585670914781148,0.2584139870597108
Healthy,preprocess_Reading198.dat,50000,0.028389958813370003,0.24620612942186948,0.24456383298327963
Healthy,preprocess_Reading199.dat,50000,0.0275499656148,0.26177183468827575,0.26031806089991016
Healthy,preprocess_Reading200.dat,50000,0.029635159986046,0.2614423315217298,0.2597572905697154
Healthy,preprocess_Reading201.dat,50000,-0.006312005145815181,0.2755878879844133,0.27551559410448756
Healthy,preprocess_Reading202.dat,50000,-0.01322482532098,0.26369215891919795,0.26336032098761025
Healthy,preprocess_Reading203.dat,50000,-0.007682177315,0.2762252033326554,0.27611835706426274
Healthy,preprocess_Reading204.dat,50000,0.045800675096941995,0.2674048945558834,0.263453365499679
Healthy,preprocess_Reading205.dat,50000,-0.0057728932380074005,0.23335546467095314,0.23328404702306377
Healthy,preprocess_Reading206.dat,50000,0.06900475160776,0.2697787621992749,0.26080438031084574
Healthy,preprocess_Reading207.dat,50000,0.052126961674853395,0.26191801188584524,0.25667844634246584
Healthy,preprocess_Reading208.dat,50000,0.063826500536362,0.2722032131929938,0.2646143743296501
Healthy,preprocess_Reading209.dat,50000,-0.0311014210327,0.252716039024114,0.25079493214533705
Healthy,preprocess_Reading210.dat,50000,-0.010190576127296002,0.2718788464516757,0.2716877974920619
Healthy,preprocess_Reading211.dat,50000,-0.029890937137032,0.27338207432334094,0.2717430595956458
Healthy,preprocess_Reading212.dat,50000,0.0086647959752644,0.23820000027208754,0.23804235219878322
Healthy,preprocess_Reading213.dat,50000,-0.0248589645415748,0.25747594652664657,0.25627308661213977
Healthy,preprocess_Reading214.dat,50000,0.0022218441614705996,0.27702860759822856,0.2770196975601833
Healthy,preprocess_Reading215.dat,50000,-0.004892198875618,0.2642560428818756,0.26421075411449296
Healthy,preprocess_Reading216.dat,50000,0.01640296970064,0.26415128518551684,0.26364150669073366
Healthy,preprocess_Reading217.dat,50000,-0.010976909804006,0.26527526321169287,0.2650480573842934
Healthy,preprocess_Reading218.dat,50000,-0.039075545364276,0.2600635031528617,0.2571111188311834
Healthy,preprocess_Reading219.dat,50000,0.0706358603817972,0.2421475656593834,0.23161610216668585
Healthy,preprocess_Reading220.dat,50000,-0.0095721537810866,0.2607689899849219,0.26059324628575375
Healthy,preprocess_Reading221.dat,50000,0.046506952325536005,0.268315293650388,0.26425404479796377
Healthy,preprocess_Reading222.dat,50000,0.021675373657044,0.2624665890881513,0.26157004523529825
Healthy,preprocess_Reading223.dat,50000,-0.019527078108688003,0.25327912190352125,0.252525259751883
Healthy,preprocess_Reading224.dat,50000,0.0091224392151124,0.25160756033686654,0.2514421315560233
Healthy,preprocess_Reading225.dat,50000,0.011493208237525998,0.24583327143807707,0.2455644589722954
Bearing,preprocess_Reading1.dat,50000,0.048567774373676,0.1929847448408196,0.18677334668968146
Bearing,preprocess_Reading2.dat,50000,0.032862097947715004,0.20863575210820381,0.2060314528809392
Bearing,preprocess_Reading3.dat,50000,0.05877091599716,0.2306992942986716,0.22308774915436266
Bearing,preprocess_Reading4.dat,50000,0.044638650941788004,0.24651494201251195,0.24243969864180523
Bearing,preprocess_Reading5.dat,50000,0.08091465202113,0.21078103192071895,0.19463160716045733
Bearing,preprocess_Reading6.dat,50000,0.08271262495017978,0.1881092073215068,0.1689487956541168
Bearing,preprocess_Reading7.dat,50000,0.108822445054836,0.23438644120383872,0.20759258000344746
Bearing,preprocess_Reading8.dat,50000,0.13680014282254,0.23193221114051663,0.18729194186686687
Bearing,preprocess_Reading9.dat,50000,0.0745158976193824,0.20391515462082066,0.18981246346331138
Bearing,preprocess_Reading10.dat,50000,0.128731329772398,0.23973774474898707,0.20224349431405844
Bearing,preprocess_Reading11.dat,50000,0.077403472923172,0.20800019557667446,0.19306160607269018
Bearing,preprocess_Reading12.dat,50000,0.06164183012563999,0.21915702003375134,0.21030949624026926
Bearing,preprocess_Reading13.dat,50000,0.127033617303974,0.2507158152572928,0.21615013322872706
Bearing,preprocess_Reading14.dat,50000,0.12686614994635997,0.23935404062618537,0.20296634391413101
Bearing,preprocess_Reading15.dat,50000,0.10060177423700599,0.24227062016731957,0.22039586297529296
Bearing,preprocess_Reading16.dat,50000,0.024659562191340002,0.21132630761588714,0.20988262025021506
Bearing,preprocess_Reading17.dat,50000,0.13258622427646,0.24777004146565929,0.2093105027943098
Bearing,preprocess_Reading18.dat,50000,0.06055361835825581,0.21837499985837447,0.2098115818225194
Bearing,preprocess_Reading19.dat,50000,0.052719644955539206,0.22620172370448402,0.21997240472986976
Bearing,preprocess_Reading20.dat,50000,0.108626749923098,0.2313996043149772,0.20431839388139467
Bearing,preprocess_Reading21.dat,50000,0.10244315672974,0.23107979537805337,0.2071310490274429
Bearing,preprocess_Reading22.dat,50000,0.09345146196138202,0.25492545656962284,0.2371788621789704
Bearing,preprocess_Reading23.dat,50000,0.10134314775794999,0.21416962423957667,0.18867483761602072
Bearing,preprocess_Reading24.dat,50000,0.07648745126048799,0.2569430588577369,0.24529452764960924
Bearing,preprocess_Reading25.dat,50000,0.057154366897384005,0.21779003216350346,0.21015679016948058
Bearing,preprocess_Reading26.dat,50000,0.08763520499426798,0.2327984526517579,0.21567380555520735
Bearing,preprocess_Reading27.dat,50000,0.15140992381128,0.25136027781646375,0.20064153168133514
Bearing,preprocess_Reading28.dat,50000,0.10904449828932801,0.24444345884711183,0.21877363178858733
Bearing,preprocess_Reading29.dat,50000,0.08511840371168,0.23903576577837904,0.223367308867774
Bearing,preprocess_Reading30.dat,50000,0.1163376626731726,0.2253815275800577,0.19303466325523871
Bearing,preprocess_Reading31.dat,50000,0.118026865566032,0.25429282840611994,0.225243205410157
Bearing,preprocess_Reading32.dat,50000,0.10016741890347401,0.26573429841708934,0.2461324959151852
Bearing,preprocess_Reading33.dat,50000,0.017451030900422,0.23868997275508405,0.23805118066150244
Bearing,preprocess_Reading34.dat,50000,0.015122560708102,0.23839321121774526,0.23791307511849422
Bearing,preprocess_Reading35.dat,50000,0.0411541207826744,0.241508955315034,0.23797670860814119
Bearing,preprocess_Reading36.dat,50000,0.032936577555637996,0.23522938084774114,0.232912093874348
Bearing,preprocess_Reading37.dat,50000,0.060500992624892,0.27961600976571194,0.27299220283499215
Bearing,preprocess_Reading38.dat,50000,0.0400445870191478,0.2917384653274305,0.2889770980580819
Bearing,preprocess_Reading39.dat,50000,0.043531869973364,0.2377907147440995,0.23377211192768874
Bearing,preprocess_Reading40.dat,50000,-0.006162862457074,0.23097266049603182,0.23089042644282673
Bearing,preprocess_Reading41.dat,50000,0.04832248989225,0.25897933353478925,0.25443119338779396
Bearing,preprocess_Reading42.dat,50000,0.03634138326435,0.23772123282756571,0.2349269852517827
Bearing,preprocess_Reading43.dat,50000,0.09261733217911679,0.23540046690488034,0.21641490151803042
Bearing,preprocess_Reading44.dat,50000,0.06893734533066799,0.23209848446993567,0.22162434187607008
Bearing,preprocess_Reading45.dat,50000,0.050395891842002,0.23988601630290132,0.2345326307854092
Bearing,preprocess_Reading46.dat,50000,-0.020294869080313818,0.24578835304849214,0.244949041196946
Bearing,preprocess_Reading47.dat,50000,0.075013649907106,0.21401324193196297,0.20043607472170036
Bearing,preprocess_Reading48.dat,50000,0.012846562110961999,0.249501457139575,0.24917050980543498
Bearing,preprocess_Reading49.dat,50000,0.04445848086594,0.24392375539799552,0.23983794930442925
Bearing,preprocess_Reading50.dat,50000,0.04486604125396,0.2300365231054081,0.2256187942185289
Bearing,preprocess_Reading51.dat,50000,0.009950689665486,0.2795452821540263,0.2793681237180709
Bearing,preprocess_Reading52.dat,50000,0.03495639288049,0.22322990065255477,0.22047593778490726
Bearing,preprocess_Reading53.dat,50000,0.031540068789178,0.25263132011857103,0.2506547585138288
Bearing,preprocess_Reading54.dat,50000,0.06935513808988,0.22356614427494362,0.21253631615914156
Bearing,preprocess_Reading55.dat,50000,0.0797046775778268,0.2663262616853174,0.2541197395628503
Bearing,preprocess_Reading56.dat,50000,0.02033176445731,0.254797763962456,0.2539852749163225
Bearing,preprocess_Reading57.dat,50000,0.06398828072716799,0.22315659222439502,0.21378579134915882
Bearing,preprocess_Reading58.dat,50000,0.061217821573986,0.25463324687833283,0.24716486145392433
Bearing,preprocess_Reading59.dat,50000,0.0395765035919578,0.23936179018169995,0.23606729329245063
Bearing,preprocess_Reading60.dat,50000,0.07004985023931701,0.24289226163816613,0.23257185823988377
Bearing,preprocess_Reading61.dat,50000,0.022868634382259,0.2181911607026718,0.21698941948922237
Bearing,preprocess_Reading62.dat,50000,0.057780969120458006,0.23209696311736003,0.224789590274554
Bearing,preprocess_Reading63.dat,50000,0.0007654149560400001,0.2280858752708435,0.22808459097013076
Bearing,preprocess_Reading64.dat,50000,0.023330703365915997,0.21344109736017533,0.21216215572709352
Bearing,preprocess_Reading65.dat,50000,0.0211485961123,0.23146200503482528,0.2304938104531666
Bearing,preprocess_Reading66.dat,50000,0.0618656764979,0.25291955559381535,0.24523649743304976
Bearing,preprocess_Reading67.dat,50000,-0.0356358154734,0.19887444079877445,0.19565564611983735
Bearing,preprocess_Reading68.dat,50000,0.05619676138050599,0.24807156145255274,0.24162248159442887
Bearing,preprocess_Reading69.dat,50000,0.04946628969547421,0.24353527958768936,0.23845863076772345
Bearing,preprocess_Reading70.dat,50000,-0.006717473715643601,0.22664519026758242,0.22654561972880488
Bearing,preprocess_Reading71.dat,50000,0.012877486304909999,0.22588710462800385,0.22551974278029321
Bearing,preprocess_Reading72.dat,50000,0.032819756026496796,0.20349089493521047,0.20082681079948986
Bearing,preprocess_Reading73.dat,50000,0.03397698767884,0.2532586956712276,0.25096918384806416
Bearing,preprocess_Reading74.dat,50000,0.0434291411296962,0.2654346135559046,0.2618576784711675
Bearing,preprocess_Reading75.dat,50000,-0.016253564145906,0.25571132302682237,0.2551942444035187
Bearing,preprocess_Reading76.dat,50000,0.087536361466534,0.20255775578300655,0.1826664442338779
Bearing,preprocess_Reading77.dat,50000,0.040323496903841335,0.21149339741687082,0.20761375857196063
Bearing,preprocess_Reading78.dat,50000,0.013815498290559999,0.194438144146687,0.19394670377758774
Bearing,preprocess_Reading79.dat,50000,0.146704897988508,0.24419105387542145,0.1952099989728253
Bearing,preprocess_Reading80.dat,50000,0.04414006249530001,0.22388852543219936,0.2194942520958478
Bearing,preprocess_Reading81.dat,50000,0.037463147014614,0.20448667107657081,0.2010256482733959
Bearing,preprocess_Reading82.dat,50000,-0.00075157692204,0.20962594140161567,0.2096245940738917
Bearing,preprocess_Reading83.dat,50000,0.078054230724842,0.2192422804652169,0.2048773159955537
Bearing,preprocess_Reading84.dat,50000,0.04719017508514,0.2264880404856406,0.2215173127736498
Bearing,preprocess_Reading85.dat,50000,-0.020071915367838002,0.23947280992008632,0.23863014248935135
Bearing,preprocess_Reading86.dat,50000,0.06109064522882399,0.2016133434766678,0.19213503931705633
Bearing,preprocess_Reading87.dat,50000,0.07993739326079599,0.23314410330855043,0.21901184001376928
Bearing,preprocess_Reading88.dat,50000,0.027809136545906,0.21031489136941073,0.20846823608477666
Bearing,preprocess_Reading89.dat,50000,0.08880435051141002,0.20995945755269196,0.19025446419484435
Bearing,preprocess_Reading90.dat,50000,-0.07169549026559,0.22067445319291898,0.20870306889830462
Bearing,preprocess_Reading91.dat,50000,0.071956637256552,0.23367217414282992,0.22231717730163372
Bearing,preprocess_Reading92.dat,50000,0.13981165401811402,0.2499963099314455,0.20724588386758985
Bearing,preprocess_Reading93.dat,50000,0.0245000262394812,0.20170124963308936,0.200207749145268
Bearing,preprocess_Reading94.dat,50000,0.10569117905885199,0.2502156388337602,0.22679779669594763
Bearing,preprocess_Reading95.dat,50000,0.09234877608495401,0.23530783762138008,0.21642893060231294
Bearing,preprocess_Reading96.dat,50000,0.15153540659925202,0.2792535106927172,0.23456245177139262
Bearing,preprocess_Reading97.dat,50000,0.100470100798734,0.25204720193602076,0.23115698312893224
Bearing,preprocess_Reading98.dat,50000,0.048481129789864,0.2505439514787843,0.2458085671348779
Bearing,preprocess_Reading99.dat,50000,-0.0402067640682598,0.21473470417969442,0.2109369794566618
Bearing,preprocess_Reading100.dat,50000,0.11994841331844,0.2594090552194758,0.23001181724478797
Bearing,preprocess_Reading101.dat,50000,0.07492550892718,0.23551685272400336,0.2232808904250943
Bearing,preprocess_Reading102.dat,50000,0.028075688919969997,0.23943700094619275,0.23778526681393902
Bearing,preprocess_Reading103.dat,50000,0.035190895033524,0.2380812969693445,0.23546614379427183
Bearing,preprocess_Reading104.dat,50000,0.06176461312814,0.2474715771837455,0.23963996761588352
Bearing,preprocess_Reading105.dat,50000,0.04455887333262601,0.22609589407432126,0.22166158919531748
Bearing,preprocess_Reading106.dat,50000,0.10477906343401999,0.23548395402925335,0.2108886921367315
Bearing,preprocess_Reading107.dat,50000,0.06201983375920599,0.22158263239358442,0.2127261225119069
Bearing,preprocess_Reading108.dat,50000,0.03683612281226,0.23857832620281239,0.23571745329927452
Bearing,preprocess_Reading109.dat,50000,0.034402543487474006,0.24692400629705777,0.24451570478679255
Bearing,preprocess_Reading110.dat,50000,0.05051445302447859,0.21999198232597705,0.21411390035060957
Bearing,preprocess_Reading111.dat,50000,0.062987368846206,0.2553484549332927,0.2474579253179252
Bearing,preprocess_Reading112.dat,50000,0.042501983525926004,0.23022376345524245,0.22626657432298156
Bearing,preprocess_Reading113.dat,50000,0.073069133052782,0.2687130634526066,0.25858772643920946
Bearing,preprocess_Reading114.dat,50000,0.032454797193584,0.2360022026341299,0.2337599747332384
Bearing,preprocess_Reading115.dat,50000,0.052181583770320006,0.25035011258601725,0.24485150844349032
Bearing,preprocess_Reading116.dat,50000,0.029603793055232,0.24743528851411395,0.24565796840079465
Bearing,preprocess_Reading117.dat,50000,-0.027573434662318604,0.21948850723782046,0.21774965099951277
Bearing,preprocess_Reading118.dat,50000,0.04876503535625399,0.257142019244611,0.25247572039287103
Bearing,preprocess_Reading119.dat,50000,0.020214017516252,0.2305024258411068,0.2296143763236257
Bearing,preprocess_Reading120.dat,50000,-0.00018350821846600002,0.23780378166466593,0.237803710859923
Bearing,preprocess_Reading121.dat,50000,-0.043977142586362,0.2375146517565914,0.23340784204690654
Bearing,preprocess_Reading122.dat,50000,0.041127542362024,0.2588965249359358,0.2556089511014111
Bearing,preprocess_Reading123.dat,50000,0.010385026835606,0.2416151033891812,0.2413918171839892
Bearing,preprocess_Reading124.dat,50000,-0.049561327738648,0.24436104066746364,0.23928224545266233
Bearing,preprocess_Reading125.dat,50000,0.029224494454804,0.23375973961589033,0.23192573119244442
Bearing,preprocess_Reading126.dat,50000,0.0261830454707128,0.21163210994031542,0.21000618583191388
Bearing,preprocess_Reading127.dat,50000,0.033918533587592004,0.21273032955380736,0.21000887169674257
Bearing,preprocess_Reading128.dat,50000,0.004580629598396,0.23613636740325036,0.23609193515002821
Bearing,preprocess_Reading129.dat,50000,0.035422280577458005,0.26546790326816133,0.2630940320575244
Bearing,preprocess_Reading130.dat,50000,0.026788147524766,0.24288385987529904,0.24140208064578744
Bearing,preprocess_Reading131.dat,50000,0.03056083516398,0.23906042538744277,0.23709897161418717
Bearing,preprocess_Reading132.dat,50000,0.039505094714154004,0.23287073266718275,0.22949537168443335
Bearing,preprocess_Reading133.dat,50000,0.024427163527076,0.24983346179440563,0.24863642596007174
Bearing,preprocess_Reading134.dat,50000,-0.028475039616778604,0.2293709736135359,0.22759660730170006
Bearing,preprocess_Reading135.dat,50000,0.012680108792672,0.24538369604553603,0.24505585715500458
Bearing,preprocess_Reading136.dat,50000,-0.01979244304084,0.21071257949902505,0.20978095804340313
Bearing,preprocess_Reading137.dat,50000,-0.044717044947547996,0.21804376024153369,0.21340915461016755
Bearing,preprocess_Reading138.dat,50000,0.015980330639168202,0.2655881376510875,0.2651069367135381
Bearing,preprocess_Reading139.dat,50000,-0.063421727998762,0.20380500880121155,0.193685740389201
Bearing,preprocess_Reading140.dat,50000,0.008056597772996,0.2046075823316837,0.20444890310280675
Bearing,preprocess_Reading141.dat,50000,0.02929700743532,0.24676768771273713,0.2450224011277862
Bearing,preprocess_Reading142.dat,50000,-0.021105880740116,0.24440935653725088,0.24349635595042693
Bearing,preprocess_Reading143.dat,50000,-0.050979828821988,0.2012849401565715,0.19472206908081935
Bearing,preprocess_Reading144.dat,50000,-0.030968278698862,0.2005870494235657,0.19818206304022976
Bearing,preprocess_Reading145.dat,50000,0.037465499718024,0.26009491142898655,0.25738239893615705
Bearing,preprocess_Reading146.dat,50000,0.034718782611041,0.24095201124991625,0.23843757644169059
Bearing,preprocess_Reading147.dat,50000,-0.0269408365161,0.25598391221113204,0.2545622804712617
Bearing,preprocess_Reading148.dat,50000,-0.02586665996041,0.21126892388759433,0.20967945560572843
Bearing,preprocess_Reading149.dat,50000,0.04119492754246799,0.2330684248752876,0.22939892898315456
Bearing,preprocess_Reading150.dat,50000,0.018018261951408,0.23583891521314174,0.23514960379546018
Bearing,preprocess_Reading151.dat,50000,0.0388594253088472,0.2136393841594169,0.2100755376731928
Bearing,preprocess_Reading152.dat,50000,0.10601954690788,0.22990440311764218,0.20399973099572252
Bearing,preprocess_Reading153.dat,50000,0.052421061651253,0.22237933282531422,0.21611247063320388
Bearing,preprocess_Reading154.dat,50000,0.12779693598898,0.2380223406734801,0.2008048251698917
Bearing,preprocess_Reading155.dat,50000,0.074193300763884,0.2382755994144459,0.22643015567294328
Bearing,preprocess_Reading156.dat,50000,-0.016789163574108,0.21609075457120142,0.21543755057471536
Bearing,preprocess_Reading157.dat,50000,0.11597082126566,0.25183834670996247,0.22354713482524355
Bearing,preprocess_Reading158.dat,50000,0.08024792352142,0.23116918721221458,0.21679359743049664
Bearing,preprocess_Reading159.dat,50000,0.06893922213386,0.21999150166408288,0.2089106135551674
Bearing,preprocess_Reading160.dat,50000,0.074640450986256,0.20881667640964754,0.19502104353976718
Bearing,preprocess_Reading161.dat,50000,0.048268092810132,0.20371418986954803,0.1979132698195822
Bearing,preprocess_Reading162.dat,50000,0.074633080449622,0.2137609346513156,0.2003088627235557
Bearing,preprocess_Reading163.dat,50000,0.0677412522153966,0.19752990062576722,0.18555102907156162
Bearing,preprocess_Reading164.dat,50000,0.067340510154151,0.22111762849332658,0.21061401027161392
Bearing,preprocess_Reading165.dat,50000,0.123414849853044,0.24395797764075505,0.21043828000227938
Bearing,preprocess_Reading166.dat,50000,0.0657972699888808,0.1983310787364054,0.1870987334397445
Bearing,preprocess_Reading167.dat,50000,0.0816160463395,0.2546135519187345,0.24117811219217786
Bearing,preprocess_Reading168.dat,50000,0.136897194587936,0.2542978084202517,0.2143047677521333
Bearing,preprocess_Reading169.dat,50000,0.05991375314906,0.22324281800993512,0.21505277951379873
Bearing,preprocess_Reading170.dat,50000,0.11438694116039598,0.24574554418315578,0.21750057512071885
Bearing,preprocess_Reading171.dat,50000,0.16389526456421802,0.27387779974161247,0.21942513858884033
Bearing,preprocess_Reading172.dat,50000,0.0851141871795,0.21969105593698993,0.20253329405182416
Bearing,preprocess_Reading173.dat,50000,0.125901514871655,0.24323806462668776,0.20811911165570343
Bearing,preprocess_Reading174.dat,50000,0.06906848381221,0.25424638417349466,0.24468503920178425
Bearing,preprocess_Reading175.dat,50000,0.03629161288916,0.23156970082038342,0.2287082096732543
Bearing,preprocess_Reading176.dat,50000,0.05241966713778,0.227957844688287,0.22184895188414464
Bearing,preprocess_Reading177.dat,50000,0.022153080089204,0.2186748619485967,0.21754984782986894
Bearing,preprocess_Reading178.dat,50000,0.045671823515212,0.22297623632141084,0.21824868041034515
Bearing,preprocess_Reading179.dat,50000,0.030890877229542,0.25169292974599033,0.24979008104428288
Bearing,preprocess_Reading180.dat,50000,0.09155218841896,0.23887751079001904,0.2206369460379084
Bearing,preprocess_Reading181.dat,50000,0.058100502588846005,0.2310076459575495,0.22358189571110634
Bearing,preprocess_Reading182.dat,50000,0.10916701244928721,0.24111865149372655,0.21499015673060554
Bearing,preprocess_Reading183.dat,50000,0.10276317320427401,0.2564718407914336,0.2349841172333459
Bearing,preprocess_Reading184.dat,50000,0.08124297838775399,0.2334110813587384,0.21881570182174434
Bearing,preprocess_Reading185.dat,50000,0.05602930781147201,0.2486007918098784,0.24220460432177135
Bearing,preprocess_Reading186.dat,50000,0.01912433013656,0.21866421457958427,0.21782630404644507
Bearing,preprocess_Reading187.dat,50000,0.02406329734002,0.23000266267012245,0.22874042615259754
Bearing,preprocess_Reading188.dat,50000,0.015735695338428,0.20685074371289094,0.20625134682418989
Bearing,preprocess_Reading189.dat,50000,0.012044923759572,0.2220333657808052,0.22170641698331364
Bearing,preprocess_Reading190.dat,50000,-0.015408930444060798,0.21970909200569902,0.21916808611779867
Bearing,preprocess_Reading191.dat,50000,0.006029376333788,0.23611417585602973,0.2360371806754133
Bearing,preprocess_Reading192.dat,50000,0.069781543660252,0.2289830970245904,0.21809125357832515
Bearing,preprocess_Reading193.dat,50000,0.040270497059880006,0.2548650704351135,0.2516634482686065
Bearing,preprocess_Reading194.dat,50000,0.022484376245449997,0.2062770591982487,0.20504798944718
Bearing,preprocess_Reading195.dat,50000,0.04329671954982,0.2433504113513503,0.23946777816878753
Bearing,preprocess_Reading196.dat,50000,0.008602785695058,0.236614471786301,0.23645803081518535
Bearing,preprocess_Reading197.dat,50000,-0.009373371172698802,0.2302820968151196,0.23009125152084103
Bearing,preprocess_Reading198.dat,50000,0.024296024884376002,0.22713624241723201,0.22583307063899516
Bearing,preprocess_Reading199.dat,50000,0.013184087440736,0.24787855931859254,0.2475276954367249
Bearing,preprocess_Reading200.dat,50000,0.008009242953771,0.23354019369042758,0.2334028150992826
Bearing,preprocess_Reading201.dat,50000,0.032995763643052,0.23923186764680338,0.23694549178954535
Bearing,preprocess_Reading202.dat,50000,-0.002531578369032,0.22688872947234986,0.22687460561406736
Bearing,preprocess_Reading203.dat,50000,0.0882003292575986,0.2568971665659432,0.24128169451589393
Bearing,preprocess_Reading204.dat,50000,0.028106050691924997,0.23322354312100044,0.23152380218978802
Bearing,preprocess_Reading205.dat,50000,-0.03473572011014,0.22322487256386925,0.22050572210168534
Bearing,preprocess_Reading206.dat,50000,0.021835433356719995,0.2289330037510747,0.22788930219870746
Bearing,preprocess_Reading207.dat,50000,-0.0006141407783828,0.22527808382061595,0.22527724670057736
Bearing,preprocess_Reading208.dat,50000,0.07131483548009919,0.2304478186250367,0.21913555473606788
Bearing,preprocess_Reading209.dat,50000,0.049412585926758,0.2268387998913242,0.2213915930837641
Bearing,preprocess_Reading210.dat,50000,0.05094877418988999,0.2461015979717212,0.24077005406150964
Bearing,preprocess_Reading211.dat,50000,0.02161551758312,0.22945567097288555,0.22843527385504836
Bearing,preprocess_Reading212.dat,50000,0.053695813217695995,0.19630829653516987,0.1888218920873067
Bearing,preprocess_Reading213.dat,50000,0.054541826389906,0.2456509068110188,0.23951942967352188
Bearing,preprocess_Reading214.dat,50000,0.053055339623504005,0.22551924037260254,0.21918954974101829
Bearing,preprocess_Reading215.dat,50000,0.08951997045981999,0.25070176312470993,0.23417418500490425
Bearing,preprocess_Reading216.dat,50000,-0.00804361895022,0.21208285440465305,0.21193026524451133
Bearing,preprocess_Reading217.dat,50000,0.03199512974604,0.25448348062576615,0.25246416296959606
Bearing,preprocess_Reading218.dat,50000,-0.024391489573349998,0.23804984463351844,0.23679692516254391
Bearing,preprocess_Reading219.dat,50000,0.0745337519017653,0.2358138314868796,0.2237250163660035
Bearing,preprocess_Reading220.dat,50000,0.017909898509334,0.2400354959201444,0.23936640289943578
Bearing,preprocess_Reading221.dat,50000,-0.016734305239392,0.20289609073324336,0.20220481364939705
Bearing,preprocess_Reading222.dat,50000,-0.0099337057739128,0.24546288415521506,0.24526179683634766
Bearing,preprocess_Reading223.dat,50000,0.042147329641094,0.2543888121725218,0.25087301641003873
Bearing,preprocess_Reading224.dat,50000,0.02321073495919,0.2454143374727924,0.24431426241597903
Bearing,preprocess_Reading225.dat,50000,-0.004721874707672,0.24678968219273262,0.24674450578692736
Flywheel,preprocess_Reading1.dat,50000,0.019251484134594,0.23121766563114293,0.23041481996288887
Flywheel,preprocess_Reading2.dat,50000,-0.007962532505492,0.22867087615620088,0.22853220271581762
Flywheel,preprocess_Reading3.dat,50000,0.073859961397698,0.19990470452689843,0.18575951387295653
Flywheel,preprocess_Reading4.dat,50000,-0.020177841568598,0.23864875180822087,0.23779419978051264
Flywheel,preprocess_Reading5.dat,50000,0.08732088519652399,0.2033411445929943,0.18363737117723206
Flywheel,preprocess_Reading6.dat,50000,-0.016159269523506,0.19386393389299122,0.19318929285271677
Flywheel,preprocess_Reading7.dat,50000,0.006835074167069999,0.23197701670399865,0.23187629900448628
Flywheel,preprocess_Reading8.dat,50000,0.0580762085619,0.23495435634528156,0.22766357540173227
Flywheel,preprocess_Reading9.dat,50000,0.029931322880525996,0.23548969961577004,0.23357978194986678
Flywheel,preprocess_Reading10.dat,50000,0.059641517083873996,0.22283930967994975,0.21470968161349993
Flywheel,preprocess_Reading11.dat,50000,0.0107984885096636,0.25349557184248356,0.2532654686088382
Flywheel,preprocess_Reading12.dat,50000,0.06680246833167999,0.24250726490470756,0.23312486730582155
Flywheel,preprocess_Reading13.dat,50000,0.02704700034966,0.23260276690193454,0.2310249054593924
Flywheel,preprocess_Reading14.dat,50000,0.018458417952804,0.23409546576718734,0.23336660836425588
Flywheel,preprocess_Reading15.dat,50000,-0.03694885647184278,0.24110602068216194,0.23825804333665268
Flywheel,preprocess_Reading16.dat,50000,0.037837917425915996,0.23447992597115294,0.23140684451482182
Flywheel,preprocess_Reading17.dat,50000,0.012629712185620002,0.1893414532356741,0.18891976149547027
Flywheel,preprocess_Reading18.dat,50000,0.08293458015652,0.2201600508851082,0.20394191187687535
Flywheel,preprocess_Reading19.dat,50000,0.0771300905811724,0.2244034804318125,0.21073175165800478
Flywheel,preprocess_Reading20.dat,50000,-0.029901714384646002,0.24220903021676018,0.24035619774701567
Flywheel,preprocess_Reading21.dat,50000,-0.023719143967072,0.21114456449170313,0.20980807735609294
Flywheel,preprocess_Reading22.dat,50000,0.077878195147522,0.22565621152115023,0.21179167244875938
Flywheel,preprocess_Reading23.dat,50000,0.065547584025094,0.25768449625160594,0.2492083743314361
Flywheel,preprocess_Reading24.dat,50000,0.03637923928238,0.24865071562032934,0.24597505834481923
Flywheel,preprocess_Reading25.dat,50000,0.00241689231147398,0.23135008027434795,0.23133745540768355
Flywheel,preprocess_Reading26.dat,50000,-0.01539120393768,0.19439821885318181,0.19378797262636896
Flywheel,preprocess_Reading27.dat,50000,0.007446381490063,0.24381736299306125,0.24370362717775584
Flywheel,preprocess_Reading28.dat,50000,-0.012748205009094002,0.22970621550817036,0.22935219360654066
Flywheel,preprocess_Reading29.dat,50000,-0.002139151731656,0.22933806399926882,0.22932808730899418
Flywheel,preprocess_Reading30.dat,50000,0.014798768988756001,0.2572618146429652,0.25683581858807936
Flywheel,preprocess_Reading31.dat,50000,0.030007318399722,0.21827884252042629,0.21620641510953081
Flywheel,preprocess_Reading32.dat,50000,0.038537397994126,0.22141233701381274,0.21803277720966757
Flywheel,preprocess_Reading33.dat,50000,0.020852551183628002,0.21003503589332062,0.20899733828889464
Flywheel,preprocess_Reading34.dat,50000,-0.008105950113828001,0.2361492009937328,0.23601003941089146
Flywheel,preprocess_Reading35.dat,50000,-0.010397939792784,0.20345588051484792,0.20319000507932894
Flywheel,preprocess_Reading36.dat,50000,0.04028794238623,0.23858266277056597,0.23515647699558992
Flywheel,preprocess_Reading37.dat,50000,-0.063790765309038,0.24290559152799193,0.23437974455325888
Flywheel,preprocess_Reading38.dat,50000,0.102421680313976,0.21841260195003318,0.19290895285663998
Flywheel,preprocess_Reading39.dat,50000,-0.040996157690540005,0.2501432288882327,0.2467609167053064
Flywheel,preprocess_Reading40.dat,50000,0.017815703250204002,0.21656568747516716,0.21583164204836244
Flywheel,preprocess_Reading41.dat,50000,-0.02001333462704,0.2745355838944281,0.2738051373903724
Flywheel,preprocess_Reading42.dat,50000,-0.0009742061586200002,0.2560555092137375,0.2560536559416149
Flywheel,preprocess_Reading43.dat,50000,0.041965127405308,0.20937894741469504,0.20513037732705972
Flywheel,preprocess_Reading44.dat,50000,0.033122016222114,0.23673720258051295,0.2344086925159322
Flywheel,preprocess_Reading45.dat,50000,-0.039497622401280005,0.2531528061327844,0.25005255663069914
Flywheel,preprocess_Reading46.dat,50000,0.048202074676022,0.24234552663484804,0.23750350371489057
Flywheel,preprocess_Reading47.dat,50000,0.077483714712032,0.22115320485891418,0.20713525526523316
Flywheel,preprocess_Reading48.dat,50000,-0.031260233161846,0.2145947376894707,0.21230567412737644
Flywheel,preprocess_Reading49.dat,50000,0.08262029899127,0.24175831520140156,0.2272024849415459
Flywheel,preprocess_Reading50.dat,50000,0.02049324421854,0.23447142106768265,0.2335741300720133
Flywheel,preprocess_Reading51.dat,50000,-0.15276522209212,0.2734385187514622,0.22678494318657708
Flywheel,preprocess_Reading52.dat,50000,-0.059084254667464,0.22776923067153762,0.21997243757137935
Flywheel,preprocess_Reading53.dat,50000,-0.1039350026962572,0.23758103972763356,0.2136405056457984
Flywheel,preprocess_Reading54.dat,50000,-0.0514534364359554,0.2295112019783756,0.22366925517936034
Flywheel,preprocess_Reading55.dat,50000,0.0018285725772774,0.24369446926393545,0.24368760877845394
Flywheel,preprocess_Reading56.dat,50000,-0.07867055912726001,0.24882651003782952,0.23606265105732074
Flywheel,preprocess_Reading57.dat,50000,0.010161033073766,0.2408999526407582,0.24068556373242117
Flywheel,preprocess_Reading58.dat,50000,-0.13809138185094,0.2507695252483323,0.20932301605836812
Flywheel,preprocess_Reading59.dat,50000,-0.035021308695372,0.23822173222885915,0.23563340519413142
Flywheel,preprocess_Reading60.dat,50000,0.028905701412388997,0.25399034448455443,0.2523401583522537
Flywheel,preprocess_Reading61.dat,50000,-0.01986093661962,0.24548617095955552,0.24468143233391365
Flywheel,preprocess_Reading62.dat,50000,-0.014557035040914003,0.21437759815739935,0.21388278874783961
Flywheel,preprocess_Reading63.dat,50000,-0.0371551223370376,0.22414209163126333,0.22104111410540217
Flywheel,preprocess_Reading64.dat,50000,-0.069713687912622,0.24640504403854632,0.23633757095574012
Flywheel,preprocess_Reading65.dat,50000,-0.096425912817692,0.24569211847505942,0.22597933626337946
Flywheel,preprocess_Reading66.dat,50000,-0.046672414709919,0.20918208244784278,0.20390887504559832
Flywheel,preprocess_Reading67.dat,50000,-0.029194780542319995,0.22514578018209705,0.22324490391247667
Flywheel,preprocess_Reading68.dat,50000,0.023831881091330002,0.20347266248083892,0.2020721797296454
Flywheel,preprocess_Reading69.dat,50000,0.021725917560362,0.2062227244696779,0.20507509988747305
Flywheel,preprocess_Reading70.dat,50000,-0.0347743033654462,0.19742820276795858,0.19434156290828292
Flywheel,preprocess_Reading71.dat,50000,-0.01610086726015,0.22415342916528677,0.22357442134561875
Flywheel,preprocess_Reading72.dat,50000,-0.008109983585476,0.257835099598258,0.257707521720044
Flywheel,preprocess_Reading73.dat,50000,0.010863786101659,0.21277437305811833,0.21249685169859037
Flywheel,preprocess_Reading74.dat,50000,0.027808575011151998,0.2337336376328613,0.2320734722387263
Flywheel,preprocess_Reading75.dat,50000,0.030973657749619996,0.21896797766451703,0.2167662514509531
Flywheel,preprocess_Reading76.dat,50000,0.0361639086949518,0.21911130090515574,0.2161063022964691
Flywheel,preprocess_Reading77.dat,50000,0.030451494280292,0.231646103072993,0.22963584991242342
Flywheel,preprocess_Reading78.dat,50000,0.068936545176032,0.24519965473601646,0.23530963308342176
Flywheel,preprocess_Reading79.dat,50000,0.02482145147916,0.21697733093923635,0.21555291157389317
Flywheel,preprocess_Reading80.dat,50000,-0.024186416793714003,0.2249866224738509,0.22368280563081253
Flywheel,preprocess_Reading81.dat,50000,0.00389494434749,0.19939837063127627,0.19936032609056842
Flywheel,preprocess_Reading82.dat,50000,-0.016957152867586,0.24763504541478032,0.2470537809550901
Flywheel,preprocess_Reading83.dat,50000,-0.021319934922516003,0.24224958890092663,0.24130960133730203
Flywheel,preprocess_Reading84.dat,50000,0.03212534743507268,0.23675173058101137,0.23456202588074582
Flywheel,preprocess_Reading85.dat,50000,0.08161219439898,0.2543058557154648,0.2408545577242787
Flywheel,preprocess_Reading86.dat,50000,0.04881456398849001,0.23420676415193284,0.22906319371983946
Flywheel,preprocess_Reading87.dat,50000,0.019526396357110003,0.18547400100775085,0.18444328368126664
Flywheel,preprocess_Reading88.dat,50000,-0.0021636104795200004,0.2269831619911979,0.22697284995614625
Flywheel,preprocess_Reading89.dat,50000,-0.02696730425345,0.21186243284532422,0.21013913236815598
Flywheel,preprocess_Reading90.dat,50000,0.007204399015871599,0.2009390506456802,0.2008098571017054
Flywheel,preprocess_Reading91.dat,50000,-0.027593144594765598,0.22113612950268483,0.21940785342097616
Flywheel,preprocess_Reading92.dat,50000,-0.015830812988574,0.23110622961079436,0.230563385482253
Flywheel,preprocess_Reading93.dat,50000,0.07134413949720199,0.23160443256546054,0.22034206802917308
Flywheel,preprocess_Reading94.dat,50000,0.002804347712332,0.24427518436506535,0.24425908648501699
Flywheel,preprocess_Reading95.dat,50000,0.07991862720878,0.25303996035478515,0.24008797254634665
Flywheel,preprocess_Reading96.dat,50000,-0.023704787475352,0.23818821110026922,0.23700571081283003
Flywheel,preprocess_Reading97.dat,50000,0.044112259362428595,0.16042558577014382,0.1542416193627245
Flywheel,preprocess_Reading98.dat,50000,-0.034665568119382,0.24617231527016467,0.24371932051528833
Flywheel,preprocess_Reading99.dat,50000,-0.0027785016419660004,0.2538954814902067,0.25388027778811306
Flywheel,preprocess_Reading100.dat,50000,0.00565862122179,0.2271485825959155,0.22707808917022743
Flywheel,preprocess_Reading101.dat,50000,0.038175051402068005,0.2582010925605891,0.25536340702992544
Flywheel,preprocess_Reading102.dat,50000,0.035366390753626,0.21287724897909882,0.20991889276092104
Flywheel,preprocess_Reading103.dat,50000,-0.016753068856175002,0.2429249100515761,0.24234654238809886
Flywheel,preprocess_Reading104.dat,50000,-0.05488303479231399,0.24439715175727644,0.2381550341249474
Flywheel,preprocess_Reading105.dat,50000,-0.01112642460774,0.22728557311349806,0.22701307103552332
Flywheel,preprocess_Reading106.dat,50000,0.035119775108342,0.23297009799636118,0.23030776790367627
Flywheel,preprocess_Reading107.dat,50000,-0.056687912768900006,0.2450556324804171,0.2384087740757098
Flywheel,preprocess_Reading108.dat,50000,-0.035012259963451996,0.2502858912899369,0.24782487573092768
Flywheel,preprocess_Reading109.dat,50000,0.032267456082926804,0.1841973941616171,0.18134908682942555
Flywheel,preprocess_Reading110.dat,50000,0.019372876703848,0.24403656767831425,0.2432663931011227
Flywheel,preprocess_Reading111.dat,50000,0.020458420940544,0.250029012857379,0.2491906103428757
Flywheel,preprocess_Reading112.dat,50000,0.03656340603134,0.24889023425306303,0.24618989834258426
Flywheel,preprocess_Reading113.dat,50000,-0.034139049754676,0.21115700925991723,0.20837900048095187
Flywheel,preprocess_Reading114.dat,50000,-0.058751024815252,0.248388183235185,0.24134002290136936
Flywheel,preprocess_Reading115.dat,50000,-0.025724021230777997,0.19503086516073043,0.19332695905398578
Flywheel,preprocess_Reading116.dat,50000,0.027759396953674,0.2372024431991203,0.23557252586072136
Flywheel,preprocess_Reading117.dat,50000,-0.04624763278494,0.24843260359631916,0.24408997314808978
Flywheel,preprocess_Reading118.dat,50000,0.004847182229832,0.22427258512935283,0.2242201981647363
Flywheel,preprocess_Reading119.dat,50000,-0.050368948252486,0.2432443746206625,0.2379722564429215
Flywheel,preprocess_Reading120.dat,50000,0.014586689845908,0.23391245650297593,0.23345720332985206
Flywheel,preprocess_Reading121.dat,50000,-0.098055877080824,0.2536537023300361,0.23393427640182382
Flywheel,preprocess_Reading122.dat,50000,-0.0552205221114826,0.2454770938668399,0.2391854877517543
Flywheel,preprocess_Reading123.dat,50000,0.0011141930825280001,0.2215761854690841,0.22157338409837227
Flywheel,preprocess_Reading124.dat,50000,-0.039181899557145995,0.23339290529993384,0.23008047937936324
Flywheel,preprocess_Reading125.dat,50000,-0.052964005713954,0.1964032159796764,0.18912704022929047
Flywheel,preprocess_Reading126.dat,50000,-0.035497247075028,0.21769423401230606,0.21478064384925166
Flywheel,preprocess_Reading127.dat,50000,-0.027651823157219996,0.23128391506554782,0.22962496825068776
Flywheel,preprocess_Reading128.dat,50000,-0.020520155089818,0.23079408082403371,0.22988003605902887
Flywheel,preprocess_Reading129.dat,50000,-0.027470051114310005,0.25113631093133426,0.24962941124790763
Flywheel,preprocess_Reading130.dat,50000,0.058643282138852,0.23223501755546683,0.2247088534948523
Flywheel,preprocess_Reading131.dat,50000,0.049791917804926,0.19999119991358275,0.1936936884985727
Flywheel,preprocess_Reading132.dat,50000,-0.052501883728714,0.26096635591302675,0.2556305754863083
Flywheel,preprocess_Reading133.dat,50000,0.032804580647762,0.1917172977991678,0.18888986675822306
Flywheel,preprocess_Reading134.dat,50000,-0.0485058203144,0.25198730707541384,0.24727472236916181
Flywheel,preprocess_Reading135.dat,50000,0.002992278305064,0.26677114988077255,0.26675436768543204
Flywheel,preprocess_Reading136.dat,50000,-0.0692366819775862,0.23750450381780444,0.22718862472068463
Flywheel,preprocess_Reading137.dat,50000,0.015165003071476,0.20786430465400896,0.20731037559933363
Flywheel,preprocess_Reading138.dat,50000,0.07980706986146399,0.23831241403323425,0.22455208367431165
Flywheel,preprocess_Reading139.dat,50000,0.0290049119481046,0.23915571888829787,0.23739033880901989
Flywheel,preprocess_Reading140.dat,50000,-0.061480493998592,0.25456170912346066,0.24702593509497436
Flywheel,preprocess_Reading141.dat,50000,-0.056040429901239405,0.2346715237026431,0.22788197439333469
Flywheel,preprocess_Reading142.dat,50000,0.0009734703340640001,0.2322319634653616,0.23222992315910912
Flywheel,preprocess_Reading143.dat,50000,0.00509325467042,0.22159083264339308,0.22153229080306663
Flywheel,preprocess_Reading144.dat,50000,-0.156995537034846,0.2656901280857477,0.2143446885587822
Flywheel,preprocess_Reading145.dat,50000,-0.05616169120673,0.22541359437522782,0.21830518310374505
Flywheel,preprocess_Reading146.dat,50000,0.0686357908277946,0.24630803730872014,0.2365518494121682
Flywheel,preprocess_Reading147.dat,50000,-0.031117155101575998,0.203238352300214,0.20084210341482275
Flywheel,preprocess_Reading148.dat,50000,-0.04089296845540681,0.25220179667012277,0.2488644437731977
Flywheel,preprocess_Reading149.dat,50000,-0.077223415567984,0.2348415166206567,0.22178160883333997
Flywheel,preprocess_Reading150.dat,50000,0.030361697804165998,0.240452417162784,0.2385278437119533
Flywheel,preprocess_Reading151.dat,50000,-0.04109369624536201,0.2572032841548629,0.25389926646002947
Flywheel,preprocess_Reading152.dat,50000,0.018016514330064,0.2376121756584785,0.23692815626799243
Flywheel,preprocess_Reading153.dat,50000,0.06400176222784001,0.24601752234794314,0.23754661802255092
Flywheel,preprocess_Reading154.dat,50000,0.037368177241878,0.2456166419021603,0.24275739763993523
Flywheel,preprocess_Reading155.dat,50000,-0.032791341096911,0.2375147901333399,0.2352403100685563
Flywheel,preprocess_Reading156.dat,50000,0.064435811354456,0.2575339159231294,0.24934262384477
Flywheel,preprocess_Reading157.dat,50000,-0.050555985443056,0.20066781054639,0.19419490859794283
Flywheel,preprocess_Reading158.dat,50000,-0.030417731033248,0.2299578678746579,0.22793723398393603
Flywheel,preprocess_Reading159.dat,50000,-0.011659297533566001,0.22773245022064414,0.22743379182637294
Flywheel,preprocess_Reading160.dat,50000,0.026781214004800005,0.23900462041595233,0.23749942138161634
Flywheel,preprocess_Reading161.dat,50000,0.006069435073276,0.2183925603040123,0.21830820496269243
Flywheel,preprocess_Reading162.dat,50000,-0.00922773745915,0.23296838014344493,0.23278555584066135
Flywheel,preprocess_Reading163.dat,50000,0.010008671851288,0.20997434969607842,0.2097356765504244
Flywheel,preprocess_Reading164.dat,50000,0.031041469758980002,0.25632930727471703,0.25444280481699344
Flywheel,preprocess_Reading165.dat,50000,-0.032461393785604004,0.25206497045425325,0.24996601217685477
Flywheel,preprocess_Reading166.dat,50000,-0.004094378190597999,0.21266729372033027,0.21262787654858803
Flywheel,preprocess_Reading167.dat,50000,0.0235046099933,0.25594520024830936,0.25486364754356405
Flywheel,preprocess_Reading168.dat,50000,0.039523466819779994,0.22278797033532302,0.2192541340469514
Flywheel,preprocess_Reading169.dat,50000,0.133230702894984,0.2288229364077296,0.18603632987232457
Flywheel,preprocess_Reading170.dat,50000,0.008919100520586,0.2328402528473683,0.23266936410264694
Flywheel,preprocess_Reading171.dat,50000,0.09905252229023201,0.20361769343302671,0.17790099186606337
Flywheel,preprocess_Reading172.dat,50000,0.000129526520836,0.2408805485482298,0.24088051372366442
Flywheel,preprocess_Reading173.dat,50000,-0.010486966438306199,0.19674682914783248,0.19646714309178578
Flywheel,preprocess_Reading174.dat,50000,-0.010998069916068,0.25539161802221194,0.25515470016075487
Flywheel,preprocess_Reading175.dat,50000,0.149181947605012,0.22186410003165255,0.16422066067225094
Flywheel,preprocess_Reading176.dat,50000,0.1237180551682594,0.26521913136195063,0.23459546130684444
Flywheel,preprocess_Reading177.dat,50000,0.041877966926015996,0.23946762205590286,0.23577739055993524
Flywheel,preprocess_Reading178.dat,50000,0.06435087569818,0.23683841980428624,0.22792850171110393
Flywheel,preprocess_Reading179.dat,50000,0.06745318961364999,0.2239542731576017,0.21355463862088003
Flywheel,preprocess_Reading180.dat,50000,0.010977721787025998,0.22007787085272604,0.21980391002763308
Flywheel,preprocess_Reading181.dat,50000,0.011422349528434001,0.24967973171926403,0.2494183200221145
Flywheel,preprocess_Reading182.dat,50000,0.025743425748392997,0.2545131273611979,0.2532078356408315
Flywheel,preprocess_Reading183.dat,50000,0.028486026575614002,0.22067715659770168,0.21883087929718686
Flywheel,preprocess_Reading184.dat,50000,0.004971128679685999,0.230297785477882,0.23024412669092462
Flywheel,preprocess_Reading185.dat,50000,-0.0368643090173956,0.22691343086260976,0.22389892323660324
Flywheel,preprocess_Reading186.dat,50000,0.00750349913398,0.20962410794898598,0.20948977095351098
Flywheel,preprocess_Reading187.dat,50000,0.0283751185986,0.25096200346546943,0.24935272171748532
Flywheel,preprocess_Reading188.dat,50000,0.08190783092200599,0.24735984248432435,0.23340522467914432
Flywheel,preprocess_Reading189.dat,50000,-0.038683730849224,0.2149647454809139,0.21145545811650002
Flywheel,preprocess_Reading190.dat,50000,-0.0570724195981212,0.20636903432362214,0.1983202391307562
Flywheel,preprocess_Reading191.dat,50000,0.00119786732734,0.21567800558495206,0.21567467910482377
Flywheel,preprocess_Reading192.dat,50000,-0.003349929853442,0.2124703527751759,0.2124439426728489
Flywheel,preprocess_Reading193.dat,50000,0.01566824812054,0.22622698127714802,0.2256837456677026
Flywheel,preprocess_Reading194.dat,50000,-0.038340127203424,0.2248536473838584,0.2215608209676291
Flywheel,preprocess_Reading195.dat,50000,-0.0340833627226052,0.19313452979975962,0.1901033166109775
Flywheel,preprocess_Reading196.dat,50000,-0.021954536966254,0.2401376750834457,0.23913197465224076
Flywheel,preprocess_Reading197.dat,50000,0.010550712071039381,0.2547513316017402,0.254532755117399
Flywheel,preprocess_Reading198.dat,50000,-0.034641559691064,0.24547659581522288,0.24302000212986738
Flywheel,preprocess_Reading199.dat,50000,-0.065922638050702,0.22291613025217466,0.21294554918814487
Flywheel,preprocess_Reading200.dat,50000,-0.002041085440118,0.2387738243312702,0.23876510037274382
Flywheel,preprocess_Reading201.dat,50000,-0.021101797704839602,0.2464721547183548,0.24556717448619358
Flywheel,preprocess_Reading202.dat,50000,-0.04555615523843,0.24720301201037595,0.2429690636004801
Flywheel,preprocess_Reading203.dat,50000,-0.065636333955316,0.22169471214007155,0.21175555968090998
Flywheel,preprocess_Reading204.dat,50000,-0.042271022706624,0.20447568109600264,0.20005865339697315
Flywheel,preprocess_Reading205.dat,50000,0.020211961647559402,0.21105215065579278,0.21008209562643132
Flywheel,preprocess_Reading206.dat,50000,0.037272920025703205,0.2277176098211213,0.22464647616956285
Flywheel,preprocess_Reading207.dat,50000,-0.06630681263263,0.2392732193074849,0.22990232725283374
Flywheel,preprocess_Reading208.dat,50000,-0.03044049704732,0.27569252513283926,0.2740068330418665
Flywheel,preprocess_Reading209.dat,50000,0.017485724887632,0.23845681037917263,0.23781484361023966
Flywheel,preprocess_Reading210.dat,50000,0.067081513014776,0.24227096150771898,0.23279881744013026
Flywheel,preprocess_Reading211.dat,50000,-0.0409512954835786,0.24401889116060757,0.2405581232082365
Flywheel,preprocess_Reading212.dat,50000,0.038806154985129994,0.234823064248917,0.23159437350359155
Flywheel,preprocess_Reading213.dat,50000,-0.0143076167994,0.2152149795483635,0.21473886356112637
Flywheel,preprocess_Reading214.dat,50000,0.05250638206473401,0.2534941565048299,0.24799670809219904
Flywheel,preprocess_Reading215.dat,50000,0.10085634517068,0.25053432326692254,0.22933696774316062
Flywheel,preprocess_Reading216.dat,50000,0.0010960121238800002,0.2447114256961526,0.24470897127745012
Flywheel,preprocess_Reading217.dat,50000,-0.012552546285879998,0.23059170882873936,0.23024979861511052
Flywheel,preprocess_Reading218.dat,50000,-0.040564345684456,0.24537957204556676,0.2420034467449946
Flywheel,preprocess_Reading219.dat,50000,-0.022047464998258,0.2570484035652932,0.25610113444226756
Flywheel,preprocess_Reading220.dat,50000,-0.018683596644362,0.19886887047590782,0.19798926955972687
Flywheel,preprocess_Reading221.dat,50000,-0.036655039461724,0.23886406580827607,0.23603484915689868
Flywheel,preprocess_Reading222.dat,50000,-0.0012569432554000001,0.22723569527176807,0.2272322188847711
Flywheel,preprocess_Reading223.dat,50000,0.0016619829456086003,0.2648108390391992,0.26480562359083915
Flywheel,preprocess_Reading224.dat,50000,-0.022987440185876003,0.26856744327464,0.2675818551037752
Flywheel,preprocess_Reading225.dat,50000,0.012596490879592,0.20180661206661019,0.20141310059507958
LIV,preprocess_Reading1.dat,50000,0.12323833955144999,0.21636307194150312,0.17783500938950567
LIV,preprocess_Reading2.dat,50000,0.17413293922440004,0.23950839606589075,0.16444449295469582
LIV,preprocess_Reading3.dat,50000,0.120015352750432,0.20413967907817615,0.16513425955364355
LIV,preprocess_Reading4.dat,50000,0.050999178780656004,0.17956558030232164,0.17217108175593313
LIV,preprocess_Reading5.dat,50000,0.11171876631243202,0.20615762453667727,0.1732624697048781
LIV,preprocess_Reading6.dat,50000,0.034059271870874,0.16563662865750023,0.16209706583602468
LIV,preprocess_Reading7.dat,50000,0.021070315662818,0.1964114098116611,0.19527796522412225
LIV,preprocess_Reading8.dat,50000,0.022851367082924,0.1732991796787881,0.1717859735245644
LIV,preprocess_Reading9.dat,50000,0.063022726973362,0.18854248762126602,0.17769751130293387
LIV,preprocess_Reading10.dat,50000,0.08829532014402801,0.20862268913689871,0.1890168322223571
LIV,preprocess_Reading11.dat,50000,0.022752912225492,0.1874767567316613,0.18609094362671594
LIV,preprocess_Reading12.dat,50000,-0.016200736241562,0.18135888725961943,0.18063383440894645
LIV,preprocess_Reading13.dat,50000,-0.008458510634146,0.19478053126808442,0.19459678558221163
LIV,preprocess_Reading14.dat,50000,0.040235830696821996,0.18411066623061895,0.1796602776019759
LIV,preprocess_Reading15.dat,50000,0.048908856267156006,0.1906633970467206,0.18428362583809257
LIV,preprocess_Reading16.dat,50000,0.043761503633421996,0.20404531766158998,0.1992973217566186
LIV,preprocess_Reading17.dat,50000,0.047849007143475994,0.19572578735995944,0.18978687086587323
LIV,preprocess_Reading18.dat,50000,0.020063678912507998,0.19968587358777096,0.1986753555401551
LIV,preprocess_Reading19.dat,50000,0.06518189470787,0.19716910145956001,0.18608324796354564
LIV,preprocess_Reading20.dat,50000,0.094802569673256,0.2149605412905319,0.19292617006322893
LIV,preprocess_Reading21.dat,50000,0.08081420490315501,0.2195268511120074,0.20411051576296685
LIV,preprocess_Reading22.dat,50000,0.058299872694496796,0.20393536736961784,0.19542456065701275
LIV,preprocess_Reading23.dat,50000,0.04524234333445799,0.19821630776540855,0.19298402792396627
LIV,preprocess_Reading24.dat,50000,-0.0039189472326340005,0.2079163094516629,0.2078793726866316
LIV,preprocess_Reading25.dat,50000,0.072053569273636,0.2195373812748938,0.20737633648024414
LIV,preprocess_Reading26.dat,50000,0.052826360003782,0.19254748690145715,0.18515914884449441
LIV,preprocess_Reading27.dat,50000,0.02237370623559,0.19010320004671358,0.18878200109460733
LIV,preprocess_Reading28.dat,50000,0.0603608514478272,0.2460526107553588,0.23853397005881877
LIV,preprocess_Reading29.dat,50000,0.024987003843846202,0.21412731364093637,0.212664421297949
LIV,preprocess_Reading30.dat,50000,-0.0044240712522119995,0.21110842175644956,0.21106206037574432
LIV,preprocess_Reading31.dat,50000,0.008502258719717999,0.21610911202186348,0.21594179747223857
LIV,preprocess_Reading32.dat,50000,0.0909123977236,0.23425426083644624,0.21589347989269098
LIV,preprocess_Reading33.dat,50000,0.05507617841603,0.218636600209637,0.21158586323834178
LIV,preprocess_Reading34.dat,50000,0.066198470116766,0.22576371325489736,0.21584025754441447
LIV,preprocess_Reading35.dat,50000,0.057673627943700005,0.22589260378459644,0.21840609214121373
LIV,preprocess_Reading36.dat,50000,0.052195206673607136,0.2261284322916092,0.2200221086412916
LIV,preprocess_Reading37.dat,50000,0.118044843761814,0.23527706594519338,0.20352079161851694
LIV,preprocess_Reading38.dat,50000,0.10565123744194099,0.2487283929884291,0.22517466443983664
LIV,preprocess_Reading39.dat,50000,0.08507476621677561,0.22469020455482835,0.2079614680080221
LIV,preprocess_Reading40.dat,50000,0.08505439448635599,0.24058580759392326,0.22504950742932006
LIV,preprocess_Reading41.dat,50000,0.08046695956161401,0.2299838239978184,0.21544750571675014
LIV,preprocess_Reading42.dat,50000,0.0756547407342626,0.22480808508438407,0.2116956195194864
LIV,preprocess_Reading43.dat,50000,0.12062444627461001,0.23584655540514238,0.20266558824184885
LIV,preprocess_Reading44.dat,50000,0.054767347298023995,0.22191638750740808,0.21505213487495473
LIV,preprocess_Reading45.dat,50000,0.031991328796440004,0.22356116766266418,0.221260368273516
LIV,preprocess_Reading46.dat,50000,0.047058258464330004,0.21366922085296639,0.20842278246443702
LIV,preprocess_Reading47.dat,50000,0.098126951735436,0.23745844276659106,0.2162350882355725
LIV,preprocess_Reading48.dat,50000,0.030553226653397995,0.1967431242420593,0.1943562637981922
LIV,preprocess_Reading49.dat,50000,-0.009911342156410001,0.19053435385094714,0.19027639184632575
LIV,preprocess_Reading50.dat,50000,0.07943047085841999,0.23034568674647007,0.21621733441588956
LIV,preprocess_Reading51.dat,50000,0.06732890339816,0.20922537690369605,0.19809613097608672
LIV,preprocess_Reading52.dat,50000,0.04368703314374799,0.18352351274789536,0.1782479252794376
LIV,preprocess_Reading53.dat,50000,0.13096726624101998,0.21822187652596617,0.17455189075993363
LIV,preprocess_Reading54.dat,50000,0.05085958375164,0.20865574728152125,0.20236235720662074
LIV,preprocess_Reading55.dat,50000,0.07482156873498799,0.21781749237975792,0.2045634200893243
LIV,preprocess_Reading56.dat,50000,0.061434228133325997,0.18838703805146967,0.1780884940681692
LIV,preprocess_Reading57.dat,50000,0.07374616860866,0.20154404603133866,0.18756733485931246
LIV,preprocess_Reading58.dat,50000,0.079180922219818,0.19186970917520363,0.17476946774364324
LIV,preprocess_Reading59.dat,50000,0.04378886874838199,0.16977696328339947,0.16403277793011295
LIV,preprocess_Reading60.dat,50000,0.086194082176726,0.19226063493931222,0.17185671923139723
LIV,preprocess_Reading61.dat,50000,0.036865386621078,0.18792415422038206,0.1842727082579631
LIV,preprocess_Reading62.dat,50000,0.035607541097388,0.17430808332615028,0.1706323853488369
LIV,preprocess_Reading63.dat,50000,0.030568388320658002,0.18283078292232258,0.18025722959001367
LIV,preprocess_Reading64.dat,50000,0.08619831081576998,0.21667431757206174,0.19879036975624997
LIV,preprocess_Reading65.dat,50000,0.12119174533931601,0.20359248943857208,0.1635923672345549
LIV,preprocess_Reading66.dat,50000,0.001163871147447,0.1894403387083848,0.18943676341697696
LIV,preprocess_Reading67.dat,50000,-0.00165052886194,0.18760880884750342,0.18760154826561262
LIV,preprocess_Reading68.dat,50000,0.040828138812076004,0.1954978423533296,0.1911870012473368
LIV,preprocess_Reading69.dat,50000,0.054896978230261996,0.1992803105838616,0.19156973656500775
LIV,preprocess_Reading70.dat,50000,0.07293699804188,0.19561872784573403,0.18151275712913997
LIV,preprocess_Reading71.dat,50000,0.026617807034596,0.17345465371828747,0.17140014365571588
LIV,preprocess_Reading72.dat,50000,-0.030012190879421995,0.19170409278666262,0.18934024292203305
LIV,preprocess_Reading73.dat,50000,-0.0001198522308199999,0.19973666252652558,0.19973662656778285
LIV,preprocess_Reading74.dat,50000,0.055845597356710006,0.23021125394091602,0.22333492941526442
LIV,preprocess_Reading75.dat,50000,0.034264421242214,0.17601155037260777,0.17264418699019426
LIV,preprocess_Reading76.dat,50000,0.044629516021014004,0.16828503030984002,0.16225923001824527
LIV,preprocess_Reading77.dat,50000,0.0062419953740342,0.15888261365778517,0.1587599521808934
LIV,preprocess_Reading78.dat,50000,0.06983949623263601,0.1823283832816829,0.1684223385305046
LIV,preprocess_Reading79.dat,50000,0.086113726324078,0.19768329030259493,0.1779413088730153
LIV,preprocess_Reading80.dat,50000,0.083711513482502,0.18937646808717706,0.16987003613245769
LIV,preprocess_Reading81.dat,50000,0.036302100686064,0.17292323097102913,0.1690698118980404
LIV,preprocess_Reading82.dat,50000,0.088377379930398,0.200281333967831,0.17972771475922109
LIV,preprocess_Reading83.dat,50000,0.12517032710294,0.20885868465554822,0.1671955124068488
LIV,preprocess_Reading84.dat,50000,0.11052334229480199,0.1993085523064757,0.16585683534448975
LIV,preprocess_Reading85.dat,50000,0.146221099948094,0.2248776150211328,0.1708488562079428
LIV,preprocess_Reading86.dat,50000,0.121883506386496,0.22252176004081353,0.1861728889032836
LIV,preprocess_Reading87.dat,50000,0.10628216748479001,0.2029180534316851,0.1728578528249129
LIV,preprocess_Reading88.dat,50000,0.078372848710866,0.19441315912776533,0.17791619664038882
LIV,preprocess_Reading89.dat,50000,0.024154307307342002,0.1858499309825564,0.18427361798348527
LIV,preprocess_Reading90.dat,50000,0.062736391465272,0.1717155335405754,0.15984482989774995
LIV,preprocess_Reading91.dat,50000,0.11150554452787599,0.20702741155618737,0.1744329747358476
LIV,preprocess_Reading92.dat,50000,0.11875504699746,0.21662087233719526,0.18116799150169577
LIV,preprocess_Reading93.dat,50000,0.046926140701408006,0.19048216280377636,0.18461146135946171
LIV,preprocess_Reading94.dat,50000,0.14789165909178398,0.243138894737202,0.192988547082742
LIV,preprocess_Reading95.dat,50000,0.08622696292835201,0.20811089922098924,0.18940712034852691
LIV,preprocess_Reading96.dat,50000,0.12530628903752,0.21301468302345106,0.1722602365934368
LIV,preprocess_Reading97.dat,50000,0.09907159800703601,0.2123877066272527,0.18786526127710845
LIV,preprocess_Reading98.dat,50000,0.13161265012367382,0.23202393335779684,0.19108431641096757
LIV,preprocess_Reading99.dat,50000,0.14689443276280398,0.23902434103189454,0.1885594368601728
LIV,preprocess_Reading100.dat,50000,0.048081348139539806,0.22035977458084804,0.21505025974038383
LIV,preprocess_Reading101.dat,50000,0.050381651902930806,0.2336468658809484,0.22815027303845553
LIV,preprocess_Reading102.dat,50000,0.08013168826736601,0.2071005007804241,0.1909699713539386
LIV,preprocess_Reading103.dat,50000,0.0834333751844,0.22096374964410773,0.20460657507060487
LIV,preprocess_Reading104.dat,50000,0.1051103303568736,0.24320094849909207,0.21931374741024998
LIV,preprocess_Reading105.dat,50000,0.0503538862698,0.21131188753794394,0.2052247547260727
LIV,preprocess_Reading106.dat,50000,0.06735334974283,0.211362191230251,0.200343460487417
LIV,preprocess_Reading107.dat,50000,0.08784729903412,0.2280829579084479,0.21048678756795333
LIV,preprocess_Reading108.dat,50000,0.06840057549695559,0.19949938976645934,0.18740695768534033
LIV,preprocess_Reading109.dat,50000,0.0738754878878782,0.20982987080643445,0.19639497695199065
LIV,preprocess_Reading110.dat,50000,0.09089860177685401,0.22462644918279825,0.20541296421473784
LIV,preprocess_Reading111.dat,50000,0.05587820287111,0.22501073742010375,0.21796205724445242
LIV,preprocess_Reading112.dat,50000,0.127674694262684,0.21169741917450544,0.16886376085494612
LIV,preprocess_Reading113.dat,50000,0.11462614960905201,0.24341130747555104,0.2147321830391534
LIV,preprocess_Reading114.dat,50000,0.071320352826552,0.22492348316211053,0.21331662042717714
LIV,preprocess_Reading115.dat,50000,0.14390758480131,0.2719265975778235,0.23072642134550894
LIV,preprocess_Reading116.dat,50000,0.12635671273097,0.24457719324474722,0.2094086545568295
LIV,preprocess_Reading117.dat,50000,0.138909353304412,0.25354382636055783,0.21210531216851394
LIV,preprocess_Reading118.dat,50000,0.12544056070056,0.24389671548134564,0.20916566055095562
LIV,preprocess_Reading119.dat,50000,0.06874442632481799,0.21887799747879683,0.2078022656989087
LIV,preprocess_Reading120.dat,50000,0.059493954673609996,0.21353011403358876,0.20507456925833553
LIV,preprocess_Reading121.dat,50000,0.12395669002620159,0.26203501586556294,0.23086162205402178
LIV,preprocess_Reading122.dat,50000,0.010313441422492001,0.18278855607074387,0.18249736753293813
LIV,preprocess_Reading123.dat,50000,0.07658609643644801,0.22681858532794497,0.21349763577800418
LIV,preprocess_Reading124.dat,50000,0.06095538858978201,0.2093488505829115,0.2002782610326315
LIV,preprocess_Reading125.dat,50000,0.052048923678004004,0.20959133053006024,0.20302570127282477
LIV,preprocess_Reading126.dat,50000,0.06802267260759039,0.22548059523767192,0.21497538193955004
LIV,preprocess_Reading127.dat,50000,0.053844973339806,0.20552296445875912,0.19834416494051935
LIV,preprocess_Reading128.dat,50000,0.08102301619078,0.23866394304688565,0.22448997429291956
LIV,preprocess_Reading129.dat,50000,0.052642581664259995,0.23114142137701738,0.22506691287683675
LIV,preprocess_Reading130.dat,50000,0.1091684589045,0.2518883231321363,0.22700214737031896
LIV,preprocess_Reading131.dat,50000,0.144148045789364,0.24053146196442296,0.19255317470727423
LIV,preprocess_Reading132.dat,50000,0.01974098700703,0.21747606808979114,0.21657823903565138
LIV,preprocess_Reading133.dat,50000,0.10061004527744201,0.22452240034801013,0.20071852691593572
LIV,preprocess_Reading134.dat,50000,0.010422605079038002,0.17356396027134402,0.1732507362421271
LIV,preprocess_Reading135.dat,50000,0.050887164640476004,0.1912390708939024,0.18434445668697536
LIV,preprocess_Reading136.dat,50000,0.041613291557748,0.18828386241976244,0.1836277397710757
LIV,preprocess_Reading137.dat,50000,0.024970210926299998,0.1878072757319866,0.18613989734650263
LIV,preprocess_Reading138.dat,50000,0.065344366286722,0.17310817116662064,0.16030144328495216
LIV,preprocess_Reading139.dat,50000,0.03055933565722,0.17390216412562928,0.1711960562973536
LIV,preprocess_Reading140.dat,50000,0.029548660065659798,0.1735966812177565,0.17106339298091644
LIV,preprocess_Reading141.dat,50000,0.104703238512394,0.20451596632032604,0.17568156512552324
LIV,preprocess_Reading142.dat,50000,-0.00948735016524,0.17433303550162368,0.17407468929759
LIV,preprocess_Reading143.dat,50000,0.017300260105804,0.1837914191140815,0.1829753719499963
LIV,preprocess_Reading144.dat,50000,0.04367291325484658,0.165518993096678,0.1596534175129765
LIV,preprocess_Reading145.dat,50000,0.015065458605524,0.18429901693683806,0.1836822245098588
LIV,preprocess_Reading146.dat,50000,0.029157192441439998,0.18386548107358464,0.1815389028813206
LIV,preprocess_Reading147.dat,50000,-0.004494773984480001,0.18306235853326572,0.18300716958247937
LIV,preprocess_Reading148.dat,50000,0.0004347953140400003,0.1860352279631713,0.18603471986794293
LIV,preprocess_Reading149.dat,50000,0.058587631623899995,0.18105138836270196,0.1713099373905791
LIV,preprocess_Reading150.dat,50000,0.0302690839113712,0.17517366203158288,0.17253867516797963
LIV,preprocess_Reading151.dat,50000,0.054991688002318,0.20008898797673724,0.19238377623960556
LIV,preprocess_Reading152.dat,50000,0.069258063304368,0.19134491306230494,0.17837095173303638
LIV,preprocess_Reading153.dat,50000,0.022104677844414,0.17806549495177215,0.17668815384686737
LIV,preprocess_Reading154.dat,50000,0.12533065197715598,0.1982626869433406,0.1536239587726279
LIV,preprocess_Reading155.dat,50000,0.10811244790142,0.20443265053297616,0.17350621663992535
LIV,preprocess_Reading156.dat,50000,0.08041957935883019,0.18289235486691094,0.16426291341782812
LIV,preprocess_Reading157.dat,50000,0.023512209848856002,0.16784942251240298,0.16619447832515535
LIV,preprocess_Reading158.dat,50000,0.09086888427572,0.2118160655523264,0.19133450158440646
LIV,preprocess_Reading159.dat,50000,0.05675690219378,0.19781758594360999,0.18950053129720565
LIV,preprocess_Reading160.dat,50000,0.048339333447682604,0.18907553265621396,0.18279186494771804
LIV,preprocess_Reading161.dat,50000,0.02128865389163,0.20454266070496316,0.20343179019943777
LIV,preprocess_Reading162.dat,50000,0.0896070174284754,0.20700097840271575,0.18660114546072462
LIV,preprocess_Reading163.dat,50000,0.05258415377788,0.19220778311422768,0.18487492707544267
LIV,preprocess_Reading164.dat,50000,0.1187422029822486,0.2391355864933182,0.20757195850698554
LIV,preprocess_Reading165.dat,50000,0.094946278440284,0.21599603648905497,0.19400899976372546
LIV,preprocess_Reading166.dat,50000,0.038748746070834,0.18641513657824732,0.18234346114797928
LIV,preprocess_Reading167.dat,50000,0.105810179343578,0.21121984367010072,0.1828059854252635
LIV,preprocess_Reading168.dat,50000,0.09711432084524,0.19999216783928656,0.17483042036163254
LIV,preprocess_Reading169.dat,50000,0.079916515707856,0.22268625088327576,0.20785215141914037
LIV,preprocess_Reading170.dat,50000,0.037457087842361805,0.1994280040823584,0.19587877726451824
LIV,preprocess_Reading171.dat,50000,0.004858851760635201,0.20164745178703036,0.20158890438655325
LIV,preprocess_Reading172.dat,50000,0.034131592744788004,0.19788272911147944,0.19491692809325487
LIV,preprocess_Reading173.dat,50000,0.092224913682462,0.22621336390419985,0.20656004285707433
LIV,preprocess_Reading174.dat,50000,-0.05153975074699721,0.1814157923458458,0.17394063299128365
LIV,preprocess_Reading175.dat,50000,0.012956301226426001,0.18930212547140607,0.18885822451384554
LIV,preprocess_Reading176.dat,50000,0.120796989004368,0.24481463773421253,0.2129373013269688
LIV,preprocess_Reading177.dat,50000,0.089144013365584,0.22428078937967763,0.20580383224286153
LIV,preprocess_Reading178.dat,50000,0.093181655595246,0.22495074194037798,0.20474377978355163
LIV,preprocess_Reading179.dat,50000,0.10293123401339599,0.21580973276876586,0.18968131648163358
LIV,preprocess_Reading180.dat,50000,0.035021987620452,0.21198026369470876,0.20906719632498827
LIV,preprocess_Reading181.dat,50000,0.0045994399001,0.2166686980758578,0.21661987415399492
LIV,preprocess_Reading182.dat,50000,0.074235583149522,0.21651204429854543,0.20338766806467323
LIV,preprocess_Reading183.dat,50000,0.04473024559883999,0.20413380342887,0.19917282653766802
LIV,preprocess_Reading184.dat,50000,0.053444088404356195,0.2067903896004828,0.1997648483736486
LIV,preprocess_Reading185.dat,50000,0.064893001752066,0.22387950150071637,0.2142683586435842
LIV,preprocess_Reading186.dat,50000,0.06194459423098119,0.21431711662971203,0.205169914280902
LIV,preprocess_Reading187.dat,50000,0.08726889127315421,0.23411859944852287,0.217245619573082
LIV,preprocess_Reading188.dat,50000,0.0479166722745546,0.19222027926984636,0.1861521643191684
LIV,preprocess_Reading189.dat,50000,0.082447801752772,0.2166301265827899,0.20032716173652335
LIV,preprocess_Reading190.dat,50000,0.14205330857363999,0.2579500848443752,0.2153116434252978
LIV,preprocess_Reading191.dat,50000,0.142153857506144,0.26662166009102933,0.22556460366338352
LIV,preprocess_Reading192.dat,50000,0.114534353650466,0.23245045711544846,0.2022748052700853
LIV,preprocess_Reading193.dat,50000,0.10831477812139921,0.23791105675561183,0.21182440786435358
LIV,preprocess_Reading194.dat,50000,0.12106923422140821,0.22704103357279243,0.1920673617532236
LIV,preprocess_Reading195.dat,50000,0.009258451720578001,0.21049059271301426,0.21028687712839758
LIV,preprocess_Reading196.dat,50000,0.0488183010681,0.20442134044680013,0.19850656893637275
LIV,preprocess_Reading197.dat,50000,0.091993355413346,0.20677735653964135,0.18518665647750046
LIV,preprocess_Reading198.dat,50000,0.049267711427626,0.2204580777123066,0.2148824251521971
LIV,preprocess_Reading199.dat,50000,0.012630595256324,0.19245271076630108,0.1920377930116061
LIV,preprocess_Reading200.dat,50000,0.033230526621956,0.20037578782988053,0.19760108412878907
LIV,preprocess_Reading201.dat,50000,0.061284112675506,0.21797231407165493,0.2091797964319883
LIV,preprocess_Reading202.dat,50000,-0.025122953982302597,0.16638797525276897,0.16448038026439252
LIV,preprocess_Reading203.dat,50000,0.11276505149774799,0.23744094739213445,0.20895513073189806
LIV,preprocess_Reading204.dat,50000,0.039448980525766,0.19518533168123053,0.19115724322920571
LIV,preprocess_Reading205.dat,50000,0.039802960364418,0.19231847754112416,0.18815451403026304
LIV,preprocess_Reading206.dat,50000,0.054840248636880994,0.1866269311532775,0.17838766370221693
LIV,preprocess_Reading207.dat,50000,0.06236431123541201,0.20093490034755374,0.19101185005599525
LIV,preprocess_Reading208.dat,50000,0.041183254497024,0.19017030320704467,0.18565743661618478
LIV,preprocess_Reading209.dat,50000,0.026338588727941998,0.17151086828844694,0.1694764192590737
LIV,preprocess_Reading210.dat,50000,0.011318729402409999,0.17729097928260248,0.17692930141641097
LIV,preprocess_Reading211.dat,50000,0.02995993518969,0.1723462445745943,0.1697222151116213
LIV,preprocess_Reading212.dat,50000,0.0460367182074998,0.1829740431349364,0.1770878907148335
LIV,preprocess_Reading213.dat,50000,0.05092598961856,0.18127386916546054,0.17397344401829498
LIV,preprocess_Reading214.dat,50000,0.07407023044406981,0.20934811208510745,0.19580662142931
LIV,preprocess_Reading215.dat,50000,0.09112370989158601,0.20852003641374814,0.1875555253293939
LIV,preprocess_Reading216.dat,50000,0.0733535493654718,0.20561250183323662,0.19208268455436067
LIV,preprocess_Reading217.dat,50000,0.030890549624250998,0.17661937597477878,0.1738970325038123
LIV,preprocess_Reading218.dat,50000,0.04347662187641999,0.19901218993756212,0.1942051366312413
LIV,preprocess_Reading219.dat,50000,0.070245501854454,0.17738887746448137,0.16288764016132312
LIV,preprocess_Reading220.dat,50000,-0.04290232650432999,0.17049725456764128,0.16501122445342603
LIV,preprocess_Reading221.dat,50000,0.0639097042171762,0.1955629017844668,0.1848253182365286
LIV,preprocess_Reading222.dat,50000,0.07336893931792,0.19576221679734204,0.18149337252024633
LIV,preprocess_Reading223.dat,50000,-0.011519552048440001,0.17967348730508825,0.17930382584031773
LIV,preprocess_Reading224.dat,50000,0.018799477496128,0.17594031387850256,0.17493305489111707
LIV,preprocess_Reading225.dat,50000,0.0133052513945316,0.20278784545268475,0.20235088472420937
LOV,preprocess_Reading1.dat,50000,-0.0341231530605032,0.2042111482209322,0.20134001957614142
LOV,preprocess_Reading2.dat,50000,-0.04648089865036151,0.2084809990528938,0.20323349386050402
LOV,preprocess_Reading3.dat,50000,-0.0296363439861604,0.19777044728553805,0.19553730317935694
LOV,preprocess_Reading4.dat,50000,-0.0588503586075544,0.2018112526427381,0.19303993624375584
LOV,preprocess_Reading5.dat,50000,0.060348131261266,0.2178772963095787,0.20935285835269835
LOV,preprocess_Reading6.dat,50000,-0.0002876578271680001,0.20375226835268437,0.20375206529465847
LOV,preprocess_Reading7.dat,50000,-0.019638166533072,0.21713473587941992,0.21624485182460362
LOV,preprocess_Reading8.dat,50000,-0.023748742754782,0.20396763906472468,0.2025803420946983
LOV,preprocess_Reading9.dat,50000,-0.022963845011168004,0.2200802882274684,0.21887895076637368
LOV,preprocess_Reading10.dat,50000,-0.026793933963794,0.18684683225774507,0.18491572087710056
LOV,preprocess_Reading11.dat,50000,-0.0033117240256679997,0.2107247798572808,0.21069875493195794
LOV,preprocess_Reading12.dat,50000,0.018473120066808,0.21220950836613933,0.21140392445741363
LOV,preprocess_Reading13.dat,50000,-0.021736094076731997,0.21361551381029276,0.2125067762560122
LOV,preprocess_Reading14.dat,50000,0.0291985101775122,0.21845219663650553,0.21649205347709233
LOV,preprocess_Reading15.dat,50000,0.016802233367947998,0.20220819529924877,0.2015089060067275
LOV,preprocess_Reading16.dat,50000,0.0756829397607098,0.24120471753339773,0.22902359788795335
LOV,preprocess_Reading17.dat,50000,0.08384086415056602,0.23961786724655332,0.22447144986005055
LOV,preprocess_Reading18.dat,50000,0.029248102225274002,0.21426898999900745,0.21226339437457103
LOV,preprocess_Reading19.dat,50000,0.089204131324124,0.22355873450607477,0.2049905625356106
LOV,preprocess_Reading20.dat,50000,0.056105046763996,0.21202730855505317,0.20446956570773447
LOV,preprocess_Reading21.dat,50000,0.10378177027654122,0.2439919150863591,0.2208198333161591
LOV,preprocess_Reading22.dat,50000,0.060857529537239996,0.21932438369377794,0.21071199866471646
LOV,preprocess_Reading23.dat,50000,0.04308599352736,0.22355299733143272,0.21936166433000062
LOV,preprocess_Reading24.dat,50000,0.07215198659205,0.22168740943988058,0.20961726630930447
LOV,preprocess_Reading25.dat,50000,0.11912173098748001,0.2513276888401911,0.22130436142177215
LOV,preprocess_Reading26.dat,50000,0.0478836587081534,0.22464411336551282,0.21948150924052454
LOV,preprocess_Reading27.dat,50000,0.048861453127221996,0.22822969840396154,0.22293800400976846
LOV,preprocess_Reading28.dat,50000,0.043425747867563994,0.22858652955743905,0.22442371959589458
LOV,preprocess_Reading29.dat,50000,0.066131441250004,0.23956488646924123,0.23025630785543683
LOV,preprocess_Reading30.dat,50000,0.0730355882731374,0.2425786676220267,0.23132274603003153
LOV,preprocess_Reading31.dat,50000,0.081855229564996,0.24234115218990215,0.2280985651809128
LOV,preprocess_Reading32.dat,50000,0.12483025450179,0.25795209617343895,0.22573588877555428
LOV,preprocess_Reading33.dat,50000,0.08847646262674962,0.23360602255700139,0.21620288928679846
LOV,preprocess_Reading34.dat,50000,0.026289636770324,0.23636239584911883,0.2348958006649331
LOV,preprocess_Reading35.dat,50000,-0.006299074594326001,0.22825327712543114,0.22816634321861318
LOV,preprocess_Reading36.dat,50000,0.07304042846407201,0.22366225041291346,0.2113998535230183
LOV,preprocess_Reading37.dat,50000,0.05639603443129999,0.21788807291932463,0.21046305999134515
LOV,preprocess_Reading38.dat,50000,0.062992018526914,0.2359594742910085,0.22739586431945946
LOV,preprocess_Reading39.dat,50000,0.060065535484935796,0.23544805276882919,0.22765745540074303
LOV,preprocess_Reading40.dat,50000,-0.0261714468719998,0.2474471234690476,0.2460592088943882
LOV,preprocess_Reading41.dat,50000,-0.02394307395491,0.2195127275557253,0.21820304023671117
LOV,preprocess_Reading42.dat,50000,0.018376781399544,0.24767443283547638,0.24699173788968787
LOV,preprocess_Reading43.dat,50000,0.07299762030945399,0.2580376190324139,0.24749699041619466
LOV,preprocess_Reading44.dat,50000,-0.030208552785762,0.232957492718002,0.23099055554729458
LOV,preprocess_Reading45.dat,50000,-0.016231702164286,0.22096803894454917,0.22037106452492738
LOV,preprocess_Reading46.dat,50000,0.01385288831284,0.2548360431670323,0.25445924306737516
LOV,preprocess_Reading47.dat,50000,0.0714062398184952,0.2537317254863401,0.2434767698020881
LOV,preprocess_Reading48.dat,50000,0.00029436130335600024,0.260205822475798,0.26020565597567163
LOV,preprocess_Reading49.dat,50000,0.012628424144142,0.263833322330446,0.2635309182535451
LOV,preprocess_Reading50.dat,50000,0.009711786634374,0.2458179049657275,0.24562598315753942
LOV,preprocess_Reading51.dat,50000,0.006378859771351399,0.23005861401612085,0.2299701633495874
LOV,preprocess_Reading52.dat,50000,0.0268098635366,0.25610107592463977,0.25469391886518805
LOV,preprocess_Reading53.dat,50000,0.025910247343869996,0.2419611626764081,0.2405698720253613
LOV,preprocess_Reading54.dat,50000,-0.040830518956834,0.24574786087056397,0.24233216840562807
LOV,preprocess_Reading55.dat,50000,-0.010779337328479998,0.257746389554105,0.25752088694887504
LOV,preprocess_Reading56.dat,50000,0.031985667744124,0.25425849791566796,0.25223857916919495
LOV,preprocess_Reading57.dat,50000,0.045237319036096,0.2523073536583588,0.24821882619275804
LOV,preprocess_Reading58.dat,50000,-0.005928681974318001,0.2515544024128867,0.2514845285566329
LOV,preprocess_Reading59.dat,50000,0.11646746750261998,0.23678582973774762,0.20616221326450623
LOV,preprocess_Reading60.dat,50000,0.044013924137024006,0.24596924706239776,0.24199926649166348
LOV,preprocess_Reading61.dat,50000,0.017453088098686,0.2313493720184465,0.23069009872369697
LOV,preprocess_Reading62.dat,50000,0.047799614978252004,0.25984797573274454,0.2554137179172956
LOV,preprocess_Reading63.dat,50000,0.0204640718210356,0.22739881295301642,0.226476139796104
LOV,preprocess_Reading64.dat,50000,0.02427874972315,0.2630024329717349,0.2618794036592656
LOV,preprocess_Reading65.dat,50000,0.028785007350328,0.247908326924337,0.24623152095185846
LOV,preprocess_Reading66.dat,50000,-0.07571898493422,0.24864995806735424,0.2368405306686936
LOV,preprocess_Reading67.dat,50000,0.01494799631436,0.2607833890792238,0.2603546301217471
LOV,preprocess_Reading68.dat,50000,0.04833799270524,0.24646908776839527,0.24168253906025794
LOV,preprocess_Reading69.dat,50000,-0.035945153900436,0.23990762710709757,0.23719952667581812
LOV,preprocess_Reading70.dat,50000,0.023409217852915998,0.26025993150764126,0.259205016286099
LOV,preprocess_Reading71.dat,50000,0.0259323699352536,0.26362960751801634,0.2623510666066454
LOV,preprocess_Reading72.dat,50000,0.03596749139806,0.2560205564823234,0.253481488286717
LOV,preprocess_Reading73.dat,50000,-0.015325751469434,0.2519446839926462,0.25147812058716257
LOV,preprocess_Reading74.dat,50000,0.043153429097108,0.2456401400232177,0.24181989154696698
LOV,preprocess_Reading75.dat,50000,-0.034294034507660005,0.1883732956704488,0.18522531608539303
LOV,preprocess_Reading76.dat,50000,0.004858312407874,0.21790627990478537,0.21785211411067412
LOV,preprocess_Reading77.dat,50000,0.038508527739562794,0.20499299404187024,0.2013435394979972
LOV,preprocess_Reading78.dat,50000,-0.006216895100088,0.19859705625759205,0.19849972536377897
LOV,preprocess_Reading79.dat,50000,0.0376755540940338,0.19685212048280393,0.193213120574882
LOV,preprocess_Reading80.dat,50000,0.026666995873214,0.1779403648654405,0.17593079542690665
LOV,preprocess_Reading81.dat,50000,0.0064781365314560005,0.19432084612701597,0.19421283424789215
LOV,preprocess_Reading82.dat,50000,0.025009352329071997,0.2036980787850922,0.20215696771770686
LOV,preprocess_Reading83.dat,50000,0.029035732828972,0.17795719319871456,0.1755724603411628
LOV,preprocess_Reading84.dat,50000,-0.00561460201178,0.2159586484282344,0.21588565046153266
LOV,preprocess_Reading85.dat,50000,0.055374059685279996,0.21725317616450363,0.21007773815313202
LOV,preprocess_Reading86.dat,50000,0.031345969881198,0.20361220140219916,0.20118488693750516
LOV,preprocess_Reading87.dat,50000,0.0421552109987372,0.19692404787245324,0.19235908820776887
LOV,preprocess_Reading88.dat,50000,0.0009603483136799997,0.1989154620752335,0.19891314381840147
LOV,preprocess_Reading89.dat,50000,0.0692613609656,0.2179596315076679,0.20666219984349155
LOV,preprocess_Reading90.dat,50000,0.02814400558973,0.2128432819895714,0.21097435303244197
LOV,preprocess_Reading91.dat,50000,0.080647411757286,0.22891841180493433,0.21424199924418244
LOV,preprocess_Reading92.dat,50000,0.106337151380526,0.23201952674606618,0.20621704834407753
LOV,preprocess_Reading93.dat,50000,0.088159527798,0.22470621791653983,0.20669006272385024
LOV,preprocess_Reading94.dat,50000,0.06981285521776001,0.22242288010209876,0.21118262911342087
LOV,preprocess_Reading95.dat,50000,0.054626142383022,0.21646003303430952,0.2094538862603513
LOV,preprocess_Reading96.dat,50000,0.014595859994582,0.20019114402312432,0.19965834572164987
LOV,preprocess_Reading97.dat,50000,0.02934674350139,0.20623643992926727,0.20413779121113731
LOV,preprocess_Reading98.dat,50000,0.050359577765697994,0.2306617625348462,0.2250972270440984
LOV,preprocess_Reading99.dat,50000,0.044794243694160005,0.21510874075693734,0.21039307517573738
LOV,preprocess_Reading100.dat,50000,0.017780567980330002,0.21436161801648482,0.21362292639354563
LOV,preprocess_Reading101.dat,50000,0.058627525168163996,0.21672026890458868,0.2086396133209931
LOV,preprocess_Reading102.dat,50000,0.06111191275297,0.23571154757968016,0.22765163689743412
LOV,preprocess_Reading103.dat,50000,0.0350967124131288,0.22079850078519084,0.21799128130908826
LOV,preprocess_Reading104.dat,50000,-0.009986368645934001,0.21833483326213407,0.2181063315377878
LOV,preprocess_Reading105.dat,50000,0.030442559628534,0.21966176022741846,0.2175420406943702
LOV,preprocess_Reading106.dat,50000,-0.0009421468740636,0.22127949918309914,0.2212774934736718
LOV,preprocess_Reading107.dat,50000,0.054176370780308,0.20243299618731703,0.19504881131257606
LOV,preprocess_Reading108.dat,50000,-0.018685407767613998,0.22317232673258405,0.2223887203879577
LOV,preprocess_Reading109.dat,50000,-0.0056972147220879996,0.2320850258000054,0.23201508775292953
LOV,preprocess_Reading110.dat,50000,-0.026748674011978002,0.24233103869492986,0.2408502454920163
LOV,preprocess_Reading111.dat,50000,0.016478457684024003,0.21636566842045532,0.21573725432429663
LOV,preprocess_Reading112.dat,50000,-0.025147848957578604,0.2458639706050476,0.24457448299952825
LOV,preprocess_Reading113.dat,50000,0.10946695169520398,0.25826638689563847,0.2339198860436784
LOV,preprocess_Reading114.dat,50000,0.06780305746911999,0.22423895886302117,0.2137424994469067
LOV,preprocess_Reading115.dat,50000,0.0334861493463646,0.2116060190739324,0.2089396685894529
LOV,preprocess_Reading116.dat,50000,0.027870252424466002,0.2144760997640867,0.21265758016071518
LOV,preprocess_Reading117.dat,50000,0.07968912165535999,0.22696058221173673,0.21251058742492746
LOV,preprocess_Reading118.dat,50000,0.072574563453962,0.22870851117275287,0.21688825653392133
LOV,preprocess_Reading119.dat,50000,0.11058820734092,0.25459976069080725,0.2293279017933448
LOV,preprocess_Reading120.dat,50000,0.011403959661784,0.22836098229337648,0.22807605735374376
LOV,preprocess_Reading121.dat,50000,-0.038626664400828,0.25707180833747106,0.25415329122237085
LOV,preprocess_Reading122.dat,50000,0.055773276369976005,0.2458803354046042,0.23947125293370583
LOV,preprocess_Reading123.dat,50000,0.12936571115426002,0.25475002838201916,0.21945862876221597
LOV,preprocess_Reading124.dat,50000,0.059321768665094,0.22314375228474287,0.2151140672902629
LOV,preprocess_Reading125.dat,50000,0.039788995083036,0.22345101183599056,0.2198799457904475
LOV,preprocess_Reading126.dat,50000,0.0550921862606678,0.21169752392400332,0.20440325987756125
LOV,preprocess_Reading127.dat,50000,0.0008338778084199998,0.2351236874698736,0.23512220877073997
LOV,preprocess_Reading128.dat,50000,0.0136504958839,0.21631306764692476,0.2158819288336721
LOV,preprocess_Reading129.dat,50000,0.0292342181676392,0.22862838590509135,0.22675162475645957
LOV,preprocess_Reading130.dat,50000,0.0630241817973959,0.24360394876484484,0.2353100855522218
LOV,preprocess_Reading131.dat,50000,0.03680054654004,0.2478289905997183,0.2450814728942798
LOV,preprocess_Reading132.dat,50000,0.021879968916359998,0.25020010237161483,0.24924156592949273
LOV,preprocess_Reading133.dat,50000,0.013845393995892,0.24211808211704614,0.24172188720332136
LOV,preprocess_Reading134.dat,50000,0.032646887874892,0.2622224233997352,0.26018220547476767
LOV,preprocess_Reading135.dat,50000,0.042592334480584006,0.2551868644844985,0.25160729092958306
LOV,preprocess_Reading136.dat,50000,-0.05195064413488601,0.27123836430871756,0.2662167929467242
LOV,preprocess_Reading137.dat,50000,0.0057067833281800005,0.23075529161163114,0.23068471390799636
LOV,preprocess_Reading138.dat,50000,0.00766341626422,0.26510430177619115,0.26499351477234895
LOV,preprocess_Reading139.dat,50000,0.05447339031146001,0.2645867938796246,0.25891856102542027
LOV,preprocess_Reading140.dat,50000,-0.041478240886438,0.25949326020686847,0.256156802809834
LOV,preprocess_Reading141.dat,50000,0.06503077481624199,0.2562054617878437,0.24781492484659082
LOV,preprocess_Reading142.dat,50000,-0.002478870067098,0.23516484939621884,0.23515178416235064
LOV,preprocess_Reading143.dat,50000,-0.044069698148882,0.24149753165302784,0.2374424551329682
LOV,preprocess_Reading144.dat,50000,0.0561812080899,0.2545956636774947,0.2483196001546059
LOV,preprocess_Reading145.dat,50000,0.061472517416544595,0.24911477525455017,0.24141106199301984
LOV,preprocess_Reading146.dat,50000,-0.014086475337439999,0.2552103038317843,0.2548212518501535
LOV,preprocess_Reading147.dat,50000,-0.005544526953892,0.2716136446341518,0.27155704773086786
LOV,preprocess_Reading148.dat,50000,0.016404283866595402,0.23986806091286644,0.239306469024393
LOV,preprocess_Reading149.dat,50000,0.0167379147383774,0.23434196997143936,0.23374345145972708
LOV,preprocess_Reading150.dat,50000,0.058740268077024,0.2586260776416173,0.2518670858657939
LOV,preprocess_Reading151.dat,50000,-0.13675930419954,0.24656673070536891,0.20516346021061257
LOV,preprocess_Reading152.dat,50000,-0.026019698305419996,0.20293370826501986,0.20125870229703635
LOV,preprocess_Reading153.dat,50000,0.0290675417722906,0.17888815249858692,0.17651076205057248
LOV,preprocess_Reading154.dat,50000,0.09680791680193,0.20836309082463925,0.18450854956469487
LOV,preprocess_Reading155.dat,50000,0.173532875523634,0.25626567487748736,0.18856944936259695
LOV,preprocess_Reading156.dat,50000,0.150793506469188,0.2305251471126802,0.1743650247556826
LOV,preprocess_Reading157.dat,50000,0.11117915807739999,0.21741951812498342,0.18684336132413296
LOV,preprocess_Reading158.dat,50000,0.1351903864175,0.23565173405666973,0.19301631844018377
LOV,preprocess_Reading159.dat,50000,0.11357104732076001,0.22783055987176104,0.19750539542489917
LOV,preprocess_Reading160.dat,50000,0.08460810464271999,0.22196871747823504,0.2052110624885975
LOV,preprocess_Reading161.dat,50000,0.0568180116894468,0.21827698753577232,0.21075235902677245
LOV,preprocess_Reading162.dat,50000,0.10741484641064226,0.23196076259255802,0.2055914544748862
LOV,preprocess_Reading163.dat,50000,0.058719441792296004,0.19634385766299195,0.18735777965589367
LOV,preprocess_Reading164.dat,50000,0.046476373240415994,0.19873759659682974,0.19322675547527515
LOV,preprocess_Reading165.dat,50000,-0.013789785814491399,0.21557314438417272,0.21513163966945872
LOV,preprocess_Reading166.dat,50000,0.042716832263734,0.22589375151441757,0.2218180768436365
LOV,preprocess_Reading167.dat,50000,0.030345462732142,0.20236960923134434,0.2000815124693413
LOV,preprocess_Reading168.dat,50000,0.1006752203361158,0.24479103265999325,0.2231303423584977
LOV,preprocess_Reading169.dat,50000,0.10278406667472001,0.24341352898245552,0.22064809477876626
LOV,preprocess_Reading170.dat,50000,0.09370670613606,0.22565369465992727,0.20527699125524462
LOV,preprocess_Reading171.dat,50000,0.080629441842806,0.24592770420368001,0.23233451918087913
LOV,preprocess_Reading172.dat,50000,0.157093855619768,0.27948898641393505,0.2311614458624194
LOV,preprocess_Reading173.dat,50000,0.142169366122082,0.270263573314482,0.22984836392099417
LOV,preprocess_Reading174.dat,50000,0.085409012425694,0.2423454004887773,0.22679637063792166
LOV,preprocess_Reading175.dat,50000,0.11256453751368001,0.23514954951254421,0.20645710336601114
LOV,preprocess_Reading176.dat,50000,0.09411156487491859,0.23150259828627548,0.21150996754311752
LOV,preprocess_Reading177.dat,50000,0.12843906520287998,0.23850301117185202,0.20096540216627065
LOV,preprocess_Reading178.dat,50000,0.1366309922776646,0.24211990743695988,0.19988502076569611
LOV,preprocess_Reading179.dat,50000,0.14051336064078002,0.2393352737557415,0.19374562897048758
LOV,preprocess_Reading180.dat,50000,0.13558069603567602,0.22514631484041456,0.17974631553581485
LOV,preprocess_Reading181.dat,50000,0.031793366487736,0.20037192831732595,0.1978334943961212
LOV,preprocess_Reading182.dat,50000,0.098171759183432,0.22049132015141812,0.197430311656912
LOV,preprocess_Reading183.dat,50000,0.10147494770778,0.2099488749465225,0.18379707581736407
LOV,preprocess_Reading184.dat,50000,0.105850191365552,0.22240907482320812,0.19560555603456517
LOV,preprocess_Reading185.dat,50000,0.10714674002259199,0.23069147401455536,0.20429912453444182
LOV,preprocess_Reading186.dat,50000,0.069428319487796,0.2112443356473579,0.19950909201385816
LOV,preprocess_Reading187.dat,50000,0.086035271973576,0.22071961743767812,0.2032611165429035
LOV,preprocess_Reading188.dat,50000,0.10596452460068,0.22584419785170737,0.1994420247325849
LOV,preprocess_Reading189.dat,50000,0.03563568189553,0.21550490617964876,0.2125381442549544
LOV,preprocess_Reading190.dat,50000,0.106602136140432,0.23391813916769646,0.20821546628906942
LOV,preprocess_Reading191.dat,50000,0.04923280896857,0.2152163164727008,0.2095094112376387
LOV,preprocess_Reading192.dat,50000,0.03328759687794,0.20324220082121205,0.2004977009562495
LOV,preprocess_Reading193.dat,50000,0.06088580836892,0.22460860165689547,0.2161988489273916
LOV,preprocess_Reading194.dat,50000,0.025984898949476,0.21661128566559953,0.21504705090814308
LOV,preprocess_Reading195.dat,50000,0.08438176338719601,0.23296181582239364,0.21714263892412777
LOV,preprocess_Reading196.dat,50000,-0.018659950058686,0.23015891498004085,0.22940124761778655
LOV,preprocess_Reading197.dat,50000,0.045227470354198,0.21846386261071724,0.2137309879080581
LOV,preprocess_Reading198.dat,50000,0.08114877116137201,0.21522630642092988,0.19934201743384478
LOV,preprocess_Reading199.dat,50000,0.061651207623386,0.2240069283442294,0.21535605992122647
LOV,preprocess_Reading200.dat,50000,0.058015846139067996,0.2350912422336647,0.22782022248197287
LOV,preprocess_Reading201.dat,50000,0.053170196407892,0.2261820061955059,0.2198436493068882
LOV,preprocess_Reading202.dat,50000,-0.0025807530602439998,0.21911730601787116,0.21910210749824255
LOV,preprocess_Reading203.dat,50000,0.009042611540090001,0.21932709461408756,0.21914060693625897
LOV,preprocess_Reading204.dat,50000,0.0804146226065,0.23236973257901639,0.21801188290984913
LOV,preprocess_Reading205.dat,50000,0.03542866837262,0.2212714571081595,0.21841672826986258
LOV,preprocess_Reading206.dat,50000,-0.030152235961414,0.21442645673929572,0.2122958973138583
LOV,preprocess_Reading207.dat,50000,0.025720982781894,0.24391330212249634,0.24255335494903732
LOV,preprocess_Reading208.dat,50000,-0.0060526119464355994,0.22755532777136078,0.22747481857506185
LOV,preprocess_Reading209.dat,50000,-0.005831120581952,0.2595016665694719,0.25943614433053097
LOV,preprocess_Reading210.dat,50000,-0.03426864202238,0.23402695106793028,0.23150437144920916
LOV,preprocess_Reading211.dat,50000,0.0363385926922596,0.22115137361088363,0.2181454485684418
LOV,preprocess_Reading212.dat,50000,-0.058879258223819994,0.23692303872457957,0.2294902159777217
LOV,preprocess_Reading213.dat,50000,0.010685027850234001,0.2351114929270752,0.23486856811041756
LOV,preprocess_Reading214.dat,50000,0.049658499324796004,0.2181977189679722,0.2124718287388599
LOV,preprocess_Reading215.dat,50000,0.013665654987908001,0.23981605013042628,0.23942637234421482
LOV,preprocess_Reading216.dat,50000,0.024928162320382,0.22537060233989872,0.22398771198969256
LOV,preprocess_Reading217.dat,50000,0.0829634000786,0.26811504071545683,0.2549563674538238
LOV,preprocess_Reading218.dat,50000,0.067826290059686,0.2580626101720872,0.2489897691584335
LOV,preprocess_Reading219.dat,50000,-0.016049202394158,0.22945285936889337,0.2288908861773935
LOV,preprocess_Reading220.dat,50000,0.039345970492394,0.2120926701176082,0.20841112092119327
LOV,preprocess_Reading221.dat,50000,0.061379790561974006,0.25160316206827305,0.24400137801521093
LOV,preprocess_Reading222.dat,50000,0.0074810125608599995,0.2363457093757305,0.23622728206407811
LOV,preprocess_Reading223.dat,50000,0.072100718694612,0.27039834673940005,0.26060842711455295
LOV,preprocess_Reading224.dat,50000,0.00888146391749,0.21103962945980254,0.21085266135672337
LOV,preprocess_Reading225.dat,50000,0.060843343493556,0.2548388699201679,0.24746906306589803
NRV,preprocess_Reading1.dat,50000,-0.0109649460800234,0.18068252178527058,0.18034950411949283
NRV,preprocess_Reading2.dat,50000,-0.0016970011562165998,0.15827358660513904,0.15826448876463173
NRV,preprocess_Reading3.dat,50000,0.07007232926114,0.19087346829589683,0.17754590834830047
NRV,preprocess_Reading4.dat,50000,0.08534441291783999,0.1946210556913395,0.17491050998187813
NRV,preprocess_Reading5.dat,50000,-0.017447487641272002,0.18450086645317096,0.1836740452458607
NRV,preprocess_Reading6.dat,50000,0.041910177271600006,0.17883877177896673,0.17385868782569483
NRV,preprocess_Reading7.dat,50000,0.004818054974837361,0.17331813398969353,0.1732511527116885
NRV,preprocess_Reading8.dat,50000,-0.033649452616874,0.17177095496111688,0.16844279535450246
NRV,preprocess_Reading9.dat,50000,-0.077567635243752,0.18275248667112726,0.1654742679306145
NRV,preprocess_Reading10.dat,50000,-0.06020520150210001,0.18039418155038617,0.17005115244927105
NRV,preprocess_Reading11.dat,50000,-0.060454418587378,0.17377089228792975,0.16291588713138253
NRV,preprocess_Reading12.dat,50000,-0.018446860984168003,0.1902875000315653,0.18939125108645788
NRV,preprocess_Reading13.dat,50000,-0.09372671831129,0.199123020843512,0.1756851721245758
NRV,preprocess_Reading14.dat,50000,-0.055482812319774005,0.18753788852508702,0.1791427284863572
NRV,preprocess_Reading15.dat,50000,-0.117347112626996,0.20845147525585692,0.17228369828411
NRV,preprocess_Reading16.dat,50000,-0.0485301459448978,0.1992143542336788,0.19321279426401497
NRV,preprocess_Reading17.dat,50000,-0.03557853755055,0.19543403513047639,0.19216823294484545
NRV,preprocess_Reading18.dat,50000,0.0008416827415199998,0.1919271891358614,0.1919253435577369
NRV,preprocess_Reading19.dat,50000,0.050227459199952,0.16662595027382562,0.1588754532549713
NRV,preprocess_Reading20.dat,50000,-0.014102351437632,0.19822642472497687,0.1977241491148121
NRV,preprocess_Reading21.dat,50000,-0.009957785314027998,0.1737147010058183,0.17342906289656462
NRV,preprocess_Reading22.dat,50000,-0.029522047468647998,0.20790832633593878,0.20580165420392058
NRV,preprocess_Reading23.dat,50000,-0.003830150122934,0.21051321847138596,0.2104783720509479
NRV,preprocess_Reading24.dat,50000,0.004772795443011999,0.18481048089763333,0.18474884106070508
NRV,preprocess_Reading25.dat,50000,-0.012044434690523999,0.1869738984941296,0.18658555761654966
NRV,preprocess_Reading26.dat,50000,-0.04829192991895,0.21607966080670002,0.21061412421545178
NRV,preprocess_Reading27.dat,50000,-0.0030703620458278,0.20428184081077663,0.20425876569182297
NRV,preprocess_Reading28.dat,50000,0.053593856067843997,0.2202049476917454,0.21358351429757763
NRV,preprocess_Reading29.dat,50000,-0.00926308869038,0.1891494047938399,0.18892245107921415
NRV,preprocess_Reading30.dat,50000,0.09012646444763799,0.2031392173856707,0.18205153678623925
NRV,preprocess_Reading31.dat,50000,-0.09745823194536199,0.20269727338596516,0.17773035099326373
NRV,preprocess_Reading32.dat,50000,-0.062409426017924,0.2053247833330074,0.19561014849659442
NRV,preprocess_Reading33.dat,50000,0.002690800118922,0.18935840640895715,0.18933928718694332
NRV,preprocess_Reading34.dat,50000,-0.034202948979760006,0.1965472724092522,0.1935484140276141
NRV,preprocess_Reading35.dat,50000,-0.052396595830584,0.1876508300895213,0.1801872103637015
NRV,preprocess_Reading36.dat,50000,0.01585341146424966,0.19231203061877805,0.19165747171885322
NRV,preprocess_Reading37.dat,50000,-0.0168332372797526,0.18647227999767596,0.18571094025451276
NRV,preprocess_Reading38.dat,50000,0.02301066904688,0.19684340203731043,0.19549382096536244
NRV,preprocess_Reading39.dat,50000,-0.029763474369152,0.199153484527553,0.19691685045455892
NRV,preprocess_Reading40.dat,50000,0.006562012779574,0.1855953892452523,0.18547934789991422
NRV,preprocess_Reading41.dat,50000,-0.09159296997077021,0.20319611482774566,0.18138188700370272
NRV,preprocess_Reading42.dat,50000,-0.08290682593207,0.1903668347249106,0.17136507805574291
NRV,preprocess_Reading43.dat,50000,-0.005362304143118,0.18466153239680272,0.1845836591939062
NRV,preprocess_Reading44.dat,50000,-0.020181786149726,0.18677058493043935,0.18567699616017377
NRV,preprocess_Reading45.dat,50000,-0.028211560411537998,0.17598874339817402,0.17371282526634146
NRV,preprocess_Reading46.dat,50000,-0.0785275341830556,0.22285074415879572,0.20855666028026543
NRV,preprocess_Reading47.dat,50000,0.023807525045859996,0.17695495083944,0.1753461045412169
NRV,preprocess_Reading48.dat,50000,-0.06368702641288,0.2004189918609418,0.1900308789782371
NRV,preprocess_Reading49.dat,50000,0.08221181961083199,0.22078738917830615,0.20491043881766696
NRV,preprocess_Reading50.dat,50000,-0.053484549054944,0.20891398139422773,0.20195161458720015
NRV,preprocess_Reading51.dat,50000,-0.036875905746410004,0.21095465077636727,0.20770660138657357
NRV,preprocess_Reading52.dat,50000,-0.05137108262809801,0.20874864114906289,0.20232895752016658
NRV,preprocess_Reading53.dat,50000,0.006926691443689402,0.19933433904662567,0.19921395450318996
NRV,preprocess_Reading54.dat,50000,-0.038193117356476,0.1915420565104038,0.18769561848596567
NRV,preprocess_Reading55.dat,50000,-0.0849654986004306,0.19754214523709165,0.1783360961568141
NRV,preprocess_Reading56.dat,50000,-0.029728217879972,0.19785887853834336,0.1956128034616646
NRV,preprocess_Reading57.dat,50000,-0.0026878337154179997,0.18452323626937275,0.18450365924078854
NRV,preprocess_Reading58.dat,50000,-0.0830755878782,0.21189061782140622,0.19492583363789598
NRV,preprocess_Reading59.dat,50000,-0.02844932145061,0.17352337394550563,0.17117534114010594
NRV,preprocess_Reading60.dat,50000,0.0679692968443062,0.19659099728770446,0.18446732746224956
NRV,preprocess_Reading61.dat,50000,-0.020165042038274,0.17544514757168483,0.17428244571971357
NRV,preprocess_Reading62.dat,50000,0.026422771874966,0.19696780371975547,0.19518748122927257
NRV,preprocess_Reading63.dat,50000,0.043881125881944,0.20055014933425633,0.19569059555667334
NRV,preprocess_Reading64.dat,50000,-0.07087354560240801,0.2263151473901811,0.21493135292921503
NRV,preprocess_Reading65.dat,50000,-0.038355340597912,0.20916273346756517,0.20561594519696635
NRV,preprocess_Reading66.dat,50000,-0.047348126113179394,0.20514614572485607,0.19960735472255112
NRV,preprocess_Reading67.dat,50000,-0.05887252217794,0.2106381482286989,0.2022435552041728
NRV,preprocess_Reading68.dat,50000,-0.052785872987746,0.18855620523134828,0.1810168338695821
NRV,preprocess_Reading69.dat,50000,-0.054221312134618,0.17644377651558332,0.16790609155561165
NRV,preprocess_Reading70.dat,50000,-0.050757660763924,0.21155071847228873,0.20537128903504492
NRV,preprocess_Reading71.dat,50000,-0.000860256214192,0.1836149676756673,0.18361295246736353
NRV,preprocess_Reading72.dat,50000,0.01999431892821,0.21680243897127885,0.21587849534979653
NRV,preprocess_Reading73.dat,50000,0.007596969416608,0.19947442826729944,0.1993297107514309
NRV,preprocess_Reading74.dat,50000,-0.04292501295477201,0.2062839498635489,0.20176845946316735
NRV,preprocess_Reading75.dat,50000,0.008666548904386,0.22051289132453625,0.22034252011446775
NRV,preprocess_Reading76.dat,50000,0.06884534874861199,0.1714640233185086,0.15703575786505458
NRV,preprocess_Reading77.dat,50000,0.0018323561884405998,0.18690196112199728,0.18689297884630995
NRV,preprocess_Reading78.dat,50000,0.029761895303672,0.18169511246044198,0.1792410206396569
NRV,preprocess_Reading79.dat,50000,0.02808484169804,0.17543011221095423,0.17316745057066593
NRV,preprocess_Reading80.dat,50000,0.007462404981679999,0.1912046901668814,0.1910590119667285
NRV,preprocess_Reading81.dat,50000,-0.019645258174689203,0.15041885967467417,0.14913047031736715
NRV,preprocess_Reading82.dat,50000,0.013490339044328,0.1950617818598888,0.19459473141589398
NRV,preprocess_Reading83.dat,50000,-0.0271626261571576,0.19991519454898785,0.19806129544109863
NRV,preprocess_Reading84.dat,50000,0.03805480241635201,0.18851240315217813,0.18463141161585087
NRV,preprocess_Reading85.dat,50000,0.03994833937751,0.17280255477753728,0.1681215426964167
NRV,preprocess_Reading86.dat,50000,-0.022663868912152003,0.17392309812785847,0.1724401145566932
NRV,preprocess_Reading87.dat,50000,0.010521967921036003,0.18428067202642867,0.1839800377040424
NRV,preprocess_Reading88.dat,50000,0.001971645250746,0.1799664178465727,0.17995561721583578
NRV,preprocess_Reading89.dat,50000,0.021386296452836004,0.18355855061878582,0.18230844146473518
NRV,preprocess_Reading90.dat,50000,-0.044669564614706996,0.19032903097121828,0.18501289151725478
NRV,preprocess_Reading91.dat,50000,0.010330458586738001,0.1809520135913911,0.18065689261184217
NRV,preprocess_Reading92.dat,50000,0.012397280535388,0.18506523066347083,0.18464952487307015
NRV,preprocess_Reading93.dat,50000,0.006657247379171999,0.18013114877896266,0.18000808820095082
NRV,preprocess_Reading94.dat,50000,0.04495100796559,0.1955093104423331,0.19027164095711702
NRV,preprocess_Reading95.dat,50000,0.001594821658212,0.1896296475836712,0.18962294108726888
NRV,preprocess_Reading96.dat,50000,0.017014542343264,0.18543224294559268,0.18464999884289895
NRV,preprocess_Reading97.dat,50000,0.024115832118479997,0.1780204189079714,0.17637940976600106
NRV,preprocess_Reading98.dat,50000,0.012111890977857002,0.1890127998154067,0.18862433721818486
NRV,preprocess_Reading99.dat,50000,0.021438786673495996,0.19745764882312755,0.19629035000408424
NRV,preprocess_Reading100.dat,50000,0.024476754469135997,0.1709181787208597,0.16915647285254376
NRV,preprocess_Reading101.dat,50000,-0.0057666770274160005,0.19308444801876837,0.1929983147666682
NRV,preprocess_Reading102.dat,50000,-0.0061172504540002,0.1847063187934717,0.18460499302326205
NRV,preprocess_Reading103.dat,50000,0.039425944943493996,0.15987378914855419,0.15493619113050683
NRV,preprocess_Reading104.dat,50000,-0.0011660768518990002,0.17295116737783645,0.17294723635297518
NRV,preprocess_Reading105.dat,50000,-0.05419824118287601,0.18300084838711314,0.17479090698055771
NRV,preprocess_Reading106.dat,50000,0.045090667622072,0.19102367225156253,0.18562563145715683
NRV,preprocess_Reading107.dat,50000,-0.056190279855756,0.20014880908791477,0.19209944879942362
NRV,preprocess_Reading108.dat,50000,-0.045613857658214,0.20131344690899028,0.1960777394196369
NRV,preprocess_Reading109.dat,50000,-0.042520729828852,0.19536821479488098,0.190684888984315
NRV,preprocess_Reading110.dat,50000,-0.05414111634119001,0.17511765778875624,0.16653808450546578
NRV,preprocess_Reading111.dat,50000,-0.020010917047894,0.16742663028835494,0.16622647120304215
NRV,preprocess_Reading112.dat,50000,0.010887168277374001,0.18419567426516134,0.18387364135432124
NRV,preprocess_Reading113.dat,50000,-0.031912067039922,0.17303627957561257,0.17006814524363192
NRV,preprocess_Reading114.dat,50000,-0.0878103058992118,0.1870983894311662,0.1652124617140704
NRV,preprocess_Reading115.dat,50000,0.033121889625002,0.19638047216469198,0.19356712085293967
NRV,preprocess_Reading116.dat,50000,-0.0249546375435326,0.1973419635296263,0.19575780095515805
NRV,preprocess_Reading117.dat,50000,-0.0481446597192594,0.18848280798405564,0.1822302407562233
NRV,preprocess_Reading118.dat,50000,-0.069827498267502,0.19768257614453502,0.18493923703974202
NRV,preprocess_Reading119.dat,50000,0.02707794680488,0.1777598615204882,0.17568538119210497
NRV,preprocess_Reading120.dat,50000,-0.077036179159516,0.2010371083047792,0.18569153458370274
NRV,preprocess_Reading121.dat,50000,-0.02488739184323,0.18935284855496262,0.18771019946481368
NRV,preprocess_Reading122.dat,50000,-0.028986367309924,0.19167938912629007,0.18947500818314245
NRV,preprocess_Reading123.dat,50000,-0.010950612007080399,0.1981462671922352,0.19784344138456306
NRV,preprocess_Reading124.dat,50000,-0.007191352187492,0.1964170513176229,0.19628535987695356
NRV,preprocess_Reading125.dat,50000,0.047986354191562004,0.19917798831970907,0.19331109860142048
NRV,preprocess_Reading126.dat,50000,0.0513724134123541,0.21070015352289204,0.2043414540291824
NRV,preprocess_Reading127.dat,50000,-0.042633008007731996,0.20896534833092048,0.20457014305923435
NRV,preprocess_Reading128.dat,50000,-0.03888839456473,0.19993448910848582,0.19611601847694418
NRV,preprocess_Reading129.dat,50000,-0.04586959740796459,0.19154866436057674,0.18597545766028412
NRV,preprocess_Reading130.dat,50000,0.01467140510316,0.20196866391074378,0.20143507905573435
NRV,preprocess_Reading131.dat,50000,0.0149777942337784,0.2024041489270124,0.20184921397607375
NRV,preprocess_Reading132.dat,50000,0.043996103706828,0.18581871199515065,0.18053513947748448
NRV,preprocess_Reading133.dat,50000,0.0326575392738524,0.20782759221993344,0.20524568988534628
NRV,preprocess_Reading134.dat,50000,-0.008091664277514002,0.20146304754816266,0.2013004831007945
NRV,preprocess_Reading135.dat,50000,0.021757123439662,0.1774942491369822,0.1761557153666392
NRV,preprocess_Reading136.dat,50000,0.030868506278904,0.19969595335395315,0.1972957402126399
NRV,preprocess_Reading137.dat,50000,0.035596950367478,0.17080136164228046,0.16705077750011338
NRV,preprocess_Reading138.dat,50000,-0.0009071249915360003,0.18263197260414227,0.18262971976523945
NRV,preprocess_Reading139.dat,50000,-0.009270414187296,0.19866100424743052,0.1984445867979109
NRV,preprocess_Reading140.dat,50000,-0.02645898739823,0.19002189498080216,0.18817078029799236
NRV,preprocess_Reading141.dat,50000,-0.060761178191486,0.18695424351184722,0.17680488791848925
NRV,preprocess_Reading142.dat,50000,-0.026784508423770004,0.21036375224268583,0.20865161961058223
NRV,preprocess_Reading143.dat,50000,-0.04969144725035719,0.19810263337429607,0.1917691670211761
NRV,preprocess_Reading144.dat,50000,-0.0197509659658106,0.17965486054660468,0.1785658653310799
NRV,preprocess_Reading145.dat,50000,-0.04690037969838,0.18819785041117382,0.18226021311173304
NRV,preprocess_Reading146.dat,50000,-0.061011020332439804,0.18544546066801204,0.17512188407039772
NRV,preprocess_Reading147.dat,50000,-0.033313161850324,0.19450680153542,0.19163279753495585
NRV,preprocess_Reading148.dat,50000,-0.07895057736257201,0.19666631482663627,0.1801234180266579
NRV,preprocess_Reading149.dat,50000,-0.069512979109518,0.20442027605372087,0.1922383806558908
NRV,preprocess_Reading150.dat,50000,-0.08959830129194,0.20311582852056703,0.18228599562554207
NRV,preprocess_Reading151.dat,50000,-0.023787352553022,0.16711619276708342,0.16541458141132306
NRV,preprocess_Reading152.dat,50000,0.122884429178514,0.21807049365315526,0.1801503740423583
NRV,preprocess_Reading153.dat,50000,0.024585859772348,0.16390781138495736,0.16205340518563996
NRV,preprocess_Reading154.dat,50000,0.096593500783656,0.18516094445394546,0.15796920889032434
NRV,preprocess_Reading155.dat,50000,0.077287483822198,0.18377228321843067,0.16673001206665997
NRV,preprocess_Reading156.dat,50000,0.057600745675804,0.1822638926027548,0.17292275918542324
NRV,preprocess_Reading157.dat,50000,-0.007851822227417999,0.1830197554794471,0.18285125042904582
NRV,preprocess_Reading158.dat,50000,-0.014607670106486,0.19222691485601098,0.1916710796367573
NRV,preprocess_Reading159.dat,50000,0.02224106535982,0.1797011388265824,0.17831947259688397
NRV,preprocess_Reading160.dat,50000,0.0578728050882158,0.19229245162550346,0.18337700342018892
NRV,preprocess_Reading161.dat,50000,0.0458823896438628,0.21114691170358935,0.20610149112156395
NRV,preprocess_Reading162.dat,50000,-0.0621651884094222,0.19338063800639704,0.18311624861213768
NRV,preprocess_Reading163.dat,50000,-0.023653797263574,0.18695070973248157,0.18544828320718504
NRV,preprocess_Reading164.dat,50000,0.0203073486037706,0.1931456565183175,0.19207513171823368
NRV,preprocess_Reading165.dat,50000,-0.035460488817726,0.19287433503608,0.1895865576680424
NRV,preprocess_Reading166.dat,50000,-0.00374763628994,0.20024126999308953,0.20020619728341005
NRV,preprocess_Reading167.dat,50000,-0.017088545897483,0.19562152249845452,0.19487370695843748
NRV,preprocess_Reading168.dat,50000,-0.001055351113384,0.1828259811972842,0.18282293519899848
NRV,preprocess_Reading169.dat,50000,0.015494703397983998,0.19093250331666362,0.1903027456170201
NRV,preprocess_Reading170.dat,50000,0.0105472829696798,0.18177122242082108,0.1814649611421365
NRV,preprocess_Reading171.dat,50000,0.0003705896350870001,0.19089114087483944,0.19089078114937916
NRV,preprocess_Reading172.dat,50000,0.05121481467224001,0.18620540086692905,0.17902372488053603
NRV,preprocess_Reading173.dat,50000,-0.034606093194662,0.18924991146119038,0.18605898876934368
NRV,preprocess_Reading174.dat,50000,-0.046137315949585,0.21454848498634663,0.20952899676871642
NRV,preprocess_Reading175.dat,50000,-0.0009000110623968001,0.19146518023513778,0.19146306490433437
NRV,preprocess_Reading176.dat,50000,0.033367909385464,0.1901343660637574,0.18718349227886083
NRV,preprocess_Reading177.dat,50000,-0.052908505183540004,0.16637952936259898,0.1577429487177264
NRV,preprocess_Reading178.dat,50000,0.023357280266062003,0.19400925513988557,0.19259810107710265
NRV,preprocess_Reading179.dat,50000,0.100419049193926,0.22418550948436025,0.20043741472527044
NRV,preprocess_Reading180.dat,50000,0.077121858493786,0.20357722968809303,0.18840357584171016
NRV,preprocess_Reading181.dat,50000,-0.03238041417776,0.20495505082919438,0.20238103082570352
NRV,preprocess_Reading182.dat,50000,0.068239869899862,0.19154554712766014,0.1789776991149584
NRV,preprocess_Reading183.dat,50000,-0.024820082452360004,0.19456558501135987,0.19297598394067267
NRV,preprocess_Reading184.dat,50000,0.049137739351736,0.18864835390774187,0.18213644337007762
NRV,preprocess_Reading185.dat,50000,0.006686228274136,0.16464693714154888,0.16451111896026754
NRV,preprocess_Reading186.dat,50000,0.0392156695035378,0.18618991120032383,0.18201322561334318
NRV,preprocess_Reading187.dat,50000,-0.013682228285602,0.1725006921658389,0.17195721975780542
NRV,preprocess_Reading188.dat,50000,-0.015887235587022,0.1947421033308244,0.19409297399729838
NRV,preprocess_Reading189.dat,50000,0.03852063979506472,0.20597421372173907,0.20234015179412
NRV,preprocess_Reading190.dat,50000,0.069918205955178,0.22232402431327072,0.21104363592124054
NRV,preprocess_Reading191.dat,50000,0.04517767673278,0.20296066163408724,0.19786866274368684
NRV,preprocess_Reading192.dat,50000,0.07851209535690801,0.2113829004706876,0.19626151302297762
NRV,preprocess_Reading193.dat,50000,0.032408853106734,0.2043838901385832,0.20179801978336306
NRV,preprocess_Reading194.dat,50000,0.0326353176455234,0.2109851075892258,0.20844580030936813
NRV,preprocess_Reading195.dat,50000,0.111097654514006,0.23933471530868958,0.2119868324056427
NRV,preprocess_Reading196.dat,50000,0.031623055175036,0.19117362973757815,0.18854001985901364
NRV,preprocess_Reading197.dat,50000,-0.029702446078832,0.2122562585654705,0.21016775203904603
NRV,preprocess_Reading198.dat,50000,0.060437924701878,0.20065451341958318,0.19133606825002913
NRV,preprocess_Reading199.dat,50000,0.021233492026206,0.17677599160550142,0.17549612538310172
NRV,preprocess_Reading200.dat,50000,0.0036171479904546005,0.1777503117869666,0.1777135042161371
NRV,preprocess_Reading201.dat,50000,0.014779971304778,0.17719847118443233,0.17658100305052646
NRV,preprocess_Reading202.dat,50000,0.0344341973961394,0.20410681307300307,0.20118120486889804
NRV,preprocess_Reading203.dat,50000,0.004505020791252001,0.19888429578021435,0.198833266571925
NRV,preprocess_Reading204.dat,50000,0.042524068387299996,0.1785633117107191,0.17342594931812155
NRV,preprocess_Reading205.dat,50000,-0.05972106445285999,0.17401162753408142,0.1634424699326256
NRV,preprocess_Reading206.dat,50000,-0.037314169630346,0.18908254170637648,0.1853641290081265
NRV,preprocess_Reading207.dat,50000,-0.0017903838188679999,0.17787374946653806,0.17786473870631547
NRV,preprocess_Reading208.dat,50000,-0.0247351715088204,0.17738935167867545,0.1756563502393524
NRV,preprocess_Reading209.dat,50000,0.006136998902448,0.2065930861399691,0.20650191399913959
NRV,preprocess_Reading210.dat,50000,-0.09570173294137399,0.22089122671692124,0.1990831794816534
NRV,preprocess_Reading211.dat,50000,0.020642923031636,0.19377313175273664,0.19267043446770288
NRV,preprocess_Reading212.dat,50000,-0.04115352931985801,0.1940305183503445,0.1896160042713245
NRV,preprocess_Reading213.dat,50000,-0.005698495191771999,0.19877500119963454,0.19869330198691668
NRV,preprocess_Reading214.dat,50000,-0.049642077591714004,0.2070569441694699,0.20101801476777453
NRV,preprocess_Reading215.dat,50000,-0.12086450829694,0.21919260908946978,0.18285833454778053
NRV,preprocess_Reading216.dat,50000,-0.034674999209766,0.21125270771482393,0.20838750189646105
NRV,preprocess_Reading217.dat,50000,-0.013342143008041998,0.18963617146536313,0.18916623575044664
NRV,preprocess_Reading218.dat,50000,-0.03614161195599799,0.20516149067216913,0.20195301716005287
NRV,preprocess_Reading219.dat,50000,-0.0255814245929168,0.1840867266594899,0.18230061340544815
NRV,preprocess_Reading220.dat,50000,-0.010048561412624002,0.2161913739277129,0.21595771941352063
NRV,preprocess_Reading221.dat,50000,-0.032401655856702,0.2029655042223845,0.20036249300203526
NRV,preprocess_Reading222.dat,50000,-0.046880818261148,0.19344359913742215,0.18767688969717314
NRV,preprocess_Reading223.dat,50000,0.011056631037488,0.19508282785021694,0.194769249708824
NRV,preprocess_Reading224.dat,50000,0.005728820249188,0.2122800303198533,0.21220271414652153
NRV,preprocess_Reading225.dat,50000,0.0038218592744399997,0.20661400082672965,0.206578650226286
Piston,preprocess_Reading1.dat,50000,-0.023449562370088,0.2529515555467473,0.2518622787917447
Piston,preprocess_Reading2.dat,50000,-0.039789453559438,0.22077448523591856,0.2171593256496855
Piston,preprocess_Reading3.dat,50000,-0.039013378208898,0.22217747151585499,0.21872536471545323
Piston,preprocess_Reading4.dat,50000,-0.008364221436380001,0.22170827038432203,0.2215504388543856
Piston,preprocess_Reading5.dat,50000,-0.043199749420389996,0.22672935267639313,0.2225757871267038
Piston,preprocess_Reading6.dat,50000,0.009289550095368,0.23628992672676877,0.2361072504849595
Piston,preprocess_Reading7.dat,50000,0.006722417710958,0.2482786236710985,0.2481875985462093
Piston,preprocess_Reading8.dat,50000,-0.0290956060862,0.2120054830531433,0.2099994536923211
Piston,preprocess_Reading9.dat,50000,0.011239982984172,0.2338167487854972,0.23354642963474273
Piston,preprocess_Reading10.dat,50000,-0.025085129788697997,0.2084982537975953,0.20698371457709092
Piston,preprocess_Reading11.dat,50000,0.04558611933280001,0.22073756253080695,0.2159791129628456
Piston,preprocess_Reading12.dat,50000,0.0132870328395194,0.2275444470716828,0.22715618008647573
Piston,preprocess_Reading13.dat,50000,0.07396499827398,0.22676517801053,0.2143633014031961
Piston,preprocess_Reading14.dat,50000,0.039099878013587996,0.22235995668069963,0.21889529431754612
Piston,preprocess_Reading15.dat,50000,0.05863384638904141,0.23163408176706413,0.2240902048142606
Piston,preprocess_Reading16.dat,50000,0.09361342208165,0.23965682262840793,0.22061713405469446
Piston,preprocess_Reading17.dat,50000,0.04843135019729199,0.21517394904097517,0.2096526476435617
Piston,preprocess_Reading18.dat,50000,-0.011075849064468,0.22469450309792177,0.22442135658159432
Piston,preprocess_Reading19.dat,50000,0.06647752018258,0.23239795684875314,0.22268711156654214
Piston,preprocess_Reading20.dat,50000,0.027577190229928,0.20567042479936115,0.20381320422428975
Piston,preprocess_Reading21.dat,50000,0.0010757237525479998,0.2202689485685973,0.22026632180595282
Piston,preprocess_Reading22.dat,50000,0.017806023275069,0.23280854449085234,0.23212661183732655
Piston,preprocess_Reading23.dat,50000,-0.027654252861251997,0.20643547468810014,0.20457479685529978
Piston,preprocess_Reading24.dat,50000,-0.02566640542063732,0.22734567815503637,0.22589221546692761
Piston,preprocess_Reading25.dat,50000,-0.051605468722576,0.2405960538530308,0.2349964610958508
Piston,preprocess_Reading26.dat,50000,0.083688407062568,0.24414477975246432,0.22935327336602204
Piston,preprocess_Reading27.dat,50000,0.025762869352468,0.22618317287808326,0.22471115294066862
Piston,preprocess_Reading28.dat,50000,0.013491315324863999,0.2366980470570502,0.23631324527293562
Piston,preprocess_Reading29.dat,50000,0.027915929913259998,0.1982187604653228,0.19624316002726558
Piston,preprocess_Reading30.dat,50000,-0.060119293546707996,0.22122910683234326,0.21290370652781296
Piston,preprocess_Reading31.dat,50000,-0.032130561242,0.20623166367624696,0.20371334305083386
Piston,preprocess_Reading32.dat,50000,-0.030841266765620004,0.23345128337637436,0.23140509496199105
Piston,preprocess_Reading33.dat,50000,-0.0487385182498,0.2270716034867441,0.22177932714492363
Piston,preprocess_Reading34.dat,50000,-0.037581087748386005,0.23644273908770372,0.23343699516345742
Piston,preprocess_Reading35.dat,50000,-0.070154987596102,0.24932276348138505,0.23924907127382009
Piston,preprocess_Reading36.dat,50000,-0.08594724301751906,0.23764858373914724,0.22156245343223208
Piston,preprocess_Reading37.dat,50000,0.009617111960156,0.21746322990485192,0.21725047184804067
Piston,preprocess_Reading38.dat,50000,-0.03009087183748,0.2142703899022113,0.21214697598812482
Piston,preprocess_Reading39.dat,50000,-0.008921562595150001,0.24240112750954462,0.24223689301747442
Piston,preprocess_Reading40.dat,50000,0.037336917844642,0.2151252314673152,0.21186037803168478
Piston,preprocess_Reading41.dat,50000,0.0369531854510872,0.1976833344513631,0.19419877137826344
Piston,preprocess_Reading42.dat,50000,0.070750097546352,0.216753101530993,0.204881260051979
Piston,preprocess_Reading43.dat,50000,-0.1060646937473206,0.2412027901462397,0.21663117669120954
Piston,preprocess_Reading44.dat,50000,-0.0143342381576768,0.24338287423019384,0.24296039406658312
Piston,preprocess_Reading45.dat,50000,-0.02006708933728,0.21797664020358565,0.21705097926517875
Piston,preprocess_Reading46.dat,50000,-0.049096168050166,0.228471360371166,0.2231338808711959
Piston,preprocess_Reading47.dat,50000,0.018135949238406,0.2253064291188187,0.22457531998751604
Piston,preprocess_Reading48.dat,50000,-0.0271184034179,0.20427273458437664,0.202464669240446
Piston,preprocess_Reading49.dat,50000,0.035355472188685996,0.2024379160735697,0.19932661751638864
Piston,preprocess_Reading50.dat,50000,0.077980895879874,0.2227891131188445,0.2086958763417561
Piston,preprocess_Reading51.dat,50000,0.070064998835094,0.19592569394271228,0.1829693238911147
Piston,preprocess_Reading52.dat,50000,0.1270105632306322,0.20718810668639392,0.1636924811349933
Piston,preprocess_Reading53.dat,50000,0.051096931093504,0.23129825257501493,0.22558365472055175
Piston,preprocess_Reading54.dat,50000,0.01924651922198,0.20007845657912496,0.19915059699866017
Piston,preprocess_Reading55.dat,50000,0.063137296849196,0.23996230773193944,0.2315072156080983
Piston,preprocess_Reading56.dat,50000,0.083074360541318,0.24515976016189922,0.2306554977087931
Piston,preprocess_Reading57.dat,50000,0.08548472735598199,0.2033541507314485,0.18451360927742455
Piston,preprocess_Reading58.dat,50000,0.11712417189444001,0.23783069522702016,0.2069912267469552
Piston,preprocess_Reading59.dat,50000,0.037379533629469996,0.23254191720267314,0.22951800304537817
Piston,preprocess_Reading60.dat,50000,0.021783231222980003,0.2225597356778593,0.221491143801473
Piston,preprocess_Reading61.dat,50000,0.08119179782304,0.2408305618893417,0.2267316729224187
Piston,preprocess_Reading62.dat,50000,0.024821884339402005,0.2154036351982094,0.2139686895656573
Piston,preprocess_Reading63.dat,50000,0.10558524848554629,0.23742189351877727,0.21265208869015853
Piston,preprocess_Reading64.dat,50000,0.031843535073769996,0.24343619488704196,0.2413445053343611
Piston,preprocess_Reading65.dat,50000,0.04662010213371999,0.22399717653044032,0.21909199248409506
Piston,preprocess_Reading66.dat,50000,0.031202346366921402,0.23472152951320885,0.23263836742510646
Piston,preprocess_Reading67.dat,50000,0.013060575825999999,0.24410290396426065,0.24375325450725446
Piston,preprocess_Reading68.dat,50000,0.031577404495346,0.21322123028611745,0.2108700087021927
Piston,preprocess_Reading69.dat,50000,0.038681510081474,0.21128010575873046,0.20770898841224267
Piston,preprocess_Reading70.dat,50000,0.023945784805508002,0.23019463901220286,0.22894578227171317
Piston,preprocess_Reading71.dat,50000,0.051041629947279996,0.2607242893359219,0.2556793051110051
Piston,preprocess_Reading72.dat,50000,0.0429410001259958,0.2479818096103882,0.24423564114564045
Piston,preprocess_Reading73.dat,50000,0.025649998355847997,0.2463660778383917,0.245027186030076
Piston,preprocess_Reading74.dat,50000,0.09331934539809202,0.25090353979548435,0.23290359820401185
Piston,preprocess_Reading75.dat,50000,0.08004264996485401,0.23923238219105833,0.2254446869531692
Piston,preprocess_Reading76.dat,50000,-0.04834067933114,0.25864087181589296,0.2540832133288011
Piston,preprocess_Reading77.dat,50000,-0.026913307492778003,0.23312698427620704,0.23156827217371134
Piston,preprocess_Reading78.dat,50000,-0.006192849129773999,0.25236244108280437,0.25228644491713725
Piston,preprocess_Reading79.dat,50000,-0.0070327978544,0.2611548444838224,0.2610601320610036
Piston,preprocess_Reading80.dat,50000,-0.0110375855637068,0.25783178836209586,0.25759542463894897
Piston,preprocess_Reading81.dat,50000,-0.017955923925868002,0.25553417610694695,0.2549025303025151
Piston,preprocess_Reading82.dat,50000,-0.004881552897299999,0.2513259591738042,0.2512785470268871
Piston,preprocess_Reading83.dat,50000,-0.025788380012101996,0.20555354939942777,0.2039294513478973
Piston,preprocess_Reading84.dat,50000,0.006054431867514,0.23675065574890236,0.23667322800075405
Piston,preprocess_Reading85.dat,50000,0.009739456086214,0.2390767876848028,0.23887832343021204
Piston,preprocess_Reading86.dat,50000,0.002210683290252,0.2430515743216046,0.24304152044373134
Piston,preprocess_Reading87.dat,50000,0.07462702743956001,0.24402477931324207,0.2323335957075766
Piston,preprocess_Reading88.dat,50000,-0.014133123183674002,0.23259677692971267,0.2321669990915281
Piston,preprocess_Reading89.dat,50000,0.06581316566801,0.23091398855707215,0.2213366154437415
Piston,preprocess_Reading90.dat,50000,0.029680213275263996,0.21098690854956567,0.20888887121921462
Piston,preprocess_Reading91.dat,50000,0.02523802692531276,0.21375631362055852,0.21226116839772594
Piston,preprocess_Reading92.dat,50000,-0.04230000866738,0.237776603292333,0.2339838078585334
Piston,preprocess_Reading93.dat,50000,0.011650567502328,0.2563815494577556,0.25611669836079276
Piston,preprocess_Reading94.dat,50000,0.035874776697728004,0.24235867199731329,0.2396888113558692
Piston,preprocess_Reading95.dat,50000,-0.053012812699531994,0.23827269738193377,0.23230049506479086
Piston,preprocess_Reading96.dat,50000,-0.007635804873748,0.20436114023380275,0.20421843727144234
Piston,preprocess_Reading97.dat,50000,0.034397522338606,0.21804399607974098,0.21531371225118756
Piston,preprocess_Reading98.dat,50000,0.016838152368964,0.2592901585327113,0.2587428509866855
Piston,preprocess_Reading99.dat,50000,-0.038768787608586,0.21518122182086794,0.2116599615696883
Piston,preprocess_Reading100.dat,50000,0.0247880907904026,0.21087571227099022,0.20941374496618942
Piston,preprocess_Reading101.dat,50000,0.021543733305788,0.23473274800092953,0.2337420170600848
Piston,preprocess_Reading102.dat,50000,0.003676878657364,0.2369063014075414,0.23687776639005162
Piston,preprocess_Reading103.dat,50000,0.0636816570349844,0.2461823341439573,0.23780325523811838
Piston,preprocess_Reading104.dat,50000,-0.00893112539568,0.2383855949997002,0.23821823377425944
Piston,preprocess_Reading105.dat,50000,0.063536292966568,0.23508888416112164,0.22634028128503267
Piston,preprocess_Reading106.dat,50000,0.082591152364188,0.25250311281151083,0.2386137538589468
Piston,preprocess_Reading107.dat,50000,0.06987476064558,0.2235927214827046,0.21239402751670117
Piston,preprocess_Reading108.dat,50000,0.0717736985596516,0.22261176969950242,0.21072383871743738
Piston,preprocess_Reading109.dat,50000,0.009641440230772,0.23320854592192317,0.23300915973689576
Piston,preprocess_Reading110.dat,50000,-0.0022873132728559995,0.2027200697512602,0.20270716533449826
Piston,preprocess_Reading111.dat,50000,-0.004786410382664,0.20390266833766277,0.20384648250795898
Piston,preprocess_Reading112.dat,50000,0.06762489912047881,0.2094920184368513,0.1982770254156823
Piston,preprocess_Reading113.dat,50000,0.041379131622708,0.20394079758558617,0.1996988141827478
Piston,preprocess_Reading114.dat,50000,0.0236744233816922,0.1909704641315433,0.1894973346729749
Piston,preprocess_Reading115.dat,50000,0.084383843641186,0.2153058305344373,0.19808070979896986
Piston,preprocess_Reading116.dat,50000,0.042842925395176,0.2190612008741401,0.21483084851111056
Piston,preprocess_Reading117.dat,50000,0.00408861002756,0.18825980964418526,0.18821540637075226
Piston,preprocess_Reading118.dat,50000,0.120074838304952,0.24052260316275428,0.2084062279257206
Piston,preprocess_Reading119.dat,50000,0.0273932846005786,0.2510419196128553,0.24954288882214015
Piston,preprocess_Reading120.dat,50000,0.021950368880467995,0.22756596456402817,0.22650485543133045
Piston,preprocess_Reading121.dat,50000,0.050773728923670006,0.21548891890510244,0.20942182938288811
Piston,preprocess_Reading122.dat,50000,0.06373352589731,0.1942773438233148,0.1835258128976395
Piston,preprocess_Reading123.dat,50000,0.04888871823547,0.20018120116662938,0.19411956761183907
Piston,preprocess_Reading124.dat,50000,0.073377152567458,0.2192468759372345,0.20660345130062346
Piston,preprocess_Reading125.dat,50000,-0.013150527493162,0.23997907141277014,0.23961848497723837
Piston,preprocess_Reading126.dat,50000,0.012708116941152,0.20813276582909138,0.2077444390963989
Piston,preprocess_Reading127.dat,50000,0.053118011593874,0.22570931831847527,0.21936994602748996
Piston,preprocess_Reading128.dat,50000,0.009895693193058,0.25978959287146647,0.2596010551221839
Piston,preprocess_Reading129.dat,50000,0.029222172488300002,0.28153061728354456,0.2800099160799804
Piston,preprocess_Reading130.dat,50000,0.0018853780546060005,0.21329847036307392,0.213290137626704
Piston,preprocess_Reading131.dat,50000,0.007511230511852001,0.2464711964790715,0.24635671720093788
Piston,preprocess_Reading132.dat,50000,0.019561800693994002,0.2317031753056879,0.2308759350827773
Piston,preprocess_Reading133.dat,50000,0.012457346877664999,0.23904763063235535,0.2387228188081578
Piston,preprocess_Reading134.dat,50000,0.020507877408161998,0.25241805045064886,0.2515835828457773
Piston,preprocess_Reading135.dat,50000,0.01927788501954,0.24597570930233956,0.24521911164499893
Piston,preprocess_Reading136.dat,50000,-0.039039746339578,0.23442119559580127,0.23114756141976994
Piston,preprocess_Reading137.dat,50000,0.057134954724439996,0.25502128087485226,0.24853863009135319
Piston,preprocess_Reading138.dat,50000,0.06838241525768601,0.2548351519532077,0.24548889986013595
Piston,preprocess_Reading139.dat,50000,0.0600928676868468,0.2573368587611858,0.2502221135915961
Piston,preprocess_Reading140.dat,50000,-0.05042050225125,0.22893293408646184,0.22331157888064823
Piston,preprocess_Reading141.dat,50000,-0.004221017777078,0.23819341084657863,0.23815600764971814
Piston,preprocess_Reading142.dat,50000,0.049840201425880006,0.2370165791727615,0.2317170971779718
Piston,preprocess_Reading143.dat,50000,0.019107587560276,0.25207924474727217,0.2513540246942179
Piston,preprocess_Reading144.dat,50000,0.0426085097719,0.22550354336819894,0.2214415565485193
Piston,preprocess_Reading145.dat,50000,0.08600573100208639,0.26661514129809677,0.25236213623323306
Piston,preprocess_Reading146.dat,50000,-0.05552743424317439,0.24633422993371476,0.2399942851057212
Piston,preprocess_Reading147.dat,50000,0.053977438091859994,0.22947361672365615,0.22303492316064508
Piston,preprocess_Reading148.dat,50000,0.06982422582936,0.23032675486847393,0.21948802130315131
Piston,preprocess_Reading149.dat,50000,0.0541082165916194,0.2191221557462012,0.21233657253553107
Piston,preprocess_Reading150.dat,50000,0.030009946118806002,0.2427841566128805,0.24092229003596582
Piston,preprocess_Reading151.dat,50000,0.03799445893329362,0.26506365113784025,0.2623264383261606
Piston,preprocess_Reading152.dat,50000,0.030446382251609998,0.23632441549907168,0.23435495976993256
Piston,preprocess_Reading153.dat,50000,-0.00902872773056,0.21167366274403945,0.2114810194202893
Piston,preprocess_Reading154.dat,50000,-0.00888118375721288,0.25125038379346865,0.25109336895154344
Piston,preprocess_Reading155.dat,50000,-0.0051553743751999994,0.2257760827619441,0.22571721614086013
Piston,preprocess_Reading156.dat,50000,-0.0441285908452706,0.23335362134962703,0.2291431431812783
Piston,preprocess_Reading157.dat,50000,0.11198297555002,0.26161307637111614,0.23643437760893207
Piston,preprocess_Reading158.dat,50000,0.05551749737494201,0.24102868374478822,0.2345477219522041
Piston,preprocess_Reading159.dat,50000,0.00997622328541,0.2381698097709652,0.2379607809184055
Piston,preprocess_Reading160.dat,50000,-0.0062350884004572,0.2357301460214811,0.2356476722056623
Piston,preprocess_Reading161.dat,50000,-0.0634501285894408,0.22785393673952295,0.21884126135096632
Piston,preprocess_Reading162.dat,50000,-0.028648898789158,0.2261434758910678,0.22432144856491668
Piston,preprocess_Reading163.dat,50000,0.03583378217098,0.233504752528617,0.2307388339850347
Piston,preprocess_Reading164.dat,50000,-0.046983896525914,0.24308181753412147,0.23849797375016446
Piston,preprocess_Reading165.dat,50000,-0.042597482714276005,0.24390061590064202,0.24015196210549578
Piston,preprocess_Reading166.dat,50000,0.036923220562900004,0.2358369784147356,0.23292865038688548
Piston,preprocess_Reading167.dat,50000,0.041676942981080004,0.222581590464655,0.21864491038560036
Piston,preprocess_Reading168.dat,50000,-0.071311027983748,0.23956061107554538,0.22870072948460357
Piston,preprocess_Reading169.dat,50000,0.04319407168652,0.22993575373109748,0.22584225250166912
Piston,preprocess_Reading170.dat,50000,-0.03039170665645,0.23533225155662743,0.23336154950895419
Piston,preprocess_Reading171.dat,50000,-0.040922746878784,0.2094493331826395,0.20541263826392792
Piston,preprocess_Reading172.dat,50000,-0.035059855688739996,0.21817795651114993,0.2153425810806259
Piston,preprocess_Reading173.dat,50000,-0.025019184700918004,0.18893989302256445,0.1872760624646926
Piston,preprocess_Reading174.dat,50000,-0.004180844485948,0.19444402880407588,0.19439907632739567
Piston,preprocess_Reading175.dat,50000,-0.036300668687179995,0.21198937945222712,0.20885822572597887
Piston,preprocess_Reading176.dat,50000,-0.024732319423788004,0.2159172271942668,0.21449606377549293
Piston,preprocess_Reading177.dat,50000,-0.011040506546762599,0.18045196815830933,0.18011390847849137
Piston,preprocess_Reading178.dat,50000,-0.050133759294164,0.2278604587224849,0.22227684276202966
Piston,preprocess_Reading179.dat,50000,-0.019009484731554,0.23838313956948398,0.23762399020562908
Piston,preprocess_Reading180.dat,50000,0.021200678034282,0.21082285008060914,0.20975415458816954
Piston,preprocess_Reading181.dat,50000,-0.055683335687792004,0.2211357617598281,0.21401025969747367
Piston,preprocess_Reading182.dat,50000,-0.1011652139695018,0.21422584753411092,0.1888340891741029
Piston,preprocess_Reading183.dat,50000,-0.13072165787636,0.24426964957993078,0.20634803092823073
Piston,preprocess_Reading184.dat,50000,-0.07160562688436,0.19746790025428068,0.18402773114216336
Piston,preprocess_Reading185.dat,50000,-0.016732126761586,0.17819075097478915,0.17740343758505228
Piston,preprocess_Reading186.dat,50000,-0.0776112681754452,0.20860293203569838,0.19362766926782266
Piston,preprocess_Reading187.dat,50000,0.0070790384903599984,0.18918393036663547,0.18905143935717597
Piston,preprocess_Reading188.dat,50000,0.045355606180020006,0.17014948386072648,0.16399303596834391
Piston,preprocess_Reading189.dat,50000,0.05401317111053801,0.17873591460249164,0.17037929602910362
Piston,preprocess_Reading190.dat,50000,-0.022571054926217603,0.18863632228906316,0.18728109772815027
Piston,preprocess_Reading191.dat,50000,0.06478451573423599,0.18849980390648455,0.177017351109612
Piston,preprocess_Reading192.dat,50000,0.04452955536715201,0.20027017491504004,0.19525691193733574
Piston,preprocess_Reading193.dat,50000,0.04584952919921399,0.1859245082372622,0.18018252810824414
Piston,preprocess_Reading194.dat,50000,0.04706212851534,0.1762242728334027,0.1698238805211657
Piston,preprocess_Reading195.dat,50000,0.06440063518731799,0.20367544124497017,0.19322588738003837
Piston,preprocess_Reading196.dat,50000,0.0640421853266,0.25187577064416755,0.2435980343438483
Piston,preprocess_Reading197.dat,50000,0.051810353376972,0.26949166979004324,0.26446445388592205
Piston,preprocess_Reading198.dat,50000,0.01784648149548,0.22092529927125318,0.22020329460824214
Piston,preprocess_Reading199.dat,50000,0.027581931902487998,0.24102458445167696,0.23944119808969816
Piston,preprocess_Reading200.dat,50000,0.035974355055221605,0.2216696679072986,0.21873108477875955
Piston,preprocess_Reading201.dat,50000,0.041502467542552005,0.2341903144506113,0.2304835104087831
Piston,preprocess_Reading202.dat,50000,-0.0098744599513654,0.2028937855683956,0.20265335739371054
Piston,preprocess_Reading203.dat,50000,0.059242644235695995,0.259747712585369,0.2529015288551934
Piston,preprocess_Reading204.dat,50000,0.07388796596498,0.2389748524191725,0.22726537038080225
Piston,preprocess_Reading205.dat,50000,0.054167546470612,0.24225298131165526,0.23611942712055542
Piston,preprocess_Reading206.dat,50000,0.031019666173518,0.2377142698748646,0.23568168026519043
Piston,preprocess_Reading207.dat,50000,0.08792708799909,0.24530016526772713,0.2289999962366256
Piston,preprocess_Reading208.dat,50000,0.03627477440896,0.2481501625852057,0.24548450853901774
Piston,preprocess_Reading209.dat,50000,0.06823766412894,0.2396125416439128,0.22969064262020303
Piston,preprocess_Reading210.dat,50000,-0.031773464549942,0.25300898961420715,0.25100596761052424
Piston,preprocess_Reading211.dat,50000,0.0697462770589842,0.2408440438735033,0.23052399073795637
Piston,preprocess_Reading212.dat,50000,-0.022423441939142003,0.25942400608058863,0.25845309861269455
Piston,preprocess_Reading213.dat,50000,-0.04707527633436,0.25331816406610286,0.24890562589838075
Piston,preprocess_Reading214.dat,50000,0.0019032821304999995,0.2653089492891178,0.26530212228707745
Piston,preprocess_Reading215.dat,50000,0.023715799279809997,0.2521372721293263,0.2510194511613347
Piston,preprocess_Reading216.dat,50000,0.06511523160443002,0.22265918775145546,0.21292515234992634
Piston,preprocess_Reading217.dat,50000,-0.008862488433328,0.24496921867963453,0.2448088527796324
Piston,preprocess_Reading218.dat,50000,0.061692699188892,0.2417548885980182,0.23375080112767332
Piston,preprocess_Reading219.dat,50000,-0.00931559170008,0.22994826478903305,0.22975949214507912
Piston,preprocess_Reading220.dat,50000,0.014464700784737999,0.19895801897680232,0.19843151399508502
Piston,preprocess_Reading221.dat,50000,-0.016666496990454,0.23135451279316943,0.23075341485627465
Piston,preprocess_Reading222.dat,50000,0.02605501725604,0.2443362167328711,0.2429430445250903
Piston,preprocess_Reading223.dat,50000,0.0108041837206634,0.2402852370374335,0.2400422145212499
Piston,preprocess_Reading224.dat,50000,-0.04353007251004399,0.23387699163046308,0.22979029570759948
Piston,preprocess_Reading225.dat,50000,-0.0009627568067600001,0.23424938139753793,0.2342474029406948
Riderbelt,preprocess_Reading1.dat,50000,0.0040975724512200004,0.157474829948885,0.15742151049788988
Riderbelt,preprocess_Reading2.dat,50000,0.075567700321834,0.18031725683834463,0.16371877040148766
Riderbelt,preprocess_Reading3.dat,50000,-0.08197107699477801,0.18520439628345794,0.166076521335908
Riderbelt,preprocess_Reading4.dat,50000,0.0937471057888,0.18143503679675133,0.15533883202104373
Riderbelt,preprocess_Reading5.dat,50000,0.1087562779117118,0.20383557218954904,0.1723978320763674
Riderbelt,preprocess_Reading6.dat,50000,0.111588681779738,0.19219081788335118,0.15647771910828656
Riderbelt,preprocess_Reading7.dat,50000,0.008246033956727399,0.153260382745107,0.15303838682879922
Riderbelt,preprocess_Reading8.dat,50000,-0.029759462799002004,0.15772365087827087,0.1548906853890365
Riderbelt,preprocess_Reading9.dat,50000,0.000381238697368,0.15731561854241374,0.15731515659477271
Riderbelt,preprocess_Reading10.dat,50000,0.0070220905392932,0.15615872851442386,0.1560007651766475
Riderbelt,preprocess_Reading11.dat,50000,-0.0176393803678918,0.16384748278234487,0.16289521133031393
Riderbelt,preprocess_Reading12.dat,50000,0.0223062615750918,0.17093020445782955,0.1694684793421449
Riderbelt,preprocess_Reading13.dat,50000,-0.021013945370488,0.15561105446424947,0.15418564904504492
Riderbelt,preprocess_Reading14.dat,50000,-0.007246831679258,0.1660436299199704,0.16588541366742465
Riderbelt,preprocess_Reading15.dat,50000,0.013879580318600001,0.1777295071558223,0.17718672344177208
Riderbelt,preprocess_Reading16.dat,50000,-0.029765474602634002,0.18107060672541592,0.17860733787162883
Riderbelt,preprocess_Reading17.dat,50000,-0.039105491177382,0.17896801399221515,0.17464338118604272
Riderbelt,preprocess_Reading18.dat,50000,-0.0173607209516924,0.17209985350370602,0.17122197564575214
Riderbelt,preprocess_Reading19.dat,50000,-0.049693099528294,0.16218320340322245,0.15438260046197594
Riderbelt,preprocess_Reading20.dat,50000,0.054206160667922006,0.16378094585854938,0.15455060780198995
Riderbelt,preprocess_Reading21.dat,50000,-0.0382726563552436,0.18148904168802846,0.177407654931664
Riderbelt,preprocess_Reading22.dat,50000,0.032969800952832,0.17502588115351989,0.17189255742671555
Riderbelt,preprocess_Reading23.dat,50000,-0.02969874829554,0.1775912174652466,0.17509033345809433
Riderbelt,preprocess_Reading24.dat,50000,0.007930972701125999,0.1796793089870532,0.17950418867001108
Riderbelt,preprocess_Reading25.dat,50000,0.0282039376231588,0.17489531060764993,0.17260622113671142
Riderbelt,preprocess_Reading26.dat,50000,-0.080822035039968,0.19317723702168557,0.17545724138755484
Riderbelt,preprocess_Reading27.dat,50000,-0.0031449443727979997,0.18492060374965957,0.18489385878398074
Riderbelt,preprocess_Reading28.dat,50000,-0.004866411507424,0.16560167377062907,0.16553015554476552
Riderbelt,preprocess_Reading29.dat,50000,-0.03020246686534,0.18644462662665132,0.18398209095778714
Riderbelt,preprocess_Reading30.dat,50000,-0.018832272228836,0.18842477115053635,0.1874813054835895
Riderbelt,preprocess_Reading31.dat,50000,0.03547356705126,0.1995338939070035,0.19635529241237953
Riderbelt,preprocess_Reading32.dat,50000,-0.00038175733407260024,0.19738975199024733,0.19738938282518953
Riderbelt,preprocess_Reading33.dat,50000,-0.002258541273192,0.20390319185580397,0.2038906830639941
Riderbelt,preprocess_Reading34.dat,50000,-0.029373446981714,0.19311427278450857,0.1908672915025045
Riderbelt,preprocess_Reading35.dat,50000,0.0024572403293440003,0.20396331197295747,0.2039485096806099
Riderbelt,preprocess_Reading36.dat,50000,-0.00307595355039,0.20811298549222418,0.20809025263150255
Riderbelt,preprocess_Reading37.dat,50000,0.03612962627507,0.22081120958904496,0.21783535155112202
Riderbelt,preprocess_Reading38.dat,50000,0.002176735975474,0.20520112443803432,0.20518957890479408
Riderbelt,preprocess_Reading39.dat,50000,0.004637500202596,0.1876738463582135,0.18761654031230093
Riderbelt,preprocess_Reading40.dat,50000,-0.015411259209224001,0.19391581180504958,0.19330244477915307
Riderbelt,preprocess_Reading41.dat,50000,0.0500782042297894,0.20078520182234136,0.19443988976534074
Riderbelt,preprocess_Reading42.dat,50000,-0.027251765209677998,0.2012361243765627,0.19938234386990236
Riderbelt,preprocess_Reading43.dat,50000,-0.024635931272098004,0.20123227146089473,0.19971854687952165
Riderbelt,preprocess_Reading44.dat,50000,-0.061172862040528,0.19801132454734752,0.18832515922936457
Riderbelt,preprocess_Reading45.dat,50000,0.049898424008525996,0.21323469691853011,0.20731421381903065
Riderbelt,preprocess_Reading46.dat,50000,-0.030713685625422,0.21073520286861486,0.20848500004407752
Riderbelt,preprocess_Reading47.dat,50000,-0.018879291954394,0.2232685367280675,0.22246890081086207
Riderbelt,preprocess_Reading48.dat,50000,-0.067869428434728,0.21327626238602684,0.20218927959042907
Riderbelt,preprocess_Reading49.dat,50000,0.001808584062004,0.2275778141021711,0.2275706274878483
Riderbelt,preprocess_Reading50.dat,50000,0.0015119080962779999,0.22857202794388498,0.22856702757022623
Riderbelt,preprocess_Reading51.dat,50000,0.037477011414016,0.20601201258607432,0.20257448739966877
Riderbelt,preprocess_Reading52.dat,50000,0.022842234766924,0.21141406245570749,0.21017644519517054
Riderbelt,preprocess_Reading53.dat,50000,-0.0133414135099042,0.2288469071970628,0.22845768452651974
Riderbelt,preprocess_Reading54.dat,50000,0.029265849146236006,0.22137811411024516,0.21943513729746766
Riderbelt,preprocess_Reading55.dat,50000,-0.03550714208575,0.22631614302580932,0.2235133988265154
Riderbelt,preprocess_Reading56.dat,50000,-0.05312077061864,0.2031653204996826,0.1960977592493616
Riderbelt,preprocess_Reading57.dat,50000,-0.02597421097045,0.18102963597260827,0.17915655015889764
Riderbelt,preprocess_Reading58.dat,50000,-0.027226162542356002,0.14575386218908135,0.14318842277311017
Riderbelt,preprocess_Reading59.dat,50000,-0.03294397128157,0.21105143136857202,0.2084643888987329
Riderbelt,preprocess_Reading60.dat,50000,-0.07517214742032,0.23445000185724943,0.22207195145511271
Riderbelt,preprocess_Reading61.dat,50000,-0.019307691752738002,0.21445888810790636,0.2135879859160172
Riderbelt,preprocess_Reading62.dat,50000,0.06446353228747141,0.21725115716456106,0.20746690891407946
Riderbelt,preprocess_Reading63.dat,50000,-0.00821130774093,0.18021805339969318,0.1800308895616483
Riderbelt,preprocess_Reading64.dat,50000,-0.005405031308452001,0.1766449783169202,0.17656226664024186
Riderbelt,preprocess_Reading65.dat,50000,-0.0426044001233792,0.1990948251070126,0.194482941345813
Riderbelt,preprocess_Reading66.dat,50000,-0.00463450341428,0.20044901122273748,0.2003954277878519
Riderbelt,preprocess_Reading67.dat,50000,0.0381397322531398,0.18420215875670784,0.18021042176935884
Riderbelt,preprocess_Reading68.dat,50000,0.0041543260351202,0.19403738893305741,0.19399291193018497
Riderbelt,preprocess_Reading69.dat,50000,-0.0040273918655268,0.18300905521380295,0.18296473541371372
Riderbelt,preprocess_Reading70.dat,50000,-0.025212540806766,0.1884885538044536,0.18679470736977952
Riderbelt,preprocess_Reading71.dat,50000,-0.002878828449486,0.18037081351308568,0.1803478381188163
Riderbelt,preprocess_Reading72.dat,50000,-0.0006664226837440001,0.21821844933369874,0.21821743172902258
Riderbelt,preprocess_Reading73.dat,50000,-0.050764951633997996,0.20162491589786144,0.19512951185409536
Riderbelt,preprocess_Reading74.dat,50000,0.021855282922764,0.1876585108027182,0.18638149931004377
Riderbelt,preprocess_Reading75.dat,50000,0.046879574216414005,0.17826196167670083,0.17198730331659162
Riderbelt,preprocess_Reading76.dat,50000,-0.00217290778694,0.16455271171284977,0.1645383645348455
Riderbelt,preprocess_Reading77.dat,50000,0.012276754622592003,0.15768027003513418,0.15720161848495548
Riderbelt,preprocess_Reading78.dat,50000,0.10114805399321002,0.2006931139714385,0.1733401199057491
Riderbelt,preprocess_Reading79.dat,50000,0.0642698374463776,0.18444739197266755,0.17288790703844806
Riderbelt,preprocess_Reading80.dat,50000,0.00126731418963,0.16717294358118714,0.16716813984830825
Riderbelt,preprocess_Reading81.dat,50000,0.053468565264140004,0.18274067262530286,0.1747434289469636
Riderbelt,preprocess_Reading82.dat,50000,0.041104527445518,0.19688209598129497,0.19254344325753733
Riderbelt,preprocess_Reading83.dat,50000,0.0018419616119580001,0.19282997715763672,0.19282117951105573
Riderbelt,preprocess_Reading84.dat,50000,-0.0039548203883876,0.19755786986124158,0.19751828102686309
Riderbelt,preprocess_Reading85.dat,50000,0.014890913006212,0.19412301115219177,0.1935510376325464
Riderbelt,preprocess_Reading86.dat,50000,-0.0154197291832616,0.19643970608306602,0.19583357750374739
Riderbelt,preprocess_Reading87.dat,50000,0.00022646341456200006,0.19768471092637885,0.1976845812104926
Riderbelt,preprocess_Reading88.dat,50000,0.018757126480054398,0.1896524807606069,0.1887226368639004
Riderbelt,preprocess_Reading89.dat,50000,-0.04430830291597466,0.18983594807107496,0.1845926907348991
Riderbelt,preprocess_Reading90.dat,50000,0.035695824794744,0.1845649546929978,0.1810801772504414
Riderbelt,preprocess_Reading91.dat,50000,0.029204565641935996,0.18567974991603403,0.1833686529223215
Riderbelt,preprocess_Reading92.dat,50000,0.001201871546682,0.15905485775933614,0.1590503168234126
Riderbelt,preprocess_Reading93.dat,50000,0.007809130597778,0.1827429317585,0.18257600222098916
Riderbelt,preprocess_Reading94.dat,50000,-0.06763374327596,0.17583199591827467,0.16230393574736782
Riderbelt,preprocess_Reading95.dat,50000,-0.0033197931173192,0.19472798746524894,0.19469968689220934
Riderbelt,preprocess_Reading96.dat,50000,0.05135686716353799,0.18790184063982265,0.18074726529322654
Riderbelt,preprocess_Reading97.dat,50000,-0.030627276940188002,0.18108123250084013,0.17847235828343938
Riderbelt,preprocess_Reading98.dat,50000,-0.02593392645146,0.18075732124312271,0.17888722883928782
Riderbelt,preprocess_Reading99.dat,50000,-0.01955554347694,0.1779528094203829,0.17687504939908463
Riderbelt,preprocess_Reading100.dat,50000,0.0030234154205012,0.1731456381829846,0.17311923919942604
Riderbelt,preprocess_Reading101.dat,50000,0.055886020589788005,0.19206513671377376,0.1837546446855654
Riderbelt,preprocess_Reading102.dat,50000,0.036514947023042005,0.18955174021207388,0.18600140015959554
Riderbelt,preprocess_Reading103.dat,50000,0.037971371851438,0.19660526260394964,0.19290361376420045
Riderbelt,preprocess_Reading104.dat,50000,0.020023927542746,0.1893285920280907,0.18826672059900035
Riderbelt,preprocess_Reading105.dat,50000,0.029843095423814,0.19565632512334877,0.19336697550589835
Riderbelt,preprocess_Reading106.dat,50000,0.01509936952011,0.18440549094209177,0.18378627296315975
Riderbelt,preprocess_Reading107.dat,50000,0.025638947832422,0.17983900569847253,0.17800200090072463
Riderbelt,preprocess_Reading108.dat,50000,0.032007160126619805,0.19756529040070478,0.19495534276275614
Riderbelt,preprocess_Reading109.dat,50000,-0.050323981934559996,0.19537741681603685,0.18878514730761392
Riderbelt,preprocess_Reading110.dat,50000,0.039018334211224,0.18680744153634424,0.18268713640739978
Riderbelt,preprocess_Reading111.dat,50000,-0.0008979433448498,0.18679047099243565,0.18678831267326493
Riderbelt,preprocess_Reading112.dat,50000,-0.035310510520557996,0.1984112620219556,0.19524394163180245
Riderbelt,preprocess_Reading113.dat,50000,-0.0027346748487719996,0.19790347588951895,0.19788458081069604
Riderbelt,preprocess_Reading114.dat,50000,0.0481499725052098,0.2163271743052104,0.21090051325358225
Riderbelt,preprocess_Reading115.dat,50000,0.019797820465272,0.19900308487890336,0.19801584304329004
Riderbelt,preprocess_Reading116.dat,50000,0.050122827359894,0.20646382773497016,0.2002873294555242
Riderbelt,preprocess_Reading117.dat,50000,0.060878183660096875,0.2054583523736378,0.1962319579333026
Riderbelt,preprocess_Reading118.dat,50000,0.030380049753014,0.20567671856550546,0.2034206605457728
Riderbelt,preprocess_Reading119.dat,50000,0.04290076433195566,0.19339246181805173,0.188574040386742
Riderbelt,preprocess_Reading120.dat,50000,0.005232145707355601,0.21966461008293706,0.21960228954677538
Riderbelt,preprocess_Reading121.dat,50000,-0.027244223225596,0.2068785949966134,0.2050768279660252
Riderbelt,preprocess_Reading122.dat,50000,0.028955338774398195,0.21441803210932942,0.2124539499517419
Riderbelt,preprocess_Reading123.dat,50000,0.0085786925132448,0.1813188141345366,0.18111575965088691
Riderbelt,preprocess_Reading124.dat,50000,-0.010232070520672,0.24167910421684485,0.2414624073182336
Riderbelt,preprocess_Reading125.dat,50000,0.02516447051892,0.21410465970063502,0.2126206827404783
Riderbelt,preprocess_Reading126.dat,50000,0.0720301754151,0.23982081769050084,0.22874806759273478
Riderbelt,preprocess_Reading127.dat,50000,0.0180174211857,0.2111993850363275,0.21042944844659933
Riderbelt,preprocess_Reading128.dat,50000,0.04282546147446,0.2068589738540294,0.20237740712204408
Riderbelt,preprocess_Reading129.dat,50000,-0.065567448661836,0.2238260556430084,0.2140070392783485
Riderbelt,preprocess_Reading130.dat,50000,-0.00968577112644,0.2349993176291629,0.23479962760587675
Riderbelt,preprocess_Reading131.dat,50000,0.05593134845921,0.21705562138025852,0.20972559937285806
Riderbelt,preprocess_Reading132.dat,50000,0.003285537483854,0.19308946382547737,0.19306150906861919
Riderbelt,preprocess_Reading133.dat,50000,0.017435503222446,0.22057349408584337,0.219883308872269
Riderbelt,preprocess_Reading134.dat,50000,-0.007715755780666,0.20837289994045644,0.20822999914116264
Riderbelt,preprocess_Reading135.dat,50000,0.0308150196262,0.21177583787616566,0.20952193220183157
Riderbelt,preprocess_Reading136.dat,50000,-0.0688856953194646,0.22558029910501398,0.2148051031159676
Riderbelt,preprocess_Reading137.dat,50000,-0.005228504222928,0.21805431413519868,0.21799162061089128
Riderbelt,preprocess_Reading138.dat,50000,0.029574875233277998,0.22146446318445212,0.2194808310730429
Riderbelt,preprocess_Reading139.dat,50000,0.038068815458734,0.2116611469488078,0.2082095252798336
Riderbelt,preprocess_Reading140.dat,50000,-0.038555371508126,0.19369617116686294,0.18982015186110524
Riderbelt,preprocess_Reading141.dat,50000,-0.02519376138611,0.20736632533588276,0.2058301903767446
Riderbelt,preprocess_Reading142.dat,50000,0.0004778040790599997,0.189970329779068,0.1899697289033963
Riderbelt,preprocess_Reading143.dat,50000,-6.84682726586001e-05,0.18991596143569514,0.18991594909364531
Riderbelt,preprocess_Reading144.dat,50000,-0.054628734865004,0.20704923443890924,0.19971251039628812
Riderbelt,preprocess_Reading145.dat,50000,-0.024718819591525998,0.20120773272918419,0.1996835788642131
Riderbelt,preprocess_Reading146.dat,50000,-0.000554045447848,0.1894557148057795,0.18945490467710402
Riderbelt,preprocess_Reading147.dat,50000,0.07957991296892,0.20359673274564882,0.18739975196505002
Riderbelt,preprocess_Reading148.dat,50000,0.0328874153516758,0.1914891277319665,0.1886438547926641
Riderbelt,preprocess_Reading149.dat,50000,0.00782726485632,0.17125544854110575,0.17107648166794975
Riderbelt,preprocess_Reading150.dat,50000,0.0059483167124654,0.1742273812491721,0.17412581056590248
Riderbelt,preprocess_Reading151.dat,50000,0.00046151226111200005,0.16681241109848613,0.16681177267484204
Riderbelt,preprocess_Reading152.dat,50000,0.05334116866725001,0.18481400413426577,0.17694896396801083
Riderbelt,preprocess_Reading153.dat,50000,0.06316964349981999,0.18604361282260334,0.17499091979926384
Riderbelt,preprocess_Reading154.dat,50000,0.11158811098001799,0.20594848538345079,0.17309786861671242
Riderbelt,preprocess_Reading155.dat,50000,0.010732720410402,0.17774123116554874,0.17741689313263598
Riderbelt,preprocess_Reading156.dat,50000,0.02432068782258,0.18079479232211823,0.17915150313250086
Riderbelt,preprocess_Reading157.dat,50000,0.04716879640460562,0.18450646239660756,0.17837527662726027
Riderbelt,preprocess_Reading158.dat,50000,0.037058200371464,0.18531934739761854,0.18157629334554568
Riderbelt,preprocess_Reading159.dat,50000,0.018972891944802,0.1845862545276631,0.1836085911165436
Riderbelt,preprocess_Reading160.dat,50000,-0.043892304062504,0.1841543797334439,0.17884714484468053
Riderbelt,preprocess_Reading161.dat,50000,0.024935382096012,0.19710192038846167,0.19551826958252613
Riderbelt,preprocess_Reading162.dat,50000,0.027358273371636002,0.17989502501793148,0.1778025447071133
Riderbelt,preprocess_Reading163.dat,50000,0.08224951320002201,0.19865665333135935,0.180829985044448
Riderbelt,preprocess_Reading164.dat,50000,0.028606800868484,0.18696077243890374,0.18475925247473388
Riderbelt,preprocess_Reading165.dat,50000,0.050808797814093996,0.18799816684260456,0.18100214584602664
Riderbelt,preprocess_Reading166.dat,50000,0.0282575432875,0.16961453773999824,0.1672441408842425
Riderbelt,preprocess_Reading167.dat,50000,-0.009468230472871,0.18028931850244123,0.1800405259317671
Riderbelt,preprocess_Reading168.dat,50000,-0.012875565518438,0.18154408750710407,0.18108692807976912
Riderbelt,preprocess_Reading169.dat,50000,0.025445992983476,0.1718938227976872,0.16999996399143025
Riderbelt,preprocess_Reading170.dat,50000,0.035184290185194,0.18512583976633254,0.18175159496784035
Riderbelt,preprocess_Reading171.dat,50000,0.022330982960062,0.184578182954945,0.18322235896032604
Riderbelt,preprocess_Reading172.dat,50000,-0.009763942200159999,0.19524260454015374,0.19499830783967023
Riderbelt,preprocess_Reading173.dat,50000,0.016444954937184002,0.1555956693164778,0.1547241925723211
Riderbelt,preprocess_Reading174.dat,50000,0.009257784646439199,0.17446638722565705,0.17422058918225786
Riderbelt,preprocess_Reading175.dat,50000,0.013394627680328001,0.17553986091383603,0.17502807408799964
Riderbelt,preprocess_Reading176.dat,50000,0.04442458043078199,0.17807364474368056,0.17244326488978207
Riderbelt,preprocess_Reading177.dat,50000,-0.039648182219875996,0.18767470649115495,0.18343886475662854
Riderbelt,preprocess_Reading178.dat,50000,-0.032907696614687995,0.1995122535811589,0.19677963012605829
Riderbelt,preprocess_Reading179.dat,50000,-0.048316595051894,0.1938787208713436,0.18776172413274134
Riderbelt,preprocess_Reading180.dat,50000,0.009835831089185999,0.19428621757256656,0.19403708605686612
Riderbelt,preprocess_Reading181.dat,50000,-0.067781624452114,0.1931313603628856,0.1808462710211393
Riderbelt,preprocess_Reading182.dat,50000,-0.081409636959868,0.20021774379899454,0.18291969807000644
Riderbelt,preprocess_Reading183.dat,50000,-0.01515936339011,0.20445707520185935,0.2038943091449719
Riderbelt,preprocess_Reading184.dat,50000,-0.00387184674444,0.21532936531614175,0.21529455257911198
Riderbelt,preprocess_Reading185.dat,50000,0.059742731218057996,0.20341054239050274,0.19443933455503645
Riderbelt,preprocess_Reading186.dat,50000,-0.008099297017998,0.19629773058229164,0.19613056982421734
Riderbelt,preprocess_Reading187.dat,50000,-0.055025963228460005,0.1976023045367575,0.18978623271728018
Riderbelt,preprocess_Reading188.dat,50000,0.024228354137266,0.1955468888285046,0.19404013138087378
Riderbelt,preprocess_Reading189.dat,50000,0.0027725410674536,0.2069460070753747,0.20692743380342377
Riderbelt,preprocess_Reading190.dat,50000,-0.054435296678811994,0.2012749047591234,0.1937740585354085
Riderbelt,preprocess_Reading191.dat,50000,-0.0103733736300268,0.19908910369190386,0.1988186719812239
Riderbelt,preprocess_Reading192.dat,50000,-0.039738787336846,0.21008623044441,0.20629360873119326
Riderbelt,preprocess_Reading193.dat,50000,-0.033044908543068,0.1872333386737401,0.18429421350193206
Riderbelt,preprocess_Reading194.dat,50000,-0.056644608216760005,0.18761753855064447,0.1788623189265205
Riderbelt,preprocess_Reading195.dat,50000,-0.026830381646078,0.20922282765884817,0.20749535472942493
Riderbelt,preprocess_Reading196.dat,50000,-0.035474070806462,0.18962281730139585,0.18627507386050524
Riderbelt,preprocess_Reading197.dat,50000,0.0019647961947109995,0.2274026316825197,0.2273941434427214
Riderbelt,preprocess_Reading198.dat,50000,0.0095577106739028,0.20466796540641216,0.20444467767656435
Riderbelt,preprocess_Reading199.dat,50000,-0.007977014914158,0.22394379990180904,0.22380168173523804
Riderbelt,preprocess_Reading200.dat,50000,-0.08736294352878116,0.2236413149433814,0.20587169268161104
Riderbelt,preprocess_Reading201.dat,50000,0.049294691427512,0.2246795033854134,0.21920518387707527
Riderbelt,preprocess_Reading202.dat,50000,0.099653929700026,0.22260375074187963,0.19905156151031608
Riderbelt,preprocess_Reading203.dat,50000,0.005334559375947999,0.20010032995448934,0.20002920917745987
Riderbelt,preprocess_Reading204.dat,50000,0.038635249026976,0.2192257733269001,0.21579447913095676
Riderbelt,preprocess_Reading205.dat,50000,0.031942898421131,0.20479223370898117,0.20228571434476353
Riderbelt,preprocess_Reading206.dat,50000,0.008577851568609999,0.20023143664501525,0.20004761604026589
Riderbelt,preprocess_Reading207.dat,50000,-0.008505465368882002,0.21578080250685158,0.21561310671979017
Riderbelt,preprocess_Reading208.dat,50000,0.0006260217287939997,0.21492904207546795,0.2149281303698363
Riderbelt,preprocess_Reading209.dat,50000,-0.057150345949644195,0.23064844035592663,0.22345590391944767
Riderbelt,preprocess_Reading210.dat,50000,-0.011020162757540001,0.2474887153171708,0.24724324100395734
Riderbelt,preprocess_Reading211.dat,50000,0.023377226284415995,0.2334946397116613,0.2323214412518262
Riderbelt,preprocess_Reading212.dat,50000,0.047743067408496,0.221110469974626,0.21589450999696078
Riderbelt,preprocess_Reading213.dat,50000,0.075355013992612,0.2187822953729277,0.20539550782531793
Riderbelt,preprocess_Reading214.dat,50000,0.034164531653672676,0.22098113540053593,0.21832417864220902
Riderbelt,preprocess_Reading215.dat,50000,-0.0032080139854699995,0.22389911100279403,0.22387612770036586
Riderbelt,preprocess_Reading216.dat,50000,0.0301015145443626,0.21566953054755525,0.2135585288129191
Riderbelt,preprocess_Reading217.dat,50000,-0.0350260882866,0.20579025289037983,0.20278757684835083
Riderbelt,preprocess_Reading218.dat,50000,0.048063278981219995,0.20860181291387103,0.20298925480065952
Riderbelt,preprocess_Reading219.dat,50000,-0.09008744064463801,0.20194577385805132,0.1807383429635948
Riderbelt,preprocess_Reading220.dat,50000,-0.026308064520854,0.20744780169789176,0.20577287520578214
Riderbelt,preprocess_Reading221.dat,50000,0.00085385528002,0.19207581932731357,0.1920739214506217
Riderbelt,preprocess_Reading222.dat,50000,0.003726461747534,0.2064788760221168,0.20644524631533862
Riderbelt,preprocess_Reading223.dat,50000,0.049839174386019994,0.2008875968423936,0.19460699694931824
Riderbelt,preprocess_Reading224.dat,50000,-0.0748750539413913,0.18302356976195183,0.167007045916278
Riderbelt,preprocess_Reading225.dat,50000,0.0358325648044944,0.2071234624011711,0.2040003822951836
