classe,arquivo,analise,representacao,silhouette
Healthy,preprocess_Reading1.dat,Temporal + espectral,Características completas,0.2947212090647724
Healthy,preprocess_Reading2.dat,Temporal + espectral,Características completas,0.40647088724197045
Healthy,preprocess_Reading3.dat,Temporal + espectral,Características completas,0.4856436251131991
Healthy,preprocess_Reading4.dat,Temporal + espectral,Características completas,0.5861831588908785
Healthy,preprocess_Reading5.dat,Temporal + espectral,Características completas,0.5383254461010583
Healthy,preprocess_Reading6.dat,Temporal + espectral,Características completas,0.5967475108909569
Healthy,preprocess_Reading7.dat,Temporal + espectral,Características completas,0.5750105503720963
Healthy,preprocess_Reading8.dat,Temporal + espectral,Características completas,0.44867720267455913
Healthy,preprocess_Reading9.dat,Temporal + espectral,Características completas,0.5874224322209864
Healthy,preprocess_Reading10.dat,Temporal + espectral,Características completas,0.6589937502452218
Healthy,preprocess_Reading11.dat,Temporal + espectral,Características completas,0.5757411455257233
Healthy,preprocess_Reading12.dat,Temporal + espectral,Características completas,0.6396317975484196
Healthy,preprocess_Reading13.dat,Temporal + espectral,Características completas,0.5021319682193666
Healthy,preprocess_Reading14.dat,Temporal + espectral,Características completas,0.45008579961462
Healthy,preprocess_Reading15.dat,Temporal + espectral,Características completas,0.6453724001800362
Healthy,preprocess_Reading16.dat,Temporal + espectral,Características completas,0.457980617089789
Healthy,preprocess_Reading17.dat,Temporal + espectral,Características completas,0.5877324515841247
Healthy,preprocess_Reading18.dat,Temporal + espectral,Características completas,0.5883964468479101
Healthy,preprocess_Reading19.dat,Temporal + espectral,Características completas,0.6021878670945836
Healthy,preprocess_Reading20.dat,Temporal + espectral,Características completas,0.6490561133375944
Healthy,preprocess_Reading21.dat,Temporal + espectral,Características completas,0.5318908001370195
Healthy,preprocess_Reading22.dat,Temporal + espectral,Características completas,0.6725510914883887
Healthy,preprocess_Reading23.dat,Temporal + espectral,Características completas,0.5938147330949171
Healthy,preprocess_Reading24.dat,Temporal + espectral,Características completas,0.6253842709468306
Healthy,preprocess_Reading25.dat,Temporal + espectral,Características completas,0.697408267246957
Healthy,preprocess_Reading26.dat,Temporal + espectral,Características completas,0.5515269974528799
Healthy,preprocess_Reading27.dat,Temporal + espectral,Características completas,0.552466414322495
Healthy,preprocess_Reading28.dat,Temporal + espectral,Características completas,0.5669850094651122
Healthy,preprocess_Reading29.dat,Temporal + espectral,Características completas,0.45446789197211374
Healthy,preprocess_Reading30.dat,Temporal + espectral,Características completas,0.5907957237500465
Healthy,preprocess_Reading31.dat,Temporal + espectral,Características completas,0.6596534147504913
Healthy,preprocess_Reading32.dat,Temporal + espectral,Características completas,0.5979208250372627
Healthy,preprocess_Reading33.dat,Temporal + espectral,Características completas,0.426950668402322
Healthy,preprocess_Reading34.dat,Temporal + espectral,Características completas,0.41545282374367887
Healthy,preprocess_Reading35.dat,Temporal + espectral,Características completas,0.4327301653881374
Healthy,preprocess_Reading36.dat,Temporal + espectral,Características completas,0.6166382974280662
Healthy,preprocess_Reading37.dat,Temporal + espectral,Características completas,0.6429995024048161
Healthy,preprocess_Reading38.dat,Temporal + espectral,Características completas,0.31599095705972413
Healthy,preprocess_Reading39.dat,Temporal + espectral,Características completas,0.6372413766164284
Healthy,preprocess_Reading40.dat,Temporal + espectral,Características completas,0.6760591479622183
Healthy,preprocess_Reading41.dat,Temporal + espectral,Características completas,0.6033898175524723
Healthy,preprocess_Reading42.dat,Temporal + espectral,Características completas,0.4257261132318979
Healthy,preprocess_Reading43.dat,Temporal + espectral,Características completas,0.5146811509678575
Healthy,preprocess_Reading44.dat,Temporal + espectral,Características completas,0.6721061460587529
Healthy,preprocess_Reading45.dat,Temporal + espectral,Características completas,0.6219658022666104
Healthy,preprocess_Reading46.dat,Temporal + espectral,Características completas,0.6707630146226847
Healthy,preprocess_Reading47.dat,Temporal + espectral,Características completas,0.5454671559500713
Healthy,preprocess_Reading48.dat,Temporal + espectral,Características completas,0.6746977958086328
Healthy,preprocess_Reading49.dat,Temporal + espectral,Características completas,0.6191769037689809
Healthy,preprocess_Reading50.dat,Temporal + espectral,Características completas,0.6578141449798863
Healthy,preprocess_Reading51.dat,Temporal + espectral,Características completas,0.4349195468031204
Healthy,preprocess_Reading52.dat,Temporal + espectral,Características completas,0.6115617386527049
Healthy,preprocess_Reading53.dat,Temporal + espectral,Características completas,0.5804992563347413
Healthy,preprocess_Reading54.dat,Temporal + espectral,Características completas,0.6411117994834494
Healthy,preprocess_Reading55.dat,Temporal + espectral,Características completas,0.513276220760264
Healthy,preprocess_Reading56.dat,Temporal + espectral,Características completas,0.45953046763175454
Healthy,preprocess_Reading57.dat,Temporal + espectral,Características completas,0.6510846135990628
Healthy,preprocess_Reading58.dat,Temporal + espectral,Características completas,0.6430151088879058
Healthy,preprocess_Reading59.dat,Temporal + espectral,Características completas,0.5686052024289195
Healthy,preprocess_Reading60.dat,Temporal + espectral,Características completas,0.641807616332057
Healthy,preprocess_Reading61.dat,Temporal + espectral,Características completas,0.6600546541326254
Healthy,preprocess_Reading62.dat,Temporal + espectral,Características completas,0.49004702159358027
Healthy,preprocess_Reading63.dat,Temporal + espectral,Características completas,0.6360373018130949
Healthy,preprocess_Reading64.dat,Temporal + espectral,Características completas,0.5937906595740605
Healthy,preprocess_Reading65.dat,Temporal + espectral,Características completas,0.6077853873204123
Healthy,preprocess_Reading66.dat,Temporal + espectral,Características completas,0.6700828499815281
Healthy,preprocess_Reading67.dat,Temporal + espectral,Características completas,0.6415065335560127
Healthy,preprocess_Reading68.dat,Temporal + espectral,Características completas,0.6031873892165776
Healthy,preprocess_Reading69.dat,Temporal + espectral,Características completas,0.6511101015558038
Healthy,preprocess_Reading70.dat,Temporal + espectral,Características completas,0.5279232667292452
Healthy,preprocess_Reading71.dat,Temporal + espectral,Características completas,0.6706378137912269
Healthy,preprocess_Reading72.dat,Temporal + espectral,Características completas,0.5831172889907236
Healthy,preprocess_Reading73.dat,Temporal + espectral,Características completas,0.5707865875715775
Healthy,preprocess_Reading74.dat,Temporal + espectral,Características completas,0.5899664490152003
Healthy,preprocess_Reading75.dat,Temporal + espectral,Características completas,0.5192868024421247
Healthy,preprocess_Reading76.dat,Temporal + espectral,Características completas,0.2660708053278919
Healthy,preprocess_Reading77.dat,Temporal + espectral,Características completas,0.39506726360394456
Healthy,preprocess_Reading78.dat,Temporal + espectral,Características completas,0.5748013556541675
Healthy,preprocess_Reading79.dat,Temporal + espectral,Características completas,0.5813779706407168
Healthy,preprocess_Reading80.dat,Temporal + espectral,Características completas,0.5860828481511495
Healthy,preprocess_Reading81.dat,Temporal + espectral,Características completas,0.579107080455909
Healthy,preprocess_Reading82.dat,Temporal + espectral,Características completas,0.6267292943049745
Healthy,preprocess_Reading83.dat,Temporal + espectral,Características completas,0.5978511448933816
Healthy,preprocess_Reading84.dat,Temporal + espectral,Características completas,0.5151272911745254
Healthy,preprocess_Reading85.dat,Temporal + espectral,Características completas,0.5673699546263358
Healthy,preprocess_Reading86.dat,Temporal + espectral,Características completas,0.5862659091282236
Healthy,preprocess_Reading87.dat,Temporal + espectral,Características completas,0.578706268288153
Healthy,preprocess_Reading88.dat,Temporal + espectral,Características completas,0.6040370407016766
Healthy,preprocess_Reading89.dat,Temporal + espectral,Características completas,0.6823529583368126
Healthy,preprocess_Reading90.dat,Temporal + espectral,Características completas,0.5721786800823304
Healthy,preprocess_Reading91.dat,Temporal + espectral,Características completas,0.5935473881410139
Healthy,preprocess_Reading92.dat,Temporal + espectral,Características completas,0.5945654778932093
Healthy,preprocess_Reading93.dat,Temporal + espectral,Características completas,0.5813829639322704
Healthy,preprocess_Reading94.dat,Temporal + espectral,Características completas,0.5112639101880728
Healthy,preprocess_Reading95.dat,Temporal + espectral,Características completas,0.49049770922799757
Healthy,preprocess_Reading96.dat,Temporal + espectral,Características completas,0.3869784117329928
Healthy,preprocess_Reading97.dat,Temporal + espectral,Características completas,0.5284790175139018
Healthy,preprocess_Reading98.dat,Temporal + espectral,Características completas,0.4326955805744395
Healthy,preprocess_Reading99.dat,Temporal + espectral,Características completas,0.6448091728171705
Healthy,preprocess_Reading100.dat,Temporal + espectral,Características completas,0.6291372337752531
Healthy,preprocess_Reading101.dat,Temporal + espectral,Características completas,0.6706368921802668
Healthy,preprocess_Reading102.dat,Temporal + espectral,Características completas,0.5387056170772048
Healthy,preprocess_Reading103.dat,Temporal + espectral,Características completas,0.6458670774774923
Healthy,preprocess_Reading104.dat,Temporal + espectral,Características completas,0.43895233799286104
Healthy,preprocess_Reading105.dat,Temporal + espectral,Características completas,0.5455733166302996
Healthy,preprocess_Reading106.dat,Temporal + espectral,Características completas,0.5671871773406735
Healthy,preprocess_Reading107.dat,Temporal + espectral,Características completas,0.6948871971465089
Healthy,preprocess_Reading108.dat,Temporal + espectral,Características completas,0.6409322860570806
Healthy,preprocess_Reading109.dat,Temporal + espectral,Características completas,0.583626113627424
Healthy,preprocess_Reading110.dat,Temporal + espectral,Características completas,0.674480832575851
Healthy,preprocess_Reading111.dat,Temporal + espectral,Características completas,0.6550897596900814
Healthy,preprocess_Reading112.dat,Temporal + espectral,Características completas,0.6417871528636154
Healthy,preprocess_Reading113.dat,Temporal + espectral,Características completas,0.6080505795653884
Healthy,preprocess_Reading114.dat,Temporal + espectral,Características completas,0.6240486708369744
Healthy,preprocess_Reading115.dat,Temporal + espectral,Características completas,0.5808535526676312
Healthy,preprocess_Reading116.dat,Temporal + espectral,Características completas,0.5964885708959028
Healthy,preprocess_Reading117.dat,Temporal + espectral,Características completas,0.6488395578598543
Healthy,preprocess_Reading118.dat,Temporal + espectral,Características completas,0.6393568070273388
Healthy,preprocess_Reading119.dat,Temporal + espectral,Características completas,0.6052973991391749
Healthy,preprocess_Reading120.dat,Temporal + espectral,Características completas,0.3818931100869495
Healthy,preprocess_Reading121.dat,Temporal + espectral,Características completas,0.5485188529495774
Healthy,preprocess_Reading122.dat,Temporal + espectral,Características completas,0.6702938861661407
Healthy,preprocess_Reading123.dat,Temporal + espectral,Características completas,0.6775095201482003
Healthy,preprocess_Reading124.dat,Temporal + espectral,Características completas,0.5165993730482054
Healthy,preprocess_Reading125.dat,Temporal + espectral,Características completas,0.4633758195639302
Healthy,preprocess_Reading126.dat,Temporal + espectral,Características completas,0.3673436464439937
Healthy,preprocess_Reading127.dat,Temporal + espectral,Características completas,0.6124015764679164
Healthy,preprocess_Reading128.dat,Temporal + espectral,Características completas,0.4567102059207389
Healthy,preprocess_Reading129.dat,Temporal + espectral,Características completas,0.3796738397847284
Healthy,preprocess_Reading130.dat,Temporal + espectral,Características completas,0.3823218928694697
Healthy,preprocess_Reading131.dat,Temporal + espectral,Características completas,0.27004145711028216
Healthy,preprocess_Reading132.dat,Temporal + espectral,Características completas,0.3706126326975029
Healthy,preprocess_Reading133.dat,Temporal + espectral,Características completas,0.6283167289513432
Healthy,preprocess_Reading134.dat,Temporal + espectral,Características completas,0.5102953129678758
Healthy,preprocess_Reading135.dat,Temporal + espectral,Características completas,0.681478990112079
Healthy,preprocess_Reading136.dat,Temporal + espectral,Características completas,0.5917350971582902
Healthy,preprocess_Reading137.dat,Temporal + espectral,Características completas,0.574371470234572
Healthy,preprocess_Reading138.dat,Temporal + espectral,Características completas,0.6518652842603317
Healthy,preprocess_Reading139.dat,Temporal + espectral,Características completas,0.682798129593504
Healthy,preprocess_Reading140.dat,Temporal + espectral,Características completas,0.6540844446175098
Healthy,preprocess_Reading141.dat,Temporal + espectral,Características completas,0.6820133086752406
Healthy,preprocess_Reading142.dat,Temporal + espectral,Características completas,0.6524208209532472
Healthy,preprocess_Reading143.dat,Temporal + espectral,Características completas,0.620331315500038
Healthy,preprocess_Reading144.dat,Temporal + espectral,Características completas,0.657393919443067
Healthy,preprocess_Reading145.dat,Temporal + espectral,Características completas,0.638787998744046
Healthy,preprocess_Reading146.dat,Temporal + espectral,Características completas,0.5910584899810001
Healthy,preprocess_Reading147.dat,Temporal + espectral,Características completas,0.6002822632862026
Healthy,preprocess_Reading148.dat,Temporal + espectral,Características completas,0.6359998103466142
Healthy,preprocess_Reading149.dat,Temporal + espectral,Características completas,0.621295543219548
Healthy,preprocess_Reading150.dat,Temporal + espectral,Características completas,0.5715891214256343
Healthy,preprocess_Reading151.dat,Temporal + espectral,Características completas,0.21504488007134578
Healthy,preprocess_Reading152.dat,Temporal + espectral,Características completas,0.39945071690828116
Healthy,preprocess_Reading153.dat,Temporal + espectral,Características completas,0.5548765868704928
Healthy,preprocess_Reading154.dat,Temporal + espectral,Características completas,0.6359358567510921
Healthy,preprocess_Reading155.dat,Temporal + espectral,Características completas,0.5866484091240952
Healthy,preprocess_Reading156.dat,Temporal + espectral,Características completas,0.6272559134097868
Healthy,preprocess_Reading157.dat,Temporal + espectral,Características completas,0.23468233609302486
Healthy,preprocess_Reading158.dat,Temporal + espectral,Características completas,0.546622163028452
Healthy,preprocess_Reading159.dat,Temporal + espectral,Características completas,0.456828897609503
Healthy,preprocess_Reading160.dat,Temporal + espectral,Características completas,0.5772748491169397
Healthy,preprocess_Reading161.dat,Temporal + espectral,Características completas,0.38520805541189057
Healthy,preprocess_Reading162.dat,Temporal + espectral,Características completas,0.590942969806596
Healthy,preprocess_Reading163.dat,Temporal + espectral,Características completas,0.6333071765876129
Healthy,preprocess_Reading164.dat,Temporal + espectral,Características completas,0.605077758448271
Healthy,preprocess_Reading165.dat,Temporal + espectral,Características completas,0.6414535983549354
Healthy,preprocess_Reading166.dat,Temporal + espectral,Características completas,0.5320595239946605
Healthy,preprocess_Reading167.dat,Temporal + espectral,Características completas,0.6261070730043071
Healthy,preprocess_Reading168.dat,Temporal + espectral,Características completas,0.6742787993517803
Healthy,preprocess_Reading169.dat,Temporal + espectral,Características completas,0.44834204294779406
Healthy,preprocess_Reading170.dat,Temporal + espectral,Características completas,0.6190215856515384
Healthy,preprocess_Reading171.dat,Temporal + espectral,Características completas,0.5296990706170779
Healthy,preprocess_Reading172.dat,Temporal + espectral,Características completas,0.5574477087063386
Healthy,preprocess_Reading173.dat,Temporal + espectral,Características completas,0.5972223125398256
Healthy,preprocess_Reading174.dat,Temporal + espectral,Características completas,0.5662035599897508
Healthy,preprocess_Reading175.dat,Temporal + espectral,Características completas,0.4891170004828018
Healthy,preprocess_Reading176.dat,Temporal + espectral,Características completas,0.4565293758042901
Healthy,preprocess_Reading177.dat,Temporal + espectral,Características completas,0.5394490018270313
Healthy,preprocess_Reading178.dat,Temporal + espectral,Características completas,0.3302488718236425
Healthy,preprocess_Reading179.dat,Temporal + espectral,Características completas,0.6206630091751959
Healthy,preprocess_Reading180.dat,Temporal + espectral,Características completas,0.6656552603642905
Healthy,preprocess_Reading181.dat,Temporal + espectral,Características completas,0.2765759820465616
Healthy,preprocess_Reading182.dat,Temporal + espectral,Características completas,0.6564931370352559
Healthy,preprocess_Reading183.dat,Temporal + espectral,Características completas,0.6276208592697777
Healthy,preprocess_Reading184.dat,Temporal + espectral,Características completas,0.5554911360717439
Healthy,preprocess_Reading185.dat,Temporal + espectral,Características completas,0.6112533832066761
Healthy,preprocess_Reading186.dat,Temporal + espectral,Características completas,0.643235473513641
Healthy,preprocess_Reading187.dat,Temporal + espectral,Características completas,0.4949323543507786
Healthy,preprocess_Reading188.dat,Temporal + espectral,Características completas,0.6312340642795393
Healthy,preprocess_Reading189.dat,Temporal + espectral,Características completas,0.5640407955625489
Healthy,preprocess_Reading190.dat,Temporal + espectral,Características completas,0.5345647493675442
Healthy,preprocess_Reading191.dat,Temporal + espectral,Características completas,0.5958327676954054
Healthy,preprocess_Reading192.dat,Temporal + espectral,Características completas,0.6598390917147974
Healthy,preprocess_Reading193.dat,Temporal + espectral,Características completas,0.5897623579909075
Healthy,preprocess_Reading194.dat,Temporal + espectral,Características completas,0.6587056671845871
Healthy,preprocess_Reading195.dat,Temporal + espectral,Características completas,0.5191594254929384
Healthy,preprocess_Reading196.dat,Temporal + espectral,Características completas,0.4315137611987487
Healthy,preprocess_Reading197.dat,Temporal + espectral,Características completas,0.3522387223320434
Healthy,preprocess_Reading198.dat,Temporal + espectral,Características completas,0.5844261598819963
Healthy,preprocess_Reading199.dat,Temporal + espectral,Características completas,0.40340956269109185
Healthy,preprocess_Reading200.dat,Temporal + espectral,Características completas,0.573985147402814
Healthy,preprocess_Reading201.dat,Temporal + espectral,Características completas,0.6539609272198545
Healthy,preprocess_Reading202.dat,Temporal + espectral,Características completas,0.6938043366191812
Healthy,preprocess_Reading203.dat,Temporal + espectral,Características completas,0.6742259050440725
Healthy,preprocess_Reading204.dat,Temporal + espectral,Características completas,0.6110714050605006
Healthy,preprocess_Reading205.dat,Temporal + espectral,Características completas,0.3996735695488492
Healthy,preprocess_Reading206.dat,Temporal + espectral,Características completas,0.5257902002516631
Healthy,preprocess_Reading207.dat,Temporal + espectral,Características completas,0.504754139707236
Healthy,preprocess_Reading208.dat,Temporal + espectral,Características completas,0.525764176912856
Healthy,preprocess_Reading209.dat,Temporal + espectral,Características completas,0.5749951645888022
Healthy,preprocess_Reading210.dat,Temporal + espectral,Características completas,0.6206178067438106
Healthy,preprocess_Reading211.dat,Temporal + espectral,Características completas,0.6522093389112368
Healthy,preprocess_Reading212.dat,Temporal + espectral,Características completas,0.3983798264156731
Healthy,preprocess_Reading213.dat,Temporal + espectral,Características completas,0.5338966527594291
Healthy,preprocess_Reading214.dat,Temporal + espectral,Características completas,0.5377008293332127
Healthy,preprocess_Reading215.dat,Temporal + espectral,Características completas,0.5675083538192597
Healthy,preprocess_Reading216.dat,Temporal + espectral,Características completas,0.6146821800219576
Healthy,preprocess_Reading217.dat,Temporal + espectral,Características completas,0.6739015294816985
Healthy,preprocess_Reading218.dat,Temporal + espectral,Características completas,0.6361119219978303
Healthy,preprocess_Reading219.dat,Temporal + espectral,Características completas,0.4113450257027393
Healthy,preprocess_Reading220.dat,Temporal + espectral,Características completas,0.636401002368171
Healthy,preprocess_Reading221.dat,Temporal + espectral,Características completas,0.5689387854882926
Healthy,preprocess_Reading222.dat,Temporal + espectral,Características completas,0.6267741706464206
Healthy,preprocess_Reading223.dat,Temporal + espectral,Características completas,0.5616837802357012
Healthy,preprocess_Reading224.dat,Temporal + espectral,Características completas,0.49913061280317567
Healthy,preprocess_Reading225.dat,Temporal + espectral,Características completas,0.6001981857360394
Bearing,preprocess_Reading1.dat,Temporal + espectral,Características completas,-0.16340474317500564
Bearing,preprocess_Reading2.dat,Temporal + espectral,Características completas,0.119487107315346
Bearing,preprocess_Reading3.dat,Temporal + espectral,Características completas,0.24283522905361546
Bearing,preprocess_Reading4.dat,Temporal + espectral,Características completas,0.1414785942198235
Bearing,preprocess_Reading5.dat,Temporal + espectral,Características completas,-0.13855493688988366
Bearing,preprocess_Reading6.dat,Temporal + espectral,Características completas,-0.19295706232119836
Bearing,preprocess_Reading7.dat,Temporal + espectral,Características completas,0.04068262587622715
Bearing,preprocess_Reading8.dat,Temporal + espectral,Características completas,-0.13714711885331135
Bearing,preprocess_Reading9.dat,Temporal + espectral,Características completas,-0.0022808922253471885
Bearing,preprocess_Reading10.dat,Temporal + espectral,Características completas,-0.019775271085270604
Bearing,preprocess_Reading11.dat,Temporal + espectral,Características completas,-0.09018556606450855
Bearing,preprocess_Reading12.dat,Temporal + espectral,Características completas,0.15445448901646813
Bearing,preprocess_Reading13.dat,Temporal + espectral,Características completas,0.09659409289600547
Bearing,preprocess_Reading14.dat,Temporal + espectral,Características completas,0.036530122559695274
Bearing,preprocess_Reading15.dat,Temporal + espectral,Características completas,0.11173297542249787
Bearing,preprocess_Reading16.dat,Temporal + espectral,Características completas,-0.00390927931370014
Bearing,preprocess_Reading17.dat,Temporal + espectral,Características completas,0.04389180679847013
Bearing,preprocess_Reading18.dat,Temporal + espectral,Características completas,0.17461962142848772
Bearing,preprocess_Reading19.dat,Temporal + espectral,Características completas,0.2513524732655816
Bearing,preprocess_Reading20.dat,Temporal + espectral,Características completas,0.05841359148616796
Bearing,preprocess_Reading21.dat,Temporal + espectral,Características completas,0.11972441295088768
Bearing,preprocess_Reading22.dat,Temporal + espectral,Características completas,0.3115278118509615
Bearing,preprocess_Reading23.dat,Temporal + espectral,Características completas,-0.08513850867975911
Bearing,preprocess_Reading24.dat,Temporal + espectral,Características completas,0.23030684289779965
Bearing,preprocess_Reading25.dat,Temporal + espectral,Características completas,0.10730464592474166
Bearing,preprocess_Reading26.dat,Temporal + espectral,Características completas,0.14211226987217784
Bearing,preprocess_Reading27.dat,Temporal + espectral,Características completas,0.0006994072849440299
Bearing,preprocess_Reading28.dat,Temporal + espectral,Características completas,0.18240695196693194
Bearing,preprocess_Reading29.dat,Temporal + espectral,Características completas,0.2529181626883576
Bearing,preprocess_Reading30.dat,Temporal + espectral,Características completas,-0.011177929533119071
Bearing,preprocess_Reading31.dat,Temporal + espectral,Características completas,0.1644005809892304
Bearing,preprocess_Reading32.dat,Temporal + espectral,Características completas,0.10706186515937904
Bearing,preprocess_Reading33.dat,Temporal + espectral,Características completas,-0.1102053613209431
Bearing,preprocess_Reading34.dat,Temporal + espectral,Características completas,-0.09633759176149083
Bearing,preprocess_Reading35.dat,Temporal + espectral,Características completas,0.10856741074734133
Bearing,preprocess_Reading36.dat,Temporal + espectral,Características completas,0.10377208489053648
Bearing,preprocess_Reading37.dat,Temporal + espectral,Características completas,-0.027154886053582607
Bearing,preprocess_Reading38.dat,Temporal + espectral,Características completas,-0.04738378507730741
Bearing,preprocess_Reading39.dat,Temporal + espectral,Características completas,-0.038501171111467156
Bearing,preprocess_Reading40.dat,Temporal + espectral,Características completas,-0.1124586754912247
Bearing,preprocess_Reading41.dat,Temporal + espectral,Características completas,0.06363825222927776
Bearing,preprocess_Reading42.dat,Temporal + espectral,Características completas,0.1167149478385534
Bearing,preprocess_Reading43.dat,Temporal + espectral,Características completas,0.23398687866461929
Bearing,preprocess_Reading44.dat,Temporal + espectral,Características completas,0.1369927238106797
Bearing,preprocess_Reading45.dat,Temporal + espectral,Características completas,0.1333963660568374
Bearing,preprocess_Reading46.dat,Temporal + espectral,Características completas,-0.09193215235742704
Bearing,preprocess_Reading47.dat,Temporal + espectral,Características completas,0.15991196582631817
Bearing,preprocess_Reading48.dat,Temporal + espectral,Características completas,0.011219776941230617
Bearing,preprocess_Reading49.dat,Temporal + espectral,Características completas,0.22873610624946336
Bearing,preprocess_Reading50.dat,Temporal + espectral,Características completas,0.28253947437366034
Bearing,preprocess_Reading51.dat,Temporal + espectral,Características completas,-0.011342021078639025
Bearing,preprocess_Reading52.dat,Temporal + espectral,Características completas,0.23312291828782386
Bearing,preprocess_Reading53.dat,Temporal + espectral,Características completas,0.14689280236648183
Bearing,preprocess_Reading54.dat,Temporal + espectral,Características completas,0.24025960883452974
Bearing,preprocess_Reading55.dat,Temporal + espectral,Características completas,0.22932135711528445
Bearing,preprocess_Reading56.dat,Temporal + espectral,Características completas,0.03118867962759612
Bearing,preprocess_Reading57.dat,Temporal + espectral,Características completas,0.28228305138972437
Bearing,preprocess_Reading58.dat,Temporal + espectral,Características completas,0.21773197956119708
Bearing,preprocess_Reading59.dat,Temporal + espectral,Características completas,0.2158134498137707
Bearing,preprocess_Reading60.dat,Temporal + espectral,Características completas,0.26848953620586324
Bearing,preprocess_Reading61.dat,Temporal + espectral,Características completas,-0.056964360616680566
Bearing,preprocess_Reading62.dat,Temporal + espectral,Características completas,0.24822376555133932
Bearing,preprocess_Reading63.dat,Temporal + espectral,Características completas,-0.018351957147838733
Bearing,preprocess_Reading64.dat,Temporal + espectral,Características completas,0.07656665041294848
Bearing,preprocess_Reading65.dat,Temporal + espectral,Características completas,-0.03206880578153226
Bearing,preprocess_Reading66.dat,Temporal + espectral,Características completas,0.15539222231553734
Bearing,preprocess_Reading67.dat,Temporal + espectral,Características completas,-0.3139846077735722
Bearing,preprocess_Reading68.dat,Temporal + espectral,Características completas,0.08624188514132966
Bearing,preprocess_Reading69.dat,Temporal + espectral,Características completas,0.1381286228381287
Bearing,preprocess_Reading70.dat,Temporal + espectral,Características completas,-0.11312696684896825
Bearing,preprocess_Reading71.dat,Temporal + espectral,Características completas,0.010980470874529686
Bearing,preprocess_Reading72.dat,Temporal + espectral,Características completas,0.08712591516822346
Bearing,preprocess_Reading73.dat,Temporal + espectral,Características completas,0.10303676534097814
Bearing,preprocess_Reading74.dat,Temporal + espectral,Características completas,0.11682875530441206
Bearing,preprocess_Reading75.dat,Temporal + espectral,Características completas,-0.2145484884356565
Bearing,preprocess_Reading76.dat,Temporal + espectral,Características completas,-0.20945177450542754
Bearing,preprocess_Reading77.dat,Temporal + espectral,Características completas,0.16823976736283547
Bearing,preprocess_Reading78.dat,Temporal + espectral,Características completas,0.04526032598998496
Bearing,preprocess_Reading79.dat,Temporal + espectral,Características completas,-0.12278888549313882
Bearing,preprocess_Reading80.dat,Temporal + espectral,Características completas,0.2245852033316605
Bearing,preprocess_Reading81.dat,Temporal + espectral,Características completas,0.14008697811596463
Bearing,preprocess_Reading82.dat,Temporal + espectral,Características completas,-0.05010393760586501
Bearing,preprocess_Reading83.dat,Temporal + espectral,Características completas,0.07231790768157192
Bearing,preprocess_Reading84.dat,Temporal + espectral,Características completas,0.2702201596274143
Bearing,preprocess_Reading85.dat,Temporal + espectral,Características completas,-0.27211383152718693
Bearing,preprocess_Reading86.dat,Temporal + espectral,Características completas,-0.1509337520535947
Bearing,preprocess_Reading87.dat,Temporal + espectral,Características completas,0.21805418377450045
Bearing,preprocess_Reading88.dat,Temporal + espectral,Características completas,0.13373517436782112
Bearing,preprocess_Reading89.dat,Temporal + espectral,Características completas,-0.14363816167147475
Bearing,preprocess_Reading90.dat,Temporal + espectral,Características completas,-0.23989644459411835
Bearing,preprocess_Reading91.dat,Temporal + espectral,Características completas,0.26588112538940256
Bearing,preprocess_Reading92.dat,Temporal + espectral,Características completas,0.05622849456352126
Bearing,preprocess_Reading93.dat,Temporal + espectral,Características completas,0.017340299609110443
Bearing,preprocess_Reading94.dat,Temporal + espectral,Características completas,0.164921676882989
Bearing,preprocess_Reading95.dat,Temporal + espectral,Características completas,0.16567935798016065
Bearing,preprocess_Reading96.dat,Temporal + espectral,Características completas,0.1566716021234497
Bearing,preprocess_Reading97.dat,Temporal + espectral,Características completas,0.16567684363720317
Bearing,preprocess_Reading98.dat,Temporal + espectral,Características completas,0.1781774515900186
Bearing,preprocess_Reading99.dat,Temporal + espectral,Características completas,-0.1430056868153235
Bearing,preprocess_Reading100.dat,Temporal + espectral,Características completas,0.18630128395945428
Bearing,preprocess_Reading101.dat,Temporal + espectral,Características completas,0.16164022911625364
Bearing,preprocess_Reading102.dat,Temporal + espectral,Características completas,0.11935400001937614
Bearing,preprocess_Reading103.dat,Temporal + espectral,Características completas,0.1875158818809703
Bearing,preprocess_Reading104.dat,Temporal + espectral,Características completas,0.2971004744254135
Bearing,preprocess_Reading105.dat,Temporal + espectral,Características completas,0.20927238897895986
Bearing,preprocess_Reading106.dat,Temporal + espectral,Características completas,0.10317697081253772
Bearing,preprocess_Reading107.dat,Temporal + espectral,Características completas,0.17684773822758387
Bearing,preprocess_Reading108.dat,Temporal + espectral,Características completas,0.02546726628047794
Bearing,preprocess_Reading109.dat,Temporal + espectral,Características completas,0.13772060457338403
Bearing,preprocess_Reading110.dat,Temporal + espectral,Características completas,0.16561739122292712
Bearing,preprocess_Reading111.dat,Temporal + espectral,Características completas,0.1767027584253866
Bearing,preprocess_Reading112.dat,Temporal + espectral,Características completas,0.15195662708895574
Bearing,preprocess_Reading113.dat,Temporal + espectral,Características completas,0.13247538238551365
Bearing,preprocess_Reading114.dat,Temporal + espectral,Características completas,0.2237321128462085
Bearing,preprocess_Reading115.dat,Temporal + espectral,Características completas,0.252121289133325
Bearing,preprocess_Reading116.dat,Temporal + espectral,Características completas,0.12904116589763454
Bearing,preprocess_Reading117.dat,Temporal + espectral,Características completas,-0.11531987448799633
Bearing,preprocess_Reading118.dat,Temporal + espectral,Características completas,0.18959649586125332
Bearing,preprocess_Reading119.dat,Temporal + espectral,Características completas,0.1336667429181589
Bearing,preprocess_Reading120.dat,Temporal + espectral,Características completas,-0.012890248090499056
Bearing,preprocess_Reading121.dat,Temporal + espectral,Características completas,-0.16934833586500264
Bearing,preprocess_Reading122.dat,Temporal + espectral,Características completas,0.11609823695949383
Bearing,preprocess_Reading123.dat,Temporal + espectral,Características completas,-0.0058491637297673075
Bearing,preprocess_Reading124.dat,Temporal + espectral,Características completas,-0.14401716832047767
Bearing,preprocess_Reading125.dat,Temporal + espectral,Características completas,-0.04411565796704531
Bearing,preprocess_Reading126.dat,Temporal + espectral,Características completas,0.15933121360725044
Bearing,preprocess_Reading127.dat,Temporal + espectral,Características completas,0.049114372380145134
Bearing,preprocess_Reading128.dat,Temporal + espectral,Características completas,-0.10020636690173006
Bearing,preprocess_Reading129.dat,Temporal + espectral,Características completas,0.10642510698179661
Bearing,preprocess_Reading130.dat,Temporal + espectral,Características completas,0.12517736851366726
Bearing,preprocess_Reading131.dat,Temporal + espectral,Características completas,0.008840834248057847
Bearing,preprocess_Reading132.dat,Temporal + espectral,Características completas,0.20619346380071837
Bearing,preprocess_Reading133.dat,Temporal + espectral,Características completas,0.12138142842164014
Bearing,preprocess_Reading134.dat,Temporal + espectral,Características completas,-0.18183968880900292
Bearing,preprocess_Reading135.dat,Temporal + espectral,Características completas,0.08123678627744042
Bearing,preprocess_Reading136.dat,Temporal + espectral,Características completas,-0.18913456529833525
Bearing,preprocess_Reading137.dat,Temporal + espectral,Características completas,-0.20655032805973322
Bearing,preprocess_Reading138.dat,Temporal + espectral,Características completas,-0.07180665599963607
Bearing,preprocess_Reading139.dat,Temporal + espectral,Características completas,-0.20635577701986788
Bearing,preprocess_Reading140.dat,Temporal + espectral,Características completas,0.048084144559269015
Bearing,preprocess_Reading141.dat,Temporal + espectral,Características completas,0.07919047286513396
Bearing,preprocess_Reading142.dat,Temporal + espectral,Características completas,-0.08307590563323902
Bearing,preprocess_Reading143.dat,Temporal + espectral,Características completas,-0.15149784414996587
Bearing,preprocess_Reading144.dat,Temporal + espectral,Características completas,-0.14311666849141005
Bearing,preprocess_Reading145.dat,Temporal + espectral,Características completas,0.052806011143173334
Bearing,preprocess_Reading146.dat,Temporal + espectral,Características completas,0.13668994516279037
Bearing,preprocess_Reading147.dat,Temporal + espectral,Características completas,-0.19413288904444073
Bearing,preprocess_Reading148.dat,Temporal + espectral,Características completas,-0.19071701302894437
Bearing,preprocess_Reading149.dat,Temporal + espectral,Características completas,0.12451218551841121
Bearing,preprocess_Reading150.dat,Temporal + espectral,Características completas,-0.16014727859256447
Bearing,preprocess_Reading151.dat,Temporal + espectral,Características completas,-0.07635306014429642
Bearing,preprocess_Reading152.dat,Temporal + espectral,Características completas,-0.06020399677733879
Bearing,preprocess_Reading153.dat,Temporal + espectral,Características completas,0.20223174141958164
Bearing,preprocess_Reading154.dat,Temporal + espectral,Características completas,-0.13250233094922126
Bearing,preprocess_Reading155.dat,Temporal + espectral,Características completas,-0.01582759412487649
Bearing,preprocess_Reading156.dat,Temporal + espectral,Características completas,-0.1272744791850801
Bearing,preprocess_Reading157.dat,Temporal + espectral,Características completas,0.1334778961220671
Bearing,preprocess_Reading158.dat,Temporal + espectral,Características completas,0.17460634415384166
Bearing,preprocess_Reading159.dat,Temporal + espectral,Características completas,0.09944212408509315
Bearing,preprocess_Reading160.dat,Temporal + espectral,Características completas,-0.02427822407837056
Bearing,preprocess_Reading161.dat,Temporal + espectral,Características completas,0.12639036024731964
Bearing,preprocess_Reading162.dat,Temporal + espectral,Características completas,-0.00784152790047256
Bearing,preprocess_Reading163.dat,Temporal + espectral,Características completas,-0.1690306691764512
Bearing,preprocess_Reading164.dat,Temporal + espectral,Características completas,-0.06263559637760999
Bearing,preprocess_Reading165.dat,Temporal + espectral,Características completas,0.015118939187457893
Bearing,preprocess_Reading166.dat,Temporal + espectral,Características completas,-0.17296410402369397
Bearing,preprocess_Reading167.dat,Temporal + espectral,Características completas,0.19184914284117816
Bearing,preprocess_Reading168.dat,Temporal + espectral,Características completas,-0.007661366162097567
Bearing,preprocess_Reading169.dat,Temporal + espectral,Características completas,0.2537153293554858
Bearing,preprocess_Reading170.dat,Temporal + espectral,Características completas,0.12607174107600508
Bearing,preprocess_Reading171.dat,Temporal + espectral,Características completas,0.08552571328717477
Bearing,preprocess_Reading172.dat,Temporal + espectral,Características completas,0.12341690305043948
Bearing,preprocess_Reading173.dat,Temporal + espectral,Características completas,0.01349017216089484
Bearing,preprocess_Reading174.dat,Temporal + espectral,Características completas,0.2569246853498227
Bearing,preprocess_Reading175.dat,Temporal + espectral,Características completas,0.24149602567421688
Bearing,preprocess_Reading176.dat,Temporal + espectral,Características completas,0.21813306549542694
Bearing,preprocess_Reading177.dat,Temporal + espectral,Características completas,0.05053880628402944
Bearing,preprocess_Reading178.dat,Temporal + espectral,Características completas,0.2757962377379698
Bearing,preprocess_Reading179.dat,Temporal + espectral,Características completas,0.17012444618970413
Bearing,preprocess_Reading180.dat,Temporal + espectral,Características completas,0.23824946438782293
Bearing,preprocess_Reading181.dat,Temporal + espectral,Características completas,0.2889184696141153
Bearing,preprocess_Reading182.dat,Temporal + espectral,Características completas,0.09494084635903348
Bearing,preprocess_Reading183.dat,Temporal + espectral,Características completas,0.2764007329125973
Bearing,preprocess_Reading184.dat,Temporal + espectral,Características completas,0.26523999338292226
Bearing,preprocess_Reading185.dat,Temporal + espectral,Características completas,0.2816172315283262
Bearing,preprocess_Reading186.dat,Temporal + espectral,Características completas,0.09222608453063653
Bearing,preprocess_Reading187.dat,Temporal + espectral,Características completas,0.12769482206553906
Bearing,preprocess_Reading188.dat,Temporal + espectral,Características completas,0.09945119401705695
Bearing,preprocess_Reading189.dat,Temporal + espectral,Características completas,0.11154791950341143
Bearing,preprocess_Reading190.dat,Temporal + espectral,Características completas,-0.21789416580446466
Bearing,preprocess_Reading191.dat,Temporal + espectral,Características completas,-0.07603520263662054
Bearing,preprocess_Reading192.dat,Temporal + espectral,Características completas,0.23672119010423961
Bearing,preprocess_Reading193.dat,Temporal + espectral,Características completas,0.1471052768822046
Bearing,preprocess_Reading194.dat,Temporal + espectral,Características completas,-0.038547368117189354
Bearing,preprocess_Reading195.dat,Temporal + espectral,Características completas,0.011347847691917236
Bearing,preprocess_Reading196.dat,Temporal + espectral,Características completas,-0.1376479432624028
Bearing,preprocess_Reading197.dat,Temporal + espectral,Características completas,-0.12078852667045133
Bearing,preprocess_Reading198.dat,Temporal + espectral,Características completas,-0.0690380349985333
Bearing,preprocess_Reading199.dat,Temporal + espectral,Características completas,-0.0606203192811807
Bearing,preprocess_Reading200.dat,Temporal + espectral,Características completas,-0.05350495509326091
Bearing,preprocess_Reading201.dat,Temporal + espectral,Características completas,0.1112811606630626
Bearing,preprocess_Reading202.dat,Temporal + espectral,Características completas,-0.10772619542707473
Bearing,preprocess_Reading203.dat,Temporal + espectral,Características completas,0.2550925164216845
Bearing,preprocess_Reading204.dat,Temporal + espectral,Características completas,0.12597639131937446
Bearing,preprocess_Reading205.dat,Temporal + espectral,Características completas,-0.21671681276915689
Bearing,preprocess_Reading206.dat,Temporal + espectral,Características completas,0.0765595333963739
Bearing,preprocess_Reading207.dat,Temporal + espectral,Características completas,-0.024998272616849275
Bearing,preprocess_Reading208.dat,Temporal + espectral,Características completas,0.28976530374017245
Bearing,preprocess_Reading209.dat,Temporal + espectral,Características completas,0.2659275029298918
Bearing,preprocess_Reading210.dat,Temporal + espectral,Características completas,0.24618781378472238
Bearing,preprocess_Reading211.dat,Temporal + espectral,Características completas,0.04686820805587455
Bearing,preprocess_Reading212.dat,Temporal + espectral,Características completas,-0.15287890039002647
Bearing,preprocess_Reading213.dat,Temporal + espectral,Características completas,0.1216079167894933
Bearing,preprocess_Reading214.dat,Temporal + espectral,Características completas,0.2932732760076943
Bearing,preprocess_Reading215.dat,Temporal + espectral,Características completas,0.30274676654762456
Bearing,preprocess_Reading216.dat,Temporal + espectral,Características completas,-0.14902131571011562
Bearing,preprocess_Reading217.dat,Temporal + espectral,Características completas,0.013849576997740858
Bearing,preprocess_Reading218.dat,Temporal + espectral,Características completas,-0.28418576737763657
Bearing,preprocess_Reading219.dat,Temporal + espectral,Características completas,0.23829480315794102
Bearing,preprocess_Reading220.dat,Temporal + espectral,Características completas,-0.13959792933393322
Bearing,preprocess_Reading221.dat,Temporal + espectral,Características completas,-0.2124979698794116
Bearing,preprocess_Reading222.dat,Temporal + espectral,Características completas,-0.23999321265441667
Bearing,preprocess_Reading223.dat,Temporal + espectral,Características completas,-0.003550619389667654
Bearing,preprocess_Reading224.dat,Temporal + espectral,Características completas,-0.09449400176802443
Bearing,preprocess_Reading225.dat,Temporal + espectral,Características completas,-0.20144578295382304
Flywheel,preprocess_Reading1.dat,Temporal + espectral,Características completas,-0.3555288497446123
Flywheel,preprocess_Reading2.dat,Temporal + espectral,Características completas,0.09725199950607348
Flywheel,preprocess_Reading3.dat,Temporal + espectral,Características completas,-0.2354369059508467
Flywheel,preprocess_Reading4.dat,Temporal + espectral,Características completas,0.21226677014357873
Flywheel,preprocess_Reading5.dat,Temporal + espectral,Características completas,-0.2646695681627605
Flywheel,preprocess_Reading6.dat,Temporal + espectral,Características completas,-0.28331318314509074
Flywheel,preprocess_Reading7.dat,Temporal + espectral,Características completas,0.08682326885551071
Flywheel,preprocess_Reading8.dat,Temporal + espectral,Características completas,-0.11928216464769352
Flywheel,preprocess_Reading9.dat,Temporal + espectral,Características completas,0.13332082793462313
Flywheel,preprocess_Reading10.dat,Temporal + espectral,Características completas,-0.019759363969420397
Flywheel,preprocess_Reading11.dat,Temporal + espectral,Características completas,0.1628525111294449
Flywheel,preprocess_Reading12.dat,Temporal + espectral,Características completas,-0.1142357878704137
Flywheel,preprocess_Reading13.dat,Temporal + espectral,Características completas,0.07974626207686195
Flywheel,preprocess_Reading14.dat,Temporal + espectral,Características completas,0.15498653192650594
Flywheel,preprocess_Reading15.dat,Temporal + espectral,Características completas,0.2640208309540908
Flywheel,preprocess_Reading16.dat,Temporal + espectral,Características completas,0.05049049581211199
Flywheel,preprocess_Reading17.dat,Temporal + espectral,Características completas,-0.18448847669570229
Flywheel,preprocess_Reading18.dat,Temporal + espectral,Características completas,-0.17718500003134463
Flywheel,preprocess_Reading19.dat,Temporal + espectral,Características completas,-0.24616810970085667
Flywheel,preprocess_Reading20.dat,Temporal + espectral,Características completas,0.2840205293794241
Flywheel,preprocess_Reading21.dat,Temporal + espectral,Características completas,-0.022317300052068795
Flywheel,preprocess_Reading22.dat,Temporal + espectral,Características completas,-0.17997414682051396
Flywheel,preprocess_Reading23.dat,Temporal + espectral,Características completas,-0.19296199553518997
Flywheel,preprocess_Reading24.dat,Temporal + espectral,Características completas,0.09847060339898421
Flywheel,preprocess_Reading25.dat,Temporal + espectral,Características completas,0.20612975957043955
Flywheel,preprocess_Reading26.dat,Temporal + espectral,Características completas,-0.1035192259021037
Flywheel,preprocess_Reading27.dat,Temporal + espectral,Características completas,0.11890935534136178
Flywheel,preprocess_Reading28.dat,Temporal + espectral,Características completas,0.25868799009210647
Flywheel,preprocess_Reading29.dat,Temporal + espectral,Características completas,0.1550342930970757
Flywheel,preprocess_Reading30.dat,Temporal + espectral,Características completas,0.07235098357245874
Flywheel,preprocess_Reading31.dat,Temporal + espectral,Características completas,-0.14976614123724
Flywheel,preprocess_Reading32.dat,Temporal + espectral,Características completas,-0.22138680400985863
Flywheel,preprocess_Reading33.dat,Temporal + espectral,Características completas,0.061115606930836064
Flywheel,preprocess_Reading34.dat,Temporal + espectral,Características completas,0.20603365796099424
Flywheel,preprocess_Reading35.dat,Temporal + espectral,Características completas,0.12709120724585718
Flywheel,preprocess_Reading36.dat,Temporal + espectral,Características completas,-0.18232108993412843
Flywheel,preprocess_Reading37.dat,Temporal + espectral,Características completas,0.1587065803876873
Flywheel,preprocess_Reading38.dat,Temporal + espectral,Características completas,-0.32013718053932344
Flywheel,preprocess_Reading39.dat,Temporal + espectral,Características completas,0.2797274633447521
Flywheel,preprocess_Reading40.dat,Temporal + espectral,Características completas,-0.03792810767492552
Flywheel,preprocess_Reading41.dat,Temporal + espectral,Características completas,0.13875721533611907
Flywheel,preprocess_Reading42.dat,Temporal + espectral,Características completas,0.14353380906077867
Flywheel,preprocess_Reading43.dat,Temporal + espectral,Características completas,-0.23263164527148666
Flywheel,preprocess_Reading44.dat,Temporal + espectral,Características completas,-0.23545433233355348
Flywheel,preprocess_Reading45.dat,Temporal + espectral,Características completas,0.13234710815290848
Flywheel,preprocess_Reading46.dat,Temporal + espectral,Características completas,-0.22517822116683844
Flywheel,preprocess_Reading47.dat,Temporal + espectral,Características completas,-0.3525205436493699
Flywheel,preprocess_Reading48.dat,Temporal + espectral,Características completas,0.14681314872960075
Flywheel,preprocess_Reading49.dat,Temporal + espectral,Características completas,-0.37800400960211605
Flywheel,preprocess_Reading50.dat,Temporal + espectral,Características completas,-0.07530898066407513
Flywheel,preprocess_Reading51.dat,Temporal + espectral,Características completas,0.04235051129754602
Flywheel,preprocess_Reading52.dat,Temporal + espectral,Características completas,-0.05566578202602453
Flywheel,preprocess_Reading53.dat,Temporal + espectral,Características completas,0.02409729135658177
Flywheel,preprocess_Reading54.dat,Temporal + espectral,Características completas,-0.037595463856431637
Flywheel,preprocess_Reading55.dat,Temporal + espectral,Características completas,-0.21258875908197153
Flywheel,preprocess_Reading56.dat,Temporal + espectral,Características completas,0.03616529573763061
Flywheel,preprocess_Reading57.dat,Temporal + espectral,Características completas,-0.07346785318180164
Flywheel,preprocess_Reading58.dat,Temporal + espectral,Características completas,0.056301748030566555
Flywheel,preprocess_Reading59.dat,Temporal + espectral,Características completas,0.05266377569551715
Flywheel,preprocess_Reading60.dat,Temporal + espectral,Características completas,-0.18576829941285466
Flywheel,preprocess_Reading61.dat,Temporal + espectral,Características completas,0.15456840605425307
Flywheel,preprocess_Reading62.dat,Temporal + espectral,Características completas,-0.00858332075773349
Flywheel,preprocess_Reading63.dat,Temporal + espectral,Características completas,0.25517791132482404
Flywheel,preprocess_Reading64.dat,Temporal + espectral,Características completas,0.16846722262703634
Flywheel,preprocess_Reading65.dat,Temporal + espectral,Características completas,0.16670613681986252
Flywheel,preprocess_Reading66.dat,Temporal + espectral,Características completas,-0.11578154088368704
Flywheel,preprocess_Reading67.dat,Temporal + espectral,Características completas,0.22102321133053227
Flywheel,preprocess_Reading68.dat,Temporal + espectral,Características completas,-0.009466630893036626
Flywheel,preprocess_Reading69.dat,Temporal + espectral,Características completas,-0.051946299196059136
Flywheel,preprocess_Reading70.dat,Temporal + espectral,Características completas,-0.036234526784529986
Flywheel,preprocess_Reading71.dat,Temporal + espectral,Características completas,0.16001216604941754
Flywheel,preprocess_Reading72.dat,Temporal + espectral,Características completas,0.11486955156623724
Flywheel,preprocess_Reading73.dat,Temporal + espectral,Características completas,0.07428427788342858
Flywheel,preprocess_Reading74.dat,Temporal + espectral,Características completas,0.1127427392584873
Flywheel,preprocess_Reading75.dat,Temporal + espectral,Características completas,0.07017580139513303
Flywheel,preprocess_Reading76.dat,Temporal + espectral,Características completas,-0.512883588152223
Flywheel,preprocess_Reading77.dat,Temporal + espectral,Características completas,0.09519656189190388
Flywheel,preprocess_Reading78.dat,Temporal + espectral,Características completas,-0.07669294408459712
Flywheel,preprocess_Reading79.dat,Temporal + espectral,Características completas,-0.03560064541965358
Flywheel,preprocess_Reading80.dat,Temporal + espectral,Características completas,0.048719331186542474
Flywheel,preprocess_Reading81.dat,Temporal + espectral,Características completas,-0.14872864961718774
Flywheel,preprocess_Reading82.dat,Temporal + espectral,Características completas,0.243092075531855
Flywheel,preprocess_Reading83.dat,Temporal + espectral,Características completas,0.2578965325554513
Flywheel,preprocess_Reading84.dat,Temporal + espectral,Características completas,-0.018984248519669768
Flywheel,preprocess_Reading85.dat,Temporal + espectral,Características completas,-0.033643079964279884
Flywheel,preprocess_Reading86.dat,Temporal + espectral,Características completas,-0.06523878678489216
Flywheel,preprocess_Reading87.dat,Temporal + espectral,Características completas,-0.23164729814150184
Flywheel,preprocess_Reading88.dat,Temporal + espectral,Características completas,-0.022164830297508684
Flywheel,preprocess_Reading89.dat,Temporal + espectral,Características completas,-0.03786766361553065
Flywheel,preprocess_Reading90.dat,Temporal + espectral,Características completas,-0.14366319206009195
Flywheel,preprocess_Reading91.dat,Temporal + espectral,Características completas,0.20170739756906883
Flywheel,preprocess_Reading92.dat,Temporal + espectral,Características completas,0.16459358105904354
Flywheel,preprocess_Reading93.dat,Temporal + espectral,Características completas,-0.33493541325707665
Flywheel,preprocess_Reading94.dat,Temporal + espectral,Características completas,0.03359465279408462
Flywheel,preprocess_Reading95.dat,Temporal + espectral,Características completas,-0.10814526727004366
Flywheel,preprocess_Reading96.dat,Temporal + espectral,Características completas,0.2675299731927377
Flywheel,preprocess_Reading97.dat,Temporal + espectral,Características completas,-0.2990838125783858
Flywheel,preprocess_Reading98.dat,Temporal + espectral,Características completas,0.25813734413344425
Flywheel,preprocess_Reading99.dat,Temporal + espectral,Características completas,0.17326972403624558
Flywheel,preprocess_Reading100.dat,Temporal + espectral,Características completas,0.04610288868477211
Flywheel,preprocess_Reading101.dat,Temporal + espectral,Características completas,-0.033841008583356015
Flywheel,preprocess_Reading102.dat,Temporal + espectral,Características completas,-0.08596338115737395
Flywheel,preprocess_Reading103.dat,Temporal + espectral,Características completas,0.13054241930811633
Flywheel,preprocess_Reading104.dat,Temporal + espectral,Características completas,0.2800688859576907
Flywheel,preprocess_Reading105.dat,Temporal + espectral,Características completas,0.24105949072596153
Flywheel,preprocess_Reading106.dat,Temporal + espectral,Características completas,-0.09446604782628425
Flywheel,preprocess_Reading107.dat,Temporal + espectral,Características completas,0.22457393743019746
Flywheel,preprocess_Reading108.dat,Temporal + espectral,Características completas,0.2402332878917677
Flywheel,preprocess_Reading109.dat,Temporal + espectral,Características completas,-0.18572964426360258
Flywheel,preprocess_Reading110.dat,Temporal + espectral,Características completas,-0.16551365706925136
Flywheel,preprocess_Reading111.dat,Temporal + espectral,Características completas,-0.04752403585079193
Flywheel,preprocess_Reading112.dat,Temporal + espectral,Características completas,-0.20840306758887553
Flywheel,preprocess_Reading113.dat,Temporal + espectral,Características completas,0.16757524217466235
Flywheel,preprocess_Reading114.dat,Temporal + espectral,Características completas,0.27186700755538146
Flywheel,preprocess_Reading115.dat,Temporal + espectral,Características completas,-0.1990837549428836
Flywheel,preprocess_Reading116.dat,Temporal + espectral,Características completas,-0.19916912742319864
Flywheel,preprocess_Reading117.dat,Temporal + espectral,Características completas,0.2134408549620206
Flywheel,preprocess_Reading118.dat,Temporal + espectral,Características completas,-0.029706554238281987
Flywheel,preprocess_Reading119.dat,Temporal + espectral,Características completas,0.2787761550829468
Flywheel,preprocess_Reading120.dat,Temporal + espectral,Características completas,-0.05331682151728144
Flywheel,preprocess_Reading121.dat,Temporal + espectral,Características completas,0.18816854909495284
Flywheel,preprocess_Reading122.dat,Temporal + espectral,Características completas,0.2727463259241782
Flywheel,preprocess_Reading123.dat,Temporal + espectral,Características completas,-0.05725888348952252
Flywheel,preprocess_Reading124.dat,Temporal + espectral,Características completas,0.12518836222482746
Flywheel,preprocess_Reading125.dat,Temporal + espectral,Características completas,-0.08791327522245246
Flywheel,preprocess_Reading126.dat,Temporal + espectral,Características completas,0.19017441492902393
Flywheel,preprocess_Reading127.dat,Temporal + espectral,Características completas,0.17683814118864324
Flywheel,preprocess_Reading128.dat,Temporal + espectral,Características completas,0.22044276129827486
Flywheel,preprocess_Reading129.dat,Temporal + espectral,Características completas,0.07852012449977788
Flywheel,preprocess_Reading130.dat,Temporal + espectral,Características completas,-0.302980160359773
Flywheel,preprocess_Reading131.dat,Temporal + espectral,Características completas,-0.2274932434729912
Flywheel,preprocess_Reading132.dat,Temporal + espectral,Características completas,0.13104089697255467
Flywheel,preprocess_Reading133.dat,Temporal + espectral,Características completas,-0.1484643007836941
Flywheel,preprocess_Reading134.dat,Temporal + espectral,Características completas,0.2683370130460507
Flywheel,preprocess_Reading135.dat,Temporal + espectral,Características completas,0.024340633726637376
Flywheel,preprocess_Reading136.dat,Temporal + espectral,Características completas,0.20508259606483775
Flywheel,preprocess_Reading137.dat,Temporal + espectral,Características completas,-0.01587534780828022
Flywheel,preprocess_Reading138.dat,Temporal + espectral,Características completas,-0.3125846679509685
Flywheel,preprocess_Reading139.dat,Temporal + espectral,Características completas,-0.20347397408845735
Flywheel,preprocess_Reading140.dat,Temporal + espectral,Características completas,0.21271579201317403
Flywheel,preprocess_Reading141.dat,Temporal + espectral,Características completas,0.2680377168680922
Flywheel,preprocess_Reading142.dat,Temporal + espectral,Características completas,0.21491968653068022
Flywheel,preprocess_Reading143.dat,Temporal + espectral,Características completas,0.13691844794024874
Flywheel,preprocess_Reading144.dat,Temporal + espectral,Características completas,-0.003071027655921126
Flywheel,preprocess_Reading145.dat,Temporal + espectral,Características completas,0.19622184895941322
Flywheel,preprocess_Reading146.dat,Temporal + espectral,Características completas,-0.25970396469963014
Flywheel,preprocess_Reading147.dat,Temporal + espectral,Características completas,-0.053827492782602446
Flywheel,preprocess_Reading148.dat,Temporal + espectral,Características completas,0.2684813622115473
Flywheel,preprocess_Reading149.dat,Temporal + espectral,Características completas,0.1716006360716486
Flywheel,preprocess_Reading150.dat,Temporal + espectral,Características completas,-0.11908199435133003
Flywheel,preprocess_Reading151.dat,Temporal + espectral,Características completas,-0.0785281374214566
Flywheel,preprocess_Reading152.dat,Temporal + espectral,Características completas,-0.10834686932160702
Flywheel,preprocess_Reading153.dat,Temporal + espectral,Características completas,-0.030502177778017527
Flywheel,preprocess_Reading154.dat,Temporal + espectral,Características completas,0.10476742806173113
Flywheel,preprocess_Reading155.dat,Temporal + espectral,Características completas,0.15379237623816666
Flywheel,preprocess_Reading156.dat,Temporal + espectral,Características completas,-0.0865171065918636
Flywheel,preprocess_Reading157.dat,Temporal + espectral,Características completas,-0.1121072521118141
Flywheel,preprocess_Reading158.dat,Temporal + espectral,Características completas,0.1549986386663043
Flywheel,preprocess_Reading159.dat,Temporal + espectral,Características completas,0.23231473296430938
Flywheel,preprocess_Reading160.dat,Temporal + espectral,Características completas,0.07660208667671609
Flywheel,preprocess_Reading161.dat,Temporal + espectral,Características completas,0.10958385306604897
Flywheel,preprocess_Reading162.dat,Temporal + espectral,Características completas,0.23555090027450415
Flywheel,preprocess_Reading163.dat,Temporal + espectral,Características completas,0.036426398841618406
Flywheel,preprocess_Reading164.dat,Temporal + espectral,Características completas,-0.031108051320672757
Flywheel,preprocess_Reading165.dat,Temporal + espectral,Características completas,0.2695519114010896
Flywheel,preprocess_Reading166.dat,Temporal + espectral,Características completas,0.12415972158655131
Flywheel,preprocess_Reading167.dat,Temporal + espectral,Características completas,0.06727109292112049
Flywheel,preprocess_Reading168.dat,Temporal + espectral,Características completas,-0.2067425043008442
Flywheel,preprocess_Reading169.dat,Temporal + espectral,Características completas,-0.3449089090698785
Flywheel,preprocess_Reading170.dat,Temporal + espectral,Características completas,0.08749363558780306
Flywheel,preprocess_Reading171.dat,Temporal + espectral,Características completas,-0.390419527683279
Flywheel,preprocess_Reading172.dat,Temporal + espectral,Características completas,0.10716046909366138
Flywheel,preprocess_Reading173.dat,Temporal + espectral,Características completas,0.049780401381015776
Flywheel,preprocess_Reading174.dat,Temporal + espectral,Características completas,0.16860153005972722
Flywheel,preprocess_Reading175.dat,Temporal + espectral,Características completas,-0.3244589274520785
Flywheel,preprocess_Reading176.dat,Temporal + espectral,Características completas,-0.2899119164496214
Flywheel,preprocess_Reading177.dat,Temporal + espectral,Características completas,0.0352892612134639
Flywheel,preprocess_Reading178.dat,Temporal + espectral,Características completas,-0.30196187754033815
Flywheel,preprocess_Reading179.dat,Temporal + espectral,Características completas,-0.25864457523050166
Flywheel,preprocess_Reading180.dat,Temporal + espectral,Características completas,-0.03252865799052011
Flywheel,preprocess_Reading181.dat,Temporal + espectral,Características completas,-0.09258957986425614
Flywheel,preprocess_Reading182.dat,Temporal + espectral,Características completas,-0.010244565204412434
Flywheel,preprocess_Reading183.dat,Temporal + espectral,Características completas,-0.18212621349846853
Flywheel,preprocess_Reading184.dat,Temporal + espectral,Características completas,-0.07885421313164098
Flywheel,preprocess_Reading185.dat,Temporal + espectral,Características completas,0.0414436712066869
Flywheel,preprocess_Reading186.dat,Temporal + espectral,Características completas,0.10400141529448514
Flywheel,preprocess_Reading187.dat,Temporal + espectral,Características completas,-0.05823636258729099
Flywheel,preprocess_Reading188.dat,Temporal + espectral,Características completas,-0.3469966013325004
Flywheel,preprocess_Reading189.dat,Temporal + espectral,Características completas,-0.10884528782113098
Flywheel,preprocess_Reading190.dat,Temporal + espectral,Características completas,-0.07217660363516598
Flywheel,preprocess_Reading191.dat,Temporal + espectral,Características completas,-0.024146042631506128
Flywheel,preprocess_Reading192.dat,Temporal + espectral,Características completas,-0.12328484991205876
Flywheel,preprocess_Reading193.dat,Temporal + espectral,Características completas,-0.1636504865335419
Flywheel,preprocess_Reading194.dat,Temporal + espectral,Características completas,0.061318345908288545
Flywheel,preprocess_Reading195.dat,Temporal + espectral,Características completas,-0.19122663751945995
Flywheel,preprocess_Reading196.dat,Temporal + espectral,Características completas,0.14968443661584674
Flywheel,preprocess_Reading197.dat,Temporal + espectral,Características completas,-0.0630135390801594
Flywheel,preprocess_Reading198.dat,Temporal + espectral,Características completas,-0.03767909891521664
Flywheel,preprocess_Reading199.dat,Temporal + espectral,Características completas,0.06193796864471509
Flywheel,preprocess_Reading200.dat,Temporal + espectral,Características completas,-0.11019385553305273
Flywheel,preprocess_Reading201.dat,Temporal + espectral,Características completas,-0.02281316219198684
Flywheel,preprocess_Reading202.dat,Temporal + espectral,Características completas,0.05242905743673513
Flywheel,preprocess_Reading203.dat,Temporal + espectral,Características completas,0.04751239378145494
Flywheel,preprocess_Reading204.dat,Temporal + espectral,Características completas,0.01778200238528008
Flywheel,preprocess_Reading205.dat,Temporal + espectral,Características completas,-0.10894980993230713
Flywheel,preprocess_Reading206.dat,Temporal + espectral,Características completas,-0.29616307962245897
Flywheel,preprocess_Reading207.dat,Temporal + espectral,Características completas,0.15804120816819148
Flywheel,preprocess_Reading208.dat,Temporal + espectral,Características completas,0.1416290743107794
Flywheel,preprocess_Reading209.dat,Temporal + espectral,Características completas,-0.1929147968574317
Flywheel,preprocess_Reading210.dat,Temporal + espectral,Características completas,-0.36104553551745744
Flywheel,preprocess_Reading211.dat,Temporal + espectral,Características completas,0.010498265103719592
Flywheel,preprocess_Reading212.dat,Temporal + espectral,Características completas,-0.2870992383454629
Flywheel,preprocess_Reading213.dat,Temporal + espectral,Características completas,0.10233371761284923
Flywheel,preprocess_Reading214.dat,Temporal + espectral,Características completas,-0.25190539514906385
Flywheel,preprocess_Reading215.dat,Temporal + espectral,Características completas,-0.3636292349714567
Flywheel,preprocess_Reading216.dat,Temporal + espectral,Características completas,0.10279408711631784
Flywheel,preprocess_Reading217.dat,Temporal + espectral,Características completas,-0.002439593125306949
Flywheel,preprocess_Reading218.dat,Temporal + espectral,Características completas,0.22537309959466778
Flywheel,preprocess_Reading219.dat,Temporal + espectral,Características completas,0.20669058113013444
Flywheel,preprocess_Reading220.dat,Temporal + espectral,Características completas,0.0831668256191393
Flywheel,preprocess_Reading221.dat,Temporal + espectral,Características completas,0.24707268226423074
Flywheel,preprocess_Reading222.dat,Temporal + espectral,Características completas,0.1879985659349012
Flywheel,preprocess_Reading223.dat,Temporal + espectral,Características completas,0.10409425926630482
Flywheel,preprocess_Reading224.dat,Temporal + espectral,Características completas,0.17072748381843372
Flywheel,preprocess_Reading225.dat,Temporal + espectral,Características completas,0.04241405427912183
LIV,preprocess_Reading1.dat,Temporal + espectral,Características completas,0.17913244326724018
LIV,preprocess_Reading2.dat,Temporal + espectral,Características completas,0.23530818552102234
LIV,preprocess_Reading3.dat,Temporal + espectral,Características completas,0.12135152986665194
LIV,preprocess_Reading4.dat,Temporal + espectral,Características completas,-0.19992335529881278
LIV,preprocess_Reading5.dat,Temporal + espectral,Características completas,0.1826314534064098
LIV,preprocess_Reading6.dat,Temporal + espectral,Características completas,-0.10763589224894286
LIV,preprocess_Reading7.dat,Temporal + espectral,Características completas,-0.25414101635470876
LIV,preprocess_Reading8.dat,Temporal + espectral,Características completas,-0.30302696921211814
LIV,preprocess_Reading9.dat,Temporal + espectral,Características completas,0.016380661250208713
LIV,preprocess_Reading10.dat,Temporal + espectral,Características completas,0.3570183315750055
LIV,preprocess_Reading11.dat,Temporal + espectral,Características completas,-0.22633507478017997
LIV,preprocess_Reading12.dat,Temporal + espectral,Características completas,-0.3692883566057474
LIV,preprocess_Reading13.dat,Temporal + espectral,Características completas,-0.30288181454940794
LIV,preprocess_Reading14.dat,Temporal + espectral,Características completas,-0.07826363479921024
LIV,preprocess_Reading15.dat,Temporal + espectral,Características completas,0.033247483598234595
LIV,preprocess_Reading16.dat,Temporal + espectral,Características completas,0.11781036060635339
LIV,preprocess_Reading17.dat,Temporal + espectral,Características completas,0.3142587779010902
LIV,preprocess_Reading18.dat,Temporal + espectral,Características completas,-0.023906312552289588
LIV,preprocess_Reading19.dat,Temporal + espectral,Características completas,0.37179069882232196
LIV,preprocess_Reading20.dat,Temporal + espectral,Características completas,0.36188519476457043
LIV,preprocess_Reading21.dat,Temporal + espectral,Características completas,0.2456803835546795
LIV,preprocess_Reading22.dat,Temporal + espectral,Características completas,0.33450369840411287
LIV,preprocess_Reading23.dat,Temporal + espectral,Características completas,0.2585436228436207
LIV,preprocess_Reading24.dat,Temporal + espectral,Características completas,-0.146004610834112
LIV,preprocess_Reading25.dat,Temporal + espectral,Características completas,0.28580155893162923
LIV,preprocess_Reading26.dat,Temporal + espectral,Características completas,0.2810128033887799
LIV,preprocess_Reading27.dat,Temporal + espectral,Características completas,-0.02301756968630494
LIV,preprocess_Reading28.dat,Temporal + espectral,Características completas,-0.13833023782163262
LIV,preprocess_Reading29.dat,Temporal + espectral,Características completas,-0.10820623404065824
LIV,preprocess_Reading30.dat,Temporal + espectral,Características completas,-0.11527491123828214
LIV,preprocess_Reading31.dat,Temporal + espectral,Características completas,-0.1087325891039667
LIV,preprocess_Reading32.dat,Temporal + espectral,Características completas,-0.04780892279511939
LIV,preprocess_Reading33.dat,Temporal + espectral,Características completas,0.026839255013972538
LIV,preprocess_Reading34.dat,Temporal + espectral,Características completas,0.07781735182246184
LIV,preprocess_Reading35.dat,Temporal + espectral,Características completas,-0.013016483121702975
LIV,preprocess_Reading36.dat,Temporal + espectral,Características completas,0.011239013100733192
LIV,preprocess_Reading37.dat,Temporal + espectral,Características completas,0.2458688008162146
LIV,preprocess_Reading38.dat,Temporal + espectral,Características completas,0.09461644002476238
LIV,preprocess_Reading39.dat,Temporal + espectral,Características completas,0.2576856693953884
LIV,preprocess_Reading40.dat,Temporal + espectral,Características completas,0.10705548176870813
LIV,preprocess_Reading41.dat,Temporal + espectral,Características completas,0.13693417521822748
LIV,preprocess_Reading42.dat,Temporal + espectral,Características completas,0.16477884907831794
LIV,preprocess_Reading43.dat,Temporal + espectral,Características completas,0.20233579913822183
LIV,preprocess_Reading44.dat,Temporal + espectral,Características completas,0.05694585461331453
LIV,preprocess_Reading45.dat,Temporal + espectral,Características completas,-0.25592357539000055
LIV,preprocess_Reading46.dat,Temporal + espectral,Características completas,0.10620994763624568
LIV,preprocess_Reading47.dat,Temporal + espectral,Características completas,-0.07452367177425523
LIV,preprocess_Reading48.dat,Temporal + espectral,Características completas,0.140546396411975
LIV,preprocess_Reading49.dat,Temporal + espectral,Características completas,-0.23966313773374
LIV,preprocess_Reading50.dat,Temporal + espectral,Características completas,0.12363938884045415
LIV,preprocess_Reading51.dat,Temporal + espectral,Características completas,0.2731678332917963
LIV,preprocess_Reading52.dat,Temporal + espectral,Características completas,0.14050559957013617
LIV,preprocess_Reading53.dat,Temporal + espectral,Características completas,0.3212899836078907
LIV,preprocess_Reading54.dat,Temporal + espectral,Características completas,0.13328185867773826
LIV,preprocess_Reading55.dat,Temporal + espectral,Características completas,0.26377901806330456
LIV,preprocess_Reading56.dat,Temporal + espectral,Características completas,0.36057530808003757
LIV,preprocess_Reading57.dat,Temporal + espectral,Características completas,0.3867691307455346
LIV,preprocess_Reading58.dat,Temporal + espectral,Características completas,0.3228140528164297
LIV,preprocess_Reading59.dat,Temporal + espectral,Características completas,0.20040001648279387
LIV,preprocess_Reading60.dat,Temporal + espectral,Características completas,0.3049101057250558
LIV,preprocess_Reading61.dat,Temporal + espectral,Características completas,0.2759655072171714
LIV,preprocess_Reading62.dat,Temporal + espectral,Características completas,0.21891896299463168
LIV,preprocess_Reading63.dat,Temporal + espectral,Características completas,0.232249973340751
LIV,preprocess_Reading64.dat,Temporal + espectral,Características completas,0.23123506875727065
LIV,preprocess_Reading65.dat,Temporal + espectral,Características completas,0.29606514357524627
LIV,preprocess_Reading66.dat,Temporal + espectral,Características completas,-0.28208057046062956
LIV,preprocess_Reading67.dat,Temporal + espectral,Características completas,-0.31581391407612097
LIV,preprocess_Reading68.dat,Temporal + espectral,Características completas,0.28319720440479296
LIV,preprocess_Reading69.dat,Temporal + espectral,Características completas,0.28371853008111975
LIV,preprocess_Reading70.dat,Temporal + espectral,Características completas,0.3345595635746387
LIV,preprocess_Reading71.dat,Temporal + espectral,Características completas,0.10241888882082499
LIV,preprocess_Reading72.dat,Temporal + espectral,Características completas,-0.35383731290178794
LIV,preprocess_Reading73.dat,Temporal + espectral,Características completas,-0.2613016176623829
LIV,preprocess_Reading74.dat,Temporal + espectral,Características completas,0.11002310991608201
LIV,preprocess_Reading75.dat,Temporal + espectral,Características completas,-0.15678216999286176
LIV,preprocess_Reading76.dat,Temporal + espectral,Características completas,-0.39609355222261144
LIV,preprocess_Reading77.dat,Temporal + espectral,Características completas,-0.3672034240740082
LIV,preprocess_Reading78.dat,Temporal + espectral,Características completas,0.033617528860862535
LIV,preprocess_Reading79.dat,Temporal + espectral,Características completas,0.1564914760809727
LIV,preprocess_Reading80.dat,Temporal + espectral,Características completas,0.14107376482031564
LIV,preprocess_Reading81.dat,Temporal + espectral,Características completas,-0.15913207461548554
LIV,preprocess_Reading82.dat,Temporal + espectral,Características completas,-0.013443794709115811
LIV,preprocess_Reading83.dat,Temporal + espectral,Características completas,0.08680619057164084
LIV,preprocess_Reading84.dat,Temporal + espectral,Características completas,0.10967675862506814
LIV,preprocess_Reading85.dat,Temporal + espectral,Características completas,0.19252233592495274
LIV,preprocess_Reading86.dat,Temporal + espectral,Características completas,0.2883453677465184
LIV,preprocess_Reading87.dat,Temporal + espectral,Características completas,0.32930207612449575
LIV,preprocess_Reading88.dat,Temporal + espectral,Características completas,0.2854302493237074
LIV,preprocess_Reading89.dat,Temporal + espectral,Características completas,-0.013786306597107573
LIV,preprocess_Reading90.dat,Temporal + espectral,Características completas,0.28224352984071926
LIV,preprocess_Reading91.dat,Temporal + espectral,Características completas,0.299618606690346
LIV,preprocess_Reading92.dat,Temporal + espectral,Características completas,0.35281569181320793
LIV,preprocess_Reading93.dat,Temporal + espectral,Características completas,0.2803023160792244
LIV,preprocess_Reading94.dat,Temporal + espectral,Características completas,0.26215518888751493
LIV,preprocess_Reading95.dat,Temporal + espectral,Características completas,0.3569407646394987
LIV,preprocess_Reading96.dat,Temporal + espectral,Características completas,0.33154442161122644
LIV,preprocess_Reading97.dat,Temporal + espectral,Características completas,0.3464702618128729
LIV,preprocess_Reading98.dat,Temporal + espectral,Características completas,0.27956885163666295
LIV,preprocess_Reading99.dat,Temporal + espectral,Características completas,0.24260371902092828
LIV,preprocess_Reading100.dat,Temporal + espectral,Características completas,0.08962269249824249
LIV,preprocess_Reading101.dat,Temporal + espectral,Características completas,-0.14822324114750274
LIV,preprocess_Reading102.dat,Temporal + espectral,Características completas,0.36604067675711494
LIV,preprocess_Reading103.dat,Temporal + espectral,Características completas,0.23318071195078297
LIV,preprocess_Reading104.dat,Temporal + espectral,Características completas,0.08540628480897061
LIV,preprocess_Reading105.dat,Temporal + espectral,Características completas,0.13029669008414954
LIV,preprocess_Reading106.dat,Temporal + espectral,Características completas,0.16937449440063634
LIV,preprocess_Reading107.dat,Temporal + espectral,Características completas,0.09200551164341571
LIV,preprocess_Reading108.dat,Temporal + espectral,Características completas,0.2947724280451155
LIV,preprocess_Reading109.dat,Temporal + espectral,Características completas,0.27775587012327024
LIV,preprocess_Reading110.dat,Temporal + espectral,Características completas,0.2295004481851612
LIV,preprocess_Reading111.dat,Temporal + espectral,Características completas,0.04405329613439699
LIV,preprocess_Reading112.dat,Temporal + espectral,Características completas,0.31036490221367685
LIV,preprocess_Reading113.dat,Temporal + espectral,Características completas,0.1283312955630042
LIV,preprocess_Reading114.dat,Temporal + espectral,Características completas,-0.16914409741336453
LIV,preprocess_Reading115.dat,Temporal + espectral,Características completas,-0.06780946707378999
LIV,preprocess_Reading116.dat,Temporal + espectral,Características completas,0.14097345086470445
LIV,preprocess_Reading117.dat,Temporal + espectral,Características completas,0.04592951359674483
LIV,preprocess_Reading118.dat,Temporal + espectral,Características completas,0.021630097247068113
LIV,preprocess_Reading119.dat,Temporal + espectral,Características completas,0.028443135245156563
LIV,preprocess_Reading120.dat,Temporal + espectral,Características completas,0.15962897365105416
LIV,preprocess_Reading121.dat,Temporal + espectral,Características completas,-0.06304764815644112
LIV,preprocess_Reading122.dat,Temporal + espectral,Características completas,0.0698208147573717
LIV,preprocess_Reading123.dat,Temporal + espectral,Características completas,0.02563852192647247
LIV,preprocess_Reading124.dat,Temporal + espectral,Características completas,0.09851563746721265
LIV,preprocess_Reading125.dat,Temporal + espectral,Características completas,0.14929448399308962
LIV,preprocess_Reading126.dat,Temporal + espectral,Características completas,0.03423607676583962
LIV,preprocess_Reading127.dat,Temporal + espectral,Características completas,0.19109183389861295
LIV,preprocess_Reading128.dat,Temporal + espectral,Características completas,-0.0759194965706215
LIV,preprocess_Reading129.dat,Temporal + espectral,Características completas,-0.27194198153627946
LIV,preprocess_Reading130.dat,Temporal + espectral,Características completas,-0.12005150933859396
LIV,preprocess_Reading131.dat,Temporal + espectral,Características completas,0.09069004947363006
LIV,preprocess_Reading132.dat,Temporal + espectral,Características completas,-0.19241750724724918
LIV,preprocess_Reading133.dat,Temporal + espectral,Características completas,0.20902728736297402
LIV,preprocess_Reading134.dat,Temporal + espectral,Características completas,-0.09746564679263613
LIV,preprocess_Reading135.dat,Temporal + espectral,Características completas,0.3338681681589897
LIV,preprocess_Reading136.dat,Temporal + espectral,Características completas,0.16689039343830495
LIV,preprocess_Reading137.dat,Temporal + espectral,Características completas,0.03226064463563287
LIV,preprocess_Reading138.dat,Temporal + espectral,Características completas,0.18875484188173264
LIV,preprocess_Reading139.dat,Temporal + espectral,Características completas,0.14948142537656017
LIV,preprocess_Reading140.dat,Temporal + espectral,Características completas,0.06783207431443594
LIV,preprocess_Reading141.dat,Temporal + espectral,Características completas,0.3849648585474343
LIV,preprocess_Reading142.dat,Temporal + espectral,Características completas,-0.13495684936940872
LIV,preprocess_Reading143.dat,Temporal + espectral,Características completas,-0.09637142094835248
LIV,preprocess_Reading144.dat,Temporal + espectral,Características completas,0.1949897793618194
LIV,preprocess_Reading145.dat,Temporal + espectral,Características completas,-0.10570801085358458
LIV,preprocess_Reading146.dat,Temporal + espectral,Características completas,-0.06197270685933059
LIV,preprocess_Reading147.dat,Temporal + espectral,Características completas,-0.2949936862081785
LIV,preprocess_Reading148.dat,Temporal + espectral,Características completas,-0.25829576066755294
LIV,preprocess_Reading149.dat,Temporal + espectral,Características completas,0.07933696056430142
LIV,preprocess_Reading150.dat,Temporal + espectral,Características completas,-0.1508796225065265
LIV,preprocess_Reading151.dat,Temporal + espectral,Características completas,-0.03182945311469233
LIV,preprocess_Reading152.dat,Temporal + espectral,Características completas,0.07007153404625512
LIV,preprocess_Reading153.dat,Temporal + espectral,Características completas,-0.19658713088358815
LIV,preprocess_Reading154.dat,Temporal + espectral,Características completas,0.30653045174253996
LIV,preprocess_Reading155.dat,Temporal + espectral,Características completas,0.3355910837285419
LIV,preprocess_Reading156.dat,Temporal + espectral,Características completas,0.34394036263801836
LIV,preprocess_Reading157.dat,Temporal + espectral,Características completas,-0.14835604658562884
LIV,preprocess_Reading158.dat,Temporal + espectral,Características completas,0.3358047126859925
LIV,preprocess_Reading159.dat,Temporal + espectral,Características completas,0.14163143477878934
LIV,preprocess_Reading160.dat,Temporal + espectral,Características completas,0.17971360157860522
LIV,preprocess_Reading161.dat,Temporal + espectral,Características completas,-0.10272798371144545
LIV,preprocess_Reading162.dat,Temporal + espectral,Características completas,0.34348665449980775
LIV,preprocess_Reading163.dat,Temporal + espectral,Características completas,0.28134788921383097
LIV,preprocess_Reading164.dat,Temporal + espectral,Características completas,0.22049081121548367
LIV,preprocess_Reading165.dat,Temporal + espectral,Características completas,0.26958086349078086
LIV,preprocess_Reading166.dat,Temporal + espectral,Características completas,0.1884577547312968
LIV,preprocess_Reading167.dat,Temporal + espectral,Características completas,0.3774199453267352
LIV,preprocess_Reading168.dat,Temporal + espectral,Características completas,0.3874279647352357
LIV,preprocess_Reading169.dat,Temporal + espectral,Características completas,0.2553753714727573
LIV,preprocess_Reading170.dat,Temporal + espectral,Características completas,0.24749448338702318
LIV,preprocess_Reading171.dat,Temporal + espectral,Características completas,-0.022087536666516694
LIV,preprocess_Reading172.dat,Temporal + espectral,Características completas,0.21018989064081425
LIV,preprocess_Reading173.dat,Temporal + espectral,Características completas,0.08567271995414263
LIV,preprocess_Reading174.dat,Temporal + espectral,Características completas,-0.141535922851112
LIV,preprocess_Reading175.dat,Temporal + espectral,Características completas,0.13208742809307752
LIV,preprocess_Reading176.dat,Temporal + espectral,Características completas,0.14293156921826689
LIV,preprocess_Reading177.dat,Temporal + espectral,Características completas,0.21736587082648362
LIV,preprocess_Reading178.dat,Temporal + espectral,Características completas,0.25495679931851034
LIV,preprocess_Reading179.dat,Temporal + espectral,Características completas,0.23127123367161154
LIV,preprocess_Reading180.dat,Temporal + espectral,Características completas,-0.04875946785000469
LIV,preprocess_Reading181.dat,Temporal + espectral,Características completas,-0.04222182430303835
LIV,preprocess_Reading182.dat,Temporal + espectral,Características completas,0.24648274744034598
LIV,preprocess_Reading183.dat,Temporal + espectral,Características completas,0.2069896902670029
LIV,preprocess_Reading184.dat,Temporal + espectral,Características completas,0.13815260093038384
LIV,preprocess_Reading185.dat,Temporal + espectral,Características completas,-0.040121220215649386
LIV,preprocess_Reading186.dat,Temporal + espectral,Características completas,0.057363132610621335
LIV,preprocess_Reading187.dat,Temporal + espectral,Características completas,0.06494576086415123
LIV,preprocess_Reading188.dat,Temporal + espectral,Características completas,0.3097574550152779
LIV,preprocess_Reading189.dat,Temporal + espectral,Características completas,0.19128457170594304
LIV,preprocess_Reading190.dat,Temporal + espectral,Características completas,0.08878650090259402
LIV,preprocess_Reading191.dat,Temporal + espectral,Características completas,0.042449434238785
LIV,preprocess_Reading192.dat,Temporal + espectral,Características completas,0.16596037549073217
LIV,preprocess_Reading193.dat,Temporal + espectral,Características completas,0.14268370404214314
LIV,preprocess_Reading194.dat,Temporal + espectral,Características completas,0.16794127370236542
LIV,preprocess_Reading195.dat,Temporal + espectral,Características completas,0.00952922522812914
LIV,preprocess_Reading196.dat,Temporal + espectral,Características completas,0.25138032011600325
LIV,preprocess_Reading197.dat,Temporal + espectral,Características completas,0.29265296415704334
LIV,preprocess_Reading198.dat,Temporal + espectral,Características completas,-0.08403459204203706
LIV,preprocess_Reading199.dat,Temporal + espectral,Características completas,0.12918384477320108
LIV,preprocess_Reading200.dat,Temporal + espectral,Características completas,0.24503165362098053
LIV,preprocess_Reading201.dat,Temporal + espectral,Características completas,0.09929946970032598
LIV,preprocess_Reading202.dat,Temporal + espectral,Características completas,-0.19223376978376125
LIV,preprocess_Reading203.dat,Temporal + espectral,Características completas,0.1522292334784928
LIV,preprocess_Reading204.dat,Temporal + espectral,Características completas,0.22236484297287507
LIV,preprocess_Reading205.dat,Temporal + espectral,Características completas,0.16838993750998907
LIV,preprocess_Reading206.dat,Temporal + espectral,Características completas,0.34415892027486467
LIV,preprocess_Reading207.dat,Temporal + espectral,Características completas,0.3378766833577981
LIV,preprocess_Reading208.dat,Temporal + espectral,Características completas,0.2746221165330125
LIV,preprocess_Reading209.dat,Temporal + espectral,Características completas,0.1910523631923413
LIV,preprocess_Reading210.dat,Temporal + espectral,Características completas,0.050833619185772054
LIV,preprocess_Reading211.dat,Temporal + espectral,Características completas,0.1503734267562023
LIV,preprocess_Reading212.dat,Temporal + espectral,Características completas,0.30552956154942074
LIV,preprocess_Reading213.dat,Temporal + espectral,Características completas,0.31300768900649517
LIV,preprocess_Reading214.dat,Temporal + espectral,Características completas,0.3669106083323901
LIV,preprocess_Reading215.dat,Temporal + espectral,Características completas,0.3845086398910383
LIV,preprocess_Reading216.dat,Temporal + espectral,Características completas,0.11052045590168677
LIV,preprocess_Reading217.dat,Temporal + espectral,Características completas,-0.08294896679066534
LIV,preprocess_Reading218.dat,Temporal + espectral,Características completas,0.168833016284879
LIV,preprocess_Reading219.dat,Temporal + espectral,Características completas,0.16030377247478425
LIV,preprocess_Reading220.dat,Temporal + espectral,Características completas,-0.28766329021186887
LIV,preprocess_Reading221.dat,Temporal + espectral,Características completas,0.27794806454563353
LIV,preprocess_Reading222.dat,Temporal + espectral,Características completas,0.2997897367310344
LIV,preprocess_Reading223.dat,Temporal + espectral,Características completas,-0.2767680734962471
LIV,preprocess_Reading224.dat,Temporal + espectral,Características completas,-0.18571899249929907
LIV,preprocess_Reading225.dat,Temporal + espectral,Características completas,-0.21188559189554976
LOV,preprocess_Reading1.dat,Temporal + espectral,Características completas,-0.3612297967798146
LOV,preprocess_Reading2.dat,Temporal + espectral,Características completas,-0.43488719494259087
LOV,preprocess_Reading3.dat,Temporal + espectral,Características completas,-0.4039021861202151
LOV,preprocess_Reading4.dat,Temporal + espectral,Características completas,-0.41683544379258386
LOV,preprocess_Reading5.dat,Temporal + espectral,Características completas,-0.4712872872181718
LOV,preprocess_Reading6.dat,Temporal + espectral,Características completas,-0.41571662992047026
LOV,preprocess_Reading7.dat,Temporal + espectral,Características completas,-0.49081114931823994
LOV,preprocess_Reading8.dat,Temporal + espectral,Características completas,-0.44232491143555897
LOV,preprocess_Reading9.dat,Temporal + espectral,Características completas,-0.41878556757965235
LOV,preprocess_Reading10.dat,Temporal + espectral,Características completas,-0.3636734562822596
LOV,preprocess_Reading11.dat,Temporal + espectral,Características completas,-0.4852890026407467
LOV,preprocess_Reading12.dat,Temporal + espectral,Características completas,-0.5287060539352395
LOV,preprocess_Reading13.dat,Temporal + espectral,Características completas,-0.4822629224921311
LOV,preprocess_Reading14.dat,Temporal + espectral,Características completas,-0.5576003820018786
LOV,preprocess_Reading15.dat,Temporal + espectral,Características completas,-0.5357889829715878
LOV,preprocess_Reading16.dat,Temporal + espectral,Características completas,-0.5022148586533458
LOV,preprocess_Reading17.dat,Temporal + espectral,Características completas,-0.440956427853921
LOV,preprocess_Reading18.dat,Temporal + espectral,Características completas,-0.46709942847889224
LOV,preprocess_Reading19.dat,Temporal + espectral,Características completas,-0.47770218757828725
LOV,preprocess_Reading20.dat,Temporal + espectral,Características completas,-0.4840026866253073
LOV,preprocess_Reading21.dat,Temporal + espectral,Características completas,-0.39716013936919364
LOV,preprocess_Reading22.dat,Temporal + espectral,Características completas,-0.3865349476556891
LOV,preprocess_Reading23.dat,Temporal + espectral,Características completas,-0.12686457461883302
LOV,preprocess_Reading24.dat,Temporal + espectral,Características completas,-0.46404432214055563
LOV,preprocess_Reading25.dat,Temporal + espectral,Características completas,-0.2603842974847537
LOV,preprocess_Reading26.dat,Temporal + espectral,Características completas,-0.0541294638548115
LOV,preprocess_Reading27.dat,Temporal + espectral,Características completas,0.13206937796910367
LOV,preprocess_Reading28.dat,Temporal + espectral,Características completas,0.09403133867331549
LOV,preprocess_Reading29.dat,Temporal + espectral,Características completas,0.15260865467327375
LOV,preprocess_Reading30.dat,Temporal + espectral,Características completas,0.12887315637069244
LOV,preprocess_Reading31.dat,Temporal + espectral,Características completas,-0.034502136009948385
LOV,preprocess_Reading32.dat,Temporal + espectral,Características completas,0.12040905064692808
LOV,preprocess_Reading33.dat,Temporal + espectral,Características completas,0.15970860813005835
LOV,preprocess_Reading34.dat,Temporal + espectral,Características completas,0.15613034087884284
LOV,preprocess_Reading35.dat,Temporal + espectral,Características completas,0.07260939104744323
LOV,preprocess_Reading36.dat,Temporal + espectral,Características completas,0.20432326889882857
LOV,preprocess_Reading37.dat,Temporal + espectral,Características completas,0.1838190063103048
LOV,preprocess_Reading38.dat,Temporal + espectral,Características completas,0.24074171784687837
LOV,preprocess_Reading39.dat,Temporal + espectral,Características completas,0.27135177077662576
LOV,preprocess_Reading40.dat,Temporal + espectral,Características completas,0.10308923690249469
LOV,preprocess_Reading41.dat,Temporal + espectral,Características completas,0.08283136151796554
LOV,preprocess_Reading42.dat,Temporal + espectral,Características completas,0.23602771769168854
LOV,preprocess_Reading43.dat,Temporal + espectral,Características completas,0.22782195368288047
LOV,preprocess_Reading44.dat,Temporal + espectral,Características completas,0.03579380740471303
LOV,preprocess_Reading45.dat,Temporal + espectral,Características completas,0.014984503731202461
LOV,preprocess_Reading46.dat,Temporal + espectral,Características completas,0.14152521826268055
LOV,preprocess_Reading47.dat,Temporal + espectral,Características completas,0.2751759948619765
LOV,preprocess_Reading48.dat,Temporal + espectral,Características completas,0.14609830399367182
LOV,preprocess_Reading49.dat,Temporal + espectral,Características completas,0.06497251938931896
LOV,preprocess_Reading50.dat,Temporal + espectral,Características completas,0.22585085902374194
LOV,preprocess_Reading51.dat,Temporal + espectral,Características completas,0.11590916074058275
LOV,preprocess_Reading52.dat,Temporal + espectral,Características completas,0.11727011498260087
LOV,preprocess_Reading53.dat,Temporal + espectral,Características completas,0.23557529235577163
LOV,preprocess_Reading54.dat,Temporal + espectral,Características completas,0.09161674306009898
LOV,preprocess_Reading55.dat,Temporal + espectral,Características completas,0.038714196366721514
LOV,preprocess_Reading56.dat,Temporal + espectral,Características completas,0.12527255561988918
LOV,preprocess_Reading57.dat,Temporal + espectral,Características completas,0.05073688250658732
LOV,preprocess_Reading58.dat,Temporal + espectral,Características completas,-0.0043628493195894905
LOV,preprocess_Reading59.dat,Temporal + espectral,Características completas,-0.003677611909584374
LOV,preprocess_Reading60.dat,Temporal + espectral,Características completas,0.11084695937077067
LOV,preprocess_Reading61.dat,Temporal + espectral,Características completas,-0.05312783101853133
LOV,preprocess_Reading62.dat,Temporal + espectral,Características completas,0.15677288388329444
LOV,preprocess_Reading63.dat,Temporal + espectral,Características completas,-0.16879403887226424
LOV,preprocess_Reading64.dat,Temporal + espectral,Características completas,0.03712227255457882
LOV,preprocess_Reading65.dat,Temporal + espectral,Características completas,0.05656134818481074
LOV,preprocess_Reading66.dat,Temporal + espectral,Características completas,-0.16267255470009093
LOV,preprocess_Reading67.dat,Temporal + espectral,Características completas,0.07724874284007502
LOV,preprocess_Reading68.dat,Temporal + espectral,Características completas,0.19253571866363503
LOV,preprocess_Reading69.dat,Temporal + espectral,Características completas,-0.028440881564151782
LOV,preprocess_Reading70.dat,Temporal + espectral,Características completas,0.07964651593638458
LOV,preprocess_Reading71.dat,Temporal + espectral,Características completas,0.14752765580004693
LOV,preprocess_Reading72.dat,Temporal + espectral,Características completas,0.08438775146717577
LOV,preprocess_Reading73.dat,Temporal + espectral,Características completas,0.12552158032830987
LOV,preprocess_Reading74.dat,Temporal + espectral,Características completas,0.11511246816255752
LOV,preprocess_Reading75.dat,Temporal + espectral,Características completas,-0.43734748297583276
LOV,preprocess_Reading76.dat,Temporal + espectral,Características completas,-0.27142522795045293
LOV,preprocess_Reading77.dat,Temporal + espectral,Características completas,-0.2249633075648571
LOV,preprocess_Reading78.dat,Temporal + espectral,Características completas,-0.44975792026640204
LOV,preprocess_Reading79.dat,Temporal + espectral,Características completas,-0.4509782946418754
LOV,preprocess_Reading80.dat,Temporal + espectral,Características completas,-0.4603859168103794
LOV,preprocess_Reading81.dat,Temporal + espectral,Características completas,-0.3912793315374441
LOV,preprocess_Reading82.dat,Temporal + espectral,Características completas,-0.49253906889137794
LOV,preprocess_Reading83.dat,Temporal + espectral,Características completas,-0.4177656281221369
LOV,preprocess_Reading84.dat,Temporal + espectral,Características completas,-0.5048743585255197
LOV,preprocess_Reading85.dat,Temporal + espectral,Características completas,-0.4634318843209271
LOV,preprocess_Reading86.dat,Temporal + espectral,Características completas,-0.4297238601475816
LOV,preprocess_Reading87.dat,Temporal + espectral,Características completas,-0.4520080346218147
LOV,preprocess_Reading88.dat,Temporal + espectral,Características completas,-0.5007828016137115
LOV,preprocess_Reading89.dat,Temporal + espectral,Características completas,-0.47667704583725534
LOV,preprocess_Reading90.dat,Temporal + espectral,Características completas,-0.5281787612183422
LOV,preprocess_Reading91.dat,Temporal + espectral,Características completas,-0.4903224233533834
LOV,preprocess_Reading92.dat,Temporal + espectral,Características completas,-0.44887146657207416
LOV,preprocess_Reading93.dat,Temporal + espectral,Características completas,-0.46257926931100424
LOV,preprocess_Reading94.dat,Temporal + espectral,Características completas,-0.46423468060257395
LOV,preprocess_Reading95.dat,Temporal + espectral,Características completas,-0.4523673676507023
LOV,preprocess_Reading96.dat,Temporal + espectral,Características completas,-0.3904877133196706
LOV,preprocess_Reading97.dat,Temporal + espectral,Características completas,-0.25528921151318384
LOV,preprocess_Reading98.dat,Temporal + espectral,Características completas,-0.247691219662564
LOV,preprocess_Reading99.dat,Temporal + espectral,Características completas,-0.24261815856101293
LOV,preprocess_Reading100.dat,Temporal + espectral,Características completas,-0.2804001906020772
LOV,preprocess_Reading101.dat,Temporal + espectral,Características completas,-0.11389286849050248
LOV,preprocess_Reading102.dat,Temporal + espectral,Características completas,-0.020195951856476494
LOV,preprocess_Reading103.dat,Temporal + espectral,Características completas,-0.0043648860997441315
LOV,preprocess_Reading104.dat,Temporal + espectral,Características completas,-0.18233460553550437
LOV,preprocess_Reading105.dat,Temporal + espectral,Características completas,0.011224852738083829
LOV,preprocess_Reading106.dat,Temporal + espectral,Características completas,-0.08200243716965978
LOV,preprocess_Reading107.dat,Temporal + espectral,Características completas,-0.0573182454016018
LOV,preprocess_Reading108.dat,Temporal + espectral,Características completas,-0.13884683951675142
LOV,preprocess_Reading109.dat,Temporal + espectral,Características completas,-0.060374040207824484
LOV,preprocess_Reading110.dat,Temporal + espectral,Características completas,-0.15224416813068825
LOV,preprocess_Reading111.dat,Temporal + espectral,Características completas,0.12076942431631753
LOV,preprocess_Reading112.dat,Temporal + espectral,Características completas,0.09493609107169318
LOV,preprocess_Reading113.dat,Temporal + espectral,Características completas,0.13988295721135352
LOV,preprocess_Reading114.dat,Temporal + espectral,Características completas,0.1334811314571477
LOV,preprocess_Reading115.dat,Temporal + espectral,Características completas,0.16052699897522082
LOV,preprocess_Reading116.dat,Temporal + espectral,Características completas,0.06761647821630834
LOV,preprocess_Reading117.dat,Temporal + espectral,Características completas,0.19541721639519516
LOV,preprocess_Reading118.dat,Temporal + espectral,Características completas,0.20140039606308657
LOV,preprocess_Reading119.dat,Temporal + espectral,Características completas,0.21725420828906425
LOV,preprocess_Reading120.dat,Temporal + espectral,Características completas,-0.11782674276232884
LOV,preprocess_Reading121.dat,Temporal + espectral,Características completas,0.0690070294313204
LOV,preprocess_Reading122.dat,Temporal + espectral,Características completas,0.2046640782201969
LOV,preprocess_Reading123.dat,Temporal + espectral,Características completas,0.12036608122087389
LOV,preprocess_Reading124.dat,Temporal + espectral,Características completas,0.022254014049508598
LOV,preprocess_Reading125.dat,Temporal + espectral,Características completas,0.09577104634161249
LOV,preprocess_Reading126.dat,Temporal + espectral,Características completas,-0.23689514322923705
LOV,preprocess_Reading127.dat,Temporal + espectral,Características completas,-0.002293309094430464
LOV,preprocess_Reading128.dat,Temporal + espectral,Características completas,-0.05105614878563024
LOV,preprocess_Reading129.dat,Temporal + espectral,Características completas,-0.14495509870293857
LOV,preprocess_Reading130.dat,Temporal + espectral,Características completas,0.0545490236822068
LOV,preprocess_Reading131.dat,Temporal + espectral,Características completas,0.19677491282217316
LOV,preprocess_Reading132.dat,Temporal + espectral,Características completas,-0.02085989293353261
LOV,preprocess_Reading133.dat,Temporal + espectral,Características completas,-0.05137742317003237
LOV,preprocess_Reading134.dat,Temporal + espectral,Características completas,0.032128250953616024
LOV,preprocess_Reading135.dat,Temporal + espectral,Características completas,0.09387212176951934
LOV,preprocess_Reading136.dat,Temporal + espectral,Características completas,-0.19520560244929708
LOV,preprocess_Reading137.dat,Temporal + espectral,Características completas,-0.1518424022191789
LOV,preprocess_Reading138.dat,Temporal + espectral,Características completas,-0.052867341141941936
LOV,preprocess_Reading139.dat,Temporal + espectral,Características completas,0.14842291406146854
LOV,preprocess_Reading140.dat,Temporal + espectral,Características completas,-0.005193017236505755
LOV,preprocess_Reading141.dat,Temporal + espectral,Características completas,0.19365053197560256
LOV,preprocess_Reading142.dat,Temporal + espectral,Características completas,-0.3323627957355918
LOV,preprocess_Reading143.dat,Temporal + espectral,Características completas,-0.15703657058586704
LOV,preprocess_Reading144.dat,Temporal + espectral,Características completas,0.2056630664104614
LOV,preprocess_Reading145.dat,Temporal + espectral,Características completas,0.013562970905508252
LOV,preprocess_Reading146.dat,Temporal + espectral,Características completas,0.044015276185794434
LOV,preprocess_Reading147.dat,Temporal + espectral,Características completas,-0.12419601778800848
LOV,preprocess_Reading148.dat,Temporal + espectral,Características completas,0.20032629588529385
LOV,preprocess_Reading149.dat,Temporal + espectral,Características completas,-0.13774773445903588
LOV,preprocess_Reading150.dat,Temporal + espectral,Características completas,-0.057948593084032045
LOV,preprocess_Reading151.dat,Temporal + espectral,Características completas,-0.2735596433697965
LOV,preprocess_Reading152.dat,Temporal + espectral,Características completas,-0.3897431542485122
LOV,preprocess_Reading153.dat,Temporal + espectral,Características completas,-0.3068143832686652
LOV,preprocess_Reading154.dat,Temporal + espectral,Características completas,-0.20967378030213815
LOV,preprocess_Reading155.dat,Temporal + espectral,Características completas,-0.16368551613829066
LOV,preprocess_Reading156.dat,Temporal + espectral,Características completas,-0.2650820922043252
LOV,preprocess_Reading157.dat,Temporal + espectral,Características completas,-0.3131621584121929
LOV,preprocess_Reading158.dat,Temporal + espectral,Características completas,-0.2872787486749157
LOV,preprocess_Reading159.dat,Temporal + espectral,Características completas,-0.21761031402357187
LOV,preprocess_Reading160.dat,Temporal + espectral,Características completas,-0.3061383767583516
LOV,preprocess_Reading161.dat,Temporal + espectral,Características completas,-0.5306435067856056
LOV,preprocess_Reading162.dat,Temporal + espectral,Características completas,-0.4379918055236869
LOV,preprocess_Reading163.dat,Temporal + espectral,Características completas,-0.4804627376233479
LOV,preprocess_Reading164.dat,Temporal + espectral,Características completas,-0.47602007973858596
LOV,preprocess_Reading165.dat,Temporal + espectral,Características completas,-0.5043262325839405
LOV,preprocess_Reading166.dat,Temporal + espectral,Características completas,-0.5188853163356846
LOV,preprocess_Reading167.dat,Temporal + espectral,Características completas,-0.4337615295000938
LOV,preprocess_Reading168.dat,Temporal + espectral,Características completas,-0.33426655548817474
LOV,preprocess_Reading169.dat,Temporal + espectral,Características completas,-0.3558665846830643
LOV,preprocess_Reading170.dat,Temporal + espectral,Características completas,-0.36821278467497454
LOV,preprocess_Reading171.dat,Temporal + espectral,Características completas,-0.3458858064760369
LOV,preprocess_Reading172.dat,Temporal + espectral,Características completas,-0.2571201083536067
LOV,preprocess_Reading173.dat,Temporal + espectral,Características completas,-0.36761082503758186
LOV,preprocess_Reading174.dat,Temporal + espectral,Características completas,-0.49444482934600786
LOV,preprocess_Reading175.dat,Temporal + espectral,Características completas,-0.4256454897183793
LOV,preprocess_Reading176.dat,Temporal + espectral,Características completas,-0.4243452154475952
LOV,preprocess_Reading177.dat,Temporal + espectral,Características completas,-0.4119914376526908
LOV,preprocess_Reading178.dat,Temporal + espectral,Características completas,-0.3775047672383079
LOV,preprocess_Reading179.dat,Temporal + espectral,Características completas,-0.3843375427506584
LOV,preprocess_Reading180.dat,Temporal + espectral,Características completas,-0.3364059012212511
LOV,preprocess_Reading181.dat,Temporal + espectral,Características completas,-0.22803343158427403
LOV,preprocess_Reading182.dat,Temporal + espectral,Características completas,-0.18048976644139142
LOV,preprocess_Reading183.dat,Temporal + espectral,Características completas,-0.20536454616945102
LOV,preprocess_Reading184.dat,Temporal + espectral,Características completas,-0.27767283816347954
LOV,preprocess_Reading185.dat,Temporal + espectral,Características completas,-0.1761308503336487
LOV,preprocess_Reading186.dat,Temporal + espectral,Características completas,-0.20530929794352415
LOV,preprocess_Reading187.dat,Temporal + espectral,Características completas,-0.035366958169361085
LOV,preprocess_Reading188.dat,Temporal + espectral,Características completas,-0.14580967065872094
LOV,preprocess_Reading189.dat,Temporal + espectral,Características completas,0.0290978332108401
LOV,preprocess_Reading190.dat,Temporal + espectral,Características completas,0.06133771561547269
LOV,preprocess_Reading191.dat,Temporal + espectral,Características completas,0.12711017621518944
LOV,preprocess_Reading192.dat,Temporal + espectral,Características completas,0.09825192485302321
LOV,preprocess_Reading193.dat,Temporal + espectral,Características completas,0.23726653337301876
LOV,preprocess_Reading194.dat,Temporal + espectral,Características completas,0.14407213343338604
LOV,preprocess_Reading195.dat,Temporal + espectral,Características completas,0.20122792886105445
LOV,preprocess_Reading196.dat,Temporal + espectral,Características completas,0.0639340974845291
LOV,preprocess_Reading197.dat,Temporal + espectral,Características completas,0.18196048068616616
LOV,preprocess_Reading198.dat,Temporal + espectral,Características completas,0.07056250246090544
LOV,preprocess_Reading199.dat,Temporal + espectral,Características completas,0.1360899228917625
LOV,preprocess_Reading200.dat,Temporal + espectral,Características completas,0.26664026892918974
LOV,preprocess_Reading201.dat,Temporal + espectral,Características completas,0.14067961742736312
LOV,preprocess_Reading202.dat,Temporal + espectral,Características completas,0.13601455324917033
LOV,preprocess_Reading203.dat,Temporal + espectral,Características completas,0.13480667839355687
LOV,preprocess_Reading204.dat,Temporal + espectral,Características completas,0.19023709339484768
LOV,preprocess_Reading205.dat,Temporal + espectral,Características completas,0.056895625086797796
LOV,preprocess_Reading206.dat,Temporal + espectral,Características completas,-0.082524350860093
LOV,preprocess_Reading207.dat,Temporal + espectral,Características completas,0.21951145800536842
LOV,preprocess_Reading208.dat,Temporal + espectral,Características completas,-0.018957766618043832
LOV,preprocess_Reading209.dat,Temporal + espectral,Características completas,0.008247632503995987
LOV,preprocess_Reading210.dat,Temporal + espectral,Características completas,-0.008543546450690599
LOV,preprocess_Reading211.dat,Temporal + espectral,Características completas,-0.04065223114215276
LOV,preprocess_Reading212.dat,Temporal + espectral,Características completas,-0.05698639983607233
LOV,preprocess_Reading213.dat,Temporal + espectral,Características completas,0.10481228155872713
LOV,preprocess_Reading214.dat,Temporal + espectral,Características completas,-0.0064161371317808125
LOV,preprocess_Reading215.dat,Temporal + espectral,Características completas,0.019503333865816104
LOV,preprocess_Reading216.dat,Temporal + espectral,Características completas,0.10889879509273262
LOV,preprocess_Reading217.dat,Temporal + espectral,Características completas,0.1460692202094988
LOV,preprocess_Reading218.dat,Temporal + espectral,Características completas,0.16236303816767877
LOV,preprocess_Reading219.dat,Temporal + espectral,Características completas,-0.16427378950823204
LOV,preprocess_Reading220.dat,Temporal + espectral,Características completas,-0.19183096063706262
LOV,preprocess_Reading221.dat,Temporal + espectral,Características completas,0.14779292022324567
LOV,preprocess_Reading222.dat,Temporal + espectral,Características completas,-0.22262297506249898
LOV,preprocess_Reading223.dat,Temporal + espectral,Características completas,-0.00451798635407311
LOV,preprocess_Reading224.dat,Temporal + espectral,Características completas,-0.3921821189201064
LOV,preprocess_Reading225.dat,Temporal + espectral,Características completas,0.0046797427020677795
NRV,preprocess_Reading1.dat,Temporal + espectral,Características completas,-0.4849097977159163
NRV,preprocess_Reading2.dat,Temporal + espectral,Características completas,-0.38029582827027125
NRV,preprocess_Reading3.dat,Temporal + espectral,Características completas,-0.1444008884744078
NRV,preprocess_Reading4.dat,Temporal + espectral,Características completas,-0.05916206574691501
NRV,preprocess_Reading5.dat,Temporal + espectral,Características completas,0.25307725806105297
NRV,preprocess_Reading6.dat,Temporal + espectral,Características completas,-0.005445554878029476
NRV,preprocess_Reading7.dat,Temporal + espectral,Características completas,-0.1807809377088312
NRV,preprocess_Reading8.dat,Temporal + espectral,Características completas,-0.2892857056881921
NRV,preprocess_Reading9.dat,Temporal + espectral,Características completas,-0.08526256601314927
NRV,preprocess_Reading10.dat,Temporal + espectral,Características completas,-0.18605028549374739
NRV,preprocess_Reading11.dat,Temporal + espectral,Características completas,-0.20296296350239132
NRV,preprocess_Reading12.dat,Temporal + espectral,Características completas,0.3350388153988915
NRV,preprocess_Reading13.dat,Temporal + espectral,Características completas,0.23358583700689892
NRV,preprocess_Reading14.dat,Temporal + espectral,Características completas,0.3949822170341173
NRV,preprocess_Reading15.dat,Temporal + espectral,Características completas,0.28395343118017474
NRV,preprocess_Reading16.dat,Temporal + espectral,Características completas,0.14520866489130305
NRV,preprocess_Reading17.dat,Temporal + espectral,Características completas,0.42427879948709735
NRV,preprocess_Reading18.dat,Temporal + espectral,Características completas,0.26709157185018123
NRV,preprocess_Reading19.dat,Temporal + espectral,Características completas,0.040335227717817425
NRV,preprocess_Reading20.dat,Temporal + espectral,Características completas,0.3752999475295086
NRV,preprocess_Reading21.dat,Temporal + espectral,Características completas,0.3757809570810399
NRV,preprocess_Reading22.dat,Temporal + espectral,Características completas,0.33925265873809196
NRV,preprocess_Reading23.dat,Temporal + espectral,Características completas,0.29033523429377855
NRV,preprocess_Reading24.dat,Temporal + espectral,Características completas,0.15212865209053109
NRV,preprocess_Reading25.dat,Temporal + espectral,Características completas,0.32379324329263776
NRV,preprocess_Reading26.dat,Temporal + espectral,Características completas,0.23889129606614642
NRV,preprocess_Reading27.dat,Temporal + espectral,Características completas,0.318503687456109
NRV,preprocess_Reading28.dat,Temporal + espectral,Características completas,-0.22753125516849648
NRV,preprocess_Reading29.dat,Temporal + espectral,Características completas,0.3054586755876289
NRV,preprocess_Reading30.dat,Temporal + espectral,Características completas,-0.3427041177423387
NRV,preprocess_Reading31.dat,Temporal + espectral,Características completas,0.25477188053573696
NRV,preprocess_Reading32.dat,Temporal + espectral,Características completas,0.18659668599033166
NRV,preprocess_Reading33.dat,Temporal + espectral,Características completas,0.25374387815113625
NRV,preprocess_Reading34.dat,Temporal + espectral,Características completas,0.3743013983531459
NRV,preprocess_Reading35.dat,Temporal + espectral,Características completas,0.4366291031532748
NRV,preprocess_Reading36.dat,Temporal + espectral,Características completas,0.16883559711289756
NRV,preprocess_Reading37.dat,Temporal + espectral,Características completas,0.38101545747576865
NRV,preprocess_Reading38.dat,Temporal + espectral,Características completas,0.06920177952480443
NRV,preprocess_Reading39.dat,Temporal + espectral,Características completas,0.3590883149697533
NRV,preprocess_Reading40.dat,Temporal + espectral,Características completas,0.2152723628501598
NRV,preprocess_Reading41.dat,Temporal + espectral,Características completas,0.33829881854686866
NRV,preprocess_Reading42.dat,Temporal + espectral,Características completas,0.3160837642790955
NRV,preprocess_Reading43.dat,Temporal + espectral,Características completas,0.3459193991189848
NRV,preprocess_Reading44.dat,Temporal + espectral,Características completas,0.3357499640090526
NRV,preprocess_Reading45.dat,Temporal + espectral,Características completas,0.27369243512871266
NRV,preprocess_Reading46.dat,Temporal + espectral,Características completas,0.10385269154786808
NRV,preprocess_Reading47.dat,Temporal + espectral,Características completas,0.05241382463565937
NRV,preprocess_Reading48.dat,Temporal + espectral,Características completas,0.3394737204677623
NRV,preprocess_Reading49.dat,Temporal + espectral,Características completas,-0.24973678401791957
NRV,preprocess_Reading50.dat,Temporal + espectral,Características completas,0.33628330677762736
NRV,preprocess_Reading51.dat,Temporal + espectral,Características completas,0.2758722176073679
NRV,preprocess_Reading52.dat,Temporal + espectral,Características completas,0.2540281372501046
NRV,preprocess_Reading53.dat,Temporal + espectral,Características completas,0.29348012418531305
NRV,preprocess_Reading54.dat,Temporal + espectral,Características completas,0.3460446970100298
NRV,preprocess_Reading55.dat,Temporal + espectral,Características completas,0.3173768614042223
NRV,preprocess_Reading56.dat,Temporal + espectral,Características completas,0.3560145057532843
NRV,preprocess_Reading57.dat,Temporal + espectral,Características completas,0.3714184154054251
NRV,preprocess_Reading58.dat,Temporal + espectral,Características completas,0.29437140040410775
NRV,preprocess_Reading59.dat,Temporal + espectral,Características completas,0.3844066358185854
NRV,preprocess_Reading60.dat,Temporal + espectral,Características completas,-0.1620393905587505
NRV,preprocess_Reading61.dat,Temporal + espectral,Características completas,0.3705883819503254
NRV,preprocess_Reading62.dat,Temporal + espectral,Características completas,-0.03425737893588973
NRV,preprocess_Reading63.dat,Temporal + espectral,Características completas,-0.1749293650768236
NRV,preprocess_Reading64.dat,Temporal + espectral,Características completas,0.056114132340159883
NRV,preprocess_Reading65.dat,Temporal + espectral,Características completas,0.11835471132802851
NRV,preprocess_Reading66.dat,Temporal + espectral,Características completas,0.1802412486072078
NRV,preprocess_Reading67.dat,Temporal + espectral,Características completas,0.17864517243363373
NRV,preprocess_Reading68.dat,Temporal + espectral,Características completas,0.3425637931718241
NRV,preprocess_Reading69.dat,Temporal + espectral,Características completas,0.38220616287391
NRV,preprocess_Reading70.dat,Temporal + espectral,Características completas,0.13559555100451318
NRV,preprocess_Reading71.dat,Temporal + espectral,Características completas,0.3664221930193641
NRV,preprocess_Reading72.dat,Temporal + espectral,Características completas,0.07025941849915858
NRV,preprocess_Reading73.dat,Temporal + espectral,Características completas,0.25875964395585505
NRV,preprocess_Reading74.dat,Temporal + espectral,Características completas,-0.015712204122807504
NRV,preprocess_Reading75.dat,Temporal + espectral,Características completas,0.04737957871554506
NRV,preprocess_Reading76.dat,Temporal + espectral,Características completas,-0.25423258178745134
NRV,preprocess_Reading77.dat,Temporal + espectral,Características completas,-0.38177323281604875
NRV,preprocess_Reading78.dat,Temporal + espectral,Características completas,-0.0034682668985494816
NRV,preprocess_Reading79.dat,Temporal + espectral,Características completas,-0.13415704841052734
NRV,preprocess_Reading80.dat,Temporal + espectral,Características completas,0.3387348591613362
NRV,preprocess_Reading81.dat,Temporal + espectral,Características completas,0.1946361366242859
NRV,preprocess_Reading82.dat,Temporal + espectral,Características completas,0.30613116835083826
NRV,preprocess_Reading83.dat,Temporal + espectral,Características completas,0.27647967948516067
NRV,preprocess_Reading84.dat,Temporal + espectral,Características completas,0.09172820689476552
NRV,preprocess_Reading85.dat,Temporal + espectral,Características completas,0.1321057905160545
NRV,preprocess_Reading86.dat,Temporal + espectral,Características completas,0.35825333599586895
NRV,preprocess_Reading87.dat,Temporal + espectral,Características completas,0.3250858174750898
NRV,preprocess_Reading88.dat,Temporal + espectral,Características completas,0.3471580358148695
NRV,preprocess_Reading89.dat,Temporal + espectral,Características completas,0.1795551204972142
NRV,preprocess_Reading90.dat,Temporal + espectral,Características completas,0.391191588808344
NRV,preprocess_Reading91.dat,Temporal + espectral,Características completas,0.20309751553231142
NRV,preprocess_Reading92.dat,Temporal + espectral,Características completas,0.307071779008145
NRV,preprocess_Reading93.dat,Temporal + espectral,Características completas,0.29108942658250614
NRV,preprocess_Reading94.dat,Temporal + espectral,Características completas,-0.21108156091877892
NRV,preprocess_Reading95.dat,Temporal + espectral,Características completas,-0.02958886043468987
NRV,preprocess_Reading96.dat,Temporal + espectral,Características completas,0.10834945485668648
NRV,preprocess_Reading97.dat,Temporal + espectral,Características completas,-0.18067447776811565
NRV,preprocess_Reading98.dat,Temporal + espectral,Características completas,-0.002387452255686776
NRV,preprocess_Reading99.dat,Temporal + espectral,Características completas,0.11529986037858561
NRV,preprocess_Reading100.dat,Temporal + espectral,Características completas,0.11885480774745814
NRV,preprocess_Reading101.dat,Temporal + espectral,Características completas,0.22653923921563549
NRV,preprocess_Reading102.dat,Temporal + espectral,Características completas,0.12896580719511141
NRV,preprocess_Reading103.dat,Temporal + espectral,Características completas,-0.15247595439309067
NRV,preprocess_Reading104.dat,Temporal + espectral,Características completas,0.20404607415818715
NRV,preprocess_Reading105.dat,Temporal + espectral,Características completas,0.4277563706695943
NRV,preprocess_Reading106.dat,Temporal + espectral,Características completas,-0.2624168518501066
NRV,preprocess_Reading107.dat,Temporal + espectral,Características completas,0.3894751933802553
NRV,preprocess_Reading108.dat,Temporal + espectral,Características completas,0.3885617899615341
NRV,preprocess_Reading109.dat,Temporal + espectral,Características completas,0.42601857517562425
NRV,preprocess_Reading110.dat,Temporal + espectral,Características completas,0.3532669078002973
NRV,preprocess_Reading111.dat,Temporal + espectral,Características completas,0.32804450114639205
NRV,preprocess_Reading112.dat,Temporal + espectral,Características completas,0.15745977369711928
NRV,preprocess_Reading113.dat,Temporal + espectral,Características completas,0.2935744646352771
NRV,preprocess_Reading114.dat,Temporal + espectral,Características completas,0.2601099545500558
NRV,preprocess_Reading115.dat,Temporal + espectral,Características completas,-0.07550217310399447
NRV,preprocess_Reading116.dat,Temporal + espectral,Características completas,0.2992960263854085
NRV,preprocess_Reading117.dat,Temporal + espectral,Características completas,0.3077588869921557
NRV,preprocess_Reading118.dat,Temporal + espectral,Características completas,0.1949506789329974
NRV,preprocess_Reading119.dat,Temporal + espectral,Características completas,-0.16165089452274067
NRV,preprocess_Reading120.dat,Temporal + espectral,Características completas,0.16300832660271314
NRV,preprocess_Reading121.dat,Temporal + espectral,Características completas,0.1976179638310835
NRV,preprocess_Reading122.dat,Temporal + espectral,Características completas,0.33628675652100104
NRV,preprocess_Reading123.dat,Temporal + espectral,Características completas,0.27870848133926557
NRV,preprocess_Reading124.dat,Temporal + espectral,Características completas,0.22339388585124217
NRV,preprocess_Reading125.dat,Temporal + espectral,Características completas,-0.1355570576516894
NRV,preprocess_Reading126.dat,Temporal + espectral,Características completas,-0.06324592353663414
NRV,preprocess_Reading127.dat,Temporal + espectral,Características completas,0.3108070314071809
NRV,preprocess_Reading128.dat,Temporal + espectral,Características completas,0.39547419692727015
NRV,preprocess_Reading129.dat,Temporal + espectral,Características completas,0.3897120324132206
NRV,preprocess_Reading130.dat,Temporal + espectral,Características completas,0.17079889890198666
NRV,preprocess_Reading131.dat,Temporal + espectral,Características completas,-0.07407138905472317
NRV,preprocess_Reading132.dat,Temporal + espectral,Características completas,-0.23613647260645762
NRV,preprocess_Reading133.dat,Temporal + espectral,Características completas,-0.23763048639687137
NRV,preprocess_Reading134.dat,Temporal + espectral,Características completas,0.1962523326827179
NRV,preprocess_Reading135.dat,Temporal + espectral,Características completas,-0.021459141551777437
NRV,preprocess_Reading136.dat,Temporal + espectral,Características completas,-0.00015049786621219014
NRV,preprocess_Reading137.dat,Temporal + espectral,Características completas,-0.05062619335261988
NRV,preprocess_Reading138.dat,Temporal + espectral,Características completas,0.277900669481396
NRV,preprocess_Reading139.dat,Temporal + espectral,Características completas,0.19867351343488018
NRV,preprocess_Reading140.dat,Temporal + espectral,Características completas,0.3991060730340642
NRV,preprocess_Reading141.dat,Temporal + espectral,Características completas,0.3368928712189613
NRV,preprocess_Reading142.dat,Temporal + espectral,Características completas,0.17755312735482234
NRV,preprocess_Reading143.dat,Temporal + espectral,Características completas,0.3175586020693989
NRV,preprocess_Reading144.dat,Temporal + espectral,Características completas,0.420232090843749
NRV,preprocess_Reading145.dat,Temporal + espectral,Características completas,0.35620958704203254
NRV,preprocess_Reading146.dat,Temporal + espectral,Características completas,0.4085951469386403
NRV,preprocess_Reading147.dat,Temporal + espectral,Características completas,0.35479075079494726
NRV,preprocess_Reading148.dat,Temporal + espectral,Características completas,0.3600159411811114
NRV,preprocess_Reading149.dat,Temporal + espectral,Características completas,0.30163962333119115
NRV,preprocess_Reading150.dat,Temporal + espectral,Características completas,0.2840526944538351
NRV,preprocess_Reading151.dat,Temporal + espectral,Características completas,-0.2093516772762915
NRV,preprocess_Reading152.dat,Temporal + espectral,Características completas,-0.18588175013280972
NRV,preprocess_Reading153.dat,Temporal + espectral,Características completas,0.20659754044697312
NRV,preprocess_Reading154.dat,Temporal + espectral,Características completas,-0.16282861019991127
NRV,preprocess_Reading155.dat,Temporal + espectral,Características completas,-0.18907014206825098
NRV,preprocess_Reading156.dat,Temporal + espectral,Características completas,-0.12785559352397136
NRV,preprocess_Reading157.dat,Temporal + espectral,Características completas,0.3649724395867847
NRV,preprocess_Reading158.dat,Temporal + espectral,Características completas,0.4226160979876097
NRV,preprocess_Reading159.dat,Temporal + espectral,Características completas,0.10253469945991384
NRV,preprocess_Reading160.dat,Temporal + espectral,Características completas,-0.06897776015278145
NRV,preprocess_Reading161.dat,Temporal + espectral,Características completas,0.07802329247911134
NRV,preprocess_Reading162.dat,Temporal + espectral,Características completas,0.35034706483511546
NRV,preprocess_Reading163.dat,Temporal + espectral,Características completas,0.38402566939544813
NRV,preprocess_Reading164.dat,Temporal + espectral,Características completas,0.024946426710522933
NRV,preprocess_Reading165.dat,Temporal + espectral,Características completas,0.37447395690566393
NRV,preprocess_Reading166.dat,Temporal + espectral,Características completas,0.18663979617082355
NRV,preprocess_Reading167.dat,Temporal + espectral,Características completas,0.33526028699155475
NRV,preprocess_Reading168.dat,Temporal + espectral,Características completas,0.2793937843703073
NRV,preprocess_Reading169.dat,Temporal + espectral,Características completas,0.17829193836549206
NRV,preprocess_Reading170.dat,Temporal + espectral,Características completas,0.2745041555517647
NRV,preprocess_Reading171.dat,Temporal + espectral,Características completas,0.21776048664469283
NRV,preprocess_Reading172.dat,Temporal + espectral,Características completas,-0.12396429474438848
NRV,preprocess_Reading173.dat,Temporal + espectral,Características completas,0.33362624502503613
NRV,preprocess_Reading174.dat,Temporal + espectral,Características completas,0.28567893696978836
NRV,preprocess_Reading175.dat,Temporal + espectral,Características completas,0.3027356770235101
NRV,preprocess_Reading176.dat,Temporal + espectral,Características completas,-0.23788170377145876
NRV,preprocess_Reading177.dat,Temporal + espectral,Características completas,0.3747599554514898
NRV,preprocess_Reading178.dat,Temporal + espectral,Características completas,0.15684490793732941
NRV,preprocess_Reading179.dat,Temporal + espectral,Características completas,-0.3976172155887349
NRV,preprocess_Reading180.dat,Temporal + espectral,Características completas,-0.3240941408717267
NRV,preprocess_Reading181.dat,Temporal + espectral,Características completas,0.2783071411832761
NRV,preprocess_Reading182.dat,Temporal + espectral,Características completas,-0.04781030319402284
NRV,preprocess_Reading183.dat,Temporal + espectral,Características completas,0.42579097784409975
NRV,preprocess_Reading184.dat,Temporal + espectral,Características completas,0.008910632135080027
NRV,preprocess_Reading185.dat,Temporal + espectral,Características completas,0.28211987301022357
NRV,preprocess_Reading186.dat,Temporal + espectral,Características completas,-0.16203793723317905
NRV,preprocess_Reading187.dat,Temporal + espectral,Características completas,0.2915819385420357
NRV,preprocess_Reading188.dat,Temporal + espectral,Características completas,0.2514633077210881
NRV,preprocess_Reading189.dat,Temporal + espectral,Características completas,-0.3199698289406386
NRV,preprocess_Reading190.dat,Temporal + espectral,Características completas,-0.40057974980952543
NRV,preprocess_Reading191.dat,Temporal + espectral,Características completas,-0.3362764991846287
NRV,preprocess_Reading192.dat,Temporal + espectral,Características completas,-0.45428436586598914
NRV,preprocess_Reading193.dat,Temporal + espectral,Características completas,-0.22540696171213162
NRV,preprocess_Reading194.dat,Temporal + espectral,Características completas,-0.2685732739158794
NRV,preprocess_Reading195.dat,Temporal + espectral,Características completas,-0.4044090251986516
NRV,preprocess_Reading196.dat,Temporal + espectral,Características completas,-0.05710650407410612
NRV,preprocess_Reading197.dat,Temporal + espectral,Características completas,0.1637090702166016
NRV,preprocess_Reading198.dat,Temporal + espectral,Características completas,-0.27310463074012303
NRV,preprocess_Reading199.dat,Temporal + espectral,Características completas,0.04171951200907405
NRV,preprocess_Reading200.dat,Temporal + espectral,Características completas,0.2278518402082448
NRV,preprocess_Reading201.dat,Temporal + espectral,Características completas,0.25527760989464515
NRV,preprocess_Reading202.dat,Temporal + espectral,Características completas,-0.18562706903869153
NRV,preprocess_Reading203.dat,Temporal + espectral,Características completas,0.039265834302678056
NRV,preprocess_Reading204.dat,Temporal + espectral,Características completas,0.009959752707557666
NRV,preprocess_Reading205.dat,Temporal + espectral,Características completas,0.3810551076134322
NRV,preprocess_Reading206.dat,Temporal + espectral,Características completas,0.2964894065890657
NRV,preprocess_Reading207.dat,Temporal + espectral,Características completas,0.3736908065158021
NRV,preprocess_Reading208.dat,Temporal + espectral,Características completas,0.4197085139806861
NRV,preprocess_Reading209.dat,Temporal + espectral,Características completas,0.26106195731043447
NRV,preprocess_Reading210.dat,Temporal + espectral,Características completas,0.21898001704452655
NRV,preprocess_Reading211.dat,Temporal + espectral,Características completas,0.2598422361131713
NRV,preprocess_Reading212.dat,Temporal + espectral,Características completas,0.3841953526653157
NRV,preprocess_Reading213.dat,Temporal + espectral,Características completas,0.2500185408612617
NRV,preprocess_Reading214.dat,Temporal + espectral,Características completas,0.2135673902546885
NRV,preprocess_Reading215.dat,Temporal + espectral,Características completas,0.2043460187722232
NRV,preprocess_Reading216.dat,Temporal + espectral,Características completas,-0.04775767574891814
NRV,preprocess_Reading217.dat,Temporal + espectral,Características completas,0.2846847157304236
NRV,preprocess_Reading218.dat,Temporal + espectral,Características completas,0.2694026943751254
NRV,preprocess_Reading219.dat,Temporal + espectral,Características completas,0.3877237088541282
NRV,preprocess_Reading220.dat,Temporal + espectral,Características completas,-0.07139226403259939
NRV,preprocess_Reading221.dat,Temporal + espectral,Características completas,0.2003456368646959
NRV,preprocess_Reading222.dat,Temporal + espectral,Características completas,0.32732829416189074
NRV,preprocess_Reading223.dat,Temporal + espectral,Características completas,0.24746153998760867
NRV,preprocess_Reading224.dat,Temporal + espectral,Características completas,0.062426579621104934
NRV,preprocess_Reading225.dat,Temporal + espectral,Características completas,0.17802770110447255
Piston,preprocess_Reading1.dat,Temporal + espectral,Características completas,-0.29613801984811505
Piston,preprocess_Reading2.dat,Temporal + espectral,Características completas,-0.3722323223373368
Piston,preprocess_Reading3.dat,Temporal + espectral,Características completas,-0.32080918681253867
Piston,preprocess_Reading4.dat,Temporal + espectral,Características completas,-0.28777816795121547
Piston,preprocess_Reading5.dat,Temporal + espectral,Características completas,-0.20372380580110352
Piston,preprocess_Reading6.dat,Temporal + espectral,Características completas,-0.1437391137513772
Piston,preprocess_Reading7.dat,Temporal + espectral,Características completas,-0.1905191705836084
Piston,preprocess_Reading8.dat,Temporal + espectral,Características completas,-0.21093870606132947
Piston,preprocess_Reading9.dat,Temporal + espectral,Características completas,-0.2568645509229652
Piston,preprocess_Reading10.dat,Temporal + espectral,Características completas,-0.12372991845523408
Piston,preprocess_Reading11.dat,Temporal + espectral,Características completas,-0.24995510328207954
Piston,preprocess_Reading12.dat,Temporal + espectral,Características completas,-0.2477003328584941
Piston,preprocess_Reading13.dat,Temporal + espectral,Características completas,-0.3014726037278609
Piston,preprocess_Reading14.dat,Temporal + espectral,Características completas,-0.1870300929290029
Piston,preprocess_Reading15.dat,Temporal + espectral,Características completas,-0.3089863245853087
Piston,preprocess_Reading16.dat,Temporal + espectral,Características completas,-0.29354399164999573
Piston,preprocess_Reading17.dat,Temporal + espectral,Características completas,-0.2546411208359736
Piston,preprocess_Reading18.dat,Temporal + espectral,Características completas,-0.12792977369297986
Piston,preprocess_Reading19.dat,Temporal + espectral,Características completas,-0.2697955631826845
Piston,preprocess_Reading20.dat,Temporal + espectral,Características completas,-0.12124254053251254
Piston,preprocess_Reading21.dat,Temporal + espectral,Características completas,0.1619811563419147
Piston,preprocess_Reading22.dat,Temporal + espectral,Características completas,0.1432684890992349
Piston,preprocess_Reading23.dat,Temporal + espectral,Características completas,0.12937624829200808
Piston,preprocess_Reading24.dat,Temporal + espectral,Características completas,0.22467766411050438
Piston,preprocess_Reading25.dat,Temporal + espectral,Características completas,0.15398848788264582
Piston,preprocess_Reading26.dat,Temporal + espectral,Características completas,-0.03264221109180615
Piston,preprocess_Reading27.dat,Temporal + espectral,Características completas,0.15671932372150837
Piston,preprocess_Reading28.dat,Temporal + espectral,Características completas,0.20009275738241203
Piston,preprocess_Reading29.dat,Temporal + espectral,Características completas,0.1694909709984705
Piston,preprocess_Reading30.dat,Temporal + espectral,Características completas,0.12161222509704657
Piston,preprocess_Reading31.dat,Temporal + espectral,Características completas,0.1877199424531131
Piston,preprocess_Reading32.dat,Temporal + espectral,Características completas,0.2327712593695553
Piston,preprocess_Reading33.dat,Temporal + espectral,Características completas,0.20385928719830884
Piston,preprocess_Reading34.dat,Temporal + espectral,Características completas,0.23630202819678925
Piston,preprocess_Reading35.dat,Temporal + espectral,Características completas,0.11581600048497188
Piston,preprocess_Reading36.dat,Temporal + espectral,Características completas,0.11721573091359862
Piston,preprocess_Reading37.dat,Temporal + espectral,Características completas,0.22367247946379493
Piston,preprocess_Reading38.dat,Temporal + espectral,Características completas,0.22547783657770337
Piston,preprocess_Reading39.dat,Temporal + espectral,Características completas,0.20272915554736654
Piston,preprocess_Reading40.dat,Temporal + espectral,Características completas,0.1214209979303785
Piston,preprocess_Reading41.dat,Temporal + espectral,Características completas,0.1162300958361543
Piston,preprocess_Reading42.dat,Temporal + espectral,Características completas,0.0020346089536727304
Piston,preprocess_Reading43.dat,Temporal + espectral,Características completas,0.054926264758230786
Piston,preprocess_Reading44.dat,Temporal + espectral,Características completas,0.21871974256466206
Piston,preprocess_Reading45.dat,Temporal + espectral,Características completas,0.23474636892190484
Piston,preprocess_Reading46.dat,Temporal + espectral,Características completas,0.20329028367494315
Piston,preprocess_Reading47.dat,Temporal + espectral,Características completas,0.12058473585615193
Piston,preprocess_Reading48.dat,Temporal + espectral,Características completas,0.23011415852295222
Piston,preprocess_Reading49.dat,Temporal + espectral,Características completas,0.14285654078862656
Piston,preprocess_Reading50.dat,Temporal + espectral,Características completas,-0.0001690358225919928
Piston,preprocess_Reading51.dat,Temporal + espectral,Características completas,-0.023164831790765263
Piston,preprocess_Reading52.dat,Temporal + espectral,Características completas,-0.16029798333684087
Piston,preprocess_Reading53.dat,Temporal + espectral,Características completas,0.11193638637791958
Piston,preprocess_Reading54.dat,Temporal + espectral,Características completas,0.18958031886346868
Piston,preprocess_Reading55.dat,Temporal + espectral,Características completas,0.03525155472568297
Piston,preprocess_Reading56.dat,Temporal + espectral,Características completas,-0.07256291714417253
Piston,preprocess_Reading57.dat,Temporal + espectral,Características completas,-0.10810732182404877
Piston,preprocess_Reading58.dat,Temporal + espectral,Características completas,-0.15718848471074276
Piston,preprocess_Reading59.dat,Temporal + espectral,Características completas,0.13820360675738788
Piston,preprocess_Reading60.dat,Temporal + espectral,Características completas,0.1959438782074998
Piston,preprocess_Reading61.dat,Temporal + espectral,Características completas,-0.022620575497338986
Piston,preprocess_Reading62.dat,Temporal + espectral,Características completas,0.1909190456949787
Piston,preprocess_Reading63.dat,Temporal + espectral,Características completas,-0.15497274836735472
Piston,preprocess_Reading64.dat,Temporal + espectral,Características completas,0.14472641650126686
Piston,preprocess_Reading65.dat,Temporal + espectral,Características completas,0.08609492138998567
Piston,preprocess_Reading66.dat,Temporal + espectral,Características completas,0.04631655707466725
Piston,preprocess_Reading67.dat,Temporal + espectral,Características completas,0.11585693450287021
Piston,preprocess_Reading68.dat,Temporal + espectral,Características completas,0.13135338662527024
Piston,preprocess_Reading69.dat,Temporal + espectral,Características completas,0.10547387427258578
Piston,preprocess_Reading70.dat,Temporal + espectral,Características completas,0.13360746542384833
Piston,preprocess_Reading71.dat,Temporal + espectral,Características completas,-0.030893249493463476
Piston,preprocess_Reading72.dat,Temporal + espectral,Características completas,0.015695154759960347
Piston,preprocess_Reading73.dat,Temporal + espectral,Características completas,0.0021672678817891444
Piston,preprocess_Reading74.dat,Temporal + espectral,Características completas,-0.1939877553748186
Piston,preprocess_Reading75.dat,Temporal + espectral,Características completas,-0.24748473320484163
Piston,preprocess_Reading76.dat,Temporal + espectral,Características completas,-0.40744535259785747
Piston,preprocess_Reading77.dat,Temporal + espectral,Características completas,-0.2598851991301611
Piston,preprocess_Reading78.dat,Temporal + espectral,Características completas,-0.27549777191964453
Piston,preprocess_Reading79.dat,Temporal + espectral,Características completas,-0.24038751466139624
Piston,preprocess_Reading80.dat,Temporal + espectral,Características completas,-0.2864194300794118
Piston,preprocess_Reading81.dat,Temporal + espectral,Características completas,-0.28676164945694005
Piston,preprocess_Reading82.dat,Temporal + espectral,Características completas,-0.22104807924232897
Piston,preprocess_Reading83.dat,Temporal + espectral,Características completas,-0.12423052920172152
Piston,preprocess_Reading84.dat,Temporal + espectral,Características completas,-0.1619433388475146
Piston,preprocess_Reading85.dat,Temporal + espectral,Características completas,-0.2330115119081879
Piston,preprocess_Reading86.dat,Temporal + espectral,Características completas,-0.22333244761608828
Piston,preprocess_Reading87.dat,Temporal + espectral,Características completas,-0.31916747188501227
Piston,preprocess_Reading88.dat,Temporal + espectral,Características completas,0.00038325891662807133
Piston,preprocess_Reading89.dat,Temporal + espectral,Características completas,-0.3310764482400195
Piston,preprocess_Reading90.dat,Temporal + espectral,Características completas,-0.1257178668104814
Piston,preprocess_Reading91.dat,Temporal + espectral,Características completas,-0.09895495143958319
Piston,preprocess_Reading92.dat,Temporal + espectral,Características completas,-0.012409122434946622
Piston,preprocess_Reading93.dat,Temporal + espectral,Características completas,-0.0263599202559958
Piston,preprocess_Reading94.dat,Temporal + espectral,Características completas,-0.1652096263992313
Piston,preprocess_Reading95.dat,Temporal + espectral,Características completas,0.06783919824607539
Piston,preprocess_Reading96.dat,Temporal + espectral,Características completas,0.12334911571590582
Piston,preprocess_Reading97.dat,Temporal + espectral,Características completas,0.062391542881128324
Piston,preprocess_Reading98.dat,Temporal + espectral,Características completas,0.06395730513168761
Piston,preprocess_Reading99.dat,Temporal + espectral,Características completas,0.17935805162272062
Piston,preprocess_Reading100.dat,Temporal + espectral,Características completas,0.1607194843866916
Piston,preprocess_Reading101.dat,Temporal + espectral,Características completas,0.1418002649832488
Piston,preprocess_Reading102.dat,Temporal + espectral,Características completas,0.16874775306131826
Piston,preprocess_Reading103.dat,Temporal + espectral,Características completas,-0.028112422526664026
Piston,preprocess_Reading104.dat,Temporal + espectral,Características completas,0.19853924021487446
Piston,preprocess_Reading105.dat,Temporal + espectral,Características completas,0.02266272472145132
Piston,preprocess_Reading106.dat,Temporal + espectral,Características completas,-0.07746989976469636
Piston,preprocess_Reading107.dat,Temporal + espectral,Características completas,0.0304699330946871
Piston,preprocess_Reading108.dat,Temporal + espectral,Características completas,0.03129224938686782
Piston,preprocess_Reading109.dat,Temporal + espectral,Características completas,0.22002446996364625
Piston,preprocess_Reading110.dat,Temporal + espectral,Características completas,0.17203785510470485
Piston,preprocess_Reading111.dat,Temporal + espectral,Características completas,0.21032123288071147
Piston,preprocess_Reading112.dat,Temporal + espectral,Características completas,-0.05460768942826045
Piston,preprocess_Reading113.dat,Temporal + espectral,Características completas,-0.008736214932485921
Piston,preprocess_Reading114.dat,Temporal + espectral,Características completas,0.12256269440736677
Piston,preprocess_Reading115.dat,Temporal + espectral,Características completas,-0.025765080301940736
Piston,preprocess_Reading116.dat,Temporal + espectral,Características completas,0.10525449323194512
Piston,preprocess_Reading117.dat,Temporal + espectral,Características completas,0.13484650619651473
Piston,preprocess_Reading118.dat,Temporal + espectral,Características completas,-0.17992887070080993
Piston,preprocess_Reading119.dat,Temporal + espectral,Características completas,0.11647157719403253
Piston,preprocess_Reading120.dat,Temporal + espectral,Características completas,0.14422731968735603
Piston,preprocess_Reading121.dat,Temporal + espectral,Características completas,0.030946648962257798
Piston,preprocess_Reading122.dat,Temporal + espectral,Características completas,-0.09832937831937716
Piston,preprocess_Reading123.dat,Temporal + espectral,Características completas,0.03132521620671904
Piston,preprocess_Reading124.dat,Temporal + espectral,Características completas,0.025440050418960122
Piston,preprocess_Reading125.dat,Temporal + espectral,Características completas,0.22482688179102614
Piston,preprocess_Reading126.dat,Temporal + espectral,Características completas,0.19247427966800013
Piston,preprocess_Reading127.dat,Temporal + espectral,Características completas,0.11011324995582564
Piston,preprocess_Reading128.dat,Temporal + espectral,Características completas,0.13863106999466335
Piston,preprocess_Reading129.dat,Temporal + espectral,Características completas,0.028894561263183082
Piston,preprocess_Reading130.dat,Temporal + espectral,Características completas,0.14029602404323452
Piston,preprocess_Reading131.dat,Temporal + espectral,Características completas,0.1760978566525722
Piston,preprocess_Reading132.dat,Temporal + espectral,Características completas,0.19648582652184923
Piston,preprocess_Reading133.dat,Temporal + espectral,Características completas,0.18814022738671443
Piston,preprocess_Reading134.dat,Temporal + espectral,Características completas,0.11461775389830776
Piston,preprocess_Reading135.dat,Temporal + espectral,Características completas,0.13829075323951853
Piston,preprocess_Reading136.dat,Temporal + espectral,Características completas,0.23470355020485795
Piston,preprocess_Reading137.dat,Temporal + espectral,Características completas,0.08812551576993226
Piston,preprocess_Reading138.dat,Temporal + espectral,Características completas,0.02186465136040512
Piston,preprocess_Reading139.dat,Temporal + espectral,Características completas,0.018841613518219356
Piston,preprocess_Reading140.dat,Temporal + espectral,Características completas,0.23289994477896145
Piston,preprocess_Reading141.dat,Temporal + espectral,Características completas,0.20911435657013608
Piston,preprocess_Reading142.dat,Temporal + espectral,Características completas,-0.003668680296076946
Piston,preprocess_Reading143.dat,Temporal + espectral,Características completas,-0.030349275295047478
Piston,preprocess_Reading144.dat,Temporal + espectral,Características completas,0.060731392276347274
Piston,preprocess_Reading145.dat,Temporal + espectral,Características completas,-0.10702349107027666
Piston,preprocess_Reading146.dat,Temporal + espectral,Características completas,0.09436473755774778
Piston,preprocess_Reading147.dat,Temporal + espectral,Características completas,-0.08808327491586432
Piston,preprocess_Reading148.dat,Temporal + espectral,Características completas,-0.25158687528934265
Piston,preprocess_Reading149.dat,Temporal + espectral,Características completas,-0.15119268650340933
Piston,preprocess_Reading150.dat,Temporal + espectral,Características completas,0.039966973702758486
Piston,preprocess_Reading151.dat,Temporal + espectral,Características completas,-0.2190649495678626
Piston,preprocess_Reading152.dat,Temporal + espectral,Características completas,-0.32722684123185125
Piston,preprocess_Reading153.dat,Temporal + espectral,Características completas,-0.29019702156950183
Piston,preprocess_Reading154.dat,Temporal + espectral,Características completas,-0.3281404073391615
Piston,preprocess_Reading155.dat,Temporal + espectral,Características completas,-0.27204772158333534
Piston,preprocess_Reading156.dat,Temporal + espectral,Características completas,-0.27670860116636364
Piston,preprocess_Reading157.dat,Temporal + espectral,Características completas,-0.26556538596967894
Piston,preprocess_Reading158.dat,Temporal + espectral,Características completas,-0.21045757459154918
Piston,preprocess_Reading159.dat,Temporal + espectral,Características completas,-0.24127266248762969
Piston,preprocess_Reading160.dat,Temporal + espectral,Características completas,-0.23544911107615696
Piston,preprocess_Reading161.dat,Temporal + espectral,Características completas,-0.2712855564483702
Piston,preprocess_Reading162.dat,Temporal + espectral,Características completas,-0.29228192963726113
Piston,preprocess_Reading163.dat,Temporal + espectral,Características completas,-0.20811866682657662
Piston,preprocess_Reading164.dat,Temporal + espectral,Características completas,-0.18487888914654577
Piston,preprocess_Reading165.dat,Temporal + espectral,Características completas,-0.10752427442284984
Piston,preprocess_Reading166.dat,Temporal + espectral,Características completas,-0.22974121714342927
Piston,preprocess_Reading167.dat,Temporal + espectral,Características completas,-0.24178614838574533
Piston,preprocess_Reading168.dat,Temporal + espectral,Características completas,-0.0360183460495642
Piston,preprocess_Reading169.dat,Temporal + espectral,Características completas,-0.12927694073318743
Piston,preprocess_Reading170.dat,Temporal + espectral,Características completas,0.18385395275490204
Piston,preprocess_Reading171.dat,Temporal + espectral,Características completas,0.14526681344924713
Piston,preprocess_Reading172.dat,Temporal + espectral,Características completas,0.14352896177567745
Piston,preprocess_Reading173.dat,Temporal + espectral,Características completas,0.15273085079584175
Piston,preprocess_Reading174.dat,Temporal + espectral,Características completas,0.19135047328424382
Piston,preprocess_Reading175.dat,Temporal + espectral,Características completas,0.17898990667786896
Piston,preprocess_Reading176.dat,Temporal + espectral,Características completas,0.24071766078683904
Piston,preprocess_Reading177.dat,Temporal + espectral,Características completas,0.17162605356940866
Piston,preprocess_Reading178.dat,Temporal + espectral,Características completas,0.18415240955978113
Piston,preprocess_Reading179.dat,Temporal + espectral,Características completas,0.13823981231947352
Piston,preprocess_Reading180.dat,Temporal + espectral,Características completas,0.0920279444628786
Piston,preprocess_Reading181.dat,Temporal + espectral,Características completas,0.09582238983834461
Piston,preprocess_Reading182.dat,Temporal + espectral,Características completas,0.042359812545595656
Piston,preprocess_Reading183.dat,Temporal + espectral,Características completas,0.020849963557749863
Piston,preprocess_Reading184.dat,Temporal + espectral,Características completas,0.12423069371035504
Piston,preprocess_Reading185.dat,Temporal + espectral,Características completas,0.16535157181235435
Piston,preprocess_Reading186.dat,Temporal + espectral,Características completas,0.15223642874430293
Piston,preprocess_Reading187.dat,Temporal + espectral,Características completas,0.18328205737016917
Piston,preprocess_Reading188.dat,Temporal + espectral,Características completas,-0.014430403840749034
Piston,preprocess_Reading189.dat,Temporal + espectral,Características completas,-0.011091550438316986
Piston,preprocess_Reading190.dat,Temporal + espectral,Características completas,0.19589322284730298
Piston,preprocess_Reading191.dat,Temporal + espectral,Características completas,-0.02198599468423558
Piston,preprocess_Reading192.dat,Temporal + espectral,Características completas,0.09559156043796496
Piston,preprocess_Reading193.dat,Temporal + espectral,Características completas,0.059671464212488236
Piston,preprocess_Reading194.dat,Temporal + espectral,Características completas,-0.04753171553843119
Piston,preprocess_Reading195.dat,Temporal + espectral,Características completas,0.047773168468437786
Piston,preprocess_Reading196.dat,Temporal + espectral,Características completas,-0.08491694142957525
Piston,preprocess_Reading197.dat,Temporal + espectral,Características completas,0.002452691640780295
Piston,preprocess_Reading198.dat,Temporal + espectral,Características completas,0.116587003347158
Piston,preprocess_Reading199.dat,Temporal + espectral,Características completas,0.15076573895072715
Piston,preprocess_Reading200.dat,Temporal + espectral,Características completas,0.0709542999806453
Piston,preprocess_Reading201.dat,Temporal + espectral,Características completas,0.04863301143395781
Piston,preprocess_Reading202.dat,Temporal + espectral,Características completas,0.18949366146447663
Piston,preprocess_Reading203.dat,Temporal + espectral,Características completas,-0.03898286564617467
Piston,preprocess_Reading204.dat,Temporal + espectral,Características completas,-0.02876753205839338
Piston,preprocess_Reading205.dat,Temporal + espectral,Características completas,0.02863351607708637
Piston,preprocess_Reading206.dat,Temporal + espectral,Características completas,0.112438840233828
Piston,preprocess_Reading207.dat,Temporal + espectral,Características completas,-0.01747608177411664
Piston,preprocess_Reading208.dat,Temporal + espectral,Características completas,0.12089148547004093
Piston,preprocess_Reading209.dat,Temporal + espectral,Características completas,0.03034456705893914
Piston,preprocess_Reading210.dat,Temporal + espectral,Características completas,0.16439114698795565
Piston,preprocess_Reading211.dat,Temporal + espectral,Características completas,-0.057571827094623766
Piston,preprocess_Reading212.dat,Temporal + espectral,Características completas,0.11354627282819715
Piston,preprocess_Reading213.dat,Temporal + espectral,Características completas,0.03597578004928118
Piston,preprocess_Reading214.dat,Temporal + espectral,Características completas,0.06524853371478616
Piston,preprocess_Reading215.dat,Temporal + espectral,Características completas,0.05687703520159987
Piston,preprocess_Reading216.dat,Temporal + espectral,Características completas,-0.0899302301095088
Piston,preprocess_Reading217.dat,Temporal + espectral,Características completas,0.14786752296172664
Piston,preprocess_Reading218.dat,Temporal + espectral,Características completas,-0.09307043192160373
Piston,preprocess_Reading219.dat,Temporal + espectral,Características completas,0.13413982035657634
Piston,preprocess_Reading220.dat,Temporal + espectral,Características completas,0.12672102967358495
Piston,preprocess_Reading221.dat,Temporal + espectral,Características completas,0.1736011898330179
Piston,preprocess_Reading222.dat,Temporal + espectral,Características completas,0.012796198543095999
Piston,preprocess_Reading223.dat,Temporal + espectral,Características completas,0.09705160105261458
Piston,preprocess_Reading224.dat,Temporal + espectral,Características completas,0.15671875204191663
Piston,preprocess_Reading225.dat,Temporal + espectral,Características completas,0.06038313215133001
Riderbelt,preprocess_Reading1.dat,Temporal + espectral,Características completas,0.37037900059247203
Riderbelt,preprocess_Reading2.dat,Temporal + espectral,Características completas,0.3463221067709087
Riderbelt,preprocess_Reading3.dat,Temporal + espectral,Características completas,0.3702445189034756
Riderbelt,preprocess_Reading4.dat,Temporal + espectral,Características completas,-0.04382330152856638
Riderbelt,preprocess_Reading5.dat,Temporal + espectral,Características completas,-0.30335680155861
Riderbelt,preprocess_Reading6.dat,Temporal + espectral,Características completas,0.1273490320303156
Riderbelt,preprocess_Reading7.dat,Temporal + espectral,Características completas,0.45873866407399044
Riderbelt,preprocess_Reading8.dat,Temporal + espectral,Características completas,0.4229924158372424
Riderbelt,preprocess_Reading9.dat,Temporal + espectral,Características completas,0.46009563125436403
Riderbelt,preprocess_Reading10.dat,Temporal + espectral,Características completas,0.45731699457096964
Riderbelt,preprocess_Reading11.dat,Temporal + espectral,Características completas,0.4634975045333498
Riderbelt,preprocess_Reading12.dat,Temporal + espectral,Características completas,0.48402927312413074
Riderbelt,preprocess_Reading13.dat,Temporal + espectral,Características completas,0.43195359333483013
Riderbelt,preprocess_Reading14.dat,Temporal + espectral,Características completas,0.4546801517698693
Riderbelt,preprocess_Reading15.dat,Temporal + espectral,Características completas,0.48809278797237093
Riderbelt,preprocess_Reading16.dat,Temporal + espectral,Características completas,0.4916696798880989
Riderbelt,preprocess_Reading17.dat,Temporal + espectral,Características completas,0.477018704237428
Riderbelt,preprocess_Reading18.dat,Temporal + espectral,Características completas,0.4843703807389931
Riderbelt,preprocess_Reading19.dat,Temporal + espectral,Características completas,0.4122218457876331
Riderbelt,preprocess_Reading20.dat,Temporal + espectral,Características completas,0.429590193776136
Riderbelt,preprocess_Reading21.dat,Temporal + espectral,Características completas,0.47372486047378043
Riderbelt,preprocess_Reading22.dat,Temporal + espectral,Características completas,0.48805093326912213
Riderbelt,preprocess_Reading23.dat,Temporal + espectral,Características completas,0.4726751924585393
Riderbelt,preprocess_Reading24.dat,Temporal + espectral,Características completas,0.42218262693699476
Riderbelt,preprocess_Reading25.dat,Temporal + espectral,Características completas,0.3656419042403444
Riderbelt,preprocess_Reading26.dat,Temporal + espectral,Características completas,-0.05125316584171513
Riderbelt,preprocess_Reading27.dat,Temporal + espectral,Características completas,0.33343610930296763
Riderbelt,preprocess_Reading28.dat,Temporal + espectral,Características completas,0.18836532144087723
Riderbelt,preprocess_Reading29.dat,Temporal + espectral,Características completas,0.23382646733083673
Riderbelt,preprocess_Reading30.dat,Temporal + espectral,Características completas,0.40708083335774314
Riderbelt,preprocess_Reading31.dat,Temporal + espectral,Características completas,0.43453483977448765
Riderbelt,preprocess_Reading32.dat,Temporal + espectral,Características completas,0.3397970466932475
Riderbelt,preprocess_Reading33.dat,Temporal + espectral,Características completas,0.441552696599223
Riderbelt,preprocess_Reading34.dat,Temporal + espectral,Características completas,0.4429288161952375
Riderbelt,preprocess_Reading35.dat,Temporal + espectral,Características completas,0.3857383969876217
Riderbelt,preprocess_Reading36.dat,Temporal + espectral,Características completas,0.3543579108240501
Riderbelt,preprocess_Reading37.dat,Temporal + espectral,Características completas,-0.3453987631333833
Riderbelt,preprocess_Reading38.dat,Temporal + espectral,Características completas,0.06772092612271818
Riderbelt,preprocess_Reading39.dat,Temporal + espectral,Características completas,0.4037194600000362
Riderbelt,preprocess_Reading40.dat,Temporal + espectral,Características completas,0.31656439491362515
Riderbelt,preprocess_Reading41.dat,Temporal + espectral,Características completas,0.2578497166026257
Riderbelt,preprocess_Reading42.dat,Temporal + espectral,Características completas,0.3348142734319663
Riderbelt,preprocess_Reading43.dat,Temporal + espectral,Características completas,0.39958583402087194
Riderbelt,preprocess_Reading44.dat,Temporal + espectral,Características completas,-0.12007008164425796
Riderbelt,preprocess_Reading45.dat,Temporal + espectral,Características completas,0.23942460238510013
Riderbelt,preprocess_Reading46.dat,Temporal + espectral,Características completas,-0.08764649082953437
Riderbelt,preprocess_Reading47.dat,Temporal + espectral,Características completas,0.23587705300116346
Riderbelt,preprocess_Reading48.dat,Temporal + espectral,Características completas,-0.08255831481797467
Riderbelt,preprocess_Reading49.dat,Temporal + espectral,Características completas,0.0656970117250731
Riderbelt,preprocess_Reading50.dat,Temporal + espectral,Características completas,-0.0997356491602949
Riderbelt,preprocess_Reading51.dat,Temporal + espectral,Características completas,0.3493290484452057
Riderbelt,preprocess_Reading52.dat,Temporal + espectral,Características completas,0.4633887869663878
Riderbelt,preprocess_Reading53.dat,Temporal + espectral,Características completas,0.1874986602931879
Riderbelt,preprocess_Reading54.dat,Temporal + espectral,Características completas,0.2447121404589158
Riderbelt,preprocess_Reading55.dat,Temporal + espectral,Características completas,0.12176501910653152
Riderbelt,preprocess_Reading56.dat,Temporal + espectral,Características completas,0.35434231208175404
Riderbelt,preprocess_Reading57.dat,Temporal + espectral,Características completas,0.10891560837894637
Riderbelt,preprocess_Reading58.dat,Temporal + espectral,Características completas,-0.002639029183137707
Riderbelt,preprocess_Reading59.dat,Temporal + espectral,Características completas,0.4761535434095853
Riderbelt,preprocess_Reading60.dat,Temporal + espectral,Características completas,0.25305955030752036
Riderbelt,preprocess_Reading61.dat,Temporal + espectral,Características completas,0.450094500472968
Riderbelt,preprocess_Reading62.dat,Temporal + espectral,Características completas,0.3464003966332314
Riderbelt,preprocess_Reading63.dat,Temporal + espectral,Características completas,0.511449584813036
Riderbelt,preprocess_Reading64.dat,Temporal + espectral,Características completas,0.5030525902129637
Riderbelt,preprocess_Reading65.dat,Temporal + espectral,Características completas,0.47233642754285987
Riderbelt,preprocess_Reading66.dat,Temporal + espectral,Características completas,0.513879959404894
Riderbelt,preprocess_Reading67.dat,Temporal + espectral,Características completas,0.4912301752803889
Riderbelt,preprocess_Reading68.dat,Temporal + espectral,Características completas,0.5221280311587652
Riderbelt,preprocess_Reading69.dat,Temporal + espectral,Características completas,0.4472620666310856
Riderbelt,preprocess_Reading70.dat,Temporal + espectral,Características completas,0.4475883130838865
Riderbelt,preprocess_Reading71.dat,Temporal + espectral,Características completas,0.4668211329632424
Riderbelt,preprocess_Reading72.dat,Temporal + espectral,Características completas,0.40322147981718065
Riderbelt,preprocess_Reading73.dat,Temporal + espectral,Características completas,0.4681330128916387
Riderbelt,preprocess_Reading74.dat,Temporal + espectral,Características completas,0.48882394082836206
Riderbelt,preprocess_Reading75.dat,Temporal + espectral,Características completas,0.3845677517855891
Riderbelt,preprocess_Reading76.dat,Temporal + espectral,Características completas,0.4679626572279875
Riderbelt,preprocess_Reading77.dat,Temporal + espectral,Características completas,0.4562813248137422
Riderbelt,preprocess_Reading78.dat,Temporal + espectral,Características completas,0.11611098706763953
Riderbelt,preprocess_Reading79.dat,Temporal + espectral,Características completas,0.36535461688426546
Riderbelt,preprocess_Reading80.dat,Temporal + espectral,Características completas,0.49850236869796016
Riderbelt,preprocess_Reading81.dat,Temporal + espectral,Características completas,0.10535081218257095
Riderbelt,preprocess_Reading82.dat,Temporal + espectral,Características completas,0.427081484944122
Riderbelt,preprocess_Reading83.dat,Temporal + espectral,Características completas,0.41967782524724434
Riderbelt,preprocess_Reading84.dat,Temporal + espectral,Características completas,0.29417379772322716
Riderbelt,preprocess_Reading85.dat,Temporal + espectral,Características completas,0.12909906720217523
Riderbelt,preprocess_Reading86.dat,Temporal + espectral,Características completas,0.24900689726314063
Riderbelt,preprocess_Reading87.dat,Temporal + espectral,Características completas,0.021262856856614294
Riderbelt,preprocess_Reading88.dat,Temporal + espectral,Características completas,-0.18871357806595357
Riderbelt,preprocess_Reading89.dat,Temporal + espectral,Características completas,-0.07835529597538231
Riderbelt,preprocess_Reading90.dat,Temporal + espectral,Características completas,0.4319546976264949
Riderbelt,preprocess_Reading91.dat,Temporal + espectral,Características completas,0.41711601406246807
Riderbelt,preprocess_Reading92.dat,Temporal + espectral,Características completas,0.4010142913557692
Riderbelt,preprocess_Reading93.dat,Temporal + espectral,Características completas,0.5063934996680273
Riderbelt,preprocess_Reading94.dat,Temporal + espectral,Características completas,0.3616739537466975
Riderbelt,preprocess_Reading95.dat,Temporal + espectral,Características completas,0.5022402943501237
Riderbelt,preprocess_Reading96.dat,Temporal + espectral,Características completas,0.46840725841556263
Riderbelt,preprocess_Reading97.dat,Temporal + espectral,Características completas,0.4941632458336034
Riderbelt,preprocess_Reading98.dat,Temporal + espectral,Características completas,0.4753913998417885
Riderbelt,preprocess_Reading99.dat,Temporal + espectral,Características completas,0.4040841124651842
Riderbelt,preprocess_Reading100.dat,Temporal + espectral,Características completas,0.4208935735769794
Riderbelt,preprocess_Reading101.dat,Temporal + espectral,Características completas,0.16560202390961803
Riderbelt,preprocess_Reading102.dat,Temporal + espectral,Características completas,0.38232900199078046
Riderbelt,preprocess_Reading103.dat,Temporal + espectral,Características completas,0.2837688904912262
Riderbelt,preprocess_Reading104.dat,Temporal + espectral,Características completas,0.23455234009550271
Riderbelt,preprocess_Reading105.dat,Temporal + espectral,Características completas,-0.10218639072276454
Riderbelt,preprocess_Reading106.dat,Temporal + espectral,Características completas,-0.10086574453547811
Riderbelt,preprocess_Reading107.dat,Temporal + espectral,Características completas,0.2538443011845158
Riderbelt,preprocess_Reading108.dat,Temporal + espectral,Características completas,0.1638078645801896
Riderbelt,preprocess_Reading109.dat,Temporal + espectral,Características completas,0.19041465385708747
Riderbelt,preprocess_Reading110.dat,Temporal + espectral,Características completas,-0.06215045789127466
Riderbelt,preprocess_Reading111.dat,Temporal + espectral,Características completas,0.14200841445353002
Riderbelt,preprocess_Reading112.dat,Temporal + espectral,Características completas,0.12099184572594153
Riderbelt,preprocess_Reading113.dat,Temporal + espectral,Características completas,-0.12572780403914352
Riderbelt,preprocess_Reading114.dat,Temporal + espectral,Características completas,0.11361009134617889
Riderbelt,preprocess_Reading115.dat,Temporal + espectral,Características completas,0.11098201507558571
Riderbelt,preprocess_Reading116.dat,Temporal + espectral,Características completas,0.009462785674637854
Riderbelt,preprocess_Reading117.dat,Temporal + espectral,Características completas,0.19405671544993433
Riderbelt,preprocess_Reading118.dat,Temporal + espectral,Características completas,0.126705635176277
Riderbelt,preprocess_Reading119.dat,Temporal + espectral,Características completas,0.2553893607337661
Riderbelt,preprocess_Reading120.dat,Temporal + espectral,Características completas,0.27060575150342675
Riderbelt,preprocess_Reading121.dat,Temporal + espectral,Características completas,-0.14744749752181996
Riderbelt,preprocess_Reading122.dat,Temporal + espectral,Características completas,0.2652624069791821
Riderbelt,preprocess_Reading123.dat,Temporal + espectral,Características completas,0.5014374500324527
Riderbelt,preprocess_Reading124.dat,Temporal + espectral,Características completas,0.07116769655777241
Riderbelt,preprocess_Reading125.dat,Temporal + espectral,Características completas,0.4331952058379031
Riderbelt,preprocess_Reading126.dat,Temporal + espectral,Características completas,0.07104638755537425
Riderbelt,preprocess_Reading127.dat,Temporal + espectral,Características completas,0.375387233968723
Riderbelt,preprocess_Reading128.dat,Temporal + espectral,Características completas,0.46975219476518426
Riderbelt,preprocess_Reading129.dat,Temporal + espectral,Características completas,0.25293608488450386
Riderbelt,preprocess_Reading130.dat,Temporal + espectral,Características completas,-0.09231659173711179
Riderbelt,preprocess_Reading131.dat,Temporal + espectral,Características completas,0.23285054747994519
Riderbelt,preprocess_Reading132.dat,Temporal + espectral,Características completas,0.47624018474296625
Riderbelt,preprocess_Reading133.dat,Temporal + espectral,Características completas,0.40190530514180245
Riderbelt,preprocess_Reading134.dat,Temporal + espectral,Características completas,0.4712163430368464
Riderbelt,preprocess_Reading135.dat,Temporal + espectral,Características completas,0.4351294970720853
Riderbelt,preprocess_Reading136.dat,Temporal + espectral,Características completas,0.2411288530551624
Riderbelt,preprocess_Reading137.dat,Temporal + espectral,Características completas,0.3051314874662616
Riderbelt,preprocess_Reading138.dat,Temporal + espectral,Características completas,0.15565366877386164
Riderbelt,preprocess_Reading139.dat,Temporal + espectral,Características completas,0.42371571165774985
Riderbelt,preprocess_Reading140.dat,Temporal + espectral,Características completas,0.42698239278202793
Riderbelt,preprocess_Reading141.dat,Temporal + espectral,Características completas,0.48218688116193276
Riderbelt,preprocess_Reading142.dat,Temporal + espectral,Características completas,0.5335252677922038
Riderbelt,preprocess_Reading143.dat,Temporal + espectral,Características completas,0.47355045873728663
Riderbelt,preprocess_Reading144.dat,Temporal + espectral,Características completas,0.4578744993565171
Riderbelt,preprocess_Reading145.dat,Temporal + espectral,Características completas,0.500005612267314
Riderbelt,preprocess_Reading146.dat,Temporal + espectral,Características completas,0.5316695268086238
Riderbelt,preprocess_Reading147.dat,Temporal + espectral,Características completas,0.41898900014479495
Riderbelt,preprocess_Reading148.dat,Temporal + espectral,Características completas,0.5199208515291768
Riderbelt,preprocess_Reading149.dat,Temporal + espectral,Características completas,0.46342309033870094
Riderbelt,preprocess_Reading150.dat,Temporal + espectral,Características completas,0.41669117513037923
Riderbelt,preprocess_Reading151.dat,Temporal + espectral,Características completas,0.46318792084395655
Riderbelt,preprocess_Reading152.dat,Temporal + espectral,Características completas,0.43618040042509915
Riderbelt,preprocess_Reading153.dat,Temporal + espectral,Características completas,0.3357417484735847
Riderbelt,preprocess_Reading154.dat,Temporal + espectral,Características completas,0.058772348523463636
Riderbelt,preprocess_Reading155.dat,Temporal + espectral,Características completas,0.48918068913693447
Riderbelt,preprocess_Reading156.dat,Temporal + espectral,Características completas,0.36472829230785897
Riderbelt,preprocess_Reading157.dat,Temporal + espectral,Características completas,0.4708661312923788
Riderbelt,preprocess_Reading158.dat,Temporal + espectral,Características completas,0.5012626343230971
Riderbelt,preprocess_Reading159.dat,Temporal + espectral,Características completas,0.5263741643425133
Riderbelt,preprocess_Reading160.dat,Temporal + espectral,Características completas,0.45092737196869004
Riderbelt,preprocess_Reading161.dat,Temporal + espectral,Características completas,0.49320334329665155
Riderbelt,preprocess_Reading162.dat,Temporal + espectral,Características completas,0.4986030025842592
Riderbelt,preprocess_Reading163.dat,Temporal + espectral,Características completas,0.39543214711607094
Riderbelt,preprocess_Reading164.dat,Temporal + espectral,Características completas,0.5132184592208962
Riderbelt,preprocess_Reading165.dat,Temporal + espectral,Características completas,0.3901687817104749
Riderbelt,preprocess_Reading166.dat,Temporal + espectral,Características completas,0.4441517964154015
Riderbelt,preprocess_Reading167.dat,Temporal + espectral,Características completas,0.49711603123508935
Riderbelt,preprocess_Reading168.dat,Temporal + espectral,Características completas,0.504875497168233
Riderbelt,preprocess_Reading169.dat,Temporal + espectral,Características completas,0.262089471212295
Riderbelt,preprocess_Reading170.dat,Temporal + espectral,Características completas,0.48475806070738936
Riderbelt,preprocess_Reading171.dat,Temporal + espectral,Características completas,0.4397748283669117
Riderbelt,preprocess_Reading172.dat,Temporal + espectral,Características completas,0.47669120847123636
Riderbelt,preprocess_Reading173.dat,Temporal + espectral,Características completas,0.45667479466490607
Riderbelt,preprocess_Reading174.dat,Temporal + espectral,Características completas,0.5191558847599848
Riderbelt,preprocess_Reading175.dat,Temporal + espectral,Características completas,0.4754365111655246
Riderbelt,preprocess_Reading176.dat,Temporal + espectral,Características completas,0.46888075513556243
Riderbelt,preprocess_Reading177.dat,Temporal + espectral,Características completas,0.3907723638435543
Riderbelt,preprocess_Reading178.dat,Temporal + espectral,Características completas,0.19891087869909774
Riderbelt,preprocess_Reading179.dat,Temporal + espectral,Características completas,0.0008636506447386096
Riderbelt,preprocess_Reading180.dat,Temporal + espectral,Características completas,0.30425986209729705
Riderbelt,preprocess_Reading181.dat,Temporal + espectral,Características completas,0.3739080996868124
Riderbelt,preprocess_Reading182.dat,Temporal + espectral,Características completas,0.1884791428142819
Riderbelt,preprocess_Reading183.dat,Temporal + espectral,Características completas,0.051999944995451096
Riderbelt,preprocess_Reading184.dat,Temporal + espectral,Características completas,-0.3151109495420503
Riderbelt,preprocess_Reading185.dat,Temporal + espectral,Características completas,0.2937731649518047
Riderbelt,preprocess_Reading186.dat,Temporal + espectral,Características completas,0.44952848891530983
Riderbelt,preprocess_Reading187.dat,Temporal + espectral,Características completas,0.3388100707792457
Riderbelt,preprocess_Reading188.dat,Temporal + espectral,Características completas,0.38145947944772646
Riderbelt,preprocess_Reading189.dat,Temporal + espectral,Características completas,0.4757225924326289
Riderbelt,preprocess_Reading190.dat,Temporal + espectral,Características completas,0.14892672749159533
Riderbelt,preprocess_Reading191.dat,Temporal + espectral,Características completas,0.4053641380649753
Riderbelt,preprocess_Reading192.dat,Temporal + espectral,Características completas,0.1816809873694269
Riderbelt,preprocess_Reading193.dat,Temporal + espectral,Características completas,0.3232916318483103
Riderbelt,preprocess_Reading194.dat,Temporal + espectral,Características completas,0.4170912816615621
Riderbelt,preprocess_Reading195.dat,Temporal + espectral,Características completas,0.3920475016634793
Riderbelt,preprocess_Reading196.dat,Temporal + espectral,Características completas,0.28999321613297063
Riderbelt,preprocess_Reading197.dat,Temporal + espectral,Características completas,0.16297258857637387
Riderbelt,preprocess_Reading198.dat,Temporal + espectral,Características completas,0.041589611073038595
Riderbelt,preprocess_Reading199.dat,Temporal + espectral,Características completas,0.31377004228003613
Riderbelt,preprocess_Reading200.dat,Temporal + espectral,Características completas,0.011654598511228593
Riderbelt,preprocess_Reading201.dat,Temporal + espectral,Características completas,0.07629635256955387
Riderbelt,preprocess_Reading202.dat,Temporal + espectral,Características completas,0.17081009352005191
Riderbelt,preprocess_Reading203.dat,Temporal + espectral,Características completas,0.5270027403689476
Riderbelt,preprocess_Reading204.dat,Temporal + espectral,Características completas,0.3786377943743072
Riderbelt,preprocess_Reading205.dat,Temporal + espectral,Características completas,0.4979225546470782
Riderbelt,preprocess_Reading206.dat,Temporal + espectral,Características completas,0.17382939116507917
Riderbelt,preprocess_Reading207.dat,Temporal + espectral,Características completas,0.40134482247179987
Riderbelt,preprocess_Reading208.dat,Temporal + espectral,Características completas,0.4345652309725979
Riderbelt,preprocess_Reading209.dat,Temporal + espectral,Características completas,0.1781440856880298
Riderbelt,preprocess_Reading210.dat,Temporal + espectral,Características completas,0.08068521733762592
Riderbelt,preprocess_Reading211.dat,Temporal + espectral,Características completas,0.0539694312616369
Riderbelt,preprocess_Reading212.dat,Temporal + espectral,Características completas,0.40445197016088197
Riderbelt,preprocess_Reading213.dat,Temporal + espectral,Características completas,0.36080312026431105
Riderbelt,preprocess_Reading214.dat,Temporal + espectral,Características completas,0.426589643948061
Riderbelt,preprocess_Reading215.dat,Temporal + espectral,Características completas,0.4390424012291568
Riderbelt,preprocess_Reading216.dat,Temporal + espectral,Características completas,0.42884897685096585
Riderbelt,preprocess_Reading217.dat,Temporal + espectral,Características completas,0.39456162168389924
Riderbelt,preprocess_Reading218.dat,Temporal + espectral,Características completas,0.4241576144090584
Riderbelt,preprocess_Reading219.dat,Temporal + espectral,Características completas,0.35117494831757273
Riderbelt,preprocess_Reading220.dat,Temporal + espectral,Características completas,0.49397299756604723
Riderbelt,preprocess_Reading221.dat,Temporal + espectral,Características completas,0.4743460708314891
Riderbelt,preprocess_Reading222.dat,Temporal + espectral,Características completas,0.5164708211864725
Riderbelt,preprocess_Reading223.dat,Temporal + espectral,Características completas,0.42686598385383545
Riderbelt,preprocess_Reading224.dat,Temporal + espectral,Características completas,0.35444756170003316
Riderbelt,preprocess_Reading225.dat,Temporal + espectral,Características completas,0.46620981869007583
Healthy,preprocess_Reading1.dat,Temporal + espectral,PC1 e PC2,0.3101706183003808
Healthy,preprocess_Reading2.dat,Temporal + espectral,PC1 e PC2,0.4073316824709252
Healthy,preprocess_Reading3.dat,Temporal + espectral,PC1 e PC2,0.49510329448666596
Healthy,preprocess_Reading4.dat,Temporal + espectral,PC1 e PC2,0.6359406462340048
Healthy,preprocess_Reading5.dat,Temporal + espectral,PC1 e PC2,0.6871807718707361
Healthy,preprocess_Reading6.dat,Temporal + espectral,PC1 e PC2,0.6516268645766066
Healthy,preprocess_Reading7.dat,Temporal + espectral,PC1 e PC2,0.6056501468089588
Healthy,preprocess_Reading8.dat,Temporal + espectral,PC1 e PC2,0.48198479242802783
Healthy,preprocess_Reading9.dat,Temporal + espectral,PC1 e PC2,0.6388998739440632
Healthy,preprocess_Reading10.dat,Temporal + espectral,PC1 e PC2,0.749544379715576
Healthy,preprocess_Reading11.dat,Temporal + espectral,PC1 e PC2,0.6576121118433959
Healthy,preprocess_Reading12.dat,Temporal + espectral,PC1 e PC2,0.7208387706844795
Healthy,preprocess_Reading13.dat,Temporal + espectral,PC1 e PC2,0.5555259332281559
Healthy,preprocess_Reading14.dat,Temporal + espectral,PC1 e PC2,0.5504436222531758
Healthy,preprocess_Reading15.dat,Temporal + espectral,PC1 e PC2,0.6990260059065225
Healthy,preprocess_Reading16.dat,Temporal + espectral,PC1 e PC2,0.6148262749362994
Healthy,preprocess_Reading17.dat,Temporal + espectral,PC1 e PC2,0.7194568025897883
Healthy,preprocess_Reading18.dat,Temporal + espectral,PC1 e PC2,0.6265201922228583
Healthy,preprocess_Reading19.dat,Temporal + espectral,PC1 e PC2,0.7599016650404365
Healthy,preprocess_Reading20.dat,Temporal + espectral,PC1 e PC2,0.71273677230164
Healthy,preprocess_Reading21.dat,Temporal + espectral,PC1 e PC2,0.7204249604538515
Healthy,preprocess_Reading22.dat,Temporal + espectral,PC1 e PC2,0.7558316381750468
Healthy,preprocess_Reading23.dat,Temporal + espectral,PC1 e PC2,0.6804807550677754
Healthy,preprocess_Reading24.dat,Temporal + espectral,PC1 e PC2,0.7150145299776742
Healthy,preprocess_Reading25.dat,Temporal + espectral,PC1 e PC2,0.7599012128329664
Healthy,preprocess_Reading26.dat,Temporal + espectral,PC1 e PC2,0.5458508276779602
Healthy,preprocess_Reading27.dat,Temporal + espectral,PC1 e PC2,0.7605487234098494
Healthy,preprocess_Reading28.dat,Temporal + espectral,PC1 e PC2,0.6288581133575408
Healthy,preprocess_Reading29.dat,Temporal + espectral,PC1 e PC2,0.4613636772648247
Healthy,preprocess_Reading30.dat,Temporal + espectral,PC1 e PC2,0.6834161011114399
Healthy,preprocess_Reading31.dat,Temporal + espectral,PC1 e PC2,0.7454725776072941
Healthy,preprocess_Reading32.dat,Temporal + espectral,PC1 e PC2,0.7672617954603633
Healthy,preprocess_Reading33.dat,Temporal + espectral,PC1 e PC2,0.4462951472616813
Healthy,preprocess_Reading34.dat,Temporal + espectral,PC1 e PC2,0.43600750066766736
Healthy,preprocess_Reading35.dat,Temporal + espectral,PC1 e PC2,0.48629029281649266
Healthy,preprocess_Reading36.dat,Temporal + espectral,PC1 e PC2,0.713952581359126
Healthy,preprocess_Reading37.dat,Temporal + espectral,PC1 e PC2,0.7149508284515675
Healthy,preprocess_Reading38.dat,Temporal + espectral,PC1 e PC2,0.36889216770337874
Healthy,preprocess_Reading39.dat,Temporal + espectral,PC1 e PC2,0.7560211871971088
Healthy,preprocess_Reading40.dat,Temporal + espectral,PC1 e PC2,0.7539987922039917
Healthy,preprocess_Reading41.dat,Temporal + espectral,PC1 e PC2,0.7285950283549739
Healthy,preprocess_Reading42.dat,Temporal + espectral,PC1 e PC2,0.4492987511047117
Healthy,preprocess_Reading43.dat,Temporal + espectral,PC1 e PC2,0.6599472920105041
Healthy,preprocess_Reading44.dat,Temporal + espectral,PC1 e PC2,0.7563982440451897
Healthy,preprocess_Reading45.dat,Temporal + espectral,PC1 e PC2,0.7491673089430494
Healthy,preprocess_Reading46.dat,Temporal + espectral,PC1 e PC2,0.7522396975751664
Healthy,preprocess_Reading47.dat,Temporal + espectral,PC1 e PC2,0.6686364962326914
Healthy,preprocess_Reading48.dat,Temporal + espectral,PC1 e PC2,0.754764207825868
Healthy,preprocess_Reading49.dat,Temporal + espectral,PC1 e PC2,0.6736764456073736
Healthy,preprocess_Reading50.dat,Temporal + espectral,PC1 e PC2,0.7567010231960819
Healthy,preprocess_Reading51.dat,Temporal + espectral,PC1 e PC2,0.728586174864729
Healthy,preprocess_Reading52.dat,Temporal + espectral,PC1 e PC2,0.6676919603174882
Healthy,preprocess_Reading53.dat,Temporal + espectral,PC1 e PC2,0.6259195089151093
Healthy,preprocess_Reading54.dat,Temporal + espectral,PC1 e PC2,0.7359213171644783
Healthy,preprocess_Reading55.dat,Temporal + espectral,PC1 e PC2,0.5879074351162535
Healthy,preprocess_Reading56.dat,Temporal + espectral,PC1 e PC2,0.485451366138016
Healthy,preprocess_Reading57.dat,Temporal + espectral,PC1 e PC2,0.7631296623265491
Healthy,preprocess_Reading58.dat,Temporal + espectral,PC1 e PC2,0.7453656865484072
Healthy,preprocess_Reading59.dat,Temporal + espectral,PC1 e PC2,0.7329467668312883
Healthy,preprocess_Reading60.dat,Temporal + espectral,PC1 e PC2,0.7589027288066424
Healthy,preprocess_Reading61.dat,Temporal + espectral,PC1 e PC2,0.7400342178314011
Healthy,preprocess_Reading62.dat,Temporal + espectral,PC1 e PC2,0.606749255885792
Healthy,preprocess_Reading63.dat,Temporal + espectral,PC1 e PC2,0.6787564772749485
Healthy,preprocess_Reading64.dat,Temporal + espectral,PC1 e PC2,0.6935639085937938
Healthy,preprocess_Reading65.dat,Temporal + espectral,PC1 e PC2,0.7175590073620082
Healthy,preprocess_Reading66.dat,Temporal + espectral,PC1 e PC2,0.7262336576634484
Healthy,preprocess_Reading67.dat,Temporal + espectral,PC1 e PC2,0.7472307050545228
Healthy,preprocess_Reading68.dat,Temporal + espectral,PC1 e PC2,0.6857639344747075
Healthy,preprocess_Reading69.dat,Temporal + espectral,PC1 e PC2,0.7595273020949351
Healthy,preprocess_Reading70.dat,Temporal + espectral,PC1 e PC2,0.662325100848809
Healthy,preprocess_Reading71.dat,Temporal + espectral,PC1 e PC2,0.7525847155685356
Healthy,preprocess_Reading72.dat,Temporal + espectral,PC1 e PC2,0.7192181667198209
Healthy,preprocess_Reading73.dat,Temporal + espectral,PC1 e PC2,0.7025476219119018
Healthy,preprocess_Reading74.dat,Temporal + espectral,PC1 e PC2,0.7480806537077813
Healthy,preprocess_Reading75.dat,Temporal + espectral,PC1 e PC2,0.6601176367550295
Healthy,preprocess_Reading76.dat,Temporal + espectral,PC1 e PC2,0.2799983860871042
Healthy,preprocess_Reading77.dat,Temporal + espectral,PC1 e PC2,0.40288783761620134
Healthy,preprocess_Reading78.dat,Temporal + espectral,PC1 e PC2,0.6582658725274678
Healthy,preprocess_Reading79.dat,Temporal + espectral,PC1 e PC2,0.6346582042505988
Healthy,preprocess_Reading80.dat,Temporal + espectral,PC1 e PC2,0.693071511651774
Healthy,preprocess_Reading81.dat,Temporal + espectral,PC1 e PC2,0.7285891055294929
Healthy,preprocess_Reading82.dat,Temporal + espectral,PC1 e PC2,0.6723446835117779
Healthy,preprocess_Reading83.dat,Temporal + espectral,PC1 e PC2,0.6639773416944255
Healthy,preprocess_Reading84.dat,Temporal + espectral,PC1 e PC2,0.5515603736444145
Healthy,preprocess_Reading85.dat,Temporal + espectral,PC1 e PC2,0.6374089417796343
Healthy,preprocess_Reading86.dat,Temporal + espectral,PC1 e PC2,0.7137652021394518
Healthy,preprocess_Reading87.dat,Temporal + espectral,PC1 e PC2,0.6992284938006921
Healthy,preprocess_Reading88.dat,Temporal + espectral,PC1 e PC2,0.7226975638533814
Healthy,preprocess_Reading89.dat,Temporal + espectral,PC1 e PC2,0.7509473287805579
Healthy,preprocess_Reading90.dat,Temporal + espectral,PC1 e PC2,0.7558586718530987
Healthy,preprocess_Reading91.dat,Temporal + espectral,PC1 e PC2,0.6776415765709891
Healthy,preprocess_Reading92.dat,Temporal + espectral,PC1 e PC2,0.7304910023827336
Healthy,preprocess_Reading93.dat,Temporal + espectral,PC1 e PC2,0.695681892923357
Healthy,preprocess_Reading94.dat,Temporal + espectral,PC1 e PC2,0.6030176674553763
Healthy,preprocess_Reading95.dat,Temporal + espectral,PC1 e PC2,0.6212915759770712
Healthy,preprocess_Reading96.dat,Temporal + espectral,PC1 e PC2,0.47425151645278957
Healthy,preprocess_Reading97.dat,Temporal + espectral,PC1 e PC2,0.6285364054615951
Healthy,preprocess_Reading98.dat,Temporal + espectral,PC1 e PC2,0.3910969375199407
Healthy,preprocess_Reading99.dat,Temporal + espectral,PC1 e PC2,0.749987110995392
Healthy,preprocess_Reading100.dat,Temporal + espectral,PC1 e PC2,0.743811623651638
Healthy,preprocess_Reading101.dat,Temporal + espectral,PC1 e PC2,0.7458131346781502
Healthy,preprocess_Reading102.dat,Temporal + espectral,PC1 e PC2,0.5775418307070195
Healthy,preprocess_Reading103.dat,Temporal + espectral,PC1 e PC2,0.7629435377019969
Healthy,preprocess_Reading104.dat,Temporal + espectral,PC1 e PC2,0.622943253989012
Healthy,preprocess_Reading105.dat,Temporal + espectral,PC1 e PC2,0.7208811007197656
Healthy,preprocess_Reading106.dat,Temporal + espectral,PC1 e PC2,0.7628387662264896
Healthy,preprocess_Reading107.dat,Temporal + espectral,PC1 e PC2,0.7560006812467657
Healthy,preprocess_Reading108.dat,Temporal + espectral,PC1 e PC2,0.7521363382869092
Healthy,preprocess_Reading109.dat,Temporal + espectral,PC1 e PC2,0.6089571185329149
Healthy,preprocess_Reading110.dat,Temporal + espectral,PC1 e PC2,0.7368822161720783
Healthy,preprocess_Reading111.dat,Temporal + espectral,PC1 e PC2,0.7664968375442264
Healthy,preprocess_Reading112.dat,Temporal + espectral,PC1 e PC2,0.700465661852293
Healthy,preprocess_Reading113.dat,Temporal + espectral,PC1 e PC2,0.7475468219423771
Healthy,preprocess_Reading114.dat,Temporal + espectral,PC1 e PC2,0.6820717212949412
Healthy,preprocess_Reading115.dat,Temporal + espectral,PC1 e PC2,0.7312078893851323
Healthy,preprocess_Reading116.dat,Temporal + espectral,PC1 e PC2,0.7255122689046056
Healthy,preprocess_Reading117.dat,Temporal + espectral,PC1 e PC2,0.7593560195719771
Healthy,preprocess_Reading118.dat,Temporal + espectral,PC1 e PC2,0.697272936766437
Healthy,preprocess_Reading119.dat,Temporal + espectral,PC1 e PC2,0.7433854713345597
Healthy,preprocess_Reading120.dat,Temporal + espectral,PC1 e PC2,0.6925045398926681
Healthy,preprocess_Reading121.dat,Temporal + espectral,PC1 e PC2,0.7622633642010441
Healthy,preprocess_Reading122.dat,Temporal + espectral,PC1 e PC2,0.734656450002661
Healthy,preprocess_Reading123.dat,Temporal + espectral,PC1 e PC2,0.7535576810781354
Healthy,preprocess_Reading124.dat,Temporal + espectral,PC1 e PC2,0.7480491478100404
Healthy,preprocess_Reading125.dat,Temporal + espectral,PC1 e PC2,0.46933473515093416
Healthy,preprocess_Reading126.dat,Temporal + espectral,PC1 e PC2,0.7531282462775358
Healthy,preprocess_Reading127.dat,Temporal + espectral,PC1 e PC2,0.7276569081590164
Healthy,preprocess_Reading128.dat,Temporal + espectral,PC1 e PC2,0.4787224287373972
Healthy,preprocess_Reading129.dat,Temporal + espectral,PC1 e PC2,0.4043283522218453
Healthy,preprocess_Reading130.dat,Temporal + espectral,PC1 e PC2,0.44913747213856864
Healthy,preprocess_Reading131.dat,Temporal + espectral,PC1 e PC2,0.17339287894505911
Healthy,preprocess_Reading132.dat,Temporal + espectral,PC1 e PC2,0.37131289443125026
Healthy,preprocess_Reading133.dat,Temporal + espectral,PC1 e PC2,0.7569850442550424
Healthy,preprocess_Reading134.dat,Temporal + espectral,PC1 e PC2,0.6545026357620211
Healthy,preprocess_Reading135.dat,Temporal + espectral,PC1 e PC2,0.766983402048549
Healthy,preprocess_Reading136.dat,Temporal + espectral,PC1 e PC2,0.6817992837173636
Healthy,preprocess_Reading137.dat,Temporal + espectral,PC1 e PC2,0.7105633863693724
Healthy,preprocess_Reading138.dat,Temporal + espectral,PC1 e PC2,0.700090491335216
Healthy,preprocess_Reading139.dat,Temporal + espectral,PC1 e PC2,0.7669804806401936
Healthy,preprocess_Reading140.dat,Temporal + espectral,PC1 e PC2,0.7403894386244064
Healthy,preprocess_Reading141.dat,Temporal + espectral,PC1 e PC2,0.7600712470489819
Healthy,preprocess_Reading142.dat,Temporal + espectral,PC1 e PC2,0.7507275058866816
Healthy,preprocess_Reading143.dat,Temporal + espectral,PC1 e PC2,0.706504205964845
Healthy,preprocess_Reading144.dat,Temporal + espectral,PC1 e PC2,0.7481301486426964
Healthy,preprocess_Reading145.dat,Temporal + espectral,PC1 e PC2,0.7219766995246668
Healthy,preprocess_Reading146.dat,Temporal + espectral,PC1 e PC2,0.7390246030976955
Healthy,preprocess_Reading147.dat,Temporal + espectral,PC1 e PC2,0.6756711501166738
Healthy,preprocess_Reading148.dat,Temporal + espectral,PC1 e PC2,0.7207478953087959
Healthy,preprocess_Reading149.dat,Temporal + espectral,PC1 e PC2,0.7547322195365582
Healthy,preprocess_Reading150.dat,Temporal + espectral,PC1 e PC2,0.66099274344097
Healthy,preprocess_Reading151.dat,Temporal + espectral,PC1 e PC2,0.18529514773271122
Healthy,preprocess_Reading152.dat,Temporal + espectral,PC1 e PC2,0.5359857529796445
Healthy,preprocess_Reading153.dat,Temporal + espectral,PC1 e PC2,0.5990772911161779
Healthy,preprocess_Reading154.dat,Temporal + espectral,PC1 e PC2,0.7514263157803829
Healthy,preprocess_Reading155.dat,Temporal + espectral,PC1 e PC2,0.7460335473755116
Healthy,preprocess_Reading156.dat,Temporal + espectral,PC1 e PC2,0.6696140017271648
Healthy,preprocess_Reading157.dat,Temporal + espectral,PC1 e PC2,0.21446210100215857
Healthy,preprocess_Reading158.dat,Temporal + espectral,PC1 e PC2,0.6122363995020681
Healthy,preprocess_Reading159.dat,Temporal + espectral,PC1 e PC2,0.4111961445211703
Healthy,preprocess_Reading160.dat,Temporal + espectral,PC1 e PC2,0.6752372112293478
Healthy,preprocess_Reading161.dat,Temporal + espectral,PC1 e PC2,0.31163636144293794
Healthy,preprocess_Reading162.dat,Temporal + espectral,PC1 e PC2,0.6223076709993116
Healthy,preprocess_Reading163.dat,Temporal + espectral,PC1 e PC2,0.7036390282804412
Healthy,preprocess_Reading164.dat,Temporal + espectral,PC1 e PC2,0.6994965944208781
Healthy,preprocess_Reading165.dat,Temporal + espectral,PC1 e PC2,0.6948050526780195
Healthy,preprocess_Reading166.dat,Temporal + espectral,PC1 e PC2,0.6409625580641044
Healthy,preprocess_Reading167.dat,Temporal + espectral,PC1 e PC2,0.7323470824511127
Healthy,preprocess_Reading168.dat,Temporal + espectral,PC1 e PC2,0.7436920228989895
Healthy,preprocess_Reading169.dat,Temporal + espectral,PC1 e PC2,0.5513957309976321
Healthy,preprocess_Reading170.dat,Temporal + espectral,PC1 e PC2,0.6866869217483225
Healthy,preprocess_Reading171.dat,Temporal + espectral,PC1 e PC2,0.7509525455334651
Healthy,preprocess_Reading172.dat,Temporal + espectral,PC1 e PC2,0.6124605606170069
Healthy,preprocess_Reading173.dat,Temporal + espectral,PC1 e PC2,0.7277729359003878
Healthy,preprocess_Reading174.dat,Temporal + espectral,PC1 e PC2,0.6635760169187191
Healthy,preprocess_Reading175.dat,Temporal + espectral,PC1 e PC2,0.48352595375960933
Healthy,preprocess_Reading176.dat,Temporal + espectral,PC1 e PC2,0.48953108005561313
Healthy,preprocess_Reading177.dat,Temporal + espectral,PC1 e PC2,0.5910465001955126
Healthy,preprocess_Reading178.dat,Temporal + espectral,PC1 e PC2,0.36692680009396644
Healthy,preprocess_Reading179.dat,Temporal + espectral,PC1 e PC2,0.6885179748925251
Healthy,preprocess_Reading180.dat,Temporal + espectral,PC1 e PC2,0.7668901698966013
Healthy,preprocess_Reading181.dat,Temporal + espectral,PC1 e PC2,0.03712136143612744
Healthy,preprocess_Reading182.dat,Temporal + espectral,PC1 e PC2,0.7518223406457587
Healthy,preprocess_Reading183.dat,Temporal + espectral,PC1 e PC2,0.6984088906000964
Healthy,preprocess_Reading184.dat,Temporal + espectral,PC1 e PC2,0.7010244879567029
Healthy,preprocess_Reading185.dat,Temporal + espectral,PC1 e PC2,0.7371677194655741
Healthy,preprocess_Reading186.dat,Temporal + espectral,PC1 e PC2,0.7388955868198341
Healthy,preprocess_Reading187.dat,Temporal + espectral,PC1 e PC2,0.4673277662751763
Healthy,preprocess_Reading188.dat,Temporal + espectral,PC1 e PC2,0.6989021190102107
Healthy,preprocess_Reading189.dat,Temporal + espectral,PC1 e PC2,0.6208293570176013
Healthy,preprocess_Reading190.dat,Temporal + espectral,PC1 e PC2,0.6857066681319354
Healthy,preprocess_Reading191.dat,Temporal + espectral,PC1 e PC2,0.7320571406641885
Healthy,preprocess_Reading192.dat,Temporal + espectral,PC1 e PC2,0.7663693217278019
Healthy,preprocess_Reading193.dat,Temporal + espectral,PC1 e PC2,0.7652495817591564
Healthy,preprocess_Reading194.dat,Temporal + espectral,PC1 e PC2,0.7571358180774702
Healthy,preprocess_Reading195.dat,Temporal + espectral,PC1 e PC2,0.6005052768263524
Healthy,preprocess_Reading196.dat,Temporal + espectral,PC1 e PC2,0.47727182251823175
Healthy,preprocess_Reading197.dat,Temporal + espectral,PC1 e PC2,0.3455752834790611
Healthy,preprocess_Reading198.dat,Temporal + espectral,PC1 e PC2,0.6223182018825083
Healthy,preprocess_Reading199.dat,Temporal + espectral,PC1 e PC2,0.3557876509641378
Healthy,preprocess_Reading200.dat,Temporal + espectral,PC1 e PC2,0.64091905011621
Healthy,preprocess_Reading201.dat,Temporal + espectral,PC1 e PC2,0.7401898463042862
Healthy,preprocess_Reading202.dat,Temporal + espectral,PC1 e PC2,0.7523557065992273
Healthy,preprocess_Reading203.dat,Temporal + espectral,PC1 e PC2,0.7528577427726393
Healthy,preprocess_Reading204.dat,Temporal + espectral,PC1 e PC2,0.71604092497709
Healthy,preprocess_Reading205.dat,Temporal + espectral,PC1 e PC2,0.40422150320752886
Healthy,preprocess_Reading206.dat,Temporal + espectral,PC1 e PC2,0.6656230022655716
Healthy,preprocess_Reading207.dat,Temporal + espectral,PC1 e PC2,0.5383424503792056
Healthy,preprocess_Reading208.dat,Temporal + espectral,PC1 e PC2,0.7243809423179056
Healthy,preprocess_Reading209.dat,Temporal + espectral,PC1 e PC2,0.7014429870258534
Healthy,preprocess_Reading210.dat,Temporal + espectral,PC1 e PC2,0.7292130670147251
Healthy,preprocess_Reading211.dat,Temporal + espectral,PC1 e PC2,0.7215972164225084
Healthy,preprocess_Reading212.dat,Temporal + espectral,PC1 e PC2,0.3993943024875042
Healthy,preprocess_Reading213.dat,Temporal + espectral,PC1 e PC2,0.5677150010894033
Healthy,preprocess_Reading214.dat,Temporal + espectral,PC1 e PC2,0.570186263472182
Healthy,preprocess_Reading215.dat,Temporal + espectral,PC1 e PC2,0.6624764211104046
Healthy,preprocess_Reading216.dat,Temporal + espectral,PC1 e PC2,0.6965405649953448
Healthy,preprocess_Reading217.dat,Temporal + espectral,PC1 e PC2,0.7210883138565557
Healthy,preprocess_Reading218.dat,Temporal + espectral,PC1 e PC2,0.7601155085528147
Healthy,preprocess_Reading219.dat,Temporal + espectral,PC1 e PC2,0.44504446886424737
Healthy,preprocess_Reading220.dat,Temporal + espectral,PC1 e PC2,0.7226369489680635
Healthy,preprocess_Reading221.dat,Temporal + espectral,PC1 e PC2,0.7183532784791334
Healthy,preprocess_Reading222.dat,Temporal + espectral,PC1 e PC2,0.7131634825190776
Healthy,preprocess_Reading223.dat,Temporal + espectral,PC1 e PC2,0.6951882828720279
Healthy,preprocess_Reading224.dat,Temporal + espectral,PC1 e PC2,0.5188915711871018
Healthy,preprocess_Reading225.dat,Temporal + espectral,PC1 e PC2,0.6721588015852645
Bearing,preprocess_Reading1.dat,Temporal + espectral,PC1 e PC2,-0.493530023050233
Bearing,preprocess_Reading2.dat,Temporal + espectral,PC1 e PC2,0.050091783438358024
Bearing,preprocess_Reading3.dat,Temporal + espectral,PC1 e PC2,0.0770669490121265
Bearing,preprocess_Reading4.dat,Temporal + espectral,PC1 e PC2,0.09868664062540879
Bearing,preprocess_Reading5.dat,Temporal + espectral,PC1 e PC2,-0.30513547649158185
Bearing,preprocess_Reading6.dat,Temporal + espectral,PC1 e PC2,-0.41092974280958555
Bearing,preprocess_Reading7.dat,Temporal + espectral,PC1 e PC2,-0.0005970695225345841
Bearing,preprocess_Reading8.dat,Temporal + espectral,PC1 e PC2,-0.30020596878824524
Bearing,preprocess_Reading9.dat,Temporal + espectral,PC1 e PC2,-0.08321743153569097
Bearing,preprocess_Reading10.dat,Temporal + espectral,PC1 e PC2,-0.11039199880795528
Bearing,preprocess_Reading11.dat,Temporal + espectral,PC1 e PC2,-0.12411524257851682
Bearing,preprocess_Reading12.dat,Temporal + espectral,PC1 e PC2,0.19666593277643624
Bearing,preprocess_Reading13.dat,Temporal + espectral,PC1 e PC2,-0.057042183276495545
Bearing,preprocess_Reading14.dat,Temporal + espectral,PC1 e PC2,-0.15546236331640412
Bearing,preprocess_Reading15.dat,Temporal + espectral,PC1 e PC2,0.028426445777761943
Bearing,preprocess_Reading16.dat,Temporal + espectral,PC1 e PC2,-0.1404891231392224
Bearing,preprocess_Reading17.dat,Temporal + espectral,PC1 e PC2,0.061680397351079136
Bearing,preprocess_Reading18.dat,Temporal + espectral,PC1 e PC2,-0.016079638000053697
Bearing,preprocess_Reading19.dat,Temporal + espectral,PC1 e PC2,0.10246572953280739
Bearing,preprocess_Reading20.dat,Temporal + espectral,PC1 e PC2,-0.03678549964755216
Bearing,preprocess_Reading21.dat,Temporal + espectral,PC1 e PC2,0.13836753814058472
Bearing,preprocess_Reading22.dat,Temporal + espectral,PC1 e PC2,0.23167877879191207
Bearing,preprocess_Reading23.dat,Temporal + espectral,PC1 e PC2,-0.30376935336328076
Bearing,preprocess_Reading24.dat,Temporal + espectral,PC1 e PC2,0.06338137976272049
Bearing,preprocess_Reading25.dat,Temporal + espectral,PC1 e PC2,-0.12687556703155312
Bearing,preprocess_Reading26.dat,Temporal + espectral,PC1 e PC2,-0.2360664176003319
Bearing,preprocess_Reading27.dat,Temporal + espectral,PC1 e PC2,-0.08141800456292593
Bearing,preprocess_Reading28.dat,Temporal + espectral,PC1 e PC2,-0.09625355124718966
Bearing,preprocess_Reading29.dat,Temporal + espectral,PC1 e PC2,-0.04554125782427738
Bearing,preprocess_Reading30.dat,Temporal + espectral,PC1 e PC2,-0.18411738482482687
Bearing,preprocess_Reading31.dat,Temporal + espectral,PC1 e PC2,-0.20011145515954695
Bearing,preprocess_Reading32.dat,Temporal + espectral,PC1 e PC2,-0.2282568690839722
Bearing,preprocess_Reading33.dat,Temporal + espectral,PC1 e PC2,-0.1802514289225966
Bearing,preprocess_Reading34.dat,Temporal + espectral,PC1 e PC2,-0.12804530796702182
Bearing,preprocess_Reading35.dat,Temporal + espectral,PC1 e PC2,-0.04448998809700874
Bearing,preprocess_Reading36.dat,Temporal + espectral,PC1 e PC2,0.01724502544097559
Bearing,preprocess_Reading37.dat,Temporal + espectral,PC1 e PC2,-0.1190652707486887
Bearing,preprocess_Reading38.dat,Temporal + espectral,PC1 e PC2,-0.08712888512741816
Bearing,preprocess_Reading39.dat,Temporal + espectral,PC1 e PC2,-0.23196437331087524
Bearing,preprocess_Reading40.dat,Temporal + espectral,PC1 e PC2,-0.028131859379576185
Bearing,preprocess_Reading41.dat,Temporal + espectral,PC1 e PC2,-0.08140642141958937
Bearing,preprocess_Reading42.dat,Temporal + espectral,PC1 e PC2,-0.00036954729561957186
Bearing,preprocess_Reading43.dat,Temporal + espectral,PC1 e PC2,-0.08734732200613589
Bearing,preprocess_Reading44.dat,Temporal + espectral,PC1 e PC2,-0.20362846696732026
Bearing,preprocess_Reading45.dat,Temporal + espectral,PC1 e PC2,-0.07108903754982095
Bearing,preprocess_Reading46.dat,Temporal + espectral,PC1 e PC2,0.10346451227232922
Bearing,preprocess_Reading47.dat,Temporal + espectral,PC1 e PC2,0.08654637348422348
Bearing,preprocess_Reading48.dat,Temporal + espectral,PC1 e PC2,-0.02423039838292045
Bearing,preprocess_Reading49.dat,Temporal + espectral,PC1 e PC2,0.11937685989988787
Bearing,preprocess_Reading50.dat,Temporal + espectral,PC1 e PC2,0.25108862533226983
Bearing,preprocess_Reading51.dat,Temporal + espectral,PC1 e PC2,-0.02846348332966074
Bearing,preprocess_Reading52.dat,Temporal + espectral,PC1 e PC2,0.2548690267991782
Bearing,preprocess_Reading53.dat,Temporal + espectral,PC1 e PC2,0.0945036932620451
Bearing,preprocess_Reading54.dat,Temporal + espectral,PC1 e PC2,0.20835425291719945
Bearing,preprocess_Reading55.dat,Temporal + espectral,PC1 e PC2,0.04558292549795308
Bearing,preprocess_Reading56.dat,Temporal + espectral,PC1 e PC2,-0.04238745835600349
Bearing,preprocess_Reading57.dat,Temporal + espectral,PC1 e PC2,0.18271270804956743
Bearing,preprocess_Reading58.dat,Temporal + espectral,PC1 e PC2,0.006583403345466507
Bearing,preprocess_Reading59.dat,Temporal + espectral,PC1 e PC2,0.1480804643621066
Bearing,preprocess_Reading60.dat,Temporal + espectral,PC1 e PC2,0.1264451120590538
Bearing,preprocess_Reading61.dat,Temporal + espectral,PC1 e PC2,-0.175421977025198
Bearing,preprocess_Reading62.dat,Temporal + espectral,PC1 e PC2,0.13293278304110617
Bearing,preprocess_Reading63.dat,Temporal + espectral,PC1 e PC2,0.14064423932108233
Bearing,preprocess_Reading64.dat,Temporal + espectral,PC1 e PC2,0.06530548925489034
Bearing,preprocess_Reading65.dat,Temporal + espectral,PC1 e PC2,-0.17776063955589932
Bearing,preprocess_Reading66.dat,Temporal + espectral,PC1 e PC2,-0.15198202111007594
Bearing,preprocess_Reading67.dat,Temporal + espectral,PC1 e PC2,-0.3729603710247309
Bearing,preprocess_Reading68.dat,Temporal + espectral,PC1 e PC2,-0.24701635708306754
Bearing,preprocess_Reading69.dat,Temporal + espectral,PC1 e PC2,-0.14517729993110512
Bearing,preprocess_Reading70.dat,Temporal + espectral,PC1 e PC2,0.04255919615044236
Bearing,preprocess_Reading71.dat,Temporal + espectral,PC1 e PC2,0.034096773134651794
Bearing,preprocess_Reading72.dat,Temporal + espectral,PC1 e PC2,-0.013418728717442164
Bearing,preprocess_Reading73.dat,Temporal + espectral,PC1 e PC2,-0.02781400048280581
Bearing,preprocess_Reading74.dat,Temporal + espectral,PC1 e PC2,-0.010282433204260403
Bearing,preprocess_Reading75.dat,Temporal + espectral,PC1 e PC2,-0.242158437533901
Bearing,preprocess_Reading76.dat,Temporal + espectral,PC1 e PC2,-0.5130223419422892
Bearing,preprocess_Reading77.dat,Temporal + espectral,PC1 e PC2,0.030368656001381018
Bearing,preprocess_Reading78.dat,Temporal + espectral,PC1 e PC2,-0.2175240491910478
Bearing,preprocess_Reading79.dat,Temporal + espectral,PC1 e PC2,-0.38842794428233574
Bearing,preprocess_Reading80.dat,Temporal + espectral,PC1 e PC2,0.18927578018975588
Bearing,preprocess_Reading81.dat,Temporal + espectral,PC1 e PC2,0.009153377747188008
Bearing,preprocess_Reading82.dat,Temporal + espectral,PC1 e PC2,0.13449184067891679
Bearing,preprocess_Reading83.dat,Temporal + espectral,PC1 e PC2,-0.0624947318837006
Bearing,preprocess_Reading84.dat,Temporal + espectral,PC1 e PC2,0.2319522949742571
Bearing,preprocess_Reading85.dat,Temporal + espectral,PC1 e PC2,-0.3236574687527677
Bearing,preprocess_Reading86.dat,Temporal + espectral,PC1 e PC2,-0.3111194742828512
Bearing,preprocess_Reading87.dat,Temporal + espectral,PC1 e PC2,-0.08709752948701457
Bearing,preprocess_Reading88.dat,Temporal + espectral,PC1 e PC2,0.20461826832629892
Bearing,preprocess_Reading89.dat,Temporal + espectral,PC1 e PC2,-0.33115575957431637
Bearing,preprocess_Reading90.dat,Temporal + espectral,PC1 e PC2,-0.23398705064270756
Bearing,preprocess_Reading91.dat,Temporal + espectral,PC1 e PC2,0.06809420713763158
Bearing,preprocess_Reading92.dat,Temporal + espectral,PC1 e PC2,-0.2372091169570663
Bearing,preprocess_Reading93.dat,Temporal + espectral,PC1 e PC2,-0.06681218895486286
Bearing,preprocess_Reading94.dat,Temporal + espectral,PC1 e PC2,0.053131605720004235
Bearing,preprocess_Reading95.dat,Temporal + espectral,PC1 e PC2,0.2614534544921216
Bearing,preprocess_Reading96.dat,Temporal + espectral,PC1 e PC2,-0.2129507767547937
Bearing,preprocess_Reading97.dat,Temporal + espectral,PC1 e PC2,-0.24615362598987248
Bearing,preprocess_Reading98.dat,Temporal + espectral,PC1 e PC2,0.08890935828327712
Bearing,preprocess_Reading99.dat,Temporal + espectral,PC1 e PC2,0.17962904336748448
Bearing,preprocess_Reading100.dat,Temporal + espectral,PC1 e PC2,-0.09574663908443447
Bearing,preprocess_Reading101.dat,Temporal + espectral,PC1 e PC2,-0.1909792821066785
Bearing,preprocess_Reading102.dat,Temporal + espectral,PC1 e PC2,0.12372103103694937
Bearing,preprocess_Reading103.dat,Temporal + espectral,PC1 e PC2,0.17755157206696226
Bearing,preprocess_Reading104.dat,Temporal + espectral,PC1 e PC2,0.22337793488708244
Bearing,preprocess_Reading105.dat,Temporal + espectral,PC1 e PC2,0.14347531076638226
Bearing,preprocess_Reading106.dat,Temporal + espectral,PC1 e PC2,-0.1148384972935092
Bearing,preprocess_Reading107.dat,Temporal + espectral,PC1 e PC2,-0.04132525727535942
Bearing,preprocess_Reading108.dat,Temporal + espectral,PC1 e PC2,-0.12107363978394493
Bearing,preprocess_Reading109.dat,Temporal + espectral,PC1 e PC2,0.12804338323508951
Bearing,preprocess_Reading110.dat,Temporal + espectral,PC1 e PC2,0.00931180277048869
Bearing,preprocess_Reading111.dat,Temporal + espectral,PC1 e PC2,-0.00195721302475673
Bearing,preprocess_Reading112.dat,Temporal + espectral,PC1 e PC2,0.020206126383131878
Bearing,preprocess_Reading113.dat,Temporal + espectral,PC1 e PC2,-0.06588271287423712
Bearing,preprocess_Reading114.dat,Temporal + espectral,PC1 e PC2,0.22352229050494898
Bearing,preprocess_Reading115.dat,Temporal + espectral,PC1 e PC2,0.19739979531411975
Bearing,preprocess_Reading116.dat,Temporal + espectral,PC1 e PC2,0.03025752935875217
Bearing,preprocess_Reading117.dat,Temporal + espectral,PC1 e PC2,0.19419824544672482
Bearing,preprocess_Reading118.dat,Temporal + espectral,PC1 e PC2,0.11597062840885534
Bearing,preprocess_Reading119.dat,Temporal + espectral,PC1 e PC2,0.21915286803372908
Bearing,preprocess_Reading120.dat,Temporal + espectral,PC1 e PC2,0.13988264996446792
Bearing,preprocess_Reading121.dat,Temporal + espectral,PC1 e PC2,0.06289016613678278
Bearing,preprocess_Reading122.dat,Temporal + espectral,PC1 e PC2,0.03192649890438145
Bearing,preprocess_Reading123.dat,Temporal + espectral,PC1 e PC2,0.059203334651523255
Bearing,preprocess_Reading124.dat,Temporal + espectral,PC1 e PC2,0.09873591564856012
Bearing,preprocess_Reading125.dat,Temporal + espectral,PC1 e PC2,-0.18214921934049563
Bearing,preprocess_Reading126.dat,Temporal + espectral,PC1 e PC2,0.25577841238398913
Bearing,preprocess_Reading127.dat,Temporal + espectral,PC1 e PC2,-0.007074755124428727
Bearing,preprocess_Reading128.dat,Temporal + espectral,PC1 e PC2,-0.016754989799229122
Bearing,preprocess_Reading129.dat,Temporal + espectral,PC1 e PC2,0.08847401045706613
Bearing,preprocess_Reading130.dat,Temporal + espectral,PC1 e PC2,0.12110905831006692
Bearing,preprocess_Reading131.dat,Temporal + espectral,PC1 e PC2,-0.08238072894325883
Bearing,preprocess_Reading132.dat,Temporal + espectral,PC1 e PC2,0.21920311828195463
Bearing,preprocess_Reading133.dat,Temporal + espectral,PC1 e PC2,0.15743489198354846
Bearing,preprocess_Reading134.dat,Temporal + espectral,PC1 e PC2,0.0546329670551133
Bearing,preprocess_Reading135.dat,Temporal + espectral,PC1 e PC2,0.20419271729528599
Bearing,preprocess_Reading136.dat,Temporal + espectral,PC1 e PC2,-0.11321718961051837
Bearing,preprocess_Reading137.dat,Temporal + espectral,PC1 e PC2,-0.018303759411779457
Bearing,preprocess_Reading138.dat,Temporal + espectral,PC1 e PC2,-0.06676183743397172
Bearing,preprocess_Reading139.dat,Temporal + espectral,PC1 e PC2,0.008383130445099687
Bearing,preprocess_Reading140.dat,Temporal + espectral,PC1 e PC2,0.2280257717375024
Bearing,preprocess_Reading141.dat,Temporal + espectral,PC1 e PC2,-0.004988718932266275
Bearing,preprocess_Reading142.dat,Temporal + espectral,PC1 e PC2,0.13580101282078585
Bearing,preprocess_Reading143.dat,Temporal + espectral,PC1 e PC2,0.1688132270702051
Bearing,preprocess_Reading144.dat,Temporal + espectral,PC1 e PC2,0.0901273420380733
Bearing,preprocess_Reading145.dat,Temporal + espectral,PC1 e PC2,-0.1478761711636153
Bearing,preprocess_Reading146.dat,Temporal + espectral,PC1 e PC2,0.016308775245598595
Bearing,preprocess_Reading147.dat,Temporal + espectral,PC1 e PC2,-0.14012366342169896
Bearing,preprocess_Reading148.dat,Temporal + espectral,PC1 e PC2,-0.06937088905021531
Bearing,preprocess_Reading149.dat,Temporal + espectral,PC1 e PC2,-0.07871272114794481
Bearing,preprocess_Reading150.dat,Temporal + espectral,PC1 e PC2,-0.32660329271885097
Bearing,preprocess_Reading151.dat,Temporal + espectral,PC1 e PC2,-0.5026886856404409
Bearing,preprocess_Reading152.dat,Temporal + espectral,PC1 e PC2,-0.30176705351973515
Bearing,preprocess_Reading153.dat,Temporal + espectral,PC1 e PC2,0.06612202263976633
Bearing,preprocess_Reading154.dat,Temporal + espectral,PC1 e PC2,-0.6164052013349348
Bearing,preprocess_Reading155.dat,Temporal + espectral,PC1 e PC2,-0.3604211519322599
Bearing,preprocess_Reading156.dat,Temporal + espectral,PC1 e PC2,0.12754858502456895
Bearing,preprocess_Reading157.dat,Temporal + espectral,PC1 e PC2,0.18387215677317637
Bearing,preprocess_Reading158.dat,Temporal + espectral,PC1 e PC2,0.23477332067171996
Bearing,preprocess_Reading159.dat,Temporal + espectral,PC1 e PC2,0.1494264542827244
Bearing,preprocess_Reading160.dat,Temporal + espectral,PC1 e PC2,-0.18914624556074294
Bearing,preprocess_Reading161.dat,Temporal + espectral,PC1 e PC2,0.04439326046512455
Bearing,preprocess_Reading162.dat,Temporal + espectral,PC1 e PC2,-0.10344294790780827
Bearing,preprocess_Reading163.dat,Temporal + espectral,PC1 e PC2,-0.3519578232777424
Bearing,preprocess_Reading164.dat,Temporal + espectral,PC1 e PC2,-0.29081905001824415
Bearing,preprocess_Reading165.dat,Temporal + espectral,PC1 e PC2,0.02815066638172289
Bearing,preprocess_Reading166.dat,Temporal + espectral,PC1 e PC2,-0.4039399065508079
Bearing,preprocess_Reading167.dat,Temporal + espectral,PC1 e PC2,-0.15683878250702293
Bearing,preprocess_Reading168.dat,Temporal + espectral,PC1 e PC2,0.08005346180881968
Bearing,preprocess_Reading169.dat,Temporal + espectral,PC1 e PC2,0.2540698907247275
Bearing,preprocess_Reading170.dat,Temporal + espectral,PC1 e PC2,0.1036104490900954
Bearing,preprocess_Reading171.dat,Temporal + espectral,PC1 e PC2,-0.24767870741707876
Bearing,preprocess_Reading172.dat,Temporal + espectral,PC1 e PC2,0.13597333182332122
Bearing,preprocess_Reading173.dat,Temporal + espectral,PC1 e PC2,0.09470516488851247
Bearing,preprocess_Reading174.dat,Temporal + espectral,PC1 e PC2,0.16001266213801577
Bearing,preprocess_Reading175.dat,Temporal + espectral,PC1 e PC2,0.256314462962672
Bearing,preprocess_Reading176.dat,Temporal + espectral,PC1 e PC2,0.09695042821610503
Bearing,preprocess_Reading177.dat,Temporal + espectral,PC1 e PC2,0.08470113935486441
Bearing,preprocess_Reading178.dat,Temporal + espectral,PC1 e PC2,0.2624662551251173
Bearing,preprocess_Reading179.dat,Temporal + espectral,PC1 e PC2,0.13577245993842882
Bearing,preprocess_Reading180.dat,Temporal + espectral,PC1 e PC2,0.2788008255322597
Bearing,preprocess_Reading181.dat,Temporal + espectral,PC1 e PC2,0.214818109804594
Bearing,preprocess_Reading182.dat,Temporal + espectral,PC1 e PC2,0.22898811564159227
Bearing,preprocess_Reading183.dat,Temporal + espectral,PC1 e PC2,0.21090789734981275
Bearing,preprocess_Reading184.dat,Temporal + espectral,PC1 e PC2,0.25190751513327064
Bearing,preprocess_Reading185.dat,Temporal + espectral,PC1 e PC2,0.17728153250750797
Bearing,preprocess_Reading186.dat,Temporal + espectral,PC1 e PC2,0.16101149239517187
Bearing,preprocess_Reading187.dat,Temporal + espectral,PC1 e PC2,0.15006829643797392
Bearing,preprocess_Reading188.dat,Temporal + espectral,PC1 e PC2,0.2275990592591712
Bearing,preprocess_Reading189.dat,Temporal + espectral,PC1 e PC2,0.2648441192601671
Bearing,preprocess_Reading190.dat,Temporal + espectral,PC1 e PC2,-0.23961700202485015
Bearing,preprocess_Reading191.dat,Temporal + espectral,PC1 e PC2,-0.12955032821088142
Bearing,preprocess_Reading192.dat,Temporal + espectral,PC1 e PC2,-0.03708977976599386
Bearing,preprocess_Reading193.dat,Temporal + espectral,PC1 e PC2,-0.014316714988636795
Bearing,preprocess_Reading194.dat,Temporal + espectral,PC1 e PC2,-0.17931271457022396
Bearing,preprocess_Reading195.dat,Temporal + espectral,PC1 e PC2,-0.29041517631215397
Bearing,preprocess_Reading196.dat,Temporal + espectral,PC1 e PC2,-0.261861975177028
Bearing,preprocess_Reading197.dat,Temporal + espectral,PC1 e PC2,-0.02506982567548297
Bearing,preprocess_Reading198.dat,Temporal + espectral,PC1 e PC2,-0.250929421210354
Bearing,preprocess_Reading199.dat,Temporal + espectral,PC1 e PC2,-0.1652804589412015
Bearing,preprocess_Reading200.dat,Temporal + espectral,PC1 e PC2,-0.1220201663823811
Bearing,preprocess_Reading201.dat,Temporal + espectral,PC1 e PC2,-0.078817732208607
Bearing,preprocess_Reading202.dat,Temporal + espectral,PC1 e PC2,-0.06957844720514474
Bearing,preprocess_Reading203.dat,Temporal + espectral,PC1 e PC2,0.05060595523192801
Bearing,preprocess_Reading204.dat,Temporal + espectral,PC1 e PC2,0.06470191052207488
Bearing,preprocess_Reading205.dat,Temporal + espectral,PC1 e PC2,-0.12193186483426031
Bearing,preprocess_Reading206.dat,Temporal + espectral,PC1 e PC2,9.644844221698315e-05
Bearing,preprocess_Reading207.dat,Temporal + espectral,PC1 e PC2,0.1592265599981979
Bearing,preprocess_Reading208.dat,Temporal + espectral,PC1 e PC2,0.22554382514459295
Bearing,preprocess_Reading209.dat,Temporal + espectral,PC1 e PC2,0.18769680710610614
Bearing,preprocess_Reading210.dat,Temporal + espectral,PC1 e PC2,0.12875560072620829
Bearing,preprocess_Reading211.dat,Temporal + espectral,PC1 e PC2,-0.01541468146622789
Bearing,preprocess_Reading212.dat,Temporal + espectral,PC1 e PC2,-0.5870862830060573
Bearing,preprocess_Reading213.dat,Temporal + espectral,PC1 e PC2,-0.2028348348117637
Bearing,preprocess_Reading214.dat,Temporal + espectral,PC1 e PC2,0.218234243704197
Bearing,preprocess_Reading215.dat,Temporal + espectral,PC1 e PC2,0.1830924287876484
Bearing,preprocess_Reading216.dat,Temporal + espectral,PC1 e PC2,-0.09074543056673316
Bearing,preprocess_Reading217.dat,Temporal + espectral,PC1 e PC2,-0.1924495879443215
Bearing,preprocess_Reading218.dat,Temporal + espectral,PC1 e PC2,-0.32625452067228955
Bearing,preprocess_Reading219.dat,Temporal + espectral,PC1 e PC2,0.0392848542830258
Bearing,preprocess_Reading220.dat,Temporal + espectral,PC1 e PC2,-0.30679013262365307
Bearing,preprocess_Reading221.dat,Temporal + espectral,PC1 e PC2,-0.18477504864530614
Bearing,preprocess_Reading222.dat,Temporal + espectral,PC1 e PC2,-0.3063085322220301
Bearing,preprocess_Reading223.dat,Temporal + espectral,PC1 e PC2,-0.2679728070743007
Bearing,preprocess_Reading224.dat,Temporal + espectral,PC1 e PC2,-0.28761135884962136
Bearing,preprocess_Reading225.dat,Temporal + espectral,PC1 e PC2,-0.29633062632514673
Flywheel,preprocess_Reading1.dat,Temporal + espectral,PC1 e PC2,-0.4672274110839603
Flywheel,preprocess_Reading2.dat,Temporal + espectral,PC1 e PC2,0.0043433833302650585
Flywheel,preprocess_Reading3.dat,Temporal + espectral,PC1 e PC2,-0.6107173993399798
Flywheel,preprocess_Reading4.dat,Temporal + espectral,PC1 e PC2,0.184214885026557
Flywheel,preprocess_Reading5.dat,Temporal + espectral,PC1 e PC2,-0.6050787658996761
Flywheel,preprocess_Reading6.dat,Temporal + espectral,PC1 e PC2,-0.4869570598321164
Flywheel,preprocess_Reading7.dat,Temporal + espectral,PC1 e PC2,-0.062291910405600434
Flywheel,preprocess_Reading8.dat,Temporal + espectral,PC1 e PC2,-0.20642785451056114
Flywheel,preprocess_Reading9.dat,Temporal + espectral,PC1 e PC2,0.14501712061059435
Flywheel,preprocess_Reading10.dat,Temporal + espectral,PC1 e PC2,-0.23252168361875478
Flywheel,preprocess_Reading11.dat,Temporal + espectral,PC1 e PC2,0.3169553406363816
Flywheel,preprocess_Reading12.dat,Temporal + espectral,PC1 e PC2,0.23476636771899423
Flywheel,preprocess_Reading13.dat,Temporal + espectral,PC1 e PC2,0.2661217702526203
Flywheel,preprocess_Reading14.dat,Temporal + espectral,PC1 e PC2,0.31410743418144393
Flywheel,preprocess_Reading15.dat,Temporal + espectral,PC1 e PC2,0.32522206613018806
Flywheel,preprocess_Reading16.dat,Temporal + espectral,PC1 e PC2,0.2934235931740549
Flywheel,preprocess_Reading17.dat,Temporal + espectral,PC1 e PC2,-0.39435076162770816
Flywheel,preprocess_Reading18.dat,Temporal + espectral,PC1 e PC2,-0.3049687487958648
Flywheel,preprocess_Reading19.dat,Temporal + espectral,PC1 e PC2,-0.11682517092082054
Flywheel,preprocess_Reading20.dat,Temporal + espectral,PC1 e PC2,0.31787792825473427
Flywheel,preprocess_Reading21.dat,Temporal + espectral,PC1 e PC2,0.06854835409203137
Flywheel,preprocess_Reading22.dat,Temporal + espectral,PC1 e PC2,0.05137676702172701
Flywheel,preprocess_Reading23.dat,Temporal + espectral,PC1 e PC2,0.06519822188129985
Flywheel,preprocess_Reading24.dat,Temporal + espectral,PC1 e PC2,0.32186327755482674
Flywheel,preprocess_Reading25.dat,Temporal + espectral,PC1 e PC2,0.3237373220954798
Flywheel,preprocess_Reading26.dat,Temporal + espectral,PC1 e PC2,-0.14100500725993004
Flywheel,preprocess_Reading27.dat,Temporal + espectral,PC1 e PC2,0.2226342712645811
Flywheel,preprocess_Reading28.dat,Temporal + espectral,PC1 e PC2,0.3237490890703198
Flywheel,preprocess_Reading29.dat,Temporal + espectral,PC1 e PC2,0.1908362370380335
Flywheel,preprocess_Reading30.dat,Temporal + espectral,PC1 e PC2,0.1951298914539122
Flywheel,preprocess_Reading31.dat,Temporal + espectral,PC1 e PC2,-0.12788863627467165
Flywheel,preprocess_Reading32.dat,Temporal + espectral,PC1 e PC2,-0.21565406315057245
Flywheel,preprocess_Reading33.dat,Temporal + espectral,PC1 e PC2,0.18511414594863376
Flywheel,preprocess_Reading34.dat,Temporal + espectral,PC1 e PC2,0.2501713197494368
Flywheel,preprocess_Reading35.dat,Temporal + espectral,PC1 e PC2,0.11924593853155985
Flywheel,preprocess_Reading36.dat,Temporal + espectral,PC1 e PC2,-0.018265162086716365
Flywheel,preprocess_Reading37.dat,Temporal + espectral,PC1 e PC2,0.144767018039527
Flywheel,preprocess_Reading38.dat,Temporal + espectral,PC1 e PC2,-0.3887326098603049
Flywheel,preprocess_Reading39.dat,Temporal + espectral,PC1 e PC2,0.28820058568800677
Flywheel,preprocess_Reading40.dat,Temporal + espectral,PC1 e PC2,-0.0312438804363843
Flywheel,preprocess_Reading41.dat,Temporal + espectral,PC1 e PC2,0.11877604561896739
Flywheel,preprocess_Reading42.dat,Temporal + espectral,PC1 e PC2,0.21079093313235367
Flywheel,preprocess_Reading43.dat,Temporal + espectral,PC1 e PC2,-0.279559149086709
Flywheel,preprocess_Reading44.dat,Temporal + espectral,PC1 e PC2,-0.2706797592674875
Flywheel,preprocess_Reading45.dat,Temporal + espectral,PC1 e PC2,-0.004793261849935906
Flywheel,preprocess_Reading46.dat,Temporal + espectral,PC1 e PC2,-0.07724134359541343
Flywheel,preprocess_Reading47.dat,Temporal + espectral,PC1 e PC2,-0.3335804075884263
Flywheel,preprocess_Reading48.dat,Temporal + espectral,PC1 e PC2,-0.11885217426894391
Flywheel,preprocess_Reading49.dat,Temporal + espectral,PC1 e PC2,-0.39510977773445516
Flywheel,preprocess_Reading50.dat,Temporal + espectral,PC1 e PC2,-0.029191556829784634
Flywheel,preprocess_Reading51.dat,Temporal + espectral,PC1 e PC2,-0.058277178808945604
Flywheel,preprocess_Reading52.dat,Temporal + espectral,PC1 e PC2,-0.31066575575462413
Flywheel,preprocess_Reading53.dat,Temporal + espectral,PC1 e PC2,-0.24136086834517517
Flywheel,preprocess_Reading54.dat,Temporal + espectral,PC1 e PC2,-0.28472756211133543
Flywheel,preprocess_Reading55.dat,Temporal + espectral,PC1 e PC2,-0.30672785122208446
Flywheel,preprocess_Reading56.dat,Temporal + espectral,PC1 e PC2,-0.13500734547356785
Flywheel,preprocess_Reading57.dat,Temporal + espectral,PC1 e PC2,-0.22020450727791407
Flywheel,preprocess_Reading58.dat,Temporal + espectral,PC1 e PC2,-0.011168276344508251
Flywheel,preprocess_Reading59.dat,Temporal + espectral,PC1 e PC2,-0.15828935517499734
Flywheel,preprocess_Reading60.dat,Temporal + espectral,PC1 e PC2,-0.21042392177356786
Flywheel,preprocess_Reading61.dat,Temporal + espectral,PC1 e PC2,0.034989347700078326
Flywheel,preprocess_Reading62.dat,Temporal + espectral,PC1 e PC2,-0.29815207173590663
Flywheel,preprocess_Reading63.dat,Temporal + espectral,PC1 e PC2,0.2076814592863822
Flywheel,preprocess_Reading64.dat,Temporal + espectral,PC1 e PC2,0.08367842079741768
Flywheel,preprocess_Reading65.dat,Temporal + espectral,PC1 e PC2,0.2787500447332906
Flywheel,preprocess_Reading66.dat,Temporal + espectral,PC1 e PC2,-0.0975749962409343
Flywheel,preprocess_Reading67.dat,Temporal + espectral,PC1 e PC2,0.2909889593022212
Flywheel,preprocess_Reading68.dat,Temporal + espectral,PC1 e PC2,-0.2426881509509273
Flywheel,preprocess_Reading69.dat,Temporal + espectral,PC1 e PC2,-0.02143224593791636
Flywheel,preprocess_Reading70.dat,Temporal + espectral,PC1 e PC2,-0.159596822520945
Flywheel,preprocess_Reading71.dat,Temporal + espectral,PC1 e PC2,0.0035816335740116324
Flywheel,preprocess_Reading72.dat,Temporal + espectral,PC1 e PC2,-0.11574033513151824
Flywheel,preprocess_Reading73.dat,Temporal + espectral,PC1 e PC2,0.20708613179301766
Flywheel,preprocess_Reading74.dat,Temporal + espectral,PC1 e PC2,0.2942883326783094
Flywheel,preprocess_Reading75.dat,Temporal + espectral,PC1 e PC2,0.26535047859984356
Flywheel,preprocess_Reading76.dat,Temporal + espectral,PC1 e PC2,-0.662110576004146
Flywheel,preprocess_Reading77.dat,Temporal + espectral,PC1 e PC2,-0.11653008886197316
Flywheel,preprocess_Reading78.dat,Temporal + espectral,PC1 e PC2,0.242097805690811
Flywheel,preprocess_Reading79.dat,Temporal + espectral,PC1 e PC2,-0.2922189403046263
Flywheel,preprocess_Reading80.dat,Temporal + espectral,PC1 e PC2,-0.005669391494773692
Flywheel,preprocess_Reading81.dat,Temporal + espectral,PC1 e PC2,-0.370582042606055
Flywheel,preprocess_Reading82.dat,Temporal + espectral,PC1 e PC2,0.32421643338249884
Flywheel,preprocess_Reading83.dat,Temporal + espectral,PC1 e PC2,0.30482347652815817
Flywheel,preprocess_Reading84.dat,Temporal + espectral,PC1 e PC2,0.1834697225934643
Flywheel,preprocess_Reading85.dat,Temporal + espectral,PC1 e PC2,0.23498640630290596
Flywheel,preprocess_Reading86.dat,Temporal + espectral,PC1 e PC2,0.23579129980958483
Flywheel,preprocess_Reading87.dat,Temporal + espectral,PC1 e PC2,-0.5348101799399039
Flywheel,preprocess_Reading88.dat,Temporal + espectral,PC1 e PC2,-0.10684856201012015
Flywheel,preprocess_Reading89.dat,Temporal + espectral,PC1 e PC2,0.0961182576770274
Flywheel,preprocess_Reading90.dat,Temporal + espectral,PC1 e PC2,-0.24244661810877322
Flywheel,preprocess_Reading91.dat,Temporal + espectral,PC1 e PC2,0.19933333746929177
Flywheel,preprocess_Reading92.dat,Temporal + espectral,PC1 e PC2,0.04876187447258208
Flywheel,preprocess_Reading93.dat,Temporal + espectral,PC1 e PC2,-0.2704800022071837
Flywheel,preprocess_Reading94.dat,Temporal + espectral,PC1 e PC2,-0.033738502112204596
Flywheel,preprocess_Reading95.dat,Temporal + espectral,PC1 e PC2,0.15702198227894337
Flywheel,preprocess_Reading96.dat,Temporal + espectral,PC1 e PC2,0.3204449049742451
Flywheel,preprocess_Reading97.dat,Temporal + espectral,PC1 e PC2,-0.5609438123828786
Flywheel,preprocess_Reading98.dat,Temporal + espectral,PC1 e PC2,0.23541910493680754
Flywheel,preprocess_Reading99.dat,Temporal + espectral,PC1 e PC2,0.24140963387206876
Flywheel,preprocess_Reading100.dat,Temporal + espectral,PC1 e PC2,0.051235662638925705
Flywheel,preprocess_Reading101.dat,Temporal + espectral,PC1 e PC2,0.20461460487507924
Flywheel,preprocess_Reading102.dat,Temporal + espectral,PC1 e PC2,0.09705198581625975
Flywheel,preprocess_Reading103.dat,Temporal + espectral,PC1 e PC2,0.005208839130920957
Flywheel,preprocess_Reading104.dat,Temporal + espectral,PC1 e PC2,0.2766567728081651
Flywheel,preprocess_Reading105.dat,Temporal + espectral,PC1 e PC2,0.3119385264527692
Flywheel,preprocess_Reading106.dat,Temporal + espectral,PC1 e PC2,0.10647150972315911
Flywheel,preprocess_Reading107.dat,Temporal + espectral,PC1 e PC2,0.14855047008302263
Flywheel,preprocess_Reading108.dat,Temporal + espectral,PC1 e PC2,0.29211370476678944
Flywheel,preprocess_Reading109.dat,Temporal + espectral,PC1 e PC2,-0.3390781962759023
Flywheel,preprocess_Reading110.dat,Temporal + espectral,PC1 e PC2,-0.21594535034801157
Flywheel,preprocess_Reading111.dat,Temporal + espectral,PC1 e PC2,0.028110178196836734
Flywheel,preprocess_Reading112.dat,Temporal + espectral,PC1 e PC2,-0.19703353259949738
Flywheel,preprocess_Reading113.dat,Temporal + espectral,PC1 e PC2,0.06810602317939267
Flywheel,preprocess_Reading114.dat,Temporal + espectral,PC1 e PC2,0.24218974354578676
Flywheel,preprocess_Reading115.dat,Temporal + espectral,PC1 e PC2,-0.242493586421495
Flywheel,preprocess_Reading116.dat,Temporal + espectral,PC1 e PC2,-0.22461666029771873
Flywheel,preprocess_Reading117.dat,Temporal + espectral,PC1 e PC2,0.1090214751960911
Flywheel,preprocess_Reading118.dat,Temporal + espectral,PC1 e PC2,-0.16907660251236883
Flywheel,preprocess_Reading119.dat,Temporal + espectral,PC1 e PC2,0.25674227713567893
Flywheel,preprocess_Reading120.dat,Temporal + espectral,PC1 e PC2,-0.08767427471101605
Flywheel,preprocess_Reading121.dat,Temporal + espectral,PC1 e PC2,0.26982170068322237
Flywheel,preprocess_Reading122.dat,Temporal + espectral,PC1 e PC2,0.2575239372025924
Flywheel,preprocess_Reading123.dat,Temporal + espectral,PC1 e PC2,-0.2951056827573676
Flywheel,preprocess_Reading124.dat,Temporal + espectral,PC1 e PC2,-0.11437602527420722
Flywheel,preprocess_Reading125.dat,Temporal + espectral,PC1 e PC2,-0.1358239920925591
Flywheel,preprocess_Reading126.dat,Temporal + espectral,PC1 e PC2,-0.012457488563166953
Flywheel,preprocess_Reading127.dat,Temporal + espectral,PC1 e PC2,-0.026997894296631037
Flywheel,preprocess_Reading128.dat,Temporal + espectral,PC1 e PC2,0.1933918640465939
Flywheel,preprocess_Reading129.dat,Temporal + espectral,PC1 e PC2,-0.08830729413339657
Flywheel,preprocess_Reading130.dat,Temporal + espectral,PC1 e PC2,-0.189293424741844
Flywheel,preprocess_Reading131.dat,Temporal + espectral,PC1 e PC2,-0.29708996354807876
Flywheel,preprocess_Reading132.dat,Temporal + espectral,PC1 e PC2,0.0199350029236951
Flywheel,preprocess_Reading133.dat,Temporal + espectral,PC1 e PC2,-0.2515928889100915
Flywheel,preprocess_Reading134.dat,Temporal + espectral,PC1 e PC2,0.25361392740257294
Flywheel,preprocess_Reading135.dat,Temporal + espectral,PC1 e PC2,0.008065353215690865
Flywheel,preprocess_Reading136.dat,Temporal + espectral,PC1 e PC2,0.15312731326508072
Flywheel,preprocess_Reading137.dat,Temporal + espectral,PC1 e PC2,-0.028634041911745612
Flywheel,preprocess_Reading138.dat,Temporal + espectral,PC1 e PC2,-0.16843375703361124
Flywheel,preprocess_Reading139.dat,Temporal + espectral,PC1 e PC2,-0.19148448212217423
Flywheel,preprocess_Reading140.dat,Temporal + espectral,PC1 e PC2,0.16244834985543422
Flywheel,preprocess_Reading141.dat,Temporal + espectral,PC1 e PC2,0.24196946469778324
Flywheel,preprocess_Reading142.dat,Temporal + espectral,PC1 e PC2,0.32627994420163714
Flywheel,preprocess_Reading143.dat,Temporal + espectral,PC1 e PC2,0.22149264372286911
Flywheel,preprocess_Reading144.dat,Temporal + espectral,PC1 e PC2,0.2837689678862669
Flywheel,preprocess_Reading145.dat,Temporal + espectral,PC1 e PC2,0.304566297619993
Flywheel,preprocess_Reading146.dat,Temporal + espectral,PC1 e PC2,-0.03370607872033579
Flywheel,preprocess_Reading147.dat,Temporal + espectral,PC1 e PC2,-0.07892922539707398
Flywheel,preprocess_Reading148.dat,Temporal + espectral,PC1 e PC2,0.28516442222552174
Flywheel,preprocess_Reading149.dat,Temporal + espectral,PC1 e PC2,0.3164007323318903
Flywheel,preprocess_Reading150.dat,Temporal + espectral,PC1 e PC2,-0.0252907622369399
Flywheel,preprocess_Reading151.dat,Temporal + espectral,PC1 e PC2,-0.2858961480519831
Flywheel,preprocess_Reading152.dat,Temporal + espectral,PC1 e PC2,-0.25984521629331847
Flywheel,preprocess_Reading153.dat,Temporal + espectral,PC1 e PC2,0.26355567059018625
Flywheel,preprocess_Reading154.dat,Temporal + espectral,PC1 e PC2,0.24694289112986778
Flywheel,preprocess_Reading155.dat,Temporal + espectral,PC1 e PC2,0.09619943057749865
Flywheel,preprocess_Reading156.dat,Temporal + espectral,PC1 e PC2,0.2529116552347026
Flywheel,preprocess_Reading157.dat,Temporal + espectral,PC1 e PC2,-0.15329869376606778
Flywheel,preprocess_Reading158.dat,Temporal + espectral,PC1 e PC2,0.16732951313901065
Flywheel,preprocess_Reading159.dat,Temporal + espectral,PC1 e PC2,0.265123736595544
Flywheel,preprocess_Reading160.dat,Temporal + espectral,PC1 e PC2,0.28372967201687926
Flywheel,preprocess_Reading161.dat,Temporal + espectral,PC1 e PC2,0.15052735613046492
Flywheel,preprocess_Reading162.dat,Temporal + espectral,PC1 e PC2,0.3086176944159196
Flywheel,preprocess_Reading163.dat,Temporal + espectral,PC1 e PC2,0.002145089530073738
Flywheel,preprocess_Reading164.dat,Temporal + espectral,PC1 e PC2,0.15462758806005159
Flywheel,preprocess_Reading165.dat,Temporal + espectral,PC1 e PC2,0.29370428268825016
Flywheel,preprocess_Reading166.dat,Temporal + espectral,PC1 e PC2,0.07226253259810902
Flywheel,preprocess_Reading167.dat,Temporal + espectral,PC1 e PC2,0.24978136411540797
Flywheel,preprocess_Reading168.dat,Temporal + espectral,PC1 e PC2,-0.1485357522290406
Flywheel,preprocess_Reading169.dat,Temporal + espectral,PC1 e PC2,-0.5055999920402173
Flywheel,preprocess_Reading170.dat,Temporal + espectral,PC1 e PC2,0.16160758492901842
Flywheel,preprocess_Reading171.dat,Temporal + espectral,PC1 e PC2,-0.5564316744880833
Flywheel,preprocess_Reading172.dat,Temporal + espectral,PC1 e PC2,0.12485840985972824
Flywheel,preprocess_Reading173.dat,Temporal + espectral,PC1 e PC2,0.025421348946263085
Flywheel,preprocess_Reading174.dat,Temporal + espectral,PC1 e PC2,0.19203855567308414
Flywheel,preprocess_Reading175.dat,Temporal + espectral,PC1 e PC2,-0.5284984115846751
Flywheel,preprocess_Reading176.dat,Temporal + espectral,PC1 e PC2,-0.21183034245477056
Flywheel,preprocess_Reading177.dat,Temporal + espectral,PC1 e PC2,0.2048220543737824
Flywheel,preprocess_Reading178.dat,Temporal + espectral,PC1 e PC2,-0.1593157524452172
Flywheel,preprocess_Reading179.dat,Temporal + espectral,PC1 e PC2,-0.11589178846201816
Flywheel,preprocess_Reading180.dat,Temporal + espectral,PC1 e PC2,-0.1422466070268025
Flywheel,preprocess_Reading181.dat,Temporal + espectral,PC1 e PC2,-0.17687670261027055
Flywheel,preprocess_Reading182.dat,Temporal + espectral,PC1 e PC2,0.15291911771729402
Flywheel,preprocess_Reading183.dat,Temporal + espectral,PC1 e PC2,-0.20871128333279457
Flywheel,preprocess_Reading184.dat,Temporal + espectral,PC1 e PC2,-0.2807552631721343
Flywheel,preprocess_Reading185.dat,Temporal + espectral,PC1 e PC2,-0.22426907440778465
Flywheel,preprocess_Reading186.dat,Temporal + espectral,PC1 e PC2,0.15733070318923778
Flywheel,preprocess_Reading187.dat,Temporal + espectral,PC1 e PC2,0.1046783117326398
Flywheel,preprocess_Reading188.dat,Temporal + espectral,PC1 e PC2,-0.30948378324989445
Flywheel,preprocess_Reading189.dat,Temporal + espectral,PC1 e PC2,-0.363693777555558
Flywheel,preprocess_Reading190.dat,Temporal + espectral,PC1 e PC2,-0.3593617344868516
Flywheel,preprocess_Reading191.dat,Temporal + espectral,PC1 e PC2,-0.2361115484307335
Flywheel,preprocess_Reading192.dat,Temporal + espectral,PC1 e PC2,-0.3588457876532624
Flywheel,preprocess_Reading193.dat,Temporal + espectral,PC1 e PC2,-0.32603120175109285
Flywheel,preprocess_Reading194.dat,Temporal + espectral,PC1 e PC2,-0.23346472564788665
Flywheel,preprocess_Reading195.dat,Temporal + espectral,PC1 e PC2,-0.1599520422194263
Flywheel,preprocess_Reading196.dat,Temporal + espectral,PC1 e PC2,-0.026008300944975495
Flywheel,preprocess_Reading197.dat,Temporal + espectral,PC1 e PC2,-0.13539037148367672
Flywheel,preprocess_Reading198.dat,Temporal + espectral,PC1 e PC2,-0.22924505274212986
Flywheel,preprocess_Reading199.dat,Temporal + espectral,PC1 e PC2,-0.2254773922256948
Flywheel,preprocess_Reading200.dat,Temporal + espectral,PC1 e PC2,-0.28315038278633103
Flywheel,preprocess_Reading201.dat,Temporal + espectral,PC1 e PC2,-0.20356924705047824
Flywheel,preprocess_Reading202.dat,Temporal + espectral,PC1 e PC2,-0.14888297246743332
Flywheel,preprocess_Reading203.dat,Temporal + espectral,PC1 e PC2,-0.24677920718972376
Flywheel,preprocess_Reading204.dat,Temporal + espectral,PC1 e PC2,-0.27715948486041064
Flywheel,preprocess_Reading205.dat,Temporal + espectral,PC1 e PC2,-0.18706814699385765
Flywheel,preprocess_Reading206.dat,Temporal + espectral,PC1 e PC2,-0.42218960183742077
Flywheel,preprocess_Reading207.dat,Temporal + espectral,PC1 e PC2,0.04009775988167419
Flywheel,preprocess_Reading208.dat,Temporal + espectral,PC1 e PC2,0.08245012061982904
Flywheel,preprocess_Reading209.dat,Temporal + espectral,PC1 e PC2,-0.31682576500453136
Flywheel,preprocess_Reading210.dat,Temporal + espectral,PC1 e PC2,-0.399132906626205
Flywheel,preprocess_Reading211.dat,Temporal + espectral,PC1 e PC2,-0.1618126595403549
Flywheel,preprocess_Reading212.dat,Temporal + espectral,PC1 e PC2,-0.2985568411651054
Flywheel,preprocess_Reading213.dat,Temporal + espectral,PC1 e PC2,-0.08509532094347523
Flywheel,preprocess_Reading214.dat,Temporal + espectral,PC1 e PC2,-0.13678675841989393
Flywheel,preprocess_Reading215.dat,Temporal + espectral,PC1 e PC2,-0.362056955718901
Flywheel,preprocess_Reading216.dat,Temporal + espectral,PC1 e PC2,0.14563010726776043
Flywheel,preprocess_Reading217.dat,Temporal + espectral,PC1 e PC2,-0.23832827273014687
Flywheel,preprocess_Reading218.dat,Temporal + espectral,PC1 e PC2,0.11499638788052877
Flywheel,preprocess_Reading219.dat,Temporal + espectral,PC1 e PC2,0.21524297765424746
Flywheel,preprocess_Reading220.dat,Temporal + espectral,PC1 e PC2,0.13748923146197944
Flywheel,preprocess_Reading221.dat,Temporal + espectral,PC1 e PC2,0.20620678606127302
Flywheel,preprocess_Reading222.dat,Temporal + espectral,PC1 e PC2,0.3201927540797227
Flywheel,preprocess_Reading223.dat,Temporal + espectral,PC1 e PC2,0.15797586910094993
Flywheel,preprocess_Reading224.dat,Temporal + espectral,PC1 e PC2,0.16951100085830945
Flywheel,preprocess_Reading225.dat,Temporal + espectral,PC1 e PC2,0.0919813827475471
LIV,preprocess_Reading1.dat,Temporal + espectral,PC1 e PC2,-0.30571912631230846
LIV,preprocess_Reading2.dat,Temporal + espectral,PC1 e PC2,-0.0932225791058301
LIV,preprocess_Reading3.dat,Temporal + espectral,PC1 e PC2,-0.2456913879998974
LIV,preprocess_Reading4.dat,Temporal + espectral,PC1 e PC2,-0.32924575347969337
LIV,preprocess_Reading5.dat,Temporal + espectral,PC1 e PC2,-0.27717464919727547
LIV,preprocess_Reading6.dat,Temporal + espectral,PC1 e PC2,-0.2443188206678063
LIV,preprocess_Reading7.dat,Temporal + espectral,PC1 e PC2,-0.41186489414508537
LIV,preprocess_Reading8.dat,Temporal + espectral,PC1 e PC2,-0.3642267399971143
LIV,preprocess_Reading9.dat,Temporal + espectral,PC1 e PC2,-0.3873930561498213
LIV,preprocess_Reading10.dat,Temporal + espectral,PC1 e PC2,0.02261587813681181
LIV,preprocess_Reading11.dat,Temporal + espectral,PC1 e PC2,-0.4615984471419095
LIV,preprocess_Reading12.dat,Temporal + espectral,PC1 e PC2,-0.4460813362540548
LIV,preprocess_Reading13.dat,Temporal + espectral,PC1 e PC2,-0.48179947154891073
LIV,preprocess_Reading14.dat,Temporal + espectral,PC1 e PC2,-0.3973551778306564
LIV,preprocess_Reading15.dat,Temporal + espectral,PC1 e PC2,-0.3839701721609612
LIV,preprocess_Reading16.dat,Temporal + espectral,PC1 e PC2,0.14926747773892154
LIV,preprocess_Reading17.dat,Temporal + espectral,PC1 e PC2,0.32352132466203837
LIV,preprocess_Reading18.dat,Temporal + espectral,PC1 e PC2,-0.04078789654404502
LIV,preprocess_Reading19.dat,Temporal + espectral,PC1 e PC2,0.36581801803132524
LIV,preprocess_Reading20.dat,Temporal + espectral,PC1 e PC2,0.05623740735148301
LIV,preprocess_Reading21.dat,Temporal + espectral,PC1 e PC2,0.24979092726830635
LIV,preprocess_Reading22.dat,Temporal + espectral,PC1 e PC2,0.3775406650634988
LIV,preprocess_Reading23.dat,Temporal + espectral,PC1 e PC2,0.2121571750728523
LIV,preprocess_Reading24.dat,Temporal + espectral,PC1 e PC2,0.03687103008689616
LIV,preprocess_Reading25.dat,Temporal + espectral,PC1 e PC2,0.20657022691685206
LIV,preprocess_Reading26.dat,Temporal + espectral,PC1 e PC2,0.1745606347454613
LIV,preprocess_Reading27.dat,Temporal + espectral,PC1 e PC2,-0.07775045429973129
LIV,preprocess_Reading28.dat,Temporal + espectral,PC1 e PC2,-0.48675046571439695
LIV,preprocess_Reading29.dat,Temporal + espectral,PC1 e PC2,-0.2545718460093183
LIV,preprocess_Reading30.dat,Temporal + espectral,PC1 e PC2,-0.19549405847874013
LIV,preprocess_Reading31.dat,Temporal + espectral,PC1 e PC2,-0.24245223372028923
LIV,preprocess_Reading32.dat,Temporal + espectral,PC1 e PC2,-0.34491889805276466
LIV,preprocess_Reading33.dat,Temporal + espectral,PC1 e PC2,-0.07479199142161998
LIV,preprocess_Reading34.dat,Temporal + espectral,PC1 e PC2,-0.014229208604000116
LIV,preprocess_Reading35.dat,Temporal + espectral,PC1 e PC2,-0.15699730847509782
LIV,preprocess_Reading36.dat,Temporal + espectral,PC1 e PC2,-0.09826094563066202
LIV,preprocess_Reading37.dat,Temporal + espectral,PC1 e PC2,0.3259389054761066
LIV,preprocess_Reading38.dat,Temporal + espectral,PC1 e PC2,0.0012464006538703083
LIV,preprocess_Reading39.dat,Temporal + espectral,PC1 e PC2,0.2696202571635107
LIV,preprocess_Reading40.dat,Temporal + espectral,PC1 e PC2,-0.056981260703621944
LIV,preprocess_Reading41.dat,Temporal + espectral,PC1 e PC2,0.09537356683629337
LIV,preprocess_Reading42.dat,Temporal + espectral,PC1 e PC2,0.15641697282694583
LIV,preprocess_Reading43.dat,Temporal + espectral,PC1 e PC2,0.37691931814486224
LIV,preprocess_Reading44.dat,Temporal + espectral,PC1 e PC2,0.011938429492132667
LIV,preprocess_Reading45.dat,Temporal + espectral,PC1 e PC2,-0.3803011367740711
LIV,preprocess_Reading46.dat,Temporal + espectral,PC1 e PC2,0.07409982621633251
LIV,preprocess_Reading47.dat,Temporal + espectral,PC1 e PC2,-0.2224474348299569
LIV,preprocess_Reading48.dat,Temporal + espectral,PC1 e PC2,0.28355628260509397
LIV,preprocess_Reading49.dat,Temporal + espectral,PC1 e PC2,0.0598506608318666
LIV,preprocess_Reading50.dat,Temporal + espectral,PC1 e PC2,0.16756481658127195
LIV,preprocess_Reading51.dat,Temporal + espectral,PC1 e PC2,0.39322832479820813
LIV,preprocess_Reading52.dat,Temporal + espectral,PC1 e PC2,0.02745037020041235
LIV,preprocess_Reading53.dat,Temporal + espectral,PC1 e PC2,0.1856804651637224
LIV,preprocess_Reading54.dat,Temporal + espectral,PC1 e PC2,-0.263399318684245
LIV,preprocess_Reading55.dat,Temporal + espectral,PC1 e PC2,-0.036245768095305206
LIV,preprocess_Reading56.dat,Temporal + espectral,PC1 e PC2,0.3766544030282888
LIV,preprocess_Reading57.dat,Temporal + espectral,PC1 e PC2,0.3797555032111968
LIV,preprocess_Reading58.dat,Temporal + espectral,PC1 e PC2,0.4019612076039081
LIV,preprocess_Reading59.dat,Temporal + espectral,PC1 e PC2,0.27583253055497076
LIV,preprocess_Reading60.dat,Temporal + espectral,PC1 e PC2,0.37965171156727084
LIV,preprocess_Reading61.dat,Temporal + espectral,PC1 e PC2,0.423112755920053
LIV,preprocess_Reading62.dat,Temporal + espectral,PC1 e PC2,0.3840062111726669
LIV,preprocess_Reading63.dat,Temporal + espectral,PC1 e PC2,0.3662321793833682
LIV,preprocess_Reading64.dat,Temporal + espectral,PC1 e PC2,0.33439699433757236
LIV,preprocess_Reading65.dat,Temporal + espectral,PC1 e PC2,0.3124319737883024
LIV,preprocess_Reading66.dat,Temporal + espectral,PC1 e PC2,-0.26550433206076407
LIV,preprocess_Reading67.dat,Temporal + espectral,PC1 e PC2,-0.3088648274806088
LIV,preprocess_Reading68.dat,Temporal + espectral,PC1 e PC2,0.40692832561309084
LIV,preprocess_Reading69.dat,Temporal + espectral,PC1 e PC2,0.13158802942530956
LIV,preprocess_Reading70.dat,Temporal + espectral,PC1 e PC2,0.13318413257607528
LIV,preprocess_Reading71.dat,Temporal + espectral,PC1 e PC2,0.2687990851850694
LIV,preprocess_Reading72.dat,Temporal + espectral,PC1 e PC2,-0.130279709083951
LIV,preprocess_Reading73.dat,Temporal + espectral,PC1 e PC2,-0.27226406035022854
LIV,preprocess_Reading74.dat,Temporal + espectral,PC1 e PC2,-0.31628160021099183
LIV,preprocess_Reading75.dat,Temporal + espectral,PC1 e PC2,-0.3249682794790924
LIV,preprocess_Reading76.dat,Temporal + espectral,PC1 e PC2,-0.4757716238732607
LIV,preprocess_Reading77.dat,Temporal + espectral,PC1 e PC2,-0.41227805898822834
LIV,preprocess_Reading78.dat,Temporal + espectral,PC1 e PC2,-0.32881226832454113
LIV,preprocess_Reading79.dat,Temporal + espectral,PC1 e PC2,-0.33046933989955607
LIV,preprocess_Reading80.dat,Temporal + espectral,PC1 e PC2,-0.2685740611725051
LIV,preprocess_Reading81.dat,Temporal + espectral,PC1 e PC2,-0.3452128265434096
LIV,preprocess_Reading82.dat,Temporal + espectral,PC1 e PC2,-0.36671600811219857
LIV,preprocess_Reading83.dat,Temporal + espectral,PC1 e PC2,-0.2833119006227366
LIV,preprocess_Reading84.dat,Temporal + espectral,PC1 e PC2,-0.29231003500714486
LIV,preprocess_Reading85.dat,Temporal + espectral,PC1 e PC2,-0.2236756196549871
LIV,preprocess_Reading86.dat,Temporal + espectral,PC1 e PC2,-0.24832935528629774
LIV,preprocess_Reading87.dat,Temporal + espectral,PC1 e PC2,0.03323180546855953
LIV,preprocess_Reading88.dat,Temporal + espectral,PC1 e PC2,-0.08985803733802654
LIV,preprocess_Reading89.dat,Temporal + espectral,PC1 e PC2,-0.025955832983808477
LIV,preprocess_Reading90.dat,Temporal + espectral,PC1 e PC2,0.29683492561551866
LIV,preprocess_Reading91.dat,Temporal + espectral,PC1 e PC2,0.386360874196816
LIV,preprocess_Reading92.dat,Temporal + espectral,PC1 e PC2,0.17572662408825784
LIV,preprocess_Reading93.dat,Temporal + espectral,PC1 e PC2,0.28887829435176987
LIV,preprocess_Reading94.dat,Temporal + espectral,PC1 e PC2,0.3248234781228277
LIV,preprocess_Reading95.dat,Temporal + espectral,PC1 e PC2,0.41456452713655617
LIV,preprocess_Reading96.dat,Temporal + espectral,PC1 e PC2,0.341694695664435
LIV,preprocess_Reading97.dat,Temporal + espectral,PC1 e PC2,0.42462792108869196
LIV,preprocess_Reading98.dat,Temporal + espectral,PC1 e PC2,0.4261871933021931
LIV,preprocess_Reading99.dat,Temporal + espectral,PC1 e PC2,0.39489986914363356
LIV,preprocess_Reading100.dat,Temporal + espectral,PC1 e PC2,-0.02926909151901727
LIV,preprocess_Reading101.dat,Temporal + espectral,PC1 e PC2,-0.41329491168319427
LIV,preprocess_Reading102.dat,Temporal + espectral,PC1 e PC2,0.4037653466868316
LIV,preprocess_Reading103.dat,Temporal + espectral,PC1 e PC2,0.21902405864086308
LIV,preprocess_Reading104.dat,Temporal + espectral,PC1 e PC2,-0.060331717872942565
LIV,preprocess_Reading105.dat,Temporal + espectral,PC1 e PC2,0.04683981196748693
LIV,preprocess_Reading106.dat,Temporal + espectral,PC1 e PC2,0.12304068508900738
LIV,preprocess_Reading107.dat,Temporal + espectral,PC1 e PC2,-0.01442013956424309
LIV,preprocess_Reading108.dat,Temporal + espectral,PC1 e PC2,0.34916140318916966
LIV,preprocess_Reading109.dat,Temporal + espectral,PC1 e PC2,0.31571192115090246
LIV,preprocess_Reading110.dat,Temporal + espectral,PC1 e PC2,0.23367232637558777
LIV,preprocess_Reading111.dat,Temporal + espectral,PC1 e PC2,-0.060183074728279363
LIV,preprocess_Reading112.dat,Temporal + espectral,PC1 e PC2,0.3359822046502254
LIV,preprocess_Reading113.dat,Temporal + espectral,PC1 e PC2,0.07845116859969109
LIV,preprocess_Reading114.dat,Temporal + espectral,PC1 e PC2,-0.3722726282517612
LIV,preprocess_Reading115.dat,Temporal + espectral,PC1 e PC2,-0.3544696107604597
LIV,preprocess_Reading116.dat,Temporal + espectral,PC1 e PC2,0.24640090181427826
LIV,preprocess_Reading117.dat,Temporal + espectral,PC1 e PC2,-0.07765111963459524
LIV,preprocess_Reading118.dat,Temporal + espectral,PC1 e PC2,-0.1526146894310366
LIV,preprocess_Reading119.dat,Temporal + espectral,PC1 e PC2,0.04933252360015892
LIV,preprocess_Reading120.dat,Temporal + espectral,PC1 e PC2,0.21504489267181895
LIV,preprocess_Reading121.dat,Temporal + espectral,PC1 e PC2,-0.22745658644429526
LIV,preprocess_Reading122.dat,Temporal + espectral,PC1 e PC2,0.4259931121900958
LIV,preprocess_Reading123.dat,Temporal + espectral,PC1 e PC2,0.0745645694354482
LIV,preprocess_Reading124.dat,Temporal + espectral,PC1 e PC2,0.19407536820464663
LIV,preprocess_Reading125.dat,Temporal + espectral,PC1 e PC2,0.2799599010059399
LIV,preprocess_Reading126.dat,Temporal + espectral,PC1 e PC2,-0.004220000600855671
LIV,preprocess_Reading127.dat,Temporal + espectral,PC1 e PC2,0.2955458393787102
LIV,preprocess_Reading128.dat,Temporal + espectral,PC1 e PC2,-0.28824054048705844
LIV,preprocess_Reading129.dat,Temporal + espectral,PC1 e PC2,-0.3852031799606544
LIV,preprocess_Reading130.dat,Temporal + espectral,PC1 e PC2,-0.30346028006334697
LIV,preprocess_Reading131.dat,Temporal + espectral,PC1 e PC2,0.05568892629087246
LIV,preprocess_Reading132.dat,Temporal + espectral,PC1 e PC2,-0.1140948444390335
LIV,preprocess_Reading133.dat,Temporal + espectral,PC1 e PC2,0.37544019003977125
LIV,preprocess_Reading134.dat,Temporal + espectral,PC1 e PC2,0.16227124166554582
LIV,preprocess_Reading135.dat,Temporal + espectral,PC1 e PC2,0.4112825023419804
LIV,preprocess_Reading136.dat,Temporal + espectral,PC1 e PC2,0.16825617961911205
LIV,preprocess_Reading137.dat,Temporal + espectral,PC1 e PC2,0.13105306424137825
LIV,preprocess_Reading138.dat,Temporal + espectral,PC1 e PC2,0.023716151728086197
LIV,preprocess_Reading139.dat,Temporal + espectral,PC1 e PC2,0.3206000897752156
LIV,preprocess_Reading140.dat,Temporal + espectral,PC1 e PC2,0.14852267181011983
LIV,preprocess_Reading141.dat,Temporal + espectral,PC1 e PC2,0.28716706917836354
LIV,preprocess_Reading142.dat,Temporal + espectral,PC1 e PC2,0.3151725935008988
LIV,preprocess_Reading143.dat,Temporal + espectral,PC1 e PC2,-0.02283625739456245
LIV,preprocess_Reading144.dat,Temporal + espectral,PC1 e PC2,0.28144514092294187
LIV,preprocess_Reading145.dat,Temporal + espectral,PC1 e PC2,-0.010389403078442746
LIV,preprocess_Reading146.dat,Temporal + espectral,PC1 e PC2,-0.20441365237876338
LIV,preprocess_Reading147.dat,Temporal + espectral,PC1 e PC2,-0.18479942454654552
LIV,preprocess_Reading148.dat,Temporal + espectral,PC1 e PC2,-0.19693062019357696
LIV,preprocess_Reading149.dat,Temporal + espectral,PC1 e PC2,-0.23454813463959343
LIV,preprocess_Reading150.dat,Temporal + espectral,PC1 e PC2,-0.2797324216748076
LIV,preprocess_Reading151.dat,Temporal + espectral,PC1 e PC2,-0.47307522700930793
LIV,preprocess_Reading152.dat,Temporal + espectral,PC1 e PC2,-0.37676080002987694
LIV,preprocess_Reading153.dat,Temporal + espectral,PC1 e PC2,-0.39027974389418807
LIV,preprocess_Reading154.dat,Temporal + espectral,PC1 e PC2,0.16994814658378596
LIV,preprocess_Reading155.dat,Temporal + espectral,PC1 e PC2,0.15001339213921402
LIV,preprocess_Reading156.dat,Temporal + espectral,PC1 e PC2,0.3180903973672337
LIV,preprocess_Reading157.dat,Temporal + espectral,PC1 e PC2,-0.26023309776072856
LIV,preprocess_Reading158.dat,Temporal + espectral,PC1 e PC2,-0.13137913206924898
LIV,preprocess_Reading159.dat,Temporal + espectral,PC1 e PC2,-0.3494691542018933
LIV,preprocess_Reading160.dat,Temporal + espectral,PC1 e PC2,-0.062374272146215375
LIV,preprocess_Reading161.dat,Temporal + espectral,PC1 e PC2,-0.3607738566890723
LIV,preprocess_Reading162.dat,Temporal + espectral,PC1 e PC2,-0.027477194364790833
LIV,preprocess_Reading163.dat,Temporal + espectral,PC1 e PC2,0.17797289260045907
LIV,preprocess_Reading164.dat,Temporal + espectral,PC1 e PC2,0.3278958476766088
LIV,preprocess_Reading165.dat,Temporal + espectral,PC1 e PC2,0.3495236547081217
LIV,preprocess_Reading166.dat,Temporal + espectral,PC1 e PC2,0.19768557024413466
LIV,preprocess_Reading167.dat,Temporal + espectral,PC1 e PC2,0.24974402560416392
LIV,preprocess_Reading168.dat,Temporal + espectral,PC1 e PC2,0.3226477400145718
LIV,preprocess_Reading169.dat,Temporal + espectral,PC1 e PC2,0.2509620708928703
LIV,preprocess_Reading170.dat,Temporal + espectral,PC1 e PC2,0.3248994542709155
LIV,preprocess_Reading171.dat,Temporal + espectral,PC1 e PC2,0.1789822242515212
LIV,preprocess_Reading172.dat,Temporal + espectral,PC1 e PC2,0.28820232920868294
LIV,preprocess_Reading173.dat,Temporal + espectral,PC1 e PC2,-0.13186301284680527
LIV,preprocess_Reading174.dat,Temporal + espectral,PC1 e PC2,0.35656644566109225
LIV,preprocess_Reading175.dat,Temporal + espectral,PC1 e PC2,0.3379858607116727
LIV,preprocess_Reading176.dat,Temporal + espectral,PC1 e PC2,0.0849268334352181
LIV,preprocess_Reading177.dat,Temporal + espectral,PC1 e PC2,0.17191671080815232
LIV,preprocess_Reading178.dat,Temporal + espectral,PC1 e PC2,0.27641751993627306
LIV,preprocess_Reading179.dat,Temporal + espectral,PC1 e PC2,0.2201912151078312
LIV,preprocess_Reading180.dat,Temporal + espectral,PC1 e PC2,-0.10379718176901699
LIV,preprocess_Reading181.dat,Temporal + espectral,PC1 e PC2,-0.1847045662516486
LIV,preprocess_Reading182.dat,Temporal + espectral,PC1 e PC2,0.3108117911951629
LIV,preprocess_Reading183.dat,Temporal + espectral,PC1 e PC2,0.22355350480059977
LIV,preprocess_Reading184.dat,Temporal + espectral,PC1 e PC2,0.1709392604900464
LIV,preprocess_Reading185.dat,Temporal + espectral,PC1 e PC2,-0.1487028738742006
LIV,preprocess_Reading186.dat,Temporal + espectral,PC1 e PC2,-0.0005845628840706841
LIV,preprocess_Reading187.dat,Temporal + espectral,PC1 e PC2,-0.1093880970859201
LIV,preprocess_Reading188.dat,Temporal + espectral,PC1 e PC2,0.41837146525730556
LIV,preprocess_Reading189.dat,Temporal + espectral,PC1 e PC2,0.24301790917417856
LIV,preprocess_Reading190.dat,Temporal + espectral,PC1 e PC2,0.10532124345135131
LIV,preprocess_Reading191.dat,Temporal + espectral,PC1 e PC2,-0.04873048383996308
LIV,preprocess_Reading192.dat,Temporal + espectral,PC1 e PC2,0.2211011565794596
LIV,preprocess_Reading193.dat,Temporal + espectral,PC1 e PC2,0.09409385554574937
LIV,preprocess_Reading194.dat,Temporal + espectral,PC1 e PC2,0.1399748209091769
LIV,preprocess_Reading195.dat,Temporal + espectral,PC1 e PC2,-0.14649107273984402
LIV,preprocess_Reading196.dat,Temporal + espectral,PC1 e PC2,0.34545275886630455
LIV,preprocess_Reading197.dat,Temporal + espectral,PC1 e PC2,0.35905502092236524
LIV,preprocess_Reading198.dat,Temporal + espectral,PC1 e PC2,-0.16572440112611275
LIV,preprocess_Reading199.dat,Temporal + espectral,PC1 e PC2,0.30710083587451276
LIV,preprocess_Reading200.dat,Temporal + espectral,PC1 e PC2,0.35269157197949963
LIV,preprocess_Reading201.dat,Temporal + espectral,PC1 e PC2,0.1966297844853169
LIV,preprocess_Reading202.dat,Temporal + espectral,PC1 e PC2,0.28999680598317823
LIV,preprocess_Reading203.dat,Temporal + espectral,PC1 e PC2,0.2535061061580714
LIV,preprocess_Reading204.dat,Temporal + espectral,PC1 e PC2,0.36007080064106206
LIV,preprocess_Reading205.dat,Temporal + espectral,PC1 e PC2,0.13061509071972444
LIV,preprocess_Reading206.dat,Temporal + espectral,PC1 e PC2,0.3861216813602785
LIV,preprocess_Reading207.dat,Temporal + espectral,PC1 e PC2,0.3212613721635906
LIV,preprocess_Reading208.dat,Temporal + espectral,PC1 e PC2,0.35729123911404437
LIV,preprocess_Reading209.dat,Temporal + espectral,PC1 e PC2,0.39373922463607813
LIV,preprocess_Reading210.dat,Temporal + espectral,PC1 e PC2,0.37954766120540645
LIV,preprocess_Reading211.dat,Temporal + espectral,PC1 e PC2,0.329440697852617
LIV,preprocess_Reading212.dat,Temporal + espectral,PC1 e PC2,0.4049893094818823
LIV,preprocess_Reading213.dat,Temporal + espectral,PC1 e PC2,0.38068300008200456
LIV,preprocess_Reading214.dat,Temporal + espectral,PC1 e PC2,0.3521562288682491
LIV,preprocess_Reading215.dat,Temporal + espectral,PC1 e PC2,0.33749992946985957
LIV,preprocess_Reading216.dat,Temporal + espectral,PC1 e PC2,-0.4130111146473851
LIV,preprocess_Reading217.dat,Temporal + espectral,PC1 e PC2,-0.2183350951630785
LIV,preprocess_Reading218.dat,Temporal + espectral,PC1 e PC2,-0.039669791675730176
LIV,preprocess_Reading219.dat,Temporal + espectral,PC1 e PC2,-0.11014147576381156
LIV,preprocess_Reading220.dat,Temporal + espectral,PC1 e PC2,0.12019433513852357
LIV,preprocess_Reading221.dat,Temporal + espectral,PC1 e PC2,-0.00025104339875626374
LIV,preprocess_Reading222.dat,Temporal + espectral,PC1 e PC2,0.023404088266441893
LIV,preprocess_Reading223.dat,Temporal + espectral,PC1 e PC2,-0.03217868877870667
LIV,preprocess_Reading224.dat,Temporal + espectral,PC1 e PC2,-0.2592225071815681
LIV,preprocess_Reading225.dat,Temporal + espectral,PC1 e PC2,-0.3927394916580616
LOV,preprocess_Reading1.dat,Temporal + espectral,PC1 e PC2,-0.16296202743488722
LOV,preprocess_Reading2.dat,Temporal + espectral,PC1 e PC2,-0.28292772066550087
LOV,preprocess_Reading3.dat,Temporal + espectral,PC1 e PC2,-0.4737321309911002
LOV,preprocess_Reading4.dat,Temporal + espectral,PC1 e PC2,-0.4407394414843553
LOV,preprocess_Reading5.dat,Temporal + espectral,PC1 e PC2,-0.5963654314858112
LOV,preprocess_Reading6.dat,Temporal + espectral,PC1 e PC2,-0.6098310031225904
LOV,preprocess_Reading7.dat,Temporal + espectral,PC1 e PC2,-0.6550452304982525
LOV,preprocess_Reading8.dat,Temporal + espectral,PC1 e PC2,-0.6229028939322385
LOV,preprocess_Reading9.dat,Temporal + espectral,PC1 e PC2,-0.6579003787061558
LOV,preprocess_Reading10.dat,Temporal + espectral,PC1 e PC2,-0.568355374739952
LOV,preprocess_Reading11.dat,Temporal + espectral,PC1 e PC2,-0.6301886235576233
LOV,preprocess_Reading12.dat,Temporal + espectral,PC1 e PC2,-0.6749384911151822
LOV,preprocess_Reading13.dat,Temporal + espectral,PC1 e PC2,-0.6369445327373972
LOV,preprocess_Reading14.dat,Temporal + espectral,PC1 e PC2,-0.680749924031217
LOV,preprocess_Reading15.dat,Temporal + espectral,PC1 e PC2,-0.6454139684704675
LOV,preprocess_Reading16.dat,Temporal + espectral,PC1 e PC2,-0.6837686976048786
LOV,preprocess_Reading17.dat,Temporal + espectral,PC1 e PC2,-0.6208869786082604
LOV,preprocess_Reading18.dat,Temporal + espectral,PC1 e PC2,-0.6057954390719463
LOV,preprocess_Reading19.dat,Temporal + espectral,PC1 e PC2,-0.5510298927738719
LOV,preprocess_Reading20.dat,Temporal + espectral,PC1 e PC2,-0.5447754315009645
LOV,preprocess_Reading21.dat,Temporal + espectral,PC1 e PC2,-0.5744808453099802
LOV,preprocess_Reading22.dat,Temporal + espectral,PC1 e PC2,-0.43981918991245633
LOV,preprocess_Reading23.dat,Temporal + espectral,PC1 e PC2,-0.368799932265301
LOV,preprocess_Reading24.dat,Temporal + espectral,PC1 e PC2,-0.5442144601947072
LOV,preprocess_Reading25.dat,Temporal + espectral,PC1 e PC2,-0.4228580601077241
LOV,preprocess_Reading26.dat,Temporal + espectral,PC1 e PC2,-0.36710703859943933
LOV,preprocess_Reading27.dat,Temporal + espectral,PC1 e PC2,-0.22117133393158797
LOV,preprocess_Reading28.dat,Temporal + espectral,PC1 e PC2,-0.20081475175805996
LOV,preprocess_Reading29.dat,Temporal + espectral,PC1 e PC2,-0.13663531407559093
LOV,preprocess_Reading30.dat,Temporal + espectral,PC1 e PC2,-0.1648184454204909
LOV,preprocess_Reading31.dat,Temporal + espectral,PC1 e PC2,-0.29101855751475164
LOV,preprocess_Reading32.dat,Temporal + espectral,PC1 e PC2,-0.23828276168431586
LOV,preprocess_Reading33.dat,Temporal + espectral,PC1 e PC2,-0.25097339095406723
LOV,preprocess_Reading34.dat,Temporal + espectral,PC1 e PC2,-0.10245322937352154
LOV,preprocess_Reading35.dat,Temporal + espectral,PC1 e PC2,0.09241281285997498
LOV,preprocess_Reading36.dat,Temporal + espectral,PC1 e PC2,-0.14943188489349568
LOV,preprocess_Reading37.dat,Temporal + espectral,PC1 e PC2,-0.34872951570730615
LOV,preprocess_Reading38.dat,Temporal + espectral,PC1 e PC2,-0.020770097800124097
LOV,preprocess_Reading39.dat,Temporal + espectral,PC1 e PC2,0.07415844746967032
LOV,preprocess_Reading40.dat,Temporal + espectral,PC1 e PC2,-0.15713117933508639
LOV,preprocess_Reading41.dat,Temporal + espectral,PC1 e PC2,-0.1610715473336413
LOV,preprocess_Reading42.dat,Temporal + espectral,PC1 e PC2,0.04545733983590975
LOV,preprocess_Reading43.dat,Temporal + espectral,PC1 e PC2,0.06787224023382041
LOV,preprocess_Reading44.dat,Temporal + espectral,PC1 e PC2,0.14152886382721122
LOV,preprocess_Reading45.dat,Temporal + espectral,PC1 e PC2,0.07299238281507793
LOV,preprocess_Reading46.dat,Temporal + espectral,PC1 e PC2,-0.0635899081895934
LOV,preprocess_Reading47.dat,Temporal + espectral,PC1 e PC2,0.13326242725084608
LOV,preprocess_Reading48.dat,Temporal + espectral,PC1 e PC2,-0.057318104629858424
LOV,preprocess_Reading49.dat,Temporal + espectral,PC1 e PC2,-0.26815194552761695
LOV,preprocess_Reading50.dat,Temporal + espectral,PC1 e PC2,0.14796188401753652
LOV,preprocess_Reading51.dat,Temporal + espectral,PC1 e PC2,-0.046936235675255664
LOV,preprocess_Reading52.dat,Temporal + espectral,PC1 e PC2,-0.083993197518452
LOV,preprocess_Reading53.dat,Temporal + espectral,PC1 e PC2,0.07280264416705504
LOV,preprocess_Reading54.dat,Temporal + espectral,PC1 e PC2,-0.004031775473916775
LOV,preprocess_Reading55.dat,Temporal + espectral,PC1 e PC2,-0.25217871099104117
LOV,preprocess_Reading56.dat,Temporal + espectral,PC1 e PC2,-0.04241551947784318
LOV,preprocess_Reading57.dat,Temporal + espectral,PC1 e PC2,-0.17727379697459658
LOV,preprocess_Reading58.dat,Temporal + espectral,PC1 e PC2,-0.14557447957662412
LOV,preprocess_Reading59.dat,Temporal + espectral,PC1 e PC2,-0.3618645937215426
LOV,preprocess_Reading60.dat,Temporal + espectral,PC1 e PC2,-0.057385026209582544
LOV,preprocess_Reading61.dat,Temporal + espectral,PC1 e PC2,-0.15173872892185394
LOV,preprocess_Reading62.dat,Temporal + espectral,PC1 e PC2,0.08529525322956348
LOV,preprocess_Reading63.dat,Temporal + espectral,PC1 e PC2,-0.2614573677999161
LOV,preprocess_Reading64.dat,Temporal + espectral,PC1 e PC2,-0.16099725545327265
LOV,preprocess_Reading65.dat,Temporal + espectral,PC1 e PC2,-0.15234748157669054
LOV,preprocess_Reading66.dat,Temporal + espectral,PC1 e PC2,0.04723012369436516
LOV,preprocess_Reading67.dat,Temporal + espectral,PC1 e PC2,-0.015849049562463094
LOV,preprocess_Reading68.dat,Temporal + espectral,PC1 e PC2,0.07856318476797593
LOV,preprocess_Reading69.dat,Temporal + espectral,PC1 e PC2,0.03127433143975157
LOV,preprocess_Reading70.dat,Temporal + espectral,PC1 e PC2,-0.1110078258387571
LOV,preprocess_Reading71.dat,Temporal + espectral,PC1 e PC2,-0.007315298340293345
LOV,preprocess_Reading72.dat,Temporal + espectral,PC1 e PC2,-0.03163886850039318
LOV,preprocess_Reading73.dat,Temporal + espectral,PC1 e PC2,-0.0057372742624489294
LOV,preprocess_Reading74.dat,Temporal + espectral,PC1 e PC2,0.06127132509728403
LOV,preprocess_Reading75.dat,Temporal + espectral,PC1 e PC2,-0.3213754146644482
LOV,preprocess_Reading76.dat,Temporal + espectral,PC1 e PC2,-0.2449066824232189
LOV,preprocess_Reading77.dat,Temporal + espectral,PC1 e PC2,-0.3876154736861041
LOV,preprocess_Reading78.dat,Temporal + espectral,PC1 e PC2,-0.43499396576365335
LOV,preprocess_Reading79.dat,Temporal + espectral,PC1 e PC2,-0.5182174152647582
LOV,preprocess_Reading80.dat,Temporal + espectral,PC1 e PC2,-0.6335252203675892
LOV,preprocess_Reading81.dat,Temporal + espectral,PC1 e PC2,-0.5567561442832326
LOV,preprocess_Reading82.dat,Temporal + espectral,PC1 e PC2,-0.6209221335141443
LOV,preprocess_Reading83.dat,Temporal + espectral,PC1 e PC2,-0.538887051135128
LOV,preprocess_Reading84.dat,Temporal + espectral,PC1 e PC2,-0.648112170166485
LOV,preprocess_Reading85.dat,Temporal + espectral,PC1 e PC2,-0.595574287716107
LOV,preprocess_Reading86.dat,Temporal + espectral,PC1 e PC2,-0.5554576035329223
LOV,preprocess_Reading87.dat,Temporal + espectral,PC1 e PC2,-0.6013245739924978
LOV,preprocess_Reading88.dat,Temporal + espectral,PC1 e PC2,-0.6296851908847736
LOV,preprocess_Reading89.dat,Temporal + espectral,PC1 e PC2,-0.6177715052083631
LOV,preprocess_Reading90.dat,Temporal + espectral,PC1 e PC2,-0.6643128342283604
LOV,preprocess_Reading91.dat,Temporal + espectral,PC1 e PC2,-0.6476175455585041
LOV,preprocess_Reading92.dat,Temporal + espectral,PC1 e PC2,-0.5337072896003305
LOV,preprocess_Reading93.dat,Temporal + espectral,PC1 e PC2,-0.5424466768446309
LOV,preprocess_Reading94.dat,Temporal + espectral,PC1 e PC2,-0.5579137861073343
LOV,preprocess_Reading95.dat,Temporal + espectral,PC1 e PC2,-0.527100048196322
LOV,preprocess_Reading96.dat,Temporal + espectral,PC1 e PC2,-0.4892550925979777
LOV,preprocess_Reading97.dat,Temporal + espectral,PC1 e PC2,-0.5145197437933807
LOV,preprocess_Reading98.dat,Temporal + espectral,PC1 e PC2,-0.44127858436764783
LOV,preprocess_Reading99.dat,Temporal + espectral,PC1 e PC2,-0.46653342899300687
LOV,preprocess_Reading100.dat,Temporal + espectral,PC1 e PC2,-0.38242014669742347
LOV,preprocess_Reading101.dat,Temporal + espectral,PC1 e PC2,-0.4915654808948925
LOV,preprocess_Reading102.dat,Temporal + espectral,PC1 e PC2,-0.31119149031916266
LOV,preprocess_Reading103.dat,Temporal + espectral,PC1 e PC2,-0.30289858058104124
LOV,preprocess_Reading104.dat,Temporal + espectral,PC1 e PC2,-0.22567782408229653
LOV,preprocess_Reading105.dat,Temporal + espectral,PC1 e PC2,-0.2800010268084597
LOV,preprocess_Reading106.dat,Temporal + espectral,PC1 e PC2,-0.1810966922453042
LOV,preprocess_Reading107.dat,Temporal + espectral,PC1 e PC2,-0.44161919029770297
LOV,preprocess_Reading108.dat,Temporal + espectral,PC1 e PC2,-0.027258471664853807
LOV,preprocess_Reading109.dat,Temporal + espectral,PC1 e PC2,-0.27406918685214476
LOV,preprocess_Reading110.dat,Temporal + espectral,PC1 e PC2,-0.2698003722333593
LOV,preprocess_Reading111.dat,Temporal + espectral,PC1 e PC2,-0.2473396182237415
LOV,preprocess_Reading112.dat,Temporal + espectral,PC1 e PC2,0.11160631107769428
LOV,preprocess_Reading113.dat,Temporal + espectral,PC1 e PC2,-0.1505963785308075
LOV,preprocess_Reading114.dat,Temporal + espectral,PC1 e PC2,-0.4734099457018964
LOV,preprocess_Reading115.dat,Temporal + espectral,PC1 e PC2,-0.3391930077300597
LOV,preprocess_Reading116.dat,Temporal + espectral,PC1 e PC2,-0.3042772576876179
LOV,preprocess_Reading117.dat,Temporal + espectral,PC1 e PC2,-0.10220836098813064
LOV,preprocess_Reading118.dat,Temporal + espectral,PC1 e PC2,-0.13265310321062332
LOV,preprocess_Reading119.dat,Temporal + espectral,PC1 e PC2,-0.015132030661676064
LOV,preprocess_Reading120.dat,Temporal + espectral,PC1 e PC2,-0.47474745011138
LOV,preprocess_Reading121.dat,Temporal + espectral,PC1 e PC2,-0.13855163985729993
LOV,preprocess_Reading122.dat,Temporal + espectral,PC1 e PC2,-0.1859714640771909
LOV,preprocess_Reading123.dat,Temporal + espectral,PC1 e PC2,-0.3262545162500693
LOV,preprocess_Reading124.dat,Temporal + espectral,PC1 e PC2,-0.4611471356736917
LOV,preprocess_Reading125.dat,Temporal + espectral,PC1 e PC2,-0.39687542493392275
LOV,preprocess_Reading126.dat,Temporal + espectral,PC1 e PC2,-0.5886908051452633
LOV,preprocess_Reading127.dat,Temporal + espectral,PC1 e PC2,-0.3445064812687964
LOV,preprocess_Reading128.dat,Temporal + espectral,PC1 e PC2,-0.40134957802865945
LOV,preprocess_Reading129.dat,Temporal + espectral,PC1 e PC2,-0.4583107017488024
LOV,preprocess_Reading130.dat,Temporal + espectral,PC1 e PC2,-0.31078998652713175
LOV,preprocess_Reading131.dat,Temporal + espectral,PC1 e PC2,0.1569767187231898
LOV,preprocess_Reading132.dat,Temporal + espectral,PC1 e PC2,-0.09748430617759773
LOV,preprocess_Reading133.dat,Temporal + espectral,PC1 e PC2,-0.3276640506772719
LOV,preprocess_Reading134.dat,Temporal + espectral,PC1 e PC2,-0.14897665054538944
LOV,preprocess_Reading135.dat,Temporal + espectral,PC1 e PC2,0.0391984414742215
LOV,preprocess_Reading136.dat,Temporal + espectral,PC1 e PC2,-0.5331553631571615
LOV,preprocess_Reading137.dat,Temporal + espectral,PC1 e PC2,-0.14677559640478824
LOV,preprocess_Reading138.dat,Temporal + espectral,PC1 e PC2,-0.344699786746848
LOV,preprocess_Reading139.dat,Temporal + espectral,PC1 e PC2,0.07971066582978718
LOV,preprocess_Reading140.dat,Temporal + espectral,PC1 e PC2,-0.2040178420252829
LOV,preprocess_Reading141.dat,Temporal + espectral,PC1 e PC2,0.14760901213704197
LOV,preprocess_Reading142.dat,Temporal + espectral,PC1 e PC2,-0.2992956401049415
LOV,preprocess_Reading143.dat,Temporal + espectral,PC1 e PC2,-0.16765795684102466
LOV,preprocess_Reading144.dat,Temporal + espectral,PC1 e PC2,0.13171902781433636
LOV,preprocess_Reading145.dat,Temporal + espectral,PC1 e PC2,-0.12402437460576016
LOV,preprocess_Reading146.dat,Temporal + espectral,PC1 e PC2,-0.1691586530041899
LOV,preprocess_Reading147.dat,Temporal + espectral,PC1 e PC2,-0.4325674984231537
LOV,preprocess_Reading148.dat,Temporal + espectral,PC1 e PC2,0.16553402722695396
LOV,preprocess_Reading149.dat,Temporal + espectral,PC1 e PC2,-0.10763181787330832
LOV,preprocess_Reading150.dat,Temporal + espectral,PC1 e PC2,-0.2617439735371376
LOV,preprocess_Reading151.dat,Temporal + espectral,PC1 e PC2,-0.3156186344732863
LOV,preprocess_Reading152.dat,Temporal + espectral,PC1 e PC2,-0.20317559245700925
LOV,preprocess_Reading153.dat,Temporal + espectral,PC1 e PC2,-0.4242880477431874
LOV,preprocess_Reading154.dat,Temporal + espectral,PC1 e PC2,-0.5432436486622204
LOV,preprocess_Reading155.dat,Temporal + espectral,PC1 e PC2,-0.5815607853488362
LOV,preprocess_Reading156.dat,Temporal + espectral,PC1 e PC2,-0.5633935656917639
LOV,preprocess_Reading157.dat,Temporal + espectral,PC1 e PC2,-0.5911386636496044
LOV,preprocess_Reading158.dat,Temporal + espectral,PC1 e PC2,-0.5713132628393283
LOV,preprocess_Reading159.dat,Temporal + espectral,PC1 e PC2,-0.5636355759772101
LOV,preprocess_Reading160.dat,Temporal + espectral,PC1 e PC2,-0.4960248961156608
LOV,preprocess_Reading161.dat,Temporal + espectral,PC1 e PC2,-0.5983794600875112
LOV,preprocess_Reading162.dat,Temporal + espectral,PC1 e PC2,-0.5781285273997359
LOV,preprocess_Reading163.dat,Temporal + espectral,PC1 e PC2,-0.6081213921496821
LOV,preprocess_Reading164.dat,Temporal + espectral,PC1 e PC2,-0.5817174077454406
LOV,preprocess_Reading165.dat,Temporal + espectral,PC1 e PC2,-0.6528931634820044
LOV,preprocess_Reading166.dat,Temporal + espectral,PC1 e PC2,-0.643584242256378
LOV,preprocess_Reading167.dat,Temporal + espectral,PC1 e PC2,-0.5633617760421846
LOV,preprocess_Reading168.dat,Temporal + espectral,PC1 e PC2,-0.589506777684022
LOV,preprocess_Reading169.dat,Temporal + espectral,PC1 e PC2,-0.5985501020193235
LOV,preprocess_Reading170.dat,Temporal + espectral,PC1 e PC2,-0.44576754892338616
LOV,preprocess_Reading171.dat,Temporal + espectral,PC1 e PC2,-0.5484709404665981
LOV,preprocess_Reading172.dat,Temporal + espectral,PC1 e PC2,-0.6225979381413549
LOV,preprocess_Reading173.dat,Temporal + espectral,PC1 e PC2,-0.6639994983984605
LOV,preprocess_Reading174.dat,Temporal + espectral,PC1 e PC2,-0.6460494407801125
LOV,preprocess_Reading175.dat,Temporal + espectral,PC1 e PC2,-0.5337279657729055
LOV,preprocess_Reading176.dat,Temporal + espectral,PC1 e PC2,-0.5720156525543579
LOV,preprocess_Reading177.dat,Temporal + espectral,PC1 e PC2,-0.5751627912676458
LOV,preprocess_Reading178.dat,Temporal + espectral,PC1 e PC2,-0.621485463209586
LOV,preprocess_Reading179.dat,Temporal + espectral,PC1 e PC2,-0.6280169312831132
LOV,preprocess_Reading180.dat,Temporal + espectral,PC1 e PC2,-0.5928282109869147
LOV,preprocess_Reading181.dat,Temporal + espectral,PC1 e PC2,-0.5333151095280728
LOV,preprocess_Reading182.dat,Temporal + espectral,PC1 e PC2,-0.5706288423780516
LOV,preprocess_Reading183.dat,Temporal + espectral,PC1 e PC2,-0.5648515728936294
LOV,preprocess_Reading184.dat,Temporal + espectral,PC1 e PC2,-0.5702604952882405
LOV,preprocess_Reading185.dat,Temporal + espectral,PC1 e PC2,-0.548362248355442
LOV,preprocess_Reading186.dat,Temporal + espectral,PC1 e PC2,-0.5230089828503092
LOV,preprocess_Reading187.dat,Temporal + espectral,PC1 e PC2,-0.45320090849914
LOV,preprocess_Reading188.dat,Temporal + espectral,PC1 e PC2,-0.5734389644838896
LOV,preprocess_Reading189.dat,Temporal + espectral,PC1 e PC2,-0.28631718222513947
LOV,preprocess_Reading190.dat,Temporal + espectral,PC1 e PC2,-0.38884176235749807
LOV,preprocess_Reading191.dat,Temporal + espectral,PC1 e PC2,-0.22359158331310036
LOV,preprocess_Reading192.dat,Temporal + espectral,PC1 e PC2,-0.2498488453657046
LOV,preprocess_Reading193.dat,Temporal + espectral,PC1 e PC2,-0.042276667229202154
LOV,preprocess_Reading194.dat,Temporal + espectral,PC1 e PC2,-0.1804116052745233
LOV,preprocess_Reading195.dat,Temporal + espectral,PC1 e PC2,-0.09050726922699756
LOV,preprocess_Reading196.dat,Temporal + espectral,PC1 e PC2,0.18699422336530017
LOV,preprocess_Reading197.dat,Temporal + espectral,PC1 e PC2,-0.24463380207467533
LOV,preprocess_Reading198.dat,Temporal + espectral,PC1 e PC2,-0.40601312404583034
LOV,preprocess_Reading199.dat,Temporal + espectral,PC1 e PC2,-0.39566943071236804
LOV,preprocess_Reading200.dat,Temporal + espectral,PC1 e PC2,0.0908610690232771
LOV,preprocess_Reading201.dat,Temporal + espectral,PC1 e PC2,-0.25526350135995085
LOV,preprocess_Reading202.dat,Temporal + espectral,PC1 e PC2,-0.13609301650879035
LOV,preprocess_Reading203.dat,Temporal + espectral,PC1 e PC2,0.03247634687642113
LOV,preprocess_Reading204.dat,Temporal + espectral,PC1 e PC2,-0.052296384457051766
LOV,preprocess_Reading205.dat,Temporal + espectral,PC1 e PC2,-0.16228416626527312
LOV,preprocess_Reading206.dat,Temporal + espectral,PC1 e PC2,-0.37856768773959387
LOV,preprocess_Reading207.dat,Temporal + espectral,PC1 e PC2,-0.0377525273682908
LOV,preprocess_Reading208.dat,Temporal + espectral,PC1 e PC2,-0.23772556893511193
LOV,preprocess_Reading209.dat,Temporal + espectral,PC1 e PC2,-0.24648449769769368
LOV,preprocess_Reading210.dat,Temporal + espectral,PC1 e PC2,0.020216730187838875
LOV,preprocess_Reading211.dat,Temporal + espectral,PC1 e PC2,-0.4770458346068819
LOV,preprocess_Reading212.dat,Temporal + espectral,PC1 e PC2,-0.28789103584384584
LOV,preprocess_Reading213.dat,Temporal + espectral,PC1 e PC2,-0.17900853615723394
LOV,preprocess_Reading214.dat,Temporal + espectral,PC1 e PC2,-0.2835463759800561
LOV,preprocess_Reading215.dat,Temporal + espectral,PC1 e PC2,-0.09432400765182833
LOV,preprocess_Reading216.dat,Temporal + espectral,PC1 e PC2,-0.0553354745435433
LOV,preprocess_Reading217.dat,Temporal + espectral,PC1 e PC2,0.04449323225523235
LOV,preprocess_Reading218.dat,Temporal + espectral,PC1 e PC2,-0.02550949304589937
LOV,preprocess_Reading219.dat,Temporal + espectral,PC1 e PC2,-0.15548987213112256
LOV,preprocess_Reading220.dat,Temporal + espectral,PC1 e PC2,-0.5629992614913962
LOV,preprocess_Reading221.dat,Temporal + espectral,PC1 e PC2,0.050443788595543215
LOV,preprocess_Reading222.dat,Temporal + espectral,PC1 e PC2,-0.2779527012546324
LOV,preprocess_Reading223.dat,Temporal + espectral,PC1 e PC2,-0.142027423764584
LOV,preprocess_Reading224.dat,Temporal + espectral,PC1 e PC2,-0.3762208277735166
LOV,preprocess_Reading225.dat,Temporal + espectral,PC1 e PC2,0.00805652658311002
NRV,preprocess_Reading1.dat,Temporal + espectral,PC1 e PC2,-0.5819870909085189
NRV,preprocess_Reading2.dat,Temporal + espectral,PC1 e PC2,-0.46106126745072473
NRV,preprocess_Reading3.dat,Temporal + espectral,PC1 e PC2,0.06020678975666627
NRV,preprocess_Reading4.dat,Temporal + espectral,PC1 e PC2,0.18074321751615818
NRV,preprocess_Reading5.dat,Temporal + espectral,PC1 e PC2,0.2630179780299464
NRV,preprocess_Reading6.dat,Temporal + espectral,PC1 e PC2,0.21561034392007677
NRV,preprocess_Reading7.dat,Temporal + espectral,PC1 e PC2,-0.27826650537348135
NRV,preprocess_Reading8.dat,Temporal + espectral,PC1 e PC2,-0.5147697084811589
NRV,preprocess_Reading9.dat,Temporal + espectral,PC1 e PC2,-0.3827962118470293
NRV,preprocess_Reading10.dat,Temporal + espectral,PC1 e PC2,-0.47869012557197843
NRV,preprocess_Reading11.dat,Temporal + espectral,PC1 e PC2,-0.4635906101061578
NRV,preprocess_Reading12.dat,Temporal + espectral,PC1 e PC2,0.33655202717407345
NRV,preprocess_Reading13.dat,Temporal + espectral,PC1 e PC2,0.0599300579479969
NRV,preprocess_Reading14.dat,Temporal + espectral,PC1 e PC2,0.3709142010612911
NRV,preprocess_Reading15.dat,Temporal + espectral,PC1 e PC2,0.46750968447873636
NRV,preprocess_Reading16.dat,Temporal + espectral,PC1 e PC2,-0.19427773157145337
NRV,preprocess_Reading17.dat,Temporal + espectral,PC1 e PC2,0.44346447870148076
NRV,preprocess_Reading18.dat,Temporal + espectral,PC1 e PC2,0.3153013834901228
NRV,preprocess_Reading19.dat,Temporal + espectral,PC1 e PC2,0.2811299225939466
NRV,preprocess_Reading20.dat,Temporal + espectral,PC1 e PC2,0.36038585269268364
NRV,preprocess_Reading21.dat,Temporal + espectral,PC1 e PC2,0.41584272266237415
NRV,preprocess_Reading22.dat,Temporal + espectral,PC1 e PC2,0.2896090032011362
NRV,preprocess_Reading23.dat,Temporal + espectral,PC1 e PC2,0.36127768006879035
NRV,preprocess_Reading24.dat,Temporal + espectral,PC1 e PC2,-0.044315090303924595
NRV,preprocess_Reading25.dat,Temporal + espectral,PC1 e PC2,0.20258556332781708
NRV,preprocess_Reading26.dat,Temporal + espectral,PC1 e PC2,0.23488610896357545
NRV,preprocess_Reading27.dat,Temporal + espectral,PC1 e PC2,0.4525323175539793
NRV,preprocess_Reading28.dat,Temporal + espectral,PC1 e PC2,0.08807887039221243
NRV,preprocess_Reading29.dat,Temporal + espectral,PC1 e PC2,0.2071561592788204
NRV,preprocess_Reading30.dat,Temporal + espectral,PC1 e PC2,-0.00922795914170392
NRV,preprocess_Reading31.dat,Temporal + espectral,PC1 e PC2,0.21577724162597503
NRV,preprocess_Reading32.dat,Temporal + espectral,PC1 e PC2,-0.11149958570672176
NRV,preprocess_Reading33.dat,Temporal + espectral,PC1 e PC2,0.3095308893109248
NRV,preprocess_Reading34.dat,Temporal + espectral,PC1 e PC2,0.3465079837375424
NRV,preprocess_Reading35.dat,Temporal + espectral,PC1 e PC2,0.46823859428690423
NRV,preprocess_Reading36.dat,Temporal + espectral,PC1 e PC2,0.38444782043291925
NRV,preprocess_Reading37.dat,Temporal + espectral,PC1 e PC2,0.46212469319748256
NRV,preprocess_Reading38.dat,Temporal + espectral,PC1 e PC2,0.32721927649537985
NRV,preprocess_Reading39.dat,Temporal + espectral,PC1 e PC2,0.41818376913775734
NRV,preprocess_Reading40.dat,Temporal + espectral,PC1 e PC2,0.31774221057269664
NRV,preprocess_Reading41.dat,Temporal + espectral,PC1 e PC2,0.4712623408172277
NRV,preprocess_Reading42.dat,Temporal + espectral,PC1 e PC2,0.31421347924784476
NRV,preprocess_Reading43.dat,Temporal + espectral,PC1 e PC2,0.463547904670886
NRV,preprocess_Reading44.dat,Temporal + espectral,PC1 e PC2,0.2943431968601127
NRV,preprocess_Reading45.dat,Temporal + espectral,PC1 e PC2,-0.08425755984024766
NRV,preprocess_Reading46.dat,Temporal + espectral,PC1 e PC2,-0.1471052376639385
NRV,preprocess_Reading47.dat,Temporal + espectral,PC1 e PC2,0.13539276285166418
NRV,preprocess_Reading48.dat,Temporal + espectral,PC1 e PC2,0.4239086297671752
NRV,preprocess_Reading49.dat,Temporal + espectral,PC1 e PC2,0.37049979037304326
NRV,preprocess_Reading50.dat,Temporal + espectral,PC1 e PC2,0.2952458468682034
NRV,preprocess_Reading51.dat,Temporal + espectral,PC1 e PC2,0.21815936883084594
NRV,preprocess_Reading52.dat,Temporal + espectral,PC1 e PC2,0.2145475191889432
NRV,preprocess_Reading53.dat,Temporal + espectral,PC1 e PC2,0.430696378192448
NRV,preprocess_Reading54.dat,Temporal + espectral,PC1 e PC2,0.39219121377420707
NRV,preprocess_Reading55.dat,Temporal + espectral,PC1 e PC2,0.4111022287091668
NRV,preprocess_Reading56.dat,Temporal + espectral,PC1 e PC2,0.408770588012692
NRV,preprocess_Reading57.dat,Temporal + espectral,PC1 e PC2,0.42987851204846284
NRV,preprocess_Reading58.dat,Temporal + espectral,PC1 e PC2,0.3564424836891734
NRV,preprocess_Reading59.dat,Temporal + espectral,PC1 e PC2,0.29699721566233594
NRV,preprocess_Reading60.dat,Temporal + espectral,PC1 e PC2,0.30585651769107136
NRV,preprocess_Reading61.dat,Temporal + espectral,PC1 e PC2,0.41045268569039434
NRV,preprocess_Reading62.dat,Temporal + espectral,PC1 e PC2,-0.015825884731550888
NRV,preprocess_Reading63.dat,Temporal + espectral,PC1 e PC2,-0.03566796942144589
NRV,preprocess_Reading64.dat,Temporal + espectral,PC1 e PC2,-0.09356400805192883
NRV,preprocess_Reading65.dat,Temporal + espectral,PC1 e PC2,0.16681163470334961
NRV,preprocess_Reading66.dat,Temporal + espectral,PC1 e PC2,0.20633377517813517
NRV,preprocess_Reading67.dat,Temporal + espectral,PC1 e PC2,0.2363484329778916
NRV,preprocess_Reading68.dat,Temporal + espectral,PC1 e PC2,0.46177967345612103
NRV,preprocess_Reading69.dat,Temporal + espectral,PC1 e PC2,0.37656315443776833
NRV,preprocess_Reading70.dat,Temporal + espectral,PC1 e PC2,0.07925252291853586
NRV,preprocess_Reading71.dat,Temporal + espectral,PC1 e PC2,0.4544455320307482
NRV,preprocess_Reading72.dat,Temporal + espectral,PC1 e PC2,0.314568449041752
NRV,preprocess_Reading73.dat,Temporal + espectral,PC1 e PC2,0.4326210004566559
NRV,preprocess_Reading74.dat,Temporal + espectral,PC1 e PC2,-0.11971612257676643
NRV,preprocess_Reading75.dat,Temporal + espectral,PC1 e PC2,0.19608335547392008
NRV,preprocess_Reading76.dat,Temporal + espectral,PC1 e PC2,-0.2004169569630684
NRV,preprocess_Reading77.dat,Temporal + espectral,PC1 e PC2,-0.4597215230282485
NRV,preprocess_Reading78.dat,Temporal + espectral,PC1 e PC2,0.056995454371109214
NRV,preprocess_Reading79.dat,Temporal + espectral,PC1 e PC2,-0.056789359270502285
NRV,preprocess_Reading80.dat,Temporal + espectral,PC1 e PC2,0.4766489050314569
NRV,preprocess_Reading81.dat,Temporal + espectral,PC1 e PC2,0.15214803343271288
NRV,preprocess_Reading82.dat,Temporal + espectral,PC1 e PC2,0.44846320361135256
NRV,preprocess_Reading83.dat,Temporal + espectral,PC1 e PC2,0.3471146678441422
NRV,preprocess_Reading84.dat,Temporal + espectral,PC1 e PC2,0.3976290612835303
NRV,preprocess_Reading85.dat,Temporal + espectral,PC1 e PC2,0.3336911687848857
NRV,preprocess_Reading86.dat,Temporal + espectral,PC1 e PC2,0.3938671106144364
NRV,preprocess_Reading87.dat,Temporal + espectral,PC1 e PC2,0.4502842446441938
NRV,preprocess_Reading88.dat,Temporal + espectral,PC1 e PC2,0.441142584766552
NRV,preprocess_Reading89.dat,Temporal + espectral,PC1 e PC2,0.32534518895417475
NRV,preprocess_Reading90.dat,Temporal + espectral,PC1 e PC2,0.4089172403520585
NRV,preprocess_Reading91.dat,Temporal + espectral,PC1 e PC2,0.21816790796795477
NRV,preprocess_Reading92.dat,Temporal + espectral,PC1 e PC2,0.4562985828794146
NRV,preprocess_Reading93.dat,Temporal + espectral,PC1 e PC2,0.36502928801850154
NRV,preprocess_Reading94.dat,Temporal + espectral,PC1 e PC2,-0.03961409194392541
NRV,preprocess_Reading95.dat,Temporal + espectral,PC1 e PC2,-0.4146881108356616
NRV,preprocess_Reading96.dat,Temporal + espectral,PC1 e PC2,0.10156465286898088
NRV,preprocess_Reading97.dat,Temporal + espectral,PC1 e PC2,-0.4419561050011152
NRV,preprocess_Reading98.dat,Temporal + espectral,PC1 e PC2,-0.24647329106524002
NRV,preprocess_Reading99.dat,Temporal + espectral,PC1 e PC2,0.348672019975567
NRV,preprocess_Reading100.dat,Temporal + espectral,PC1 e PC2,0.20356903245222144
NRV,preprocess_Reading101.dat,Temporal + espectral,PC1 e PC2,0.09052856647719058
NRV,preprocess_Reading102.dat,Temporal + espectral,PC1 e PC2,-0.254213807499791
NRV,preprocess_Reading103.dat,Temporal + espectral,PC1 e PC2,-0.2714470776603208
NRV,preprocess_Reading104.dat,Temporal + espectral,PC1 e PC2,-0.012278071560049822
NRV,preprocess_Reading105.dat,Temporal + espectral,PC1 e PC2,0.4058935707738794
NRV,preprocess_Reading106.dat,Temporal + espectral,PC1 e PC2,-0.23877755690023095
NRV,preprocess_Reading107.dat,Temporal + espectral,PC1 e PC2,0.4721976054363253
NRV,preprocess_Reading108.dat,Temporal + espectral,PC1 e PC2,0.43435024059555616
NRV,preprocess_Reading109.dat,Temporal + espectral,PC1 e PC2,0.45471525457805095
NRV,preprocess_Reading110.dat,Temporal + espectral,PC1 e PC2,0.33537344539598707
NRV,preprocess_Reading111.dat,Temporal + espectral,PC1 e PC2,0.303329919992719
NRV,preprocess_Reading112.dat,Temporal + espectral,PC1 e PC2,0.14196792752513995
NRV,preprocess_Reading113.dat,Temporal + espectral,PC1 e PC2,-0.0037726150909273976
NRV,preprocess_Reading114.dat,Temporal + espectral,PC1 e PC2,-0.08026228266706041
NRV,preprocess_Reading115.dat,Temporal + espectral,PC1 e PC2,0.13605866792974883
NRV,preprocess_Reading116.dat,Temporal + espectral,PC1 e PC2,0.16213507434362032
NRV,preprocess_Reading117.dat,Temporal + espectral,PC1 e PC2,0.057600306953074415
NRV,preprocess_Reading118.dat,Temporal + espectral,PC1 e PC2,-0.15784511402026358
NRV,preprocess_Reading119.dat,Temporal + espectral,PC1 e PC2,-0.3790391678111011
NRV,preprocess_Reading120.dat,Temporal + espectral,PC1 e PC2,-0.2798975311892762
NRV,preprocess_Reading121.dat,Temporal + espectral,PC1 e PC2,-0.2824864896365807
NRV,preprocess_Reading122.dat,Temporal + espectral,PC1 e PC2,0.21912119223561013
NRV,preprocess_Reading123.dat,Temporal + espectral,PC1 e PC2,0.19360384465536468
NRV,preprocess_Reading124.dat,Temporal + espectral,PC1 e PC2,0.16742948251415088
NRV,preprocess_Reading125.dat,Temporal + espectral,PC1 e PC2,0.28107774569015154
NRV,preprocess_Reading126.dat,Temporal + espectral,PC1 e PC2,0.40925265158695245
NRV,preprocess_Reading127.dat,Temporal + espectral,PC1 e PC2,0.35743379055190566
NRV,preprocess_Reading128.dat,Temporal + espectral,PC1 e PC2,0.3903704570055012
NRV,preprocess_Reading129.dat,Temporal + espectral,PC1 e PC2,0.35598712518517606
NRV,preprocess_Reading130.dat,Temporal + espectral,PC1 e PC2,0.3229383761376539
NRV,preprocess_Reading131.dat,Temporal + espectral,PC1 e PC2,-0.27367734924935516
NRV,preprocess_Reading132.dat,Temporal + espectral,PC1 e PC2,-0.3397020559615806
NRV,preprocess_Reading133.dat,Temporal + espectral,PC1 e PC2,-0.31826050280493634
NRV,preprocess_Reading134.dat,Temporal + espectral,PC1 e PC2,0.05769135018020097
NRV,preprocess_Reading135.dat,Temporal + espectral,PC1 e PC2,-0.20511144214675378
NRV,preprocess_Reading136.dat,Temporal + espectral,PC1 e PC2,0.14120144566328985
NRV,preprocess_Reading137.dat,Temporal + espectral,PC1 e PC2,-0.09660286937710857
NRV,preprocess_Reading138.dat,Temporal + espectral,PC1 e PC2,0.20206017802575704
NRV,preprocess_Reading139.dat,Temporal + espectral,PC1 e PC2,0.08876827144771411
NRV,preprocess_Reading140.dat,Temporal + espectral,PC1 e PC2,0.373211058107222
NRV,preprocess_Reading141.dat,Temporal + espectral,PC1 e PC2,0.36350977799206563
NRV,preprocess_Reading142.dat,Temporal + espectral,PC1 e PC2,0.23411320905355568
NRV,preprocess_Reading143.dat,Temporal + espectral,PC1 e PC2,0.3945381887186991
NRV,preprocess_Reading144.dat,Temporal + espectral,PC1 e PC2,0.43804408028260683
NRV,preprocess_Reading145.dat,Temporal + espectral,PC1 e PC2,0.4595436010595909
NRV,preprocess_Reading146.dat,Temporal + espectral,PC1 e PC2,0.41569022879234907
NRV,preprocess_Reading147.dat,Temporal + espectral,PC1 e PC2,0.2927236005232986
NRV,preprocess_Reading148.dat,Temporal + espectral,PC1 e PC2,0.4711685388837621
NRV,preprocess_Reading149.dat,Temporal + espectral,PC1 e PC2,0.45172361856962145
NRV,preprocess_Reading150.dat,Temporal + espectral,PC1 e PC2,0.3681970063856654
NRV,preprocess_Reading151.dat,Temporal + espectral,PC1 e PC2,-0.2641941866615466
NRV,preprocess_Reading152.dat,Temporal + espectral,PC1 e PC2,0.30488216982378796
NRV,preprocess_Reading153.dat,Temporal + espectral,PC1 e PC2,0.3103276074721158
NRV,preprocess_Reading154.dat,Temporal + espectral,PC1 e PC2,0.18154719382283177
NRV,preprocess_Reading155.dat,Temporal + espectral,PC1 e PC2,0.11239200982011029
NRV,preprocess_Reading156.dat,Temporal + espectral,PC1 e PC2,0.14520448476654477
NRV,preprocess_Reading157.dat,Temporal + espectral,PC1 e PC2,0.385199395145563
NRV,preprocess_Reading158.dat,Temporal + espectral,PC1 e PC2,0.4737908111823235
NRV,preprocess_Reading159.dat,Temporal + espectral,PC1 e PC2,0.14835147373742547
NRV,preprocess_Reading160.dat,Temporal + espectral,PC1 e PC2,0.37156762489049877
NRV,preprocess_Reading161.dat,Temporal + espectral,PC1 e PC2,0.45739435190151506
NRV,preprocess_Reading162.dat,Temporal + espectral,PC1 e PC2,0.45378099247509623
NRV,preprocess_Reading163.dat,Temporal + espectral,PC1 e PC2,0.3691457011787455
NRV,preprocess_Reading164.dat,Temporal + espectral,PC1 e PC2,0.005967744591573251
NRV,preprocess_Reading165.dat,Temporal + espectral,PC1 e PC2,0.33616955162672785
NRV,preprocess_Reading166.dat,Temporal + espectral,PC1 e PC2,-0.02759952896560463
NRV,preprocess_Reading167.dat,Temporal + espectral,PC1 e PC2,0.2654793779184871
NRV,preprocess_Reading168.dat,Temporal + espectral,PC1 e PC2,0.23983811235283053
NRV,preprocess_Reading169.dat,Temporal + espectral,PC1 e PC2,0.28237343203949034
NRV,preprocess_Reading170.dat,Temporal + espectral,PC1 e PC2,0.3816249661229559
NRV,preprocess_Reading171.dat,Temporal + espectral,PC1 e PC2,0.25398290406646495
NRV,preprocess_Reading172.dat,Temporal + espectral,PC1 e PC2,0.21499938499503063
NRV,preprocess_Reading173.dat,Temporal + espectral,PC1 e PC2,0.1591310966587053
NRV,preprocess_Reading174.dat,Temporal + espectral,PC1 e PC2,0.2602605489233171
NRV,preprocess_Reading175.dat,Temporal + espectral,PC1 e PC2,0.3898731427065544
NRV,preprocess_Reading176.dat,Temporal + espectral,PC1 e PC2,-0.3770914576339037
NRV,preprocess_Reading177.dat,Temporal + espectral,PC1 e PC2,0.36170695699323135
NRV,preprocess_Reading178.dat,Temporal + espectral,PC1 e PC2,0.389611791622995
NRV,preprocess_Reading179.dat,Temporal + espectral,PC1 e PC2,-0.1551215879432267
NRV,preprocess_Reading180.dat,Temporal + espectral,PC1 e PC2,0.044715843355542365
NRV,preprocess_Reading181.dat,Temporal + espectral,PC1 e PC2,0.2711824125843904
NRV,preprocess_Reading182.dat,Temporal + espectral,PC1 e PC2,0.3596084668961175
NRV,preprocess_Reading183.dat,Temporal + espectral,PC1 e PC2,0.47500203402682845
NRV,preprocess_Reading184.dat,Temporal + espectral,PC1 e PC2,0.35906710691995475
NRV,preprocess_Reading185.dat,Temporal + espectral,PC1 e PC2,0.3076390461645963
NRV,preprocess_Reading186.dat,Temporal + espectral,PC1 e PC2,-0.09531998644909821
NRV,preprocess_Reading187.dat,Temporal + espectral,PC1 e PC2,0.19283453758995306
NRV,preprocess_Reading188.dat,Temporal + espectral,PC1 e PC2,-0.007878708503972393
NRV,preprocess_Reading189.dat,Temporal + espectral,PC1 e PC2,-0.42503233236889265
NRV,preprocess_Reading190.dat,Temporal + espectral,PC1 e PC2,-0.31601560800246226
NRV,preprocess_Reading191.dat,Temporal + espectral,PC1 e PC2,-0.3884799941729185
NRV,preprocess_Reading192.dat,Temporal + espectral,PC1 e PC2,-0.45097661970075426
NRV,preprocess_Reading193.dat,Temporal + espectral,PC1 e PC2,-0.30567760378326664
NRV,preprocess_Reading194.dat,Temporal + espectral,PC1 e PC2,-0.38175543933549183
NRV,preprocess_Reading195.dat,Temporal + espectral,PC1 e PC2,-0.3356407101866692
NRV,preprocess_Reading196.dat,Temporal + espectral,PC1 e PC2,0.0720195692982333
NRV,preprocess_Reading197.dat,Temporal + espectral,PC1 e PC2,0.059641522218834654
NRV,preprocess_Reading198.dat,Temporal + espectral,PC1 e PC2,0.07167210370335508
NRV,preprocess_Reading199.dat,Temporal + espectral,PC1 e PC2,-0.012102280139650203
NRV,preprocess_Reading200.dat,Temporal + espectral,PC1 e PC2,0.2598471972643302
NRV,preprocess_Reading201.dat,Temporal + espectral,PC1 e PC2,0.3805543717384908
NRV,preprocess_Reading202.dat,Temporal + espectral,PC1 e PC2,-0.13601173174236858
NRV,preprocess_Reading203.dat,Temporal + espectral,PC1 e PC2,-0.21694425713691406
NRV,preprocess_Reading204.dat,Temporal + espectral,PC1 e PC2,0.2707171510839718
NRV,preprocess_Reading205.dat,Temporal + espectral,PC1 e PC2,0.39134169713233047
NRV,preprocess_Reading206.dat,Temporal + espectral,PC1 e PC2,0.33826523869508945
NRV,preprocess_Reading207.dat,Temporal + espectral,PC1 e PC2,0.42774283266906576
NRV,preprocess_Reading208.dat,Temporal + espectral,PC1 e PC2,0.4099712813466628
NRV,preprocess_Reading209.dat,Temporal + espectral,PC1 e PC2,0.37583214006946275
NRV,preprocess_Reading210.dat,Temporal + espectral,PC1 e PC2,0.3305449576292005
NRV,preprocess_Reading211.dat,Temporal + espectral,PC1 e PC2,0.4730725545426618
NRV,preprocess_Reading212.dat,Temporal + espectral,PC1 e PC2,0.4598905753253921
NRV,preprocess_Reading213.dat,Temporal + espectral,PC1 e PC2,0.4666153196873061
NRV,preprocess_Reading214.dat,Temporal + espectral,PC1 e PC2,0.3805239999415106
NRV,preprocess_Reading215.dat,Temporal + espectral,PC1 e PC2,0.43588437172098515
NRV,preprocess_Reading216.dat,Temporal + espectral,PC1 e PC2,-0.11011052613950978
NRV,preprocess_Reading217.dat,Temporal + espectral,PC1 e PC2,0.4480855996990105
NRV,preprocess_Reading218.dat,Temporal + espectral,PC1 e PC2,0.35246218391091727
NRV,preprocess_Reading219.dat,Temporal + espectral,PC1 e PC2,0.3740533099624031
NRV,preprocess_Reading220.dat,Temporal + espectral,PC1 e PC2,-0.056486392588823986
NRV,preprocess_Reading221.dat,Temporal + espectral,PC1 e PC2,0.40232290219130945
NRV,preprocess_Reading222.dat,Temporal + espectral,PC1 e PC2,0.3350022833020363
NRV,preprocess_Reading223.dat,Temporal + espectral,PC1 e PC2,0.435655279385077
NRV,preprocess_Reading224.dat,Temporal + espectral,PC1 e PC2,0.2709384558404982
NRV,preprocess_Reading225.dat,Temporal + espectral,PC1 e PC2,0.2727235003621022
Piston,preprocess_Reading1.dat,Temporal + espectral,PC1 e PC2,-0.5346028737580095
Piston,preprocess_Reading2.dat,Temporal + espectral,PC1 e PC2,-0.574390144578364
Piston,preprocess_Reading3.dat,Temporal + espectral,PC1 e PC2,-0.527328915213813
Piston,preprocess_Reading4.dat,Temporal + espectral,PC1 e PC2,-0.5412097991100936
Piston,preprocess_Reading5.dat,Temporal + espectral,PC1 e PC2,-0.4324180499163914
Piston,preprocess_Reading6.dat,Temporal + espectral,PC1 e PC2,-0.3660634482644696
Piston,preprocess_Reading7.dat,Temporal + espectral,PC1 e PC2,-0.42633616936684415
Piston,preprocess_Reading8.dat,Temporal + espectral,PC1 e PC2,-0.37885220775337264
Piston,preprocess_Reading9.dat,Temporal + espectral,PC1 e PC2,-0.4751499073368373
Piston,preprocess_Reading10.dat,Temporal + espectral,PC1 e PC2,-0.31758613990909246
Piston,preprocess_Reading11.dat,Temporal + espectral,PC1 e PC2,-0.31165281275830314
Piston,preprocess_Reading12.dat,Temporal + espectral,PC1 e PC2,-0.40133029462578335
Piston,preprocess_Reading13.dat,Temporal + espectral,PC1 e PC2,-0.3148489706489536
Piston,preprocess_Reading14.dat,Temporal + espectral,PC1 e PC2,-0.23454401657137916
Piston,preprocess_Reading15.dat,Temporal + espectral,PC1 e PC2,-0.35848385939921734
Piston,preprocess_Reading16.dat,Temporal + espectral,PC1 e PC2,-0.2712275882077118
Piston,preprocess_Reading17.dat,Temporal + espectral,PC1 e PC2,-0.2810181312580846
Piston,preprocess_Reading18.dat,Temporal + espectral,PC1 e PC2,-0.35162910442595346
Piston,preprocess_Reading19.dat,Temporal + espectral,PC1 e PC2,-0.19866632120701144
Piston,preprocess_Reading20.dat,Temporal + espectral,PC1 e PC2,-0.20405192702925712
Piston,preprocess_Reading21.dat,Temporal + espectral,PC1 e PC2,0.09895075485762167
Piston,preprocess_Reading22.dat,Temporal + espectral,PC1 e PC2,0.1932431841696738
Piston,preprocess_Reading23.dat,Temporal + espectral,PC1 e PC2,-0.1050465922750009
Piston,preprocess_Reading24.dat,Temporal + espectral,PC1 e PC2,0.12447116429001248
Piston,preprocess_Reading25.dat,Temporal + espectral,PC1 e PC2,0.07848453275854733
Piston,preprocess_Reading26.dat,Temporal + espectral,PC1 e PC2,0.2736717527943053
Piston,preprocess_Reading27.dat,Temporal + espectral,PC1 e PC2,0.2510202524225676
Piston,preprocess_Reading28.dat,Temporal + espectral,PC1 e PC2,0.24141240981023934
Piston,preprocess_Reading29.dat,Temporal + espectral,PC1 e PC2,0.238011919681086
Piston,preprocess_Reading30.dat,Temporal + espectral,PC1 e PC2,0.008546286262209659
Piston,preprocess_Reading31.dat,Temporal + espectral,PC1 e PC2,0.08506345102788784
Piston,preprocess_Reading32.dat,Temporal + espectral,PC1 e PC2,0.19198368353041104
Piston,preprocess_Reading33.dat,Temporal + espectral,PC1 e PC2,0.19044688455977765
Piston,preprocess_Reading34.dat,Temporal + espectral,PC1 e PC2,0.20517439063132875
Piston,preprocess_Reading35.dat,Temporal + espectral,PC1 e PC2,0.059574819565769536
Piston,preprocess_Reading36.dat,Temporal + espectral,PC1 e PC2,0.14522203570460337
Piston,preprocess_Reading37.dat,Temporal + espectral,PC1 e PC2,0.27408022823978445
Piston,preprocess_Reading38.dat,Temporal + espectral,PC1 e PC2,0.1862788380279662
Piston,preprocess_Reading39.dat,Temporal + espectral,PC1 e PC2,0.1690974667297238
Piston,preprocess_Reading40.dat,Temporal + espectral,PC1 e PC2,0.24205457938947186
Piston,preprocess_Reading41.dat,Temporal + espectral,PC1 e PC2,0.20914349133086674
Piston,preprocess_Reading42.dat,Temporal + espectral,PC1 e PC2,0.23221591458769636
Piston,preprocess_Reading43.dat,Temporal + espectral,PC1 e PC2,-0.015891025141388543
Piston,preprocess_Reading44.dat,Temporal + espectral,PC1 e PC2,0.19562725769068723
Piston,preprocess_Reading45.dat,Temporal + espectral,PC1 e PC2,0.22455665139440703
Piston,preprocess_Reading46.dat,Temporal + espectral,PC1 e PC2,0.19240430476622486
Piston,preprocess_Reading47.dat,Temporal + espectral,PC1 e PC2,0.13319975484164287
Piston,preprocess_Reading48.dat,Temporal + espectral,PC1 e PC2,0.2569321022532541
Piston,preprocess_Reading49.dat,Temporal + espectral,PC1 e PC2,0.24261675191195403
Piston,preprocess_Reading50.dat,Temporal + espectral,PC1 e PC2,0.24936076960892375
Piston,preprocess_Reading51.dat,Temporal + espectral,PC1 e PC2,0.08249878284688765
Piston,preprocess_Reading52.dat,Temporal + espectral,PC1 e PC2,-0.03558731800691818
Piston,preprocess_Reading53.dat,Temporal + espectral,PC1 e PC2,0.2710981892527968
Piston,preprocess_Reading54.dat,Temporal + espectral,PC1 e PC2,0.24845640253150766
Piston,preprocess_Reading55.dat,Temporal + espectral,PC1 e PC2,0.27297982221936773
Piston,preprocess_Reading56.dat,Temporal + espectral,PC1 e PC2,0.26747896672539395
Piston,preprocess_Reading57.dat,Temporal + espectral,PC1 e PC2,0.07693760041115048
Piston,preprocess_Reading58.dat,Temporal + espectral,PC1 e PC2,0.19026957405314768
Piston,preprocess_Reading59.dat,Temporal + espectral,PC1 e PC2,0.2660401967204777
Piston,preprocess_Reading60.dat,Temporal + espectral,PC1 e PC2,0.27180921009318504
Piston,preprocess_Reading61.dat,Temporal + espectral,PC1 e PC2,0.2736899183036686
Piston,preprocess_Reading62.dat,Temporal + espectral,PC1 e PC2,0.26520965847411493
Piston,preprocess_Reading63.dat,Temporal + espectral,PC1 e PC2,0.19060841428403177
Piston,preprocess_Reading64.dat,Temporal + espectral,PC1 e PC2,0.23908721057602014
Piston,preprocess_Reading65.dat,Temporal + espectral,PC1 e PC2,0.24747007940698204
Piston,preprocess_Reading66.dat,Temporal + espectral,PC1 e PC2,0.14166133098881675
Piston,preprocess_Reading67.dat,Temporal + espectral,PC1 e PC2,0.1152126517533787
Piston,preprocess_Reading68.dat,Temporal + espectral,PC1 e PC2,0.21758310576222478
Piston,preprocess_Reading69.dat,Temporal + espectral,PC1 e PC2,0.21584559701442518
Piston,preprocess_Reading70.dat,Temporal + espectral,PC1 e PC2,0.2041703412853613
Piston,preprocess_Reading71.dat,Temporal + espectral,PC1 e PC2,0.11734089550918173
Piston,preprocess_Reading72.dat,Temporal + espectral,PC1 e PC2,0.16096086960996925
Piston,preprocess_Reading73.dat,Temporal + espectral,PC1 e PC2,-0.04281724976663503
Piston,preprocess_Reading74.dat,Temporal + espectral,PC1 e PC2,0.13167358115766056
Piston,preprocess_Reading75.dat,Temporal + espectral,PC1 e PC2,-0.1136298749903285
Piston,preprocess_Reading76.dat,Temporal + espectral,PC1 e PC2,-0.6153992293598591
Piston,preprocess_Reading77.dat,Temporal + espectral,PC1 e PC2,-0.5156688230427708
Piston,preprocess_Reading78.dat,Temporal + espectral,PC1 e PC2,-0.49990880772498103
Piston,preprocess_Reading79.dat,Temporal + espectral,PC1 e PC2,-0.46645740648659695
Piston,preprocess_Reading80.dat,Temporal + espectral,PC1 e PC2,-0.4814085447534323
Piston,preprocess_Reading81.dat,Temporal + espectral,PC1 e PC2,-0.49402824563229797
Piston,preprocess_Reading82.dat,Temporal + espectral,PC1 e PC2,-0.43556118784060177
Piston,preprocess_Reading83.dat,Temporal + espectral,PC1 e PC2,-0.3146075156443996
Piston,preprocess_Reading84.dat,Temporal + espectral,PC1 e PC2,-0.36204365520847387
Piston,preprocess_Reading85.dat,Temporal + espectral,PC1 e PC2,-0.4062724067385087
Piston,preprocess_Reading86.dat,Temporal + espectral,PC1 e PC2,-0.39132049805462804
Piston,preprocess_Reading87.dat,Temporal + espectral,PC1 e PC2,-0.2819985028974389
Piston,preprocess_Reading88.dat,Temporal + espectral,PC1 e PC2,-0.2657292118337127
Piston,preprocess_Reading89.dat,Temporal + espectral,PC1 e PC2,-0.32838354008012915
Piston,preprocess_Reading90.dat,Temporal + espectral,PC1 e PC2,-0.18037597556021556
Piston,preprocess_Reading91.dat,Temporal + espectral,PC1 e PC2,-0.17358386928938366
Piston,preprocess_Reading92.dat,Temporal + espectral,PC1 e PC2,-0.24397363479524808
Piston,preprocess_Reading93.dat,Temporal + espectral,PC1 e PC2,-0.13852902012862817
Piston,preprocess_Reading94.dat,Temporal + espectral,PC1 e PC2,-0.20497666009283552
Piston,preprocess_Reading95.dat,Temporal + espectral,PC1 e PC2,-0.11056922560277699
Piston,preprocess_Reading96.dat,Temporal + espectral,PC1 e PC2,-0.05150375826259735
Piston,preprocess_Reading97.dat,Temporal + espectral,PC1 e PC2,0.17362411783575518
Piston,preprocess_Reading98.dat,Temporal + espectral,PC1 e PC2,0.06986049799505822
Piston,preprocess_Reading99.dat,Temporal + espectral,PC1 e PC2,0.07446810792368017
Piston,preprocess_Reading100.dat,Temporal + espectral,PC1 e PC2,0.2405839763376306
Piston,preprocess_Reading101.dat,Temporal + espectral,PC1 e PC2,0.21628081807408636
Piston,preprocess_Reading102.dat,Temporal + espectral,PC1 e PC2,0.13624314616008806
Piston,preprocess_Reading103.dat,Temporal + espectral,PC1 e PC2,0.23497035836132948
Piston,preprocess_Reading104.dat,Temporal + espectral,PC1 e PC2,0.18321497751023266
Piston,preprocess_Reading105.dat,Temporal + espectral,PC1 e PC2,0.2738412304606382
Piston,preprocess_Reading106.dat,Temporal + espectral,PC1 e PC2,0.25445809507170997
Piston,preprocess_Reading107.dat,Temporal + espectral,PC1 e PC2,0.2586561300338899
Piston,preprocess_Reading108.dat,Temporal + espectral,PC1 e PC2,0.25689712704347145
Piston,preprocess_Reading109.dat,Temporal + espectral,PC1 e PC2,0.2410243975901037
Piston,preprocess_Reading110.dat,Temporal + espectral,PC1 e PC2,0.1351454481095893
Piston,preprocess_Reading111.dat,Temporal + espectral,PC1 e PC2,0.22114134540204702
Piston,preprocess_Reading112.dat,Temporal + espectral,PC1 e PC2,0.16946808758954318
Piston,preprocess_Reading113.dat,Temporal + espectral,PC1 e PC2,0.08387511104910385
Piston,preprocess_Reading114.dat,Temporal + espectral,PC1 e PC2,0.1668414604846289
Piston,preprocess_Reading115.dat,Temporal + espectral,PC1 e PC2,0.21030785103012864
Piston,preprocess_Reading116.dat,Temporal + espectral,PC1 e PC2,0.2599223894093293
Piston,preprocess_Reading117.dat,Temporal + espectral,PC1 e PC2,0.07416665972767018
Piston,preprocess_Reading118.dat,Temporal + espectral,PC1 e PC2,0.16569724750322368
Piston,preprocess_Reading119.dat,Temporal + espectral,PC1 e PC2,0.18695344564187746
Piston,preprocess_Reading120.dat,Temporal + espectral,PC1 e PC2,0.2336837373549138
Piston,preprocess_Reading121.dat,Temporal + espectral,PC1 e PC2,0.22676071634301198
Piston,preprocess_Reading122.dat,Temporal + espectral,PC1 e PC2,-0.10446344199795242
Piston,preprocess_Reading123.dat,Temporal + espectral,PC1 e PC2,0.1694149774177533
Piston,preprocess_Reading124.dat,Temporal + espectral,PC1 e PC2,0.2518617933508996
Piston,preprocess_Reading125.dat,Temporal + espectral,PC1 e PC2,0.21355481587316152
Piston,preprocess_Reading126.dat,Temporal + espectral,PC1 e PC2,0.2418953606772084
Piston,preprocess_Reading127.dat,Temporal + espectral,PC1 e PC2,0.27163127819848215
Piston,preprocess_Reading128.dat,Temporal + espectral,PC1 e PC2,0.14012745938383572
Piston,preprocess_Reading129.dat,Temporal + espectral,PC1 e PC2,0.05522933495164784
Piston,preprocess_Reading130.dat,Temporal + espectral,PC1 e PC2,0.049102344405728894
Piston,preprocess_Reading131.dat,Temporal + espectral,PC1 e PC2,0.1926318617488214
Piston,preprocess_Reading132.dat,Temporal + espectral,PC1 e PC2,0.25868010241856426
Piston,preprocess_Reading133.dat,Temporal + espectral,PC1 e PC2,0.23123434012970784
Piston,preprocess_Reading134.dat,Temporal + espectral,PC1 e PC2,0.14978980460050167
Piston,preprocess_Reading135.dat,Temporal + espectral,PC1 e PC2,0.1864397096281065
Piston,preprocess_Reading136.dat,Temporal + espectral,PC1 e PC2,0.2159457313430862
Piston,preprocess_Reading137.dat,Temporal + espectral,PC1 e PC2,0.21112380139707257
Piston,preprocess_Reading138.dat,Temporal + espectral,PC1 e PC2,0.23553203055454341
Piston,preprocess_Reading139.dat,Temporal + espectral,PC1 e PC2,0.2124886216934307
Piston,preprocess_Reading140.dat,Temporal + espectral,PC1 e PC2,0.25571985759254834
Piston,preprocess_Reading141.dat,Temporal + espectral,PC1 e PC2,0.1950375617484792
Piston,preprocess_Reading142.dat,Temporal + espectral,PC1 e PC2,0.1993200608568758
Piston,preprocess_Reading143.dat,Temporal + espectral,PC1 e PC2,-0.11394894863824864
Piston,preprocess_Reading144.dat,Temporal + espectral,PC1 e PC2,0.22926440306649862
Piston,preprocess_Reading145.dat,Temporal + espectral,PC1 e PC2,0.1951555346033105
Piston,preprocess_Reading146.dat,Temporal + espectral,PC1 e PC2,-0.047822063984000435
Piston,preprocess_Reading147.dat,Temporal + espectral,PC1 e PC2,0.1188769412435147
Piston,preprocess_Reading148.dat,Temporal + espectral,PC1 e PC2,-0.16018150232962802
Piston,preprocess_Reading149.dat,Temporal + espectral,PC1 e PC2,-0.023664413654354104
Piston,preprocess_Reading150.dat,Temporal + espectral,PC1 e PC2,0.10054596114311035
Piston,preprocess_Reading151.dat,Temporal + espectral,PC1 e PC2,-0.4781846159973672
Piston,preprocess_Reading152.dat,Temporal + espectral,PC1 e PC2,-0.533880402062927
Piston,preprocess_Reading153.dat,Temporal + espectral,PC1 e PC2,-0.5980689824268812
Piston,preprocess_Reading154.dat,Temporal + espectral,PC1 e PC2,-0.536476053525623
Piston,preprocess_Reading155.dat,Temporal + espectral,PC1 e PC2,-0.49808923418678364
Piston,preprocess_Reading156.dat,Temporal + espectral,PC1 e PC2,-0.493925030427317
Piston,preprocess_Reading157.dat,Temporal + espectral,PC1 e PC2,-0.32161813039740417
Piston,preprocess_Reading158.dat,Temporal + espectral,PC1 e PC2,-0.44703203552414206
Piston,preprocess_Reading159.dat,Temporal + espectral,PC1 e PC2,-0.479322390829604
Piston,preprocess_Reading160.dat,Temporal + espectral,PC1 e PC2,-0.44371934239944605
Piston,preprocess_Reading161.dat,Temporal + espectral,PC1 e PC2,-0.4947501499082406
Piston,preprocess_Reading162.dat,Temporal + espectral,PC1 e PC2,-0.48732311963557773
Piston,preprocess_Reading163.dat,Temporal + espectral,PC1 e PC2,-0.39155749266272255
Piston,preprocess_Reading164.dat,Temporal + espectral,PC1 e PC2,-0.37162735536962854
Piston,preprocess_Reading165.dat,Temporal + espectral,PC1 e PC2,-0.31796131099392905
Piston,preprocess_Reading166.dat,Temporal + espectral,PC1 e PC2,-0.30759963926276673
Piston,preprocess_Reading167.dat,Temporal + espectral,PC1 e PC2,-0.26943290319656144
Piston,preprocess_Reading168.dat,Temporal + espectral,PC1 e PC2,-0.2704219704370251
Piston,preprocess_Reading169.dat,Temporal + espectral,PC1 e PC2,-0.03784937527441618
Piston,preprocess_Reading170.dat,Temporal + espectral,PC1 e PC2,0.07152791327399911
Piston,preprocess_Reading171.dat,Temporal + espectral,PC1 e PC2,-0.008939302316781712
Piston,preprocess_Reading172.dat,Temporal + espectral,PC1 e PC2,-0.04789148222357392
Piston,preprocess_Reading173.dat,Temporal + espectral,PC1 e PC2,-0.01539175634152732
Piston,preprocess_Reading174.dat,Temporal + espectral,PC1 e PC2,0.18390944465914977
Piston,preprocess_Reading175.dat,Temporal + espectral,PC1 e PC2,0.05153937316337706
Piston,preprocess_Reading176.dat,Temporal + espectral,PC1 e PC2,0.2264982088265639
Piston,preprocess_Reading177.dat,Temporal + espectral,PC1 e PC2,0.19362094501772856
Piston,preprocess_Reading178.dat,Temporal + espectral,PC1 e PC2,0.14821125591615097
Piston,preprocess_Reading179.dat,Temporal + espectral,PC1 e PC2,-0.06992629389364469
Piston,preprocess_Reading180.dat,Temporal + espectral,PC1 e PC2,0.10095136075933372
Piston,preprocess_Reading181.dat,Temporal + espectral,PC1 e PC2,-0.08425776655083975
Piston,preprocess_Reading182.dat,Temporal + espectral,PC1 e PC2,-0.11418011544841519
Piston,preprocess_Reading183.dat,Temporal + espectral,PC1 e PC2,-0.12818594042170497
Piston,preprocess_Reading184.dat,Temporal + espectral,PC1 e PC2,0.12378082818801354
Piston,preprocess_Reading185.dat,Temporal + espectral,PC1 e PC2,0.10319575062302956
Piston,preprocess_Reading186.dat,Temporal + espectral,PC1 e PC2,0.24361829662050435
Piston,preprocess_Reading187.dat,Temporal + espectral,PC1 e PC2,0.21712190323948238
Piston,preprocess_Reading188.dat,Temporal + espectral,PC1 e PC2,-0.04198640868963512
Piston,preprocess_Reading189.dat,Temporal + espectral,PC1 e PC2,0.019904695993083345
Piston,preprocess_Reading190.dat,Temporal + espectral,PC1 e PC2,0.20461567832240013
Piston,preprocess_Reading191.dat,Temporal + espectral,PC1 e PC2,0.07286990287425588
Piston,preprocess_Reading192.dat,Temporal + espectral,PC1 e PC2,0.2158633229640156
Piston,preprocess_Reading193.dat,Temporal + espectral,PC1 e PC2,0.12625010998835753
Piston,preprocess_Reading194.dat,Temporal + espectral,PC1 e PC2,-0.10997275318293809
Piston,preprocess_Reading195.dat,Temporal + espectral,PC1 e PC2,0.22369120220151054
Piston,preprocess_Reading196.dat,Temporal + espectral,PC1 e PC2,0.17479871501594407
Piston,preprocess_Reading197.dat,Temporal + espectral,PC1 e PC2,0.13148666681802493
Piston,preprocess_Reading198.dat,Temporal + espectral,PC1 e PC2,0.15277807224013668
Piston,preprocess_Reading199.dat,Temporal + espectral,PC1 e PC2,0.23180599971331234
Piston,preprocess_Reading200.dat,Temporal + espectral,PC1 e PC2,0.22321755879314328
Piston,preprocess_Reading201.dat,Temporal + espectral,PC1 e PC2,0.22838698294482543
Piston,preprocess_Reading202.dat,Temporal + espectral,PC1 e PC2,0.16124687886499042
Piston,preprocess_Reading203.dat,Temporal + espectral,PC1 e PC2,0.16688795920231475
Piston,preprocess_Reading204.dat,Temporal + espectral,PC1 e PC2,0.27375777755082004
Piston,preprocess_Reading205.dat,Temporal + espectral,PC1 e PC2,0.2476708755609562
Piston,preprocess_Reading206.dat,Temporal + espectral,PC1 e PC2,0.23017829067020265
Piston,preprocess_Reading207.dat,Temporal + espectral,PC1 e PC2,0.26629865957105775
Piston,preprocess_Reading208.dat,Temporal + espectral,PC1 e PC2,0.21908561276462676
Piston,preprocess_Reading209.dat,Temporal + espectral,PC1 e PC2,0.2730377515229762
Piston,preprocess_Reading210.dat,Temporal + espectral,PC1 e PC2,0.055486037998779915
Piston,preprocess_Reading211.dat,Temporal + espectral,PC1 e PC2,0.24898893073524297
Piston,preprocess_Reading212.dat,Temporal + espectral,PC1 e PC2,-0.01555290474006419
Piston,preprocess_Reading213.dat,Temporal + espectral,PC1 e PC2,-0.14132589239766302
Piston,preprocess_Reading214.dat,Temporal + espectral,PC1 e PC2,-0.03487986715288221
Piston,preprocess_Reading215.dat,Temporal + espectral,PC1 e PC2,0.07199921714776115
Piston,preprocess_Reading216.dat,Temporal + espectral,PC1 e PC2,0.1514594939449054
Piston,preprocess_Reading217.dat,Temporal + espectral,PC1 e PC2,-0.0002467718609481619
Piston,preprocess_Reading218.dat,Temporal + espectral,PC1 e PC2,0.12074470864013814
Piston,preprocess_Reading219.dat,Temporal + espectral,PC1 e PC2,-0.11586670714196891
Piston,preprocess_Reading220.dat,Temporal + espectral,PC1 e PC2,0.1151976960785873
Piston,preprocess_Reading221.dat,Temporal + espectral,PC1 e PC2,-0.019538404313940695
Piston,preprocess_Reading222.dat,Temporal + espectral,PC1 e PC2,-0.042865609019469904
Piston,preprocess_Reading223.dat,Temporal + espectral,PC1 e PC2,0.02979804404553407
Piston,preprocess_Reading224.dat,Temporal + espectral,PC1 e PC2,0.036448556292217354
Piston,preprocess_Reading225.dat,Temporal + espectral,PC1 e PC2,-0.1412265725228858
Riderbelt,preprocess_Reading1.dat,Temporal + espectral,PC1 e PC2,0.3798732321550026
Riderbelt,preprocess_Reading2.dat,Temporal + espectral,PC1 e PC2,0.366589218415723
Riderbelt,preprocess_Reading3.dat,Temporal + espectral,PC1 e PC2,0.5778284778138262
Riderbelt,preprocess_Reading4.dat,Temporal + espectral,PC1 e PC2,-0.2727962316115559
Riderbelt,preprocess_Reading5.dat,Temporal + espectral,PC1 e PC2,-0.5714403342242267
Riderbelt,preprocess_Reading6.dat,Temporal + espectral,PC1 e PC2,0.1388038402319664
Riderbelt,preprocess_Reading7.dat,Temporal + espectral,PC1 e PC2,0.5175659079460713
Riderbelt,preprocess_Reading8.dat,Temporal + espectral,PC1 e PC2,0.5480264806752759
Riderbelt,preprocess_Reading9.dat,Temporal + espectral,PC1 e PC2,0.5308041272240672
Riderbelt,preprocess_Reading10.dat,Temporal + espectral,PC1 e PC2,0.494158009534887
Riderbelt,preprocess_Reading11.dat,Temporal + espectral,PC1 e PC2,0.5612407471209102
Riderbelt,preprocess_Reading12.dat,Temporal + espectral,PC1 e PC2,0.5590635434383794
Riderbelt,preprocess_Reading13.dat,Temporal + espectral,PC1 e PC2,0.5435409398439263
Riderbelt,preprocess_Reading14.dat,Temporal + espectral,PC1 e PC2,0.4834411429204678
Riderbelt,preprocess_Reading15.dat,Temporal + espectral,PC1 e PC2,0.5845017294880032
Riderbelt,preprocess_Reading16.dat,Temporal + espectral,PC1 e PC2,0.5908144243897673
Riderbelt,preprocess_Reading17.dat,Temporal + espectral,PC1 e PC2,0.5585041987495967
Riderbelt,preprocess_Reading18.dat,Temporal + espectral,PC1 e PC2,0.5329764521939556
Riderbelt,preprocess_Reading19.dat,Temporal + espectral,PC1 e PC2,0.49137924843705655
Riderbelt,preprocess_Reading20.dat,Temporal + espectral,PC1 e PC2,0.4893615320297085
Riderbelt,preprocess_Reading21.dat,Temporal + espectral,PC1 e PC2,0.5248626243050188
Riderbelt,preprocess_Reading22.dat,Temporal + espectral,PC1 e PC2,0.5419339906956445
Riderbelt,preprocess_Reading23.dat,Temporal + espectral,PC1 e PC2,0.6132923052618982
Riderbelt,preprocess_Reading24.dat,Temporal + espectral,PC1 e PC2,0.5813594649619903
Riderbelt,preprocess_Reading25.dat,Temporal + espectral,PC1 e PC2,0.5209413480887473
Riderbelt,preprocess_Reading26.dat,Temporal + espectral,PC1 e PC2,0.3484295354819817
Riderbelt,preprocess_Reading27.dat,Temporal + espectral,PC1 e PC2,0.4969980439230576
Riderbelt,preprocess_Reading28.dat,Temporal + espectral,PC1 e PC2,0.3276265882214233
Riderbelt,preprocess_Reading29.dat,Temporal + espectral,PC1 e PC2,0.4404171423849352
Riderbelt,preprocess_Reading30.dat,Temporal + espectral,PC1 e PC2,0.5181363432480416
Riderbelt,preprocess_Reading31.dat,Temporal + espectral,PC1 e PC2,0.5036967921664093
Riderbelt,preprocess_Reading32.dat,Temporal + espectral,PC1 e PC2,0.3816126859997958
Riderbelt,preprocess_Reading33.dat,Temporal + espectral,PC1 e PC2,0.47307307690128236
Riderbelt,preprocess_Reading34.dat,Temporal + espectral,PC1 e PC2,0.5688970052352568
Riderbelt,preprocess_Reading35.dat,Temporal + espectral,PC1 e PC2,0.4596974115228964
Riderbelt,preprocess_Reading36.dat,Temporal + espectral,PC1 e PC2,0.3713349635259285
Riderbelt,preprocess_Reading37.dat,Temporal + espectral,PC1 e PC2,-0.5056913689119011
Riderbelt,preprocess_Reading38.dat,Temporal + espectral,PC1 e PC2,-0.0698989566635131
Riderbelt,preprocess_Reading39.dat,Temporal + espectral,PC1 e PC2,0.46768597703451875
Riderbelt,preprocess_Reading40.dat,Temporal + espectral,PC1 e PC2,0.4161067840488664
Riderbelt,preprocess_Reading41.dat,Temporal + espectral,PC1 e PC2,0.17358675934054288
Riderbelt,preprocess_Reading42.dat,Temporal + espectral,PC1 e PC2,0.4419756207222145
Riderbelt,preprocess_Reading43.dat,Temporal + espectral,PC1 e PC2,0.52069749284722
Riderbelt,preprocess_Reading44.dat,Temporal + espectral,PC1 e PC2,0.06006365596950019
Riderbelt,preprocess_Reading45.dat,Temporal + espectral,PC1 e PC2,0.17997296578280886
Riderbelt,preprocess_Reading46.dat,Temporal + espectral,PC1 e PC2,-0.09870597573039916
Riderbelt,preprocess_Reading47.dat,Temporal + espectral,PC1 e PC2,0.1185296765215193
Riderbelt,preprocess_Reading48.dat,Temporal + espectral,PC1 e PC2,0.12649772508685617
Riderbelt,preprocess_Reading49.dat,Temporal + espectral,PC1 e PC2,-0.18393630155605314
Riderbelt,preprocess_Reading50.dat,Temporal + espectral,PC1 e PC2,-0.28496366552925556
Riderbelt,preprocess_Reading51.dat,Temporal + espectral,PC1 e PC2,0.3536665254113582
Riderbelt,preprocess_Reading52.dat,Temporal + espectral,PC1 e PC2,0.5222863175593301
Riderbelt,preprocess_Reading53.dat,Temporal + espectral,PC1 e PC2,-0.0646940371958067
Riderbelt,preprocess_Reading54.dat,Temporal + espectral,PC1 e PC2,0.18076571712943007
Riderbelt,preprocess_Reading55.dat,Temporal + espectral,PC1 e PC2,-0.02996644949282578
Riderbelt,preprocess_Reading56.dat,Temporal + espectral,PC1 e PC2,0.5228120403233614
Riderbelt,preprocess_Reading57.dat,Temporal + espectral,PC1 e PC2,0.22946613846516278
Riderbelt,preprocess_Reading58.dat,Temporal + espectral,PC1 e PC2,0.044070682088995415
Riderbelt,preprocess_Reading59.dat,Temporal + espectral,PC1 e PC2,0.53109364804241
Riderbelt,preprocess_Reading60.dat,Temporal + espectral,PC1 e PC2,0.21013206356409395
Riderbelt,preprocess_Reading61.dat,Temporal + espectral,PC1 e PC2,0.46387008559576565
Riderbelt,preprocess_Reading62.dat,Temporal + espectral,PC1 e PC2,0.535803986130661
Riderbelt,preprocess_Reading63.dat,Temporal + espectral,PC1 e PC2,0.6128199379064291
Riderbelt,preprocess_Reading64.dat,Temporal + espectral,PC1 e PC2,0.5527237811691202
Riderbelt,preprocess_Reading65.dat,Temporal + espectral,PC1 e PC2,0.5612401678172886
Riderbelt,preprocess_Reading66.dat,Temporal + espectral,PC1 e PC2,0.5673097117765655
Riderbelt,preprocess_Reading67.dat,Temporal + espectral,PC1 e PC2,0.5611007942181899
Riderbelt,preprocess_Reading68.dat,Temporal + espectral,PC1 e PC2,0.592478361873741
Riderbelt,preprocess_Reading69.dat,Temporal + espectral,PC1 e PC2,0.46820698463881194
Riderbelt,preprocess_Reading70.dat,Temporal + espectral,PC1 e PC2,0.5198182338738719
Riderbelt,preprocess_Reading71.dat,Temporal + espectral,PC1 e PC2,0.5127037857294181
Riderbelt,preprocess_Reading72.dat,Temporal + espectral,PC1 e PC2,0.44859585090558785
Riderbelt,preprocess_Reading73.dat,Temporal + espectral,PC1 e PC2,0.5724733356499688
Riderbelt,preprocess_Reading74.dat,Temporal + espectral,PC1 e PC2,0.6057636546259647
Riderbelt,preprocess_Reading75.dat,Temporal + espectral,PC1 e PC2,0.4603583386064844
Riderbelt,preprocess_Reading76.dat,Temporal + espectral,PC1 e PC2,0.49828144930757035
Riderbelt,preprocess_Reading77.dat,Temporal + espectral,PC1 e PC2,0.48975240117398755
Riderbelt,preprocess_Reading78.dat,Temporal + espectral,PC1 e PC2,-0.06444533824802318
Riderbelt,preprocess_Reading79.dat,Temporal + espectral,PC1 e PC2,0.49529068234668283
Riderbelt,preprocess_Reading80.dat,Temporal + espectral,PC1 e PC2,0.5767868574123438
Riderbelt,preprocess_Reading81.dat,Temporal + espectral,PC1 e PC2,-0.11682335178732624
Riderbelt,preprocess_Reading82.dat,Temporal + espectral,PC1 e PC2,0.4962494280448342
Riderbelt,preprocess_Reading83.dat,Temporal + espectral,PC1 e PC2,0.5252503164415544
Riderbelt,preprocess_Reading84.dat,Temporal + espectral,PC1 e PC2,0.37068709987896414
Riderbelt,preprocess_Reading85.dat,Temporal + espectral,PC1 e PC2,0.199231565250493
Riderbelt,preprocess_Reading86.dat,Temporal + espectral,PC1 e PC2,0.37545994987118
Riderbelt,preprocess_Reading87.dat,Temporal + espectral,PC1 e PC2,0.004494532333433687
Riderbelt,preprocess_Reading88.dat,Temporal + espectral,PC1 e PC2,-0.3659150197781445
Riderbelt,preprocess_Reading89.dat,Temporal + espectral,PC1 e PC2,0.08435263019969921
Riderbelt,preprocess_Reading90.dat,Temporal + espectral,PC1 e PC2,0.4741253990937433
Riderbelt,preprocess_Reading91.dat,Temporal + espectral,PC1 e PC2,0.49647067564694797
Riderbelt,preprocess_Reading92.dat,Temporal + espectral,PC1 e PC2,0.4690389385947208
Riderbelt,preprocess_Reading93.dat,Temporal + espectral,PC1 e PC2,0.61152886668091
Riderbelt,preprocess_Reading94.dat,Temporal + espectral,PC1 e PC2,0.518197754010632
Riderbelt,preprocess_Reading95.dat,Temporal + espectral,PC1 e PC2,0.5520030944101775
Riderbelt,preprocess_Reading96.dat,Temporal + espectral,PC1 e PC2,0.5838768555950835
Riderbelt,preprocess_Reading97.dat,Temporal + espectral,PC1 e PC2,0.5727983687016349
Riderbelt,preprocess_Reading98.dat,Temporal + espectral,PC1 e PC2,0.6037775538576771
Riderbelt,preprocess_Reading99.dat,Temporal + espectral,PC1 e PC2,0.5796240432650956
Riderbelt,preprocess_Reading100.dat,Temporal + espectral,PC1 e PC2,0.5255930312817605
Riderbelt,preprocess_Reading101.dat,Temporal + espectral,PC1 e PC2,0.016397713370723564
Riderbelt,preprocess_Reading102.dat,Temporal + espectral,PC1 e PC2,0.4652199527165839
Riderbelt,preprocess_Reading103.dat,Temporal + espectral,PC1 e PC2,0.24758056220806557
Riderbelt,preprocess_Reading104.dat,Temporal + espectral,PC1 e PC2,0.2671487411237164
Riderbelt,preprocess_Reading105.dat,Temporal + espectral,PC1 e PC2,-0.2810930090395197
Riderbelt,preprocess_Reading106.dat,Temporal + espectral,PC1 e PC2,-0.24436708663705187
Riderbelt,preprocess_Reading107.dat,Temporal + espectral,PC1 e PC2,0.24800440612303754
Riderbelt,preprocess_Reading108.dat,Temporal + espectral,PC1 e PC2,0.12961704399453802
Riderbelt,preprocess_Reading109.dat,Temporal + espectral,PC1 e PC2,0.44854637500338945
Riderbelt,preprocess_Reading110.dat,Temporal + espectral,PC1 e PC2,-0.28604601283221565
Riderbelt,preprocess_Reading111.dat,Temporal + espectral,PC1 e PC2,0.16723036883383172
Riderbelt,preprocess_Reading112.dat,Temporal + espectral,PC1 e PC2,0.3054464498859632
Riderbelt,preprocess_Reading113.dat,Temporal + espectral,PC1 e PC2,-0.2206101357767429
Riderbelt,preprocess_Reading114.dat,Temporal + espectral,PC1 e PC2,-0.13324776780141662
Riderbelt,preprocess_Reading115.dat,Temporal + espectral,PC1 e PC2,0.005519609327929984
Riderbelt,preprocess_Reading116.dat,Temporal + espectral,PC1 e PC2,-0.2532270925421851
Riderbelt,preprocess_Reading117.dat,Temporal + espectral,PC1 e PC2,0.02957701011702592
Riderbelt,preprocess_Reading118.dat,Temporal + espectral,PC1 e PC2,0.05471151441709282
Riderbelt,preprocess_Reading119.dat,Temporal + espectral,PC1 e PC2,0.3257467415775601
Riderbelt,preprocess_Reading120.dat,Temporal + espectral,PC1 e PC2,0.19407619349847882
Riderbelt,preprocess_Reading121.dat,Temporal + espectral,PC1 e PC2,-0.18094445161325567
Riderbelt,preprocess_Reading122.dat,Temporal + espectral,PC1 e PC2,0.21694029863248168
Riderbelt,preprocess_Reading123.dat,Temporal + espectral,PC1 e PC2,0.5902616536352981
Riderbelt,preprocess_Reading124.dat,Temporal + espectral,PC1 e PC2,-0.17847890757229523
Riderbelt,preprocess_Reading125.dat,Temporal + espectral,PC1 e PC2,0.48794054476289117
Riderbelt,preprocess_Reading126.dat,Temporal + espectral,PC1 e PC2,0.08713886617352062
Riderbelt,preprocess_Reading127.dat,Temporal + espectral,PC1 e PC2,0.4795872080745923
Riderbelt,preprocess_Reading128.dat,Temporal + espectral,PC1 e PC2,0.5816268298955838
Riderbelt,preprocess_Reading129.dat,Temporal + espectral,PC1 e PC2,0.356847121794606
Riderbelt,preprocess_Reading130.dat,Temporal + espectral,PC1 e PC2,-0.2726265832804151
Riderbelt,preprocess_Reading131.dat,Temporal + espectral,PC1 e PC2,0.29766745461301164
Riderbelt,preprocess_Reading132.dat,Temporal + espectral,PC1 e PC2,0.5775387442274622
Riderbelt,preprocess_Reading133.dat,Temporal + espectral,PC1 e PC2,0.46956589251803404
Riderbelt,preprocess_Reading134.dat,Temporal + espectral,PC1 e PC2,0.51194357917015
Riderbelt,preprocess_Reading135.dat,Temporal + espectral,PC1 e PC2,0.5372007502804628
Riderbelt,preprocess_Reading136.dat,Temporal + espectral,PC1 e PC2,0.32313662854895436
Riderbelt,preprocess_Reading137.dat,Temporal + espectral,PC1 e PC2,0.22215388000751707
Riderbelt,preprocess_Reading138.dat,Temporal + espectral,PC1 e PC2,-0.036537232785897544
Riderbelt,preprocess_Reading139.dat,Temporal + espectral,PC1 e PC2,0.4910821143181573
Riderbelt,preprocess_Reading140.dat,Temporal + espectral,PC1 e PC2,0.5869751868704852
Riderbelt,preprocess_Reading141.dat,Temporal + espectral,PC1 e PC2,0.5362194797895492
Riderbelt,preprocess_Reading142.dat,Temporal + espectral,PC1 e PC2,0.5989237790788322
Riderbelt,preprocess_Reading143.dat,Temporal + espectral,PC1 e PC2,0.587277672547161
Riderbelt,preprocess_Reading144.dat,Temporal + espectral,PC1 e PC2,0.5262716598357863
Riderbelt,preprocess_Reading145.dat,Temporal + espectral,PC1 e PC2,0.5836236739257188
Riderbelt,preprocess_Reading146.dat,Temporal + espectral,PC1 e PC2,0.6121055063926955
Riderbelt,preprocess_Reading147.dat,Temporal + espectral,PC1 e PC2,0.5660060333780792
Riderbelt,preprocess_Reading148.dat,Temporal + espectral,PC1 e PC2,0.607954290903158
Riderbelt,preprocess_Reading149.dat,Temporal + espectral,PC1 e PC2,0.5360937034226108
Riderbelt,preprocess_Reading150.dat,Temporal + espectral,PC1 e PC2,0.5116521873398687
Riderbelt,preprocess_Reading151.dat,Temporal + espectral,PC1 e PC2,0.5324591788528191
Riderbelt,preprocess_Reading152.dat,Temporal + espectral,PC1 e PC2,0.5642070890812263
Riderbelt,preprocess_Reading153.dat,Temporal + espectral,PC1 e PC2,0.3869091904013943
Riderbelt,preprocess_Reading154.dat,Temporal + espectral,PC1 e PC2,-0.13746322014733148
Riderbelt,preprocess_Reading155.dat,Temporal + espectral,PC1 e PC2,0.5787505291933854
Riderbelt,preprocess_Reading156.dat,Temporal + espectral,PC1 e PC2,0.41074798834767723
Riderbelt,preprocess_Reading157.dat,Temporal + espectral,PC1 e PC2,0.5379304477250982
Riderbelt,preprocess_Reading158.dat,Temporal + espectral,PC1 e PC2,0.5816176698534103
Riderbelt,preprocess_Reading159.dat,Temporal + espectral,PC1 e PC2,0.6041029791226442
Riderbelt,preprocess_Reading160.dat,Temporal + espectral,PC1 e PC2,0.6074548028383311
Riderbelt,preprocess_Reading161.dat,Temporal + espectral,PC1 e PC2,0.5989513207998161
Riderbelt,preprocess_Reading162.dat,Temporal + espectral,PC1 e PC2,0.5847292629197065
Riderbelt,preprocess_Reading163.dat,Temporal + espectral,PC1 e PC2,0.5757999843222004
Riderbelt,preprocess_Reading164.dat,Temporal + espectral,PC1 e PC2,0.6099416900534169
Riderbelt,preprocess_Reading165.dat,Temporal + espectral,PC1 e PC2,0.5430110892166085
Riderbelt,preprocess_Reading166.dat,Temporal + espectral,PC1 e PC2,0.5366307112933837
Riderbelt,preprocess_Reading167.dat,Temporal + espectral,PC1 e PC2,0.6124072742470149
Riderbelt,preprocess_Reading168.dat,Temporal + espectral,PC1 e PC2,0.5952874333693006
Riderbelt,preprocess_Reading169.dat,Temporal + espectral,PC1 e PC2,0.3552883572042528
Riderbelt,preprocess_Reading170.dat,Temporal + espectral,PC1 e PC2,0.566646625368006
Riderbelt,preprocess_Reading171.dat,Temporal + espectral,PC1 e PC2,0.516165328467572
Riderbelt,preprocess_Reading172.dat,Temporal + espectral,PC1 e PC2,0.5919990207487025
Riderbelt,preprocess_Reading173.dat,Temporal + espectral,PC1 e PC2,0.5107476657305358
Riderbelt,preprocess_Reading174.dat,Temporal + espectral,PC1 e PC2,0.5844817721275666
Riderbelt,preprocess_Reading175.dat,Temporal + espectral,PC1 e PC2,0.6044556235371492
Riderbelt,preprocess_Reading176.dat,Temporal + espectral,PC1 e PC2,0.59045923319699
Riderbelt,preprocess_Reading177.dat,Temporal + espectral,PC1 e PC2,0.583948189611995
Riderbelt,preprocess_Reading178.dat,Temporal + espectral,PC1 e PC2,0.3689324629826396
Riderbelt,preprocess_Reading179.dat,Temporal + espectral,PC1 e PC2,0.29744310495590426
Riderbelt,preprocess_Reading180.dat,Temporal + espectral,PC1 e PC2,0.3817277832261969
Riderbelt,preprocess_Reading181.dat,Temporal + espectral,PC1 e PC2,0.5984640118993052
Riderbelt,preprocess_Reading182.dat,Temporal + espectral,PC1 e PC2,0.5892111206398758
Riderbelt,preprocess_Reading183.dat,Temporal + espectral,PC1 e PC2,0.17212557633508113
Riderbelt,preprocess_Reading184.dat,Temporal + espectral,PC1 e PC2,-0.3811380943862299
Riderbelt,preprocess_Reading185.dat,Temporal + espectral,PC1 e PC2,0.36793655196085695
Riderbelt,preprocess_Reading186.dat,Temporal + espectral,PC1 e PC2,0.532230642976199
Riderbelt,preprocess_Reading187.dat,Temporal + espectral,PC1 e PC2,0.5643549736850195
Riderbelt,preprocess_Reading188.dat,Temporal + espectral,PC1 e PC2,0.5097761062115546
Riderbelt,preprocess_Reading189.dat,Temporal + espectral,PC1 e PC2,0.5611087169575402
Riderbelt,preprocess_Reading190.dat,Temporal + espectral,PC1 e PC2,0.4708951657610325
Riderbelt,preprocess_Reading191.dat,Temporal + espectral,PC1 e PC2,0.5189013778951177
Riderbelt,preprocess_Reading192.dat,Temporal + espectral,PC1 e PC2,0.3323467956128499
Riderbelt,preprocess_Reading193.dat,Temporal + espectral,PC1 e PC2,0.5504274644531478
Riderbelt,preprocess_Reading194.dat,Temporal + espectral,PC1 e PC2,0.6095251921665064
Riderbelt,preprocess_Reading195.dat,Temporal + espectral,PC1 e PC2,0.5016494881342896
Riderbelt,preprocess_Reading196.dat,Temporal + espectral,PC1 e PC2,0.47516211400641944
Riderbelt,preprocess_Reading197.dat,Temporal + espectral,PC1 e PC2,0.12266256171462375
Riderbelt,preprocess_Reading198.dat,Temporal + espectral,PC1 e PC2,-0.13318864153282609
Riderbelt,preprocess_Reading199.dat,Temporal + espectral,PC1 e PC2,0.17508187931961292
Riderbelt,preprocess_Reading200.dat,Temporal + espectral,PC1 e PC2,0.17903299835814754
Riderbelt,preprocess_Reading201.dat,Temporal + espectral,PC1 e PC2,-0.10583607182478334
Riderbelt,preprocess_Reading202.dat,Temporal + espectral,PC1 e PC2,0.3216275055700552
Riderbelt,preprocess_Reading203.dat,Temporal + espectral,PC1 e PC2,0.5958316470815962
Riderbelt,preprocess_Reading204.dat,Temporal + espectral,PC1 e PC2,0.4083311278860781
Riderbelt,preprocess_Reading205.dat,Temporal + espectral,PC1 e PC2,0.5852711553039999
Riderbelt,preprocess_Reading206.dat,Temporal + espectral,PC1 e PC2,0.2936220616070461
Riderbelt,preprocess_Reading207.dat,Temporal + espectral,PC1 e PC2,0.40261964770936726
Riderbelt,preprocess_Reading208.dat,Temporal + espectral,PC1 e PC2,0.5106083547767826
Riderbelt,preprocess_Reading209.dat,Temporal + espectral,PC1 e PC2,0.06602204253894745
Riderbelt,preprocess_Reading210.dat,Temporal + espectral,PC1 e PC2,-0.16412289695089805
Riderbelt,preprocess_Reading211.dat,Temporal + espectral,PC1 e PC2,-0.21368660541759651
Riderbelt,preprocess_Reading212.dat,Temporal + espectral,PC1 e PC2,0.5065638497498786
Riderbelt,preprocess_Reading213.dat,Temporal + espectral,PC1 e PC2,0.5305232625256381
Riderbelt,preprocess_Reading214.dat,Temporal + espectral,PC1 e PC2,0.49920211878391957
Riderbelt,preprocess_Reading215.dat,Temporal + espectral,PC1 e PC2,0.43132525502343133
Riderbelt,preprocess_Reading216.dat,Temporal + espectral,PC1 e PC2,0.5000087054783707
Riderbelt,preprocess_Reading217.dat,Temporal + espectral,PC1 e PC2,0.5049016433020016
Riderbelt,preprocess_Reading218.dat,Temporal + espectral,PC1 e PC2,0.5326633072676705
Riderbelt,preprocess_Reading219.dat,Temporal + espectral,PC1 e PC2,0.5978345474402394
Riderbelt,preprocess_Reading220.dat,Temporal + espectral,PC1 e PC2,0.5535731461051497
Riderbelt,preprocess_Reading221.dat,Temporal + espectral,PC1 e PC2,0.6054045080305234
Riderbelt,preprocess_Reading222.dat,Temporal + espectral,PC1 e PC2,0.5534153646558028
Riderbelt,preprocess_Reading223.dat,Temporal + espectral,PC1 e PC2,0.5278494301771863
Riderbelt,preprocess_Reading224.dat,Temporal + espectral,PC1 e PC2,0.5847438630841035
Riderbelt,preprocess_Reading225.dat,Temporal + espectral,PC1 e PC2,0.5932193608265645
Healthy,preprocess_Reading1.dat,Temporal + espectral + Wavelet,Características completas,0.044234804644308276
Healthy,preprocess_Reading2.dat,Temporal + espectral + Wavelet,Características completas,0.23318994626652503
Healthy,preprocess_Reading3.dat,Temporal + espectral + Wavelet,Características completas,0.2546363258371579
Healthy,preprocess_Reading4.dat,Temporal + espectral + Wavelet,Características completas,0.47374081855838157
Healthy,preprocess_Reading5.dat,Temporal + espectral + Wavelet,Características completas,0.4707881361638692
Healthy,preprocess_Reading6.dat,Temporal + espectral + Wavelet,Características completas,0.5266175142024436
Healthy,preprocess_Reading7.dat,Temporal + espectral + Wavelet,Características completas,0.4388480645331905
Healthy,preprocess_Reading8.dat,Temporal + espectral + Wavelet,Características completas,0.3257063996488258
Healthy,preprocess_Reading9.dat,Temporal + espectral + Wavelet,Características completas,0.47773167851196124
Healthy,preprocess_Reading10.dat,Temporal + espectral + Wavelet,Características completas,0.5960544335784078
Healthy,preprocess_Reading11.dat,Temporal + espectral + Wavelet,Características completas,0.480025565234003
Healthy,preprocess_Reading12.dat,Temporal + espectral + Wavelet,Características completas,0.5642001899507872
Healthy,preprocess_Reading13.dat,Temporal + espectral + Wavelet,Características completas,0.3782960298330806
Healthy,preprocess_Reading14.dat,Temporal + espectral + Wavelet,Características completas,0.38360620976354826
Healthy,preprocess_Reading15.dat,Temporal + espectral + Wavelet,Características completas,0.5647386665497681
Healthy,preprocess_Reading16.dat,Temporal + espectral + Wavelet,Características completas,0.4743034922335308
Healthy,preprocess_Reading17.dat,Temporal + espectral + Wavelet,Características completas,0.5125466015509629
Healthy,preprocess_Reading18.dat,Temporal + espectral + Wavelet,Características completas,0.5513869095980737
Healthy,preprocess_Reading19.dat,Temporal + espectral + Wavelet,Características completas,0.5808633864200501
Healthy,preprocess_Reading20.dat,Temporal + espectral + Wavelet,Características completas,0.5587875407117981
Healthy,preprocess_Reading21.dat,Temporal + espectral + Wavelet,Características completas,0.5042940733840473
Healthy,preprocess_Reading22.dat,Temporal + espectral + Wavelet,Características completas,0.6331885598789625
Healthy,preprocess_Reading23.dat,Temporal + espectral + Wavelet,Características completas,0.5761225156773504
Healthy,preprocess_Reading24.dat,Temporal + espectral + Wavelet,Características completas,0.5564872011473951
Healthy,preprocess_Reading25.dat,Temporal + espectral + Wavelet,Características completas,0.6270503918437704
Healthy,preprocess_Reading26.dat,Temporal + espectral + Wavelet,Características completas,0.49919167797406544
Healthy,preprocess_Reading27.dat,Temporal + espectral + Wavelet,Características completas,0.5587657959125125
Healthy,preprocess_Reading28.dat,Temporal + espectral + Wavelet,Características completas,0.5291458961681388
Healthy,preprocess_Reading29.dat,Temporal + espectral + Wavelet,Características completas,0.4224499587586116
Healthy,preprocess_Reading30.dat,Temporal + espectral + Wavelet,Características completas,0.5434302713618605
Healthy,preprocess_Reading31.dat,Temporal + espectral + Wavelet,Características completas,0.6297774572312322
Healthy,preprocess_Reading32.dat,Temporal + espectral + Wavelet,Características completas,0.570711811515957
Healthy,preprocess_Reading33.dat,Temporal + espectral + Wavelet,Características completas,0.43562156271706
Healthy,preprocess_Reading34.dat,Temporal + espectral + Wavelet,Características completas,0.3536485775705397
Healthy,preprocess_Reading35.dat,Temporal + espectral + Wavelet,Características completas,0.3617165209173825
Healthy,preprocess_Reading36.dat,Temporal + espectral + Wavelet,Características completas,0.5611958432908262
Healthy,preprocess_Reading37.dat,Temporal + espectral + Wavelet,Características completas,0.5960642163441232
Healthy,preprocess_Reading38.dat,Temporal + espectral + Wavelet,Características completas,0.2512199779241964
Healthy,preprocess_Reading39.dat,Temporal + espectral + Wavelet,Características completas,0.5864836136764775
Healthy,preprocess_Reading40.dat,Temporal + espectral + Wavelet,Características completas,0.5888195412511875
Healthy,preprocess_Reading41.dat,Temporal + espectral + Wavelet,Características completas,0.580268443006954
Healthy,preprocess_Reading42.dat,Temporal + espectral + Wavelet,Características completas,0.30585436372047664
Healthy,preprocess_Reading43.dat,Temporal + espectral + Wavelet,Características completas,0.49093283970345825
Healthy,preprocess_Reading44.dat,Temporal + espectral + Wavelet,Características completas,0.6294452191739818
Healthy,preprocess_Reading45.dat,Temporal + espectral + Wavelet,Características completas,0.5639513327940937
Healthy,preprocess_Reading46.dat,Temporal + espectral + Wavelet,Características completas,0.6357962539424092
Healthy,preprocess_Reading47.dat,Temporal + espectral + Wavelet,Características completas,0.48846249608614006
Healthy,preprocess_Reading48.dat,Temporal + espectral + Wavelet,Características completas,0.6361485734206421
Healthy,preprocess_Reading49.dat,Temporal + espectral + Wavelet,Características completas,0.5110173404002056
Healthy,preprocess_Reading50.dat,Temporal + espectral + Wavelet,Características completas,0.6339161850011021
Healthy,preprocess_Reading51.dat,Temporal + espectral + Wavelet,Características completas,0.4288851858021502
Healthy,preprocess_Reading52.dat,Temporal + espectral + Wavelet,Características completas,0.5604397152412688
Healthy,preprocess_Reading53.dat,Temporal + espectral + Wavelet,Características completas,0.5727368436975354
Healthy,preprocess_Reading54.dat,Temporal + espectral + Wavelet,Características completas,0.6103928757001332
Healthy,preprocess_Reading55.dat,Temporal + espectral + Wavelet,Características completas,0.4506580792799669
Healthy,preprocess_Reading56.dat,Temporal + espectral + Wavelet,Características completas,0.40818109478364456
Healthy,preprocess_Reading57.dat,Temporal + espectral + Wavelet,Características completas,0.621814115457482
Healthy,preprocess_Reading58.dat,Temporal + espectral + Wavelet,Características completas,0.600863774327421
Healthy,preprocess_Reading59.dat,Temporal + espectral + Wavelet,Características completas,0.5760821179618695
Healthy,preprocess_Reading60.dat,Temporal + espectral + Wavelet,Características completas,0.6106990951495701
Healthy,preprocess_Reading61.dat,Temporal + espectral + Wavelet,Características completas,0.62566341340332
Healthy,preprocess_Reading62.dat,Temporal + espectral + Wavelet,Características completas,0.4769116500513534
Healthy,preprocess_Reading63.dat,Temporal + espectral + Wavelet,Características completas,0.607569948971227
Healthy,preprocess_Reading64.dat,Temporal + espectral + Wavelet,Características completas,0.5680052274348752
Healthy,preprocess_Reading65.dat,Temporal + espectral + Wavelet,Características completas,0.5288519538342752
Healthy,preprocess_Reading66.dat,Temporal + espectral + Wavelet,Características completas,0.6183595926520093
Healthy,preprocess_Reading67.dat,Temporal + espectral + Wavelet,Características completas,0.6143513087467393
Healthy,preprocess_Reading68.dat,Temporal + espectral + Wavelet,Características completas,0.5330984803381569
Healthy,preprocess_Reading69.dat,Temporal + espectral + Wavelet,Características completas,0.5921852667222114
Healthy,preprocess_Reading70.dat,Temporal + espectral + Wavelet,Características completas,0.4841479543226675
Healthy,preprocess_Reading71.dat,Temporal + espectral + Wavelet,Características completas,0.5805678107222528
Healthy,preprocess_Reading72.dat,Temporal + espectral + Wavelet,Características completas,0.5347782003898198
Healthy,preprocess_Reading73.dat,Temporal + espectral + Wavelet,Características completas,0.5316295483437826
Healthy,preprocess_Reading74.dat,Temporal + espectral + Wavelet,Características completas,0.5697475274374442
Healthy,preprocess_Reading75.dat,Temporal + espectral + Wavelet,Características completas,0.4597131777015957
Healthy,preprocess_Reading76.dat,Temporal + espectral + Wavelet,Características completas,0.019043169214069577
Healthy,preprocess_Reading77.dat,Temporal + espectral + Wavelet,Características completas,0.11193592859270815
Healthy,preprocess_Reading78.dat,Temporal + espectral + Wavelet,Características completas,0.3703345371812421
Healthy,preprocess_Reading79.dat,Temporal + espectral + Wavelet,Características completas,0.4208707670004723
Healthy,preprocess_Reading80.dat,Temporal + espectral + Wavelet,Características completas,0.5341872287590489
Healthy,preprocess_Reading81.dat,Temporal + espectral + Wavelet,Características completas,0.5386450122913622
Healthy,preprocess_Reading82.dat,Temporal + espectral + Wavelet,Características completas,0.5395140339167921
Healthy,preprocess_Reading83.dat,Temporal + espectral + Wavelet,Características completas,0.48441877679028483
Healthy,preprocess_Reading84.dat,Temporal + espectral + Wavelet,Características completas,0.4392994901706543
Healthy,preprocess_Reading85.dat,Temporal + espectral + Wavelet,Características completas,0.45543480329732533
Healthy,preprocess_Reading86.dat,Temporal + espectral + Wavelet,Características completas,0.5303545388896352
Healthy,preprocess_Reading87.dat,Temporal + espectral + Wavelet,Características completas,0.5187317655479877
Healthy,preprocess_Reading88.dat,Temporal + espectral + Wavelet,Características completas,0.5264518974722041
Healthy,preprocess_Reading89.dat,Temporal + espectral + Wavelet,Características completas,0.6277626108855169
Healthy,preprocess_Reading90.dat,Temporal + espectral + Wavelet,Características completas,0.5533532589337289
Healthy,preprocess_Reading91.dat,Temporal + espectral + Wavelet,Características completas,0.5940095025140354
Healthy,preprocess_Reading92.dat,Temporal + espectral + Wavelet,Características completas,0.5328579897951412
Healthy,preprocess_Reading93.dat,Temporal + espectral + Wavelet,Características completas,0.5394184867715559
Healthy,preprocess_Reading94.dat,Temporal + espectral + Wavelet,Características completas,0.5115774354651969
Healthy,preprocess_Reading95.dat,Temporal + espectral + Wavelet,Características completas,0.5072643678378995
Healthy,preprocess_Reading96.dat,Temporal + espectral + Wavelet,Características completas,0.31207493578245216
Healthy,preprocess_Reading97.dat,Temporal + espectral + Wavelet,Características completas,0.5096704279720546
Healthy,preprocess_Reading98.dat,Temporal + espectral + Wavelet,Características completas,0.43140141109533875
Healthy,preprocess_Reading99.dat,Temporal + espectral + Wavelet,Características completas,0.5966028542859529
Healthy,preprocess_Reading100.dat,Temporal + espectral + Wavelet,Características completas,0.5838858212257863
Healthy,preprocess_Reading101.dat,Temporal + espectral + Wavelet,Características completas,0.6251900176833209
Healthy,preprocess_Reading102.dat,Temporal + espectral + Wavelet,Características completas,0.5085067531661788
Healthy,preprocess_Reading103.dat,Temporal + espectral + Wavelet,Características completas,0.6228344373290713
Healthy,preprocess_Reading104.dat,Temporal + espectral + Wavelet,Características completas,0.48287811627725824
Healthy,preprocess_Reading105.dat,Temporal + espectral + Wavelet,Características completas,0.5243956260133691
Healthy,preprocess_Reading106.dat,Temporal + espectral + Wavelet,Características completas,0.5405405135991878
Healthy,preprocess_Reading107.dat,Temporal + espectral + Wavelet,Características completas,0.6569422602299999
Healthy,preprocess_Reading108.dat,Temporal + espectral + Wavelet,Características completas,0.6306162942940476
Healthy,preprocess_Reading109.dat,Temporal + espectral + Wavelet,Características completas,0.5397086580620359
Healthy,preprocess_Reading110.dat,Temporal + espectral + Wavelet,Características completas,0.6432818352242089
Healthy,preprocess_Reading111.dat,Temporal + espectral + Wavelet,Características completas,0.6361075414620849
Healthy,preprocess_Reading112.dat,Temporal + espectral + Wavelet,Características completas,0.6143599265993903
Healthy,preprocess_Reading113.dat,Temporal + espectral + Wavelet,Características completas,0.5554286689938035
Healthy,preprocess_Reading114.dat,Temporal + espectral + Wavelet,Características completas,0.5962458745158032
Healthy,preprocess_Reading115.dat,Temporal + espectral + Wavelet,Características completas,0.5560654060859528
Healthy,preprocess_Reading116.dat,Temporal + espectral + Wavelet,Características completas,0.5934741006891805
Healthy,preprocess_Reading117.dat,Temporal + espectral + Wavelet,Características completas,0.6007482229762002
Healthy,preprocess_Reading118.dat,Temporal + espectral + Wavelet,Características completas,0.5933065243103256
Healthy,preprocess_Reading119.dat,Temporal + espectral + Wavelet,Características completas,0.6053476400142408
Healthy,preprocess_Reading120.dat,Temporal + espectral + Wavelet,Características completas,0.4521295378704626
Healthy,preprocess_Reading121.dat,Temporal + espectral + Wavelet,Características completas,0.5686667106216743
Healthy,preprocess_Reading122.dat,Temporal + espectral + Wavelet,Características completas,0.6514903127637202
Healthy,preprocess_Reading123.dat,Temporal + espectral + Wavelet,Características completas,0.6538384997035565
Healthy,preprocess_Reading124.dat,Temporal + espectral + Wavelet,Características completas,0.5546497267275798
Healthy,preprocess_Reading125.dat,Temporal + espectral + Wavelet,Características completas,0.44361251477496144
Healthy,preprocess_Reading126.dat,Temporal + espectral + Wavelet,Características completas,0.4052176704042939
Healthy,preprocess_Reading127.dat,Temporal + espectral + Wavelet,Características completas,0.5958211811607911
Healthy,preprocess_Reading128.dat,Temporal + espectral + Wavelet,Características completas,0.3592751154231896
Healthy,preprocess_Reading129.dat,Temporal + espectral + Wavelet,Características completas,0.43704884197423627
Healthy,preprocess_Reading130.dat,Temporal + espectral + Wavelet,Características completas,0.31653482477921985
Healthy,preprocess_Reading131.dat,Temporal + espectral + Wavelet,Características completas,0.2511605735627271
Healthy,preprocess_Reading132.dat,Temporal + espectral + Wavelet,Características completas,0.26307294717313073
Healthy,preprocess_Reading133.dat,Temporal + espectral + Wavelet,Características completas,0.6228500662009631
Healthy,preprocess_Reading134.dat,Temporal + espectral + Wavelet,Características completas,0.48816584227525106
Healthy,preprocess_Reading135.dat,Temporal + espectral + Wavelet,Características completas,0.6481429972620772
Healthy,preprocess_Reading136.dat,Temporal + espectral + Wavelet,Características completas,0.5664340204523616
Healthy,preprocess_Reading137.dat,Temporal + espectral + Wavelet,Características completas,0.5709709962268006
Healthy,preprocess_Reading138.dat,Temporal + espectral + Wavelet,Características completas,0.6057710189816046
Healthy,preprocess_Reading139.dat,Temporal + espectral + Wavelet,Características completas,0.6125218397735323
Healthy,preprocess_Reading140.dat,Temporal + espectral + Wavelet,Características completas,0.5957337349287251
Healthy,preprocess_Reading141.dat,Temporal + espectral + Wavelet,Características completas,0.6133269343089219
Healthy,preprocess_Reading142.dat,Temporal + espectral + Wavelet,Características completas,0.5784059067826277
Healthy,preprocess_Reading143.dat,Temporal + espectral + Wavelet,Características completas,0.5809259861129048
Healthy,preprocess_Reading144.dat,Temporal + espectral + Wavelet,Características completas,0.5580756180132681
Healthy,preprocess_Reading145.dat,Temporal + espectral + Wavelet,Características completas,0.6113197298885868
Healthy,preprocess_Reading146.dat,Temporal + espectral + Wavelet,Características completas,0.5598801811858097
Healthy,preprocess_Reading147.dat,Temporal + espectral + Wavelet,Características completas,0.4720155418825742
Healthy,preprocess_Reading148.dat,Temporal + espectral + Wavelet,Características completas,0.5614315318436773
Healthy,preprocess_Reading149.dat,Temporal + espectral + Wavelet,Características completas,0.488337600472368
Healthy,preprocess_Reading150.dat,Temporal + espectral + Wavelet,Características completas,0.4918731161365605
Healthy,preprocess_Reading151.dat,Temporal + espectral + Wavelet,Características completas,0.00960412482928377
Healthy,preprocess_Reading152.dat,Temporal + espectral + Wavelet,Características completas,0.30707340908973996
Healthy,preprocess_Reading153.dat,Temporal + espectral + Wavelet,Características completas,0.4116586488207659
Healthy,preprocess_Reading154.dat,Temporal + espectral + Wavelet,Características completas,0.5701335008020137
Healthy,preprocess_Reading155.dat,Temporal + espectral + Wavelet,Características completas,0.5595227899072945
Healthy,preprocess_Reading156.dat,Temporal + espectral + Wavelet,Características completas,0.5352498063127891
Healthy,preprocess_Reading157.dat,Temporal + espectral + Wavelet,Características completas,0.2893538100910884
Healthy,preprocess_Reading158.dat,Temporal + espectral + Wavelet,Características completas,0.46071576016264326
Healthy,preprocess_Reading159.dat,Temporal + espectral + Wavelet,Características completas,0.4734890127427905
Healthy,preprocess_Reading160.dat,Temporal + espectral + Wavelet,Características completas,0.5085834990006932
Healthy,preprocess_Reading161.dat,Temporal + espectral + Wavelet,Características completas,0.4123475656288711
Healthy,preprocess_Reading162.dat,Temporal + espectral + Wavelet,Características completas,0.5043275711479964
Healthy,preprocess_Reading163.dat,Temporal + espectral + Wavelet,Características completas,0.557292917542336
Healthy,preprocess_Reading164.dat,Temporal + espectral + Wavelet,Características completas,0.5239738280386185
Healthy,preprocess_Reading165.dat,Temporal + espectral + Wavelet,Características completas,0.5443213009249421
Healthy,preprocess_Reading166.dat,Temporal + espectral + Wavelet,Características completas,0.5348519901740735
Healthy,preprocess_Reading167.dat,Temporal + espectral + Wavelet,Características completas,0.5615633601177721
Healthy,preprocess_Reading168.dat,Temporal + espectral + Wavelet,Características completas,0.6350240923585136
Healthy,preprocess_Reading169.dat,Temporal + espectral + Wavelet,Características completas,0.41034027256754474
Healthy,preprocess_Reading170.dat,Temporal + espectral + Wavelet,Características completas,0.6179742492072507
Healthy,preprocess_Reading171.dat,Temporal + espectral + Wavelet,Características completas,0.5329071457241791
Healthy,preprocess_Reading172.dat,Temporal + espectral + Wavelet,Características completas,0.47156371184560986
Healthy,preprocess_Reading173.dat,Temporal + espectral + Wavelet,Características completas,0.5949556450607416
Healthy,preprocess_Reading174.dat,Temporal + espectral + Wavelet,Características completas,0.5187665814058368
Healthy,preprocess_Reading175.dat,Temporal + espectral + Wavelet,Características completas,0.4155741871297013
Healthy,preprocess_Reading176.dat,Temporal + espectral + Wavelet,Características completas,0.4087849447516635
Healthy,preprocess_Reading177.dat,Temporal + espectral + Wavelet,Características completas,0.5110049080177436
Healthy,preprocess_Reading178.dat,Temporal + espectral + Wavelet,Características completas,0.2914700885747654
Healthy,preprocess_Reading179.dat,Temporal + espectral + Wavelet,Características completas,0.5965668547481373
Healthy,preprocess_Reading180.dat,Temporal + espectral + Wavelet,Características completas,0.6244400476415106
Healthy,preprocess_Reading181.dat,Temporal + espectral + Wavelet,Características completas,0.30849306621986444
Healthy,preprocess_Reading182.dat,Temporal + espectral + Wavelet,Características completas,0.6105158176457026
Healthy,preprocess_Reading183.dat,Temporal + espectral + Wavelet,Características completas,0.5821305906250354
Healthy,preprocess_Reading184.dat,Temporal + espectral + Wavelet,Características completas,0.5625334127142941
Healthy,preprocess_Reading185.dat,Temporal + espectral + Wavelet,Características completas,0.5889982168628523
Healthy,preprocess_Reading186.dat,Temporal + espectral + Wavelet,Características completas,0.6196389990677252
Healthy,preprocess_Reading187.dat,Temporal + espectral + Wavelet,Características completas,0.5084860893271225
Healthy,preprocess_Reading188.dat,Temporal + espectral + Wavelet,Características completas,0.559640084218033
Healthy,preprocess_Reading189.dat,Temporal + espectral + Wavelet,Características completas,0.4881227040489737
Healthy,preprocess_Reading190.dat,Temporal + espectral + Wavelet,Características completas,0.5319813848664395
Healthy,preprocess_Reading191.dat,Temporal + espectral + Wavelet,Características completas,0.5574522936049763
Healthy,preprocess_Reading192.dat,Temporal + espectral + Wavelet,Características completas,0.6154413636808472
Healthy,preprocess_Reading193.dat,Temporal + espectral + Wavelet,Características completas,0.5822075244899565
Healthy,preprocess_Reading194.dat,Temporal + espectral + Wavelet,Características completas,0.6132813202454606
Healthy,preprocess_Reading195.dat,Temporal + espectral + Wavelet,Características completas,0.46259242038044346
Healthy,preprocess_Reading196.dat,Temporal + espectral + Wavelet,Características completas,0.40984909894350313
Healthy,preprocess_Reading197.dat,Temporal + espectral + Wavelet,Características completas,0.1797850873783659
Healthy,preprocess_Reading198.dat,Temporal + espectral + Wavelet,Características completas,0.5473473769551525
Healthy,preprocess_Reading199.dat,Temporal + espectral + Wavelet,Características completas,0.2609256399924514
Healthy,preprocess_Reading200.dat,Temporal + espectral + Wavelet,Características completas,0.5376479917885114
Healthy,preprocess_Reading201.dat,Temporal + espectral + Wavelet,Características completas,0.6227940483179686
Healthy,preprocess_Reading202.dat,Temporal + espectral + Wavelet,Características completas,0.6414315025289825
Healthy,preprocess_Reading203.dat,Temporal + espectral + Wavelet,Características completas,0.6452463256247083
Healthy,preprocess_Reading204.dat,Temporal + espectral + Wavelet,Características completas,0.5691940368128225
Healthy,preprocess_Reading205.dat,Temporal + espectral + Wavelet,Características completas,0.3751255910725372
Healthy,preprocess_Reading206.dat,Temporal + espectral + Wavelet,Características completas,0.5098264803214264
Healthy,preprocess_Reading207.dat,Temporal + espectral + Wavelet,Características completas,0.4611590123171388
Healthy,preprocess_Reading208.dat,Temporal + espectral + Wavelet,Características completas,0.4986806458830132
Healthy,preprocess_Reading209.dat,Temporal + espectral + Wavelet,Características completas,0.5665444326101893
Healthy,preprocess_Reading210.dat,Temporal + espectral + Wavelet,Características completas,0.5902121829733108
Healthy,preprocess_Reading211.dat,Temporal + espectral + Wavelet,Características completas,0.622762917604904
Healthy,preprocess_Reading212.dat,Temporal + espectral + Wavelet,Características completas,0.3067611125661378
Healthy,preprocess_Reading213.dat,Temporal + espectral + Wavelet,Características completas,0.45299447185163794
Healthy,preprocess_Reading214.dat,Temporal + espectral + Wavelet,Características completas,0.4337713405460161
Healthy,preprocess_Reading215.dat,Temporal + espectral + Wavelet,Características completas,0.4840363320384019
Healthy,preprocess_Reading216.dat,Temporal + espectral + Wavelet,Características completas,0.5203783396711182
Healthy,preprocess_Reading217.dat,Temporal + espectral + Wavelet,Características completas,0.6121334323947203
Healthy,preprocess_Reading218.dat,Temporal + espectral + Wavelet,Características completas,0.5970218212001052
Healthy,preprocess_Reading219.dat,Temporal + espectral + Wavelet,Características completas,0.4069401030592871
Healthy,preprocess_Reading220.dat,Temporal + espectral + Wavelet,Características completas,0.5815443969112339
Healthy,preprocess_Reading221.dat,Temporal + espectral + Wavelet,Características completas,0.48444640456685995
Healthy,preprocess_Reading222.dat,Temporal + espectral + Wavelet,Características completas,0.531338265146795
Healthy,preprocess_Reading223.dat,Temporal + espectral + Wavelet,Características completas,0.455286567756905
Healthy,preprocess_Reading224.dat,Temporal + espectral + Wavelet,Características completas,0.3930410247640111
Healthy,preprocess_Reading225.dat,Temporal + espectral + Wavelet,Características completas,0.5240765754698992
Bearing,preprocess_Reading1.dat,Temporal + espectral + Wavelet,Características completas,-0.1335446831654954
Bearing,preprocess_Reading2.dat,Temporal + espectral + Wavelet,Características completas,-0.04398299856051164
Bearing,preprocess_Reading3.dat,Temporal + espectral + Wavelet,Características completas,0.021035931379594048
Bearing,preprocess_Reading4.dat,Temporal + espectral + Wavelet,Características completas,-0.10042069078359019
Bearing,preprocess_Reading5.dat,Temporal + espectral + Wavelet,Características completas,0.04489429078157336
Bearing,preprocess_Reading6.dat,Temporal + espectral + Wavelet,Características completas,-0.011126341396381575
Bearing,preprocess_Reading7.dat,Temporal + espectral + Wavelet,Características completas,0.031017715584777585
Bearing,preprocess_Reading8.dat,Temporal + espectral + Wavelet,Características completas,-0.015238542724332126
Bearing,preprocess_Reading9.dat,Temporal + espectral + Wavelet,Características completas,-0.04500854119891962
Bearing,preprocess_Reading10.dat,Temporal + espectral + Wavelet,Características completas,0.04722012416231895
Bearing,preprocess_Reading11.dat,Temporal + espectral + Wavelet,Características completas,-0.05585771351385908
Bearing,preprocess_Reading12.dat,Temporal + espectral + Wavelet,Características completas,0.045277635885518475
Bearing,preprocess_Reading13.dat,Temporal + espectral + Wavelet,Características completas,0.11224791294379567
Bearing,preprocess_Reading14.dat,Temporal + espectral + Wavelet,Características completas,0.10753319786377374
Bearing,preprocess_Reading15.dat,Temporal + espectral + Wavelet,Características completas,0.20560991418609512
Bearing,preprocess_Reading16.dat,Temporal + espectral + Wavelet,Características completas,-0.14318058670453773
Bearing,preprocess_Reading17.dat,Temporal + espectral + Wavelet,Características completas,0.28050005642198544
Bearing,preprocess_Reading18.dat,Temporal + espectral + Wavelet,Características completas,0.06633415455327203
Bearing,preprocess_Reading19.dat,Temporal + espectral + Wavelet,Características completas,0.16972654561303563
Bearing,preprocess_Reading20.dat,Temporal + espectral + Wavelet,Características completas,0.23090978844858942
Bearing,preprocess_Reading21.dat,Temporal + espectral + Wavelet,Características completas,0.3005752848410397
Bearing,preprocess_Reading22.dat,Temporal + espectral + Wavelet,Características completas,0.2974532720041223
Bearing,preprocess_Reading23.dat,Temporal + espectral + Wavelet,Características completas,0.2696067295920614
Bearing,preprocess_Reading24.dat,Temporal + espectral + Wavelet,Características completas,0.222756835752096
Bearing,preprocess_Reading25.dat,Temporal + espectral + Wavelet,Características completas,0.15505253389958917
Bearing,preprocess_Reading26.dat,Temporal + espectral + Wavelet,Características completas,0.1375604920033356
Bearing,preprocess_Reading27.dat,Temporal + espectral + Wavelet,Características completas,0.21142538534031927
Bearing,preprocess_Reading28.dat,Temporal + espectral + Wavelet,Características completas,0.23726538817731396
Bearing,preprocess_Reading29.dat,Temporal + espectral + Wavelet,Características completas,0.24239104959411337
Bearing,preprocess_Reading30.dat,Temporal + espectral + Wavelet,Características completas,0.11550445651283103
Bearing,preprocess_Reading31.dat,Temporal + espectral + Wavelet,Características completas,0.16704117793239773
Bearing,preprocess_Reading32.dat,Temporal + espectral + Wavelet,Características completas,0.14678905798358868
Bearing,preprocess_Reading33.dat,Temporal + espectral + Wavelet,Características completas,0.07002050236653679
Bearing,preprocess_Reading34.dat,Temporal + espectral + Wavelet,Características completas,0.13325144522662186
Bearing,preprocess_Reading35.dat,Temporal + espectral + Wavelet,Características completas,0.2453922428554324
Bearing,preprocess_Reading36.dat,Temporal + espectral + Wavelet,Características completas,0.2584596681168621
Bearing,preprocess_Reading37.dat,Temporal + espectral + Wavelet,Características completas,0.07408472010221392
Bearing,preprocess_Reading38.dat,Temporal + espectral + Wavelet,Características completas,0.049186725298210214
Bearing,preprocess_Reading39.dat,Temporal + espectral + Wavelet,Características completas,0.14655525617361323
Bearing,preprocess_Reading40.dat,Temporal + espectral + Wavelet,Características completas,0.15772009606630993
Bearing,preprocess_Reading41.dat,Temporal + espectral + Wavelet,Características completas,0.2071986408236367
Bearing,preprocess_Reading42.dat,Temporal + espectral + Wavelet,Características completas,0.2546710754036778
Bearing,preprocess_Reading43.dat,Temporal + espectral + Wavelet,Características completas,0.3092162310847088
Bearing,preprocess_Reading44.dat,Temporal + espectral + Wavelet,Características completas,0.21780464626873078
Bearing,preprocess_Reading45.dat,Temporal + espectral + Wavelet,Características completas,0.26604277195970416
Bearing,preprocess_Reading46.dat,Temporal + espectral + Wavelet,Características completas,0.1443940696713436
Bearing,preprocess_Reading47.dat,Temporal + espectral + Wavelet,Características completas,0.315177354599262
Bearing,preprocess_Reading48.dat,Temporal + espectral + Wavelet,Características completas,0.09655633803974155
Bearing,preprocess_Reading49.dat,Temporal + espectral + Wavelet,Características completas,0.2582288364799315
Bearing,preprocess_Reading50.dat,Temporal + espectral + Wavelet,Características completas,0.3288911661162618
Bearing,preprocess_Reading51.dat,Temporal + espectral + Wavelet,Características completas,0.1057195998739687
Bearing,preprocess_Reading52.dat,Temporal + espectral + Wavelet,Características completas,0.30189995417706256
Bearing,preprocess_Reading53.dat,Temporal + espectral + Wavelet,Características completas,0.24724764099620342
Bearing,preprocess_Reading54.dat,Temporal + espectral + Wavelet,Características completas,0.3381187851128331
Bearing,preprocess_Reading55.dat,Temporal + espectral + Wavelet,Características completas,0.2266431813330378
Bearing,preprocess_Reading56.dat,Temporal + espectral + Wavelet,Características completas,0.16452440279954292
Bearing,preprocess_Reading57.dat,Temporal + espectral + Wavelet,Características completas,0.3216714615075398
Bearing,preprocess_Reading58.dat,Temporal + espectral + Wavelet,Características completas,0.2187464963646332
Bearing,preprocess_Reading59.dat,Temporal + espectral + Wavelet,Características completas,0.304363556576427
Bearing,preprocess_Reading60.dat,Temporal + espectral + Wavelet,Características completas,0.34752150399367926
Bearing,preprocess_Reading61.dat,Temporal + espectral + Wavelet,Características completas,0.07244896802720383
Bearing,preprocess_Reading62.dat,Temporal + espectral + Wavelet,Características completas,0.3049423843372843
Bearing,preprocess_Reading63.dat,Temporal + espectral + Wavelet,Características completas,0.22390321840751828
Bearing,preprocess_Reading64.dat,Temporal + espectral + Wavelet,Características completas,0.22632441195068337
Bearing,preprocess_Reading65.dat,Temporal + espectral + Wavelet,Características completas,-0.019925566792541136
Bearing,preprocess_Reading66.dat,Temporal + espectral + Wavelet,Características completas,0.09739193125675119
Bearing,preprocess_Reading67.dat,Temporal + espectral + Wavelet,Características completas,-0.2352665005036052
Bearing,preprocess_Reading68.dat,Temporal + espectral + Wavelet,Características completas,-0.03188328377391718
Bearing,preprocess_Reading69.dat,Temporal + espectral + Wavelet,Características completas,0.1523483060390109
Bearing,preprocess_Reading70.dat,Temporal + espectral + Wavelet,Características completas,0.10233026614093882
Bearing,preprocess_Reading71.dat,Temporal + espectral + Wavelet,Características completas,0.11925259078533919
Bearing,preprocess_Reading72.dat,Temporal + espectral + Wavelet,Características completas,-0.025493949730341473
Bearing,preprocess_Reading73.dat,Temporal + espectral + Wavelet,Características completas,0.16379518905317697
Bearing,preprocess_Reading74.dat,Temporal + espectral + Wavelet,Características completas,0.11452432072270577
Bearing,preprocess_Reading75.dat,Temporal + espectral + Wavelet,Características completas,-0.1335088173999971
Bearing,preprocess_Reading76.dat,Temporal + espectral + Wavelet,Características completas,-0.08407918699797892
Bearing,preprocess_Reading77.dat,Temporal + espectral + Wavelet,Características completas,0.006917656567643477
Bearing,preprocess_Reading78.dat,Temporal + espectral + Wavelet,Características completas,0.006813041671375591
Bearing,preprocess_Reading79.dat,Temporal + espectral + Wavelet,Características completas,0.14698215998118572
Bearing,preprocess_Reading80.dat,Temporal + espectral + Wavelet,Características completas,-0.036643469371343475
Bearing,preprocess_Reading81.dat,Temporal + espectral + Wavelet,Características completas,-0.05496166081473416
Bearing,preprocess_Reading82.dat,Temporal + espectral + Wavelet,Características completas,-0.07974151799877069
Bearing,preprocess_Reading83.dat,Temporal + espectral + Wavelet,Características completas,0.05896010381636646
Bearing,preprocess_Reading84.dat,Temporal + espectral + Wavelet,Características completas,0.035096862622088824
Bearing,preprocess_Reading85.dat,Temporal + espectral + Wavelet,Características completas,-0.28818158157640217
Bearing,preprocess_Reading86.dat,Temporal + espectral + Wavelet,Características completas,0.10315028949547028
Bearing,preprocess_Reading87.dat,Temporal + espectral + Wavelet,Características completas,-0.056679910770295445
Bearing,preprocess_Reading88.dat,Temporal + espectral + Wavelet,Características completas,0.011105465734112363
Bearing,preprocess_Reading89.dat,Temporal + espectral + Wavelet,Características completas,0.20212284157145055
Bearing,preprocess_Reading90.dat,Temporal + espectral + Wavelet,Características completas,-0.2077406473162376
Bearing,preprocess_Reading91.dat,Temporal + espectral + Wavelet,Características completas,0.3061640113341915
Bearing,preprocess_Reading92.dat,Temporal + espectral + Wavelet,Características completas,0.11029664954924191
Bearing,preprocess_Reading93.dat,Temporal + espectral + Wavelet,Características completas,0.07136498771486112
Bearing,preprocess_Reading94.dat,Temporal + espectral + Wavelet,Características completas,0.14355153641052973
Bearing,preprocess_Reading95.dat,Temporal + espectral + Wavelet,Características completas,0.3026352909785612
Bearing,preprocess_Reading96.dat,Temporal + espectral + Wavelet,Características completas,0.19701827982739234
Bearing,preprocess_Reading97.dat,Temporal + espectral + Wavelet,Características completas,0.12776240594038593
Bearing,preprocess_Reading98.dat,Temporal + espectral + Wavelet,Características completas,0.22314550425820864
Bearing,preprocess_Reading99.dat,Temporal + espectral + Wavelet,Características completas,-0.009801843664012055
Bearing,preprocess_Reading100.dat,Temporal + espectral + Wavelet,Características completas,0.22041590110446713
Bearing,preprocess_Reading101.dat,Temporal + espectral + Wavelet,Características completas,0.16899573650845404
Bearing,preprocess_Reading102.dat,Temporal + espectral + Wavelet,Características completas,0.26416117726583305
Bearing,preprocess_Reading103.dat,Temporal + espectral + Wavelet,Características completas,0.29871440206531125
Bearing,preprocess_Reading104.dat,Temporal + espectral + Wavelet,Características completas,0.29200174723699557
Bearing,preprocess_Reading105.dat,Temporal + espectral + Wavelet,Características completas,0.3271306707760729
Bearing,preprocess_Reading106.dat,Temporal + espectral + Wavelet,Características completas,0.22978252274638297
Bearing,preprocess_Reading107.dat,Temporal + espectral + Wavelet,Características completas,0.23684462257465747
Bearing,preprocess_Reading108.dat,Temporal + espectral + Wavelet,Características completas,0.1599651683706092
Bearing,preprocess_Reading109.dat,Temporal + espectral + Wavelet,Características completas,0.20953947729484504
Bearing,preprocess_Reading110.dat,Temporal + espectral + Wavelet,Características completas,0.26780322364767356
Bearing,preprocess_Reading111.dat,Temporal + espectral + Wavelet,Características completas,0.2571992163523094
Bearing,preprocess_Reading112.dat,Temporal + espectral + Wavelet,Características completas,0.26863136509862595
Bearing,preprocess_Reading113.dat,Temporal + espectral + Wavelet,Características completas,0.2423575995244017
Bearing,preprocess_Reading114.dat,Temporal + espectral + Wavelet,Características completas,0.26567977177426
Bearing,preprocess_Reading115.dat,Temporal + espectral + Wavelet,Características completas,0.2997342992246217
Bearing,preprocess_Reading116.dat,Temporal + espectral + Wavelet,Características completas,0.19417799221092683
Bearing,preprocess_Reading117.dat,Temporal + espectral + Wavelet,Características completas,0.16200926772332405
Bearing,preprocess_Reading118.dat,Temporal + espectral + Wavelet,Características completas,0.2968108280483651
Bearing,preprocess_Reading119.dat,Temporal + espectral + Wavelet,Características completas,0.2259421361918541
Bearing,preprocess_Reading120.dat,Temporal + espectral + Wavelet,Características completas,0.2001047773894943
Bearing,preprocess_Reading121.dat,Temporal + espectral + Wavelet,Características completas,0.08193655883664061
Bearing,preprocess_Reading122.dat,Temporal + espectral + Wavelet,Características completas,0.2232281394398016
Bearing,preprocess_Reading123.dat,Temporal + espectral + Wavelet,Características completas,0.24715770927122513
Bearing,preprocess_Reading124.dat,Temporal + espectral + Wavelet,Características completas,0.0765040252970092
Bearing,preprocess_Reading125.dat,Temporal + espectral + Wavelet,Características completas,0.129200164413139
Bearing,preprocess_Reading126.dat,Temporal + espectral + Wavelet,Características completas,0.28457556642521387
Bearing,preprocess_Reading127.dat,Temporal + espectral + Wavelet,Características completas,0.2601419810162019
Bearing,preprocess_Reading128.dat,Temporal + espectral + Wavelet,Características completas,0.15448594511334432
Bearing,preprocess_Reading129.dat,Temporal + espectral + Wavelet,Características completas,0.22486134209252984
Bearing,preprocess_Reading130.dat,Temporal + espectral + Wavelet,Características completas,0.2907802141118627
Bearing,preprocess_Reading131.dat,Temporal + espectral + Wavelet,Características completas,0.171094019554269
Bearing,preprocess_Reading132.dat,Temporal + espectral + Wavelet,Características completas,0.31506451233824034
Bearing,preprocess_Reading133.dat,Temporal + espectral + Wavelet,Características completas,0.2755045334674846
Bearing,preprocess_Reading134.dat,Temporal + espectral + Wavelet,Características completas,0.10867929065495793
Bearing,preprocess_Reading135.dat,Temporal + espectral + Wavelet,Características completas,0.23169412963131497
Bearing,preprocess_Reading136.dat,Temporal + espectral + Wavelet,Características completas,-0.03156040348731942
Bearing,preprocess_Reading137.dat,Temporal + espectral + Wavelet,Características completas,0.03791041328318249
Bearing,preprocess_Reading138.dat,Temporal + espectral + Wavelet,Características completas,0.07985711618531828
Bearing,preprocess_Reading139.dat,Temporal + espectral + Wavelet,Características completas,0.01041484246679171
Bearing,preprocess_Reading140.dat,Temporal + espectral + Wavelet,Características completas,0.16179167371023834
Bearing,preprocess_Reading141.dat,Temporal + espectral + Wavelet,Características completas,0.15049305847813896
Bearing,preprocess_Reading142.dat,Temporal + espectral + Wavelet,Características completas,0.1448080170366137
Bearing,preprocess_Reading143.dat,Temporal + espectral + Wavelet,Características completas,0.03006900779481144
Bearing,preprocess_Reading144.dat,Temporal + espectral + Wavelet,Características completas,-0.002409306748385226
Bearing,preprocess_Reading145.dat,Temporal + espectral + Wavelet,Características completas,0.04234715945273852
Bearing,preprocess_Reading146.dat,Temporal + espectral + Wavelet,Características completas,0.08511990735883526
Bearing,preprocess_Reading147.dat,Temporal + espectral + Wavelet,Características completas,-0.06047229351111448
Bearing,preprocess_Reading148.dat,Temporal + espectral + Wavelet,Características completas,-0.07064904047811343
Bearing,preprocess_Reading149.dat,Temporal + espectral + Wavelet,Características completas,0.08370569512920616
Bearing,preprocess_Reading150.dat,Temporal + espectral + Wavelet,Características completas,-0.1551154872524036
Bearing,preprocess_Reading151.dat,Temporal + espectral + Wavelet,Características completas,-0.1975619891650863
Bearing,preprocess_Reading152.dat,Temporal + espectral + Wavelet,Características completas,-0.10510745347512622
Bearing,preprocess_Reading153.dat,Temporal + espectral + Wavelet,Características completas,-0.06320590094281728
Bearing,preprocess_Reading154.dat,Temporal + espectral + Wavelet,Características completas,-0.16957525420195185
Bearing,preprocess_Reading155.dat,Temporal + espectral + Wavelet,Características completas,-0.21061464000582977
Bearing,preprocess_Reading156.dat,Temporal + espectral + Wavelet,Características completas,-0.18315040395579352
Bearing,preprocess_Reading157.dat,Temporal + espectral + Wavelet,Características completas,-0.008149432935308641
Bearing,preprocess_Reading158.dat,Temporal + espectral + Wavelet,Características completas,-0.08278184344890069
Bearing,preprocess_Reading159.dat,Temporal + espectral + Wavelet,Características completas,0.00816330356128316
Bearing,preprocess_Reading160.dat,Temporal + espectral + Wavelet,Características completas,0.021608176308776466
Bearing,preprocess_Reading161.dat,Temporal + espectral + Wavelet,Características completas,0.008214231884528946
Bearing,preprocess_Reading162.dat,Temporal + espectral + Wavelet,Características completas,-0.01204367370303853
Bearing,preprocess_Reading163.dat,Temporal + espectral + Wavelet,Características completas,0.15558833015446968
Bearing,preprocess_Reading164.dat,Temporal + espectral + Wavelet,Características completas,-0.06400279724831594
Bearing,preprocess_Reading165.dat,Temporal + espectral + Wavelet,Características completas,0.20353127989960565
Bearing,preprocess_Reading166.dat,Temporal + espectral + Wavelet,Características completas,0.10829853304353568
Bearing,preprocess_Reading167.dat,Temporal + espectral + Wavelet,Características completas,0.08192707150085339
Bearing,preprocess_Reading168.dat,Temporal + espectral + Wavelet,Características completas,0.1243041728338223
Bearing,preprocess_Reading169.dat,Temporal + espectral + Wavelet,Características completas,0.2825375741365807
Bearing,preprocess_Reading170.dat,Temporal + espectral + Wavelet,Características completas,0.25082334653960797
Bearing,preprocess_Reading171.dat,Temporal + espectral + Wavelet,Características completas,0.17026205297468536
Bearing,preprocess_Reading172.dat,Temporal + espectral + Wavelet,Características completas,0.30141969021660225
Bearing,preprocess_Reading173.dat,Temporal + espectral + Wavelet,Características completas,0.19667032122468928
Bearing,preprocess_Reading174.dat,Temporal + espectral + Wavelet,Características completas,0.29340648651827184
Bearing,preprocess_Reading175.dat,Temporal + espectral + Wavelet,Características completas,0.24750021853353302
Bearing,preprocess_Reading176.dat,Temporal + espectral + Wavelet,Características completas,0.1915480865809879
Bearing,preprocess_Reading177.dat,Temporal + espectral + Wavelet,Características completas,0.20005214775636784
Bearing,preprocess_Reading178.dat,Temporal + espectral + Wavelet,Características completas,0.28264589589878725
Bearing,preprocess_Reading179.dat,Temporal + espectral + Wavelet,Características completas,0.2382164468320452
Bearing,preprocess_Reading180.dat,Temporal + espectral + Wavelet,Características completas,0.280174329656164
Bearing,preprocess_Reading181.dat,Temporal + espectral + Wavelet,Características completas,0.32583694629133203
Bearing,preprocess_Reading182.dat,Temporal + espectral + Wavelet,Características completas,0.26059219970324143
Bearing,preprocess_Reading183.dat,Temporal + espectral + Wavelet,Características completas,0.3169032332263719
Bearing,preprocess_Reading184.dat,Temporal + espectral + Wavelet,Características completas,0.3185206552788267
Bearing,preprocess_Reading185.dat,Temporal + espectral + Wavelet,Características completas,0.2764929537750061
Bearing,preprocess_Reading186.dat,Temporal + espectral + Wavelet,Características completas,0.26558879930699675
Bearing,preprocess_Reading187.dat,Temporal + espectral + Wavelet,Características completas,0.27312440241309416
Bearing,preprocess_Reading188.dat,Temporal + espectral + Wavelet,Características completas,0.15255389056410906
Bearing,preprocess_Reading189.dat,Temporal + espectral + Wavelet,Características completas,0.21127128618105728
Bearing,preprocess_Reading190.dat,Temporal + espectral + Wavelet,Características completas,-0.16961482049093227
Bearing,preprocess_Reading191.dat,Temporal + espectral + Wavelet,Características completas,-0.0012000444738921195
Bearing,preprocess_Reading192.dat,Temporal + espectral + Wavelet,Características completas,0.10884364206247361
Bearing,preprocess_Reading193.dat,Temporal + espectral + Wavelet,Características completas,0.17064418894930683
Bearing,preprocess_Reading194.dat,Temporal + espectral + Wavelet,Características completas,-0.07169595876609543
Bearing,preprocess_Reading195.dat,Temporal + espectral + Wavelet,Características completas,-0.12270307102832545
Bearing,preprocess_Reading196.dat,Temporal + espectral + Wavelet,Características completas,-0.11886199161391085
Bearing,preprocess_Reading197.dat,Temporal + espectral + Wavelet,Características completas,0.026470296075463664
Bearing,preprocess_Reading198.dat,Temporal + espectral + Wavelet,Características completas,-0.012767209496266101
Bearing,preprocess_Reading199.dat,Temporal + espectral + Wavelet,Características completas,0.07508005928515032
Bearing,preprocess_Reading200.dat,Temporal + espectral + Wavelet,Características completas,0.10983620226205587
Bearing,preprocess_Reading201.dat,Temporal + espectral + Wavelet,Características completas,0.11761803591632258
Bearing,preprocess_Reading202.dat,Temporal + espectral + Wavelet,Características completas,0.08893250933918355
Bearing,preprocess_Reading203.dat,Temporal + espectral + Wavelet,Características completas,0.30365348441638873
Bearing,preprocess_Reading204.dat,Temporal + espectral + Wavelet,Características completas,0.23042457789303425
Bearing,preprocess_Reading205.dat,Temporal + espectral + Wavelet,Características completas,-0.05232272126501142
Bearing,preprocess_Reading206.dat,Temporal + espectral + Wavelet,Características completas,0.17424856490039606
Bearing,preprocess_Reading207.dat,Temporal + espectral + Wavelet,Características completas,0.18430150839387308
Bearing,preprocess_Reading208.dat,Temporal + espectral + Wavelet,Características completas,0.2893930259519903
Bearing,preprocess_Reading209.dat,Temporal + espectral + Wavelet,Características completas,0.29292310801514926
Bearing,preprocess_Reading210.dat,Temporal + espectral + Wavelet,Características completas,0.2950262299582011
Bearing,preprocess_Reading211.dat,Temporal + espectral + Wavelet,Características completas,0.07421971871743144
Bearing,preprocess_Reading212.dat,Temporal + espectral + Wavelet,Características completas,-0.04733946312828585
Bearing,preprocess_Reading213.dat,Temporal + espectral + Wavelet,Características completas,-0.015272012546070664
Bearing,preprocess_Reading214.dat,Temporal + espectral + Wavelet,Características completas,0.3252018928335237
Bearing,preprocess_Reading215.dat,Temporal + espectral + Wavelet,Características completas,0.27304639902002764
Bearing,preprocess_Reading216.dat,Temporal + espectral + Wavelet,Características completas,0.04170189209514202
Bearing,preprocess_Reading217.dat,Temporal + espectral + Wavelet,Características completas,0.03132934997586299
Bearing,preprocess_Reading218.dat,Temporal + espectral + Wavelet,Características completas,-0.2349238899409741
Bearing,preprocess_Reading219.dat,Temporal + espectral + Wavelet,Características completas,0.23248779366385758
Bearing,preprocess_Reading220.dat,Temporal + espectral + Wavelet,Características completas,-0.08287655740717811
Bearing,preprocess_Reading221.dat,Temporal + espectral + Wavelet,Características completas,-0.10449369159219496
Bearing,preprocess_Reading222.dat,Temporal + espectral + Wavelet,Características completas,-0.23883835048163057
Bearing,preprocess_Reading223.dat,Temporal + espectral + Wavelet,Características completas,-0.14104684268184242
Bearing,preprocess_Reading224.dat,Temporal + espectral + Wavelet,Características completas,-0.11116890999694468
Bearing,preprocess_Reading225.dat,Temporal + espectral + Wavelet,Características completas,-0.20609231515511695
Flywheel,preprocess_Reading1.dat,Temporal + espectral + Wavelet,Características completas,-0.3002779006915662
Flywheel,preprocess_Reading2.dat,Temporal + espectral + Wavelet,Características completas,0.12625309355112627
Flywheel,preprocess_Reading3.dat,Temporal + espectral + Wavelet,Características completas,0.1288495043268293
Flywheel,preprocess_Reading4.dat,Temporal + espectral + Wavelet,Características completas,0.24947987381023873
Flywheel,preprocess_Reading5.dat,Temporal + espectral + Wavelet,Características completas,-0.07214562981840272
Flywheel,preprocess_Reading6.dat,Temporal + espectral + Wavelet,Características completas,0.18210519021268726
Flywheel,preprocess_Reading7.dat,Temporal + espectral + Wavelet,Características completas,0.1702052522154466
Flywheel,preprocess_Reading8.dat,Temporal + espectral + Wavelet,Características completas,0.0719826702089392
Flywheel,preprocess_Reading9.dat,Temporal + espectral + Wavelet,Características completas,0.23874099058953785
Flywheel,preprocess_Reading10.dat,Temporal + espectral + Wavelet,Características completas,0.1794451265783441
Flywheel,preprocess_Reading11.dat,Temporal + espectral + Wavelet,Características completas,0.21953118673040362
Flywheel,preprocess_Reading12.dat,Temporal + espectral + Wavelet,Características completas,0.07864177872718522
Flywheel,preprocess_Reading13.dat,Temporal + espectral + Wavelet,Características completas,0.17276605937318812
Flywheel,preprocess_Reading14.dat,Temporal + espectral + Wavelet,Características completas,0.23198853981842638
Flywheel,preprocess_Reading15.dat,Temporal + espectral + Wavelet,Características completas,0.31692265748857656
Flywheel,preprocess_Reading16.dat,Temporal + espectral + Wavelet,Características completas,0.21526351382257383
Flywheel,preprocess_Reading17.dat,Temporal + espectral + Wavelet,Características completas,0.1522396070892276
Flywheel,preprocess_Reading18.dat,Temporal + espectral + Wavelet,Características completas,0.09121848064036359
Flywheel,preprocess_Reading19.dat,Temporal + espectral + Wavelet,Características completas,-0.03439242568092741
Flywheel,preprocess_Reading20.dat,Temporal + espectral + Wavelet,Características completas,0.30833767306581833
Flywheel,preprocess_Reading21.dat,Temporal + espectral + Wavelet,Características completas,0.2754709804802895
Flywheel,preprocess_Reading22.dat,Temporal + espectral + Wavelet,Características completas,0.07575231569869204
Flywheel,preprocess_Reading23.dat,Temporal + espectral + Wavelet,Características completas,-0.11159398444526873
Flywheel,preprocess_Reading24.dat,Temporal + espectral + Wavelet,Características completas,0.2304351393294459
Flywheel,preprocess_Reading25.dat,Temporal + espectral + Wavelet,Características completas,0.27667061235607243
Flywheel,preprocess_Reading26.dat,Temporal + espectral + Wavelet,Características completas,0.16368015871845817
Flywheel,preprocess_Reading27.dat,Temporal + espectral + Wavelet,Características completas,0.19126933026092932
Flywheel,preprocess_Reading28.dat,Temporal + espectral + Wavelet,Características completas,0.2967878127453556
Flywheel,preprocess_Reading29.dat,Temporal + espectral + Wavelet,Características completas,0.23085946529433368
Flywheel,preprocess_Reading30.dat,Temporal + espectral + Wavelet,Características completas,0.09235595382293213
Flywheel,preprocess_Reading31.dat,Temporal + espectral + Wavelet,Características completas,-0.03666137039667438
Flywheel,preprocess_Reading32.dat,Temporal + espectral + Wavelet,Características completas,-0.008879259504081277
Flywheel,preprocess_Reading33.dat,Temporal + espectral + Wavelet,Características completas,0.2217151723817641
Flywheel,preprocess_Reading34.dat,Temporal + espectral + Wavelet,Características completas,0.19423945137543333
Flywheel,preprocess_Reading35.dat,Temporal + espectral + Wavelet,Características completas,0.17187572542701782
Flywheel,preprocess_Reading36.dat,Temporal + espectral + Wavelet,Características completas,-0.04421198039927731
Flywheel,preprocess_Reading37.dat,Temporal + espectral + Wavelet,Características completas,0.24209737342299212
Flywheel,preprocess_Reading38.dat,Temporal + espectral + Wavelet,Características completas,-0.12380050817643547
Flywheel,preprocess_Reading39.dat,Temporal + espectral + Wavelet,Características completas,0.2969941665933905
Flywheel,preprocess_Reading40.dat,Temporal + espectral + Wavelet,Características completas,0.10601264392673117
Flywheel,preprocess_Reading41.dat,Temporal + espectral + Wavelet,Características completas,0.14820012665316562
Flywheel,preprocess_Reading42.dat,Temporal + espectral + Wavelet,Características completas,0.18763511631795668
Flywheel,preprocess_Reading43.dat,Temporal + espectral + Wavelet,Características completas,-0.13546004789917826
Flywheel,preprocess_Reading44.dat,Temporal + espectral + Wavelet,Características completas,-0.13580052384835575
Flywheel,preprocess_Reading45.dat,Temporal + espectral + Wavelet,Características completas,0.04462252888889997
Flywheel,preprocess_Reading46.dat,Temporal + espectral + Wavelet,Características completas,-0.08472648002985442
Flywheel,preprocess_Reading47.dat,Temporal + espectral + Wavelet,Características completas,-0.29407866403886535
Flywheel,preprocess_Reading48.dat,Temporal + espectral + Wavelet,Características completas,0.026478790198964833
Flywheel,preprocess_Reading49.dat,Temporal + espectral + Wavelet,Características completas,-0.3388967384149713
Flywheel,preprocess_Reading50.dat,Temporal + espectral + Wavelet,Características completas,0.08439107799668882
Flywheel,preprocess_Reading51.dat,Temporal + espectral + Wavelet,Características completas,0.025826906540500922
Flywheel,preprocess_Reading52.dat,Temporal + espectral + Wavelet,Características completas,-0.1479000344743769
Flywheel,preprocess_Reading53.dat,Temporal + espectral + Wavelet,Características completas,-0.05555959528455622
Flywheel,preprocess_Reading54.dat,Temporal + espectral + Wavelet,Características completas,-0.10509614029899295
Flywheel,preprocess_Reading55.dat,Temporal + espectral + Wavelet,Características completas,-0.22752687925499304
Flywheel,preprocess_Reading56.dat,Temporal + espectral + Wavelet,Características completas,0.0030395050946358357
Flywheel,preprocess_Reading57.dat,Temporal + espectral + Wavelet,Características completas,-0.1197107939729753
Flywheel,preprocess_Reading58.dat,Temporal + espectral + Wavelet,Características completas,0.035590502931105314
Flywheel,preprocess_Reading59.dat,Temporal + espectral + Wavelet,Características completas,0.09051717123109257
Flywheel,preprocess_Reading60.dat,Temporal + espectral + Wavelet,Características completas,-0.20245104945061754
Flywheel,preprocess_Reading61.dat,Temporal + espectral + Wavelet,Características completas,0.16307549633011736
Flywheel,preprocess_Reading62.dat,Temporal + espectral + Wavelet,Características completas,-0.061109427960239236
Flywheel,preprocess_Reading63.dat,Temporal + espectral + Wavelet,Características completas,0.27897862867967743
Flywheel,preprocess_Reading64.dat,Temporal + espectral + Wavelet,Características completas,0.10035921584164574
Flywheel,preprocess_Reading65.dat,Temporal + espectral + Wavelet,Características completas,0.24732524950621435
Flywheel,preprocess_Reading66.dat,Temporal + espectral + Wavelet,Características completas,0.26906972021571673
Flywheel,preprocess_Reading67.dat,Temporal + espectral + Wavelet,Características completas,0.27949445664112377
Flywheel,preprocess_Reading68.dat,Temporal + espectral + Wavelet,Características completas,0.1581502178132783
Flywheel,preprocess_Reading69.dat,Temporal + espectral + Wavelet,Características completas,0.07847975054197572
Flywheel,preprocess_Reading70.dat,Temporal + espectral + Wavelet,Características completas,0.2533407949924698
Flywheel,preprocess_Reading71.dat,Temporal + espectral + Wavelet,Características completas,0.13722816531287835
Flywheel,preprocess_Reading72.dat,Temporal + espectral + Wavelet,Características completas,0.050411566070593265
Flywheel,preprocess_Reading73.dat,Temporal + espectral + Wavelet,Características completas,0.2076535178871266
Flywheel,preprocess_Reading74.dat,Temporal + espectral + Wavelet,Características completas,0.234488083683424
Flywheel,preprocess_Reading75.dat,Temporal + espectral + Wavelet,Características completas,0.201592431671617
Flywheel,preprocess_Reading76.dat,Temporal + espectral + Wavelet,Características completas,-0.3042327126380307
Flywheel,preprocess_Reading77.dat,Temporal + espectral + Wavelet,Características completas,0.051944325600163634
Flywheel,preprocess_Reading78.dat,Temporal + espectral + Wavelet,Características completas,0.15494427130539826
Flywheel,preprocess_Reading79.dat,Temporal + espectral + Wavelet,Características completas,0.030483381280330974
Flywheel,preprocess_Reading80.dat,Temporal + espectral + Wavelet,Características completas,0.10713605712849342
Flywheel,preprocess_Reading81.dat,Temporal + espectral + Wavelet,Características completas,0.2271127313860563
Flywheel,preprocess_Reading82.dat,Temporal + espectral + Wavelet,Características completas,0.2762658134408837
Flywheel,preprocess_Reading83.dat,Temporal + espectral + Wavelet,Características completas,0.26066133908810163
Flywheel,preprocess_Reading84.dat,Temporal + espectral + Wavelet,Características completas,0.17791750154468475
Flywheel,preprocess_Reading85.dat,Temporal + espectral + Wavelet,Características completas,0.10734726976891609
Flywheel,preprocess_Reading86.dat,Temporal + espectral + Wavelet,Características completas,0.1346996326166725
Flywheel,preprocess_Reading87.dat,Temporal + espectral + Wavelet,Características completas,0.12538373429413402
Flywheel,preprocess_Reading88.dat,Temporal + espectral + Wavelet,Características completas,0.15087079967149003
Flywheel,preprocess_Reading89.dat,Temporal + espectral + Wavelet,Características completas,0.26087658181616136
Flywheel,preprocess_Reading90.dat,Temporal + espectral + Wavelet,Características completas,0.2421689884734186
Flywheel,preprocess_Reading91.dat,Temporal + espectral + Wavelet,Características completas,0.22926408937038054
Flywheel,preprocess_Reading92.dat,Temporal + espectral + Wavelet,Características completas,0.10151109191875979
Flywheel,preprocess_Reading93.dat,Temporal + espectral + Wavelet,Características completas,-0.29214534094701355
Flywheel,preprocess_Reading94.dat,Temporal + espectral + Wavelet,Características completas,2.95367023971242e-05
Flywheel,preprocess_Reading95.dat,Temporal + espectral + Wavelet,Características completas,0.028513922852037788
Flywheel,preprocess_Reading96.dat,Temporal + espectral + Wavelet,Características completas,0.312630921725933
Flywheel,preprocess_Reading97.dat,Temporal + espectral + Wavelet,Características completas,-0.09106308972300405
Flywheel,preprocess_Reading98.dat,Temporal + espectral + Wavelet,Características completas,0.2653205496915705
Flywheel,preprocess_Reading99.dat,Temporal + espectral + Wavelet,Características completas,0.21685012743004745
Flywheel,preprocess_Reading100.dat,Temporal + espectral + Wavelet,Características completas,0.11521351390679836
Flywheel,preprocess_Reading101.dat,Temporal + espectral + Wavelet,Características completas,0.13359697463165524
Flywheel,preprocess_Reading102.dat,Temporal + espectral + Wavelet,Características completas,0.07980381619154278
Flywheel,preprocess_Reading103.dat,Temporal + espectral + Wavelet,Características completas,0.04871453024700236
Flywheel,preprocess_Reading104.dat,Temporal + espectral + Wavelet,Características completas,0.26072891230097567
Flywheel,preprocess_Reading105.dat,Temporal + espectral + Wavelet,Características completas,0.2680025387621521
Flywheel,preprocess_Reading106.dat,Temporal + espectral + Wavelet,Características completas,-0.03490173710389417
Flywheel,preprocess_Reading107.dat,Temporal + espectral + Wavelet,Características completas,0.1658200273396793
Flywheel,preprocess_Reading108.dat,Temporal + espectral + Wavelet,Características completas,0.22122817664387806
Flywheel,preprocess_Reading109.dat,Temporal + espectral + Wavelet,Características completas,0.014544534937748491
Flywheel,preprocess_Reading110.dat,Temporal + espectral + Wavelet,Características completas,-0.24036135380069915
Flywheel,preprocess_Reading111.dat,Temporal + espectral + Wavelet,Características completas,-0.06082856859774675
Flywheel,preprocess_Reading112.dat,Temporal + espectral + Wavelet,Características completas,-0.2670390114440334
Flywheel,preprocess_Reading113.dat,Temporal + espectral + Wavelet,Características completas,0.1640749970085489
Flywheel,preprocess_Reading114.dat,Temporal + espectral + Wavelet,Características completas,0.2660180597224993
Flywheel,preprocess_Reading115.dat,Temporal + espectral + Wavelet,Características completas,0.19568217511261046
Flywheel,preprocess_Reading116.dat,Temporal + espectral + Wavelet,Características completas,-0.2717609182493274
Flywheel,preprocess_Reading117.dat,Temporal + espectral + Wavelet,Características completas,0.10608034229750846
Flywheel,preprocess_Reading118.dat,Temporal + espectral + Wavelet,Características completas,-0.16473755192287717
Flywheel,preprocess_Reading119.dat,Temporal + espectral + Wavelet,Características completas,0.28402673831409775
Flywheel,preprocess_Reading120.dat,Temporal + espectral + Wavelet,Características completas,-0.007309904614581508
Flywheel,preprocess_Reading121.dat,Temporal + espectral + Wavelet,Características completas,0.2518618672019739
Flywheel,preprocess_Reading122.dat,Temporal + espectral + Wavelet,Características completas,0.2888614455568537
Flywheel,preprocess_Reading123.dat,Temporal + espectral + Wavelet,Características completas,-0.06669456681030242
Flywheel,preprocess_Reading124.dat,Temporal + espectral + Wavelet,Características completas,-0.02010785491936742
Flywheel,preprocess_Reading125.dat,Temporal + espectral + Wavelet,Características completas,0.01148320827788932
Flywheel,preprocess_Reading126.dat,Temporal + espectral + Wavelet,Características completas,0.11010358749958422
Flywheel,preprocess_Reading127.dat,Temporal + espectral + Wavelet,Características completas,0.03193643366067559
Flywheel,preprocess_Reading128.dat,Temporal + espectral + Wavelet,Características completas,0.2015490945152149
Flywheel,preprocess_Reading129.dat,Temporal + espectral + Wavelet,Características completas,0.06824634904289284
Flywheel,preprocess_Reading130.dat,Temporal + espectral + Wavelet,Características completas,-0.13651126034938302
Flywheel,preprocess_Reading131.dat,Temporal + espectral + Wavelet,Características completas,-0.136309975148697
Flywheel,preprocess_Reading132.dat,Temporal + espectral + Wavelet,Características completas,0.036642769871016244
Flywheel,preprocess_Reading133.dat,Temporal + espectral + Wavelet,Características completas,0.004718951213537985
Flywheel,preprocess_Reading134.dat,Temporal + espectral + Wavelet,Características completas,0.2724108545103186
Flywheel,preprocess_Reading135.dat,Temporal + espectral + Wavelet,Características completas,0.12478217478957629
Flywheel,preprocess_Reading136.dat,Temporal + espectral + Wavelet,Características completas,0.16476471435576415
Flywheel,preprocess_Reading137.dat,Temporal + espectral + Wavelet,Características completas,0.09438056757705224
Flywheel,preprocess_Reading138.dat,Temporal + espectral + Wavelet,Características completas,-0.25297014502150433
Flywheel,preprocess_Reading139.dat,Temporal + espectral + Wavelet,Características completas,-0.11853662371065082
Flywheel,preprocess_Reading140.dat,Temporal + espectral + Wavelet,Características completas,0.17961703283062816
Flywheel,preprocess_Reading141.dat,Temporal + espectral + Wavelet,Características completas,0.21196320432840002
Flywheel,preprocess_Reading142.dat,Temporal + espectral + Wavelet,Características completas,0.2425090721076076
Flywheel,preprocess_Reading143.dat,Temporal + espectral + Wavelet,Características completas,0.17337709857351874
Flywheel,preprocess_Reading144.dat,Temporal + espectral + Wavelet,Características completas,0.18195518047524892
Flywheel,preprocess_Reading145.dat,Temporal + espectral + Wavelet,Características completas,0.2832739986287359
Flywheel,preprocess_Reading146.dat,Temporal + espectral + Wavelet,Características completas,-0.14152989101796593
Flywheel,preprocess_Reading147.dat,Temporal + espectral + Wavelet,Características completas,0.28553543667339015
Flywheel,preprocess_Reading148.dat,Temporal + espectral + Wavelet,Características completas,0.3015435037176704
Flywheel,preprocess_Reading149.dat,Temporal + espectral + Wavelet,Características completas,0.25625953268496726
Flywheel,preprocess_Reading150.dat,Temporal + espectral + Wavelet,Características completas,-0.03169788484068262
Flywheel,preprocess_Reading151.dat,Temporal + espectral + Wavelet,Características completas,-0.13721269721692603
Flywheel,preprocess_Reading152.dat,Temporal + espectral + Wavelet,Características completas,-0.1360077471765818
Flywheel,preprocess_Reading153.dat,Temporal + espectral + Wavelet,Características completas,0.18181931562620426
Flywheel,preprocess_Reading154.dat,Temporal + espectral + Wavelet,Características completas,0.22100138656592083
Flywheel,preprocess_Reading155.dat,Temporal + espectral + Wavelet,Características completas,0.15005277292860597
Flywheel,preprocess_Reading156.dat,Temporal + espectral + Wavelet,Características completas,0.11809827214989174
Flywheel,preprocess_Reading157.dat,Temporal + espectral + Wavelet,Características completas,0.22576418556241054
Flywheel,preprocess_Reading158.dat,Temporal + espectral + Wavelet,Características completas,0.16027877027257897
Flywheel,preprocess_Reading159.dat,Temporal + espectral + Wavelet,Características completas,0.16885559485597673
Flywheel,preprocess_Reading160.dat,Temporal + espectral + Wavelet,Características completas,0.21858540787981573
Flywheel,preprocess_Reading161.dat,Temporal + espectral + Wavelet,Características completas,0.24254263048931987
Flywheel,preprocess_Reading162.dat,Temporal + espectral + Wavelet,Características completas,0.2570086679170086
Flywheel,preprocess_Reading163.dat,Temporal + espectral + Wavelet,Características completas,0.18085740202160697
Flywheel,preprocess_Reading164.dat,Temporal + espectral + Wavelet,Características completas,0.12170087977884013
Flywheel,preprocess_Reading165.dat,Temporal + espectral + Wavelet,Características completas,0.30011207872166906
Flywheel,preprocess_Reading166.dat,Temporal + espectral + Wavelet,Características completas,0.10215787069227812
Flywheel,preprocess_Reading167.dat,Temporal + espectral + Wavelet,Características completas,0.20615853576938856
Flywheel,preprocess_Reading168.dat,Temporal + espectral + Wavelet,Características completas,-0.06289889371930539
Flywheel,preprocess_Reading169.dat,Temporal + espectral + Wavelet,Características completas,-0.0857493052224642
Flywheel,preprocess_Reading170.dat,Temporal + espectral + Wavelet,Características completas,0.17497214202675426
Flywheel,preprocess_Reading171.dat,Temporal + espectral + Wavelet,Características completas,-0.1420358001208385
Flywheel,preprocess_Reading172.dat,Temporal + espectral + Wavelet,Características completas,0.1957751751676593
Flywheel,preprocess_Reading173.dat,Temporal + espectral + Wavelet,Características completas,0.20353506815041
Flywheel,preprocess_Reading174.dat,Temporal + espectral + Wavelet,Características completas,0.15269298894267194
Flywheel,preprocess_Reading175.dat,Temporal + espectral + Wavelet,Características completas,-0.04360300176976502
Flywheel,preprocess_Reading176.dat,Temporal + espectral + Wavelet,Características completas,-0.17520942006768897
Flywheel,preprocess_Reading177.dat,Temporal + espectral + Wavelet,Características completas,0.19969773511198455
Flywheel,preprocess_Reading178.dat,Temporal + espectral + Wavelet,Características completas,-0.06592445326020542
Flywheel,preprocess_Reading179.dat,Temporal + espectral + Wavelet,Características completas,0.026235670864763524
Flywheel,preprocess_Reading180.dat,Temporal + espectral + Wavelet,Características completas,-0.09129526827685608
Flywheel,preprocess_Reading181.dat,Temporal + espectral + Wavelet,Características completas,-0.1528117359307736
Flywheel,preprocess_Reading182.dat,Temporal + espectral + Wavelet,Características completas,-0.020357080339619065
Flywheel,preprocess_Reading183.dat,Temporal + espectral + Wavelet,Características completas,-0.14158705267991326
Flywheel,preprocess_Reading184.dat,Temporal + espectral + Wavelet,Características completas,-0.23286147516512012
Flywheel,preprocess_Reading185.dat,Temporal + espectral + Wavelet,Características completas,-0.006363381598352477
Flywheel,preprocess_Reading186.dat,Temporal + espectral + Wavelet,Características completas,0.16769450188083782
Flywheel,preprocess_Reading187.dat,Temporal + espectral + Wavelet,Características completas,0.007969423946298883
Flywheel,preprocess_Reading188.dat,Temporal + espectral + Wavelet,Características completas,-0.3008948737210032
Flywheel,preprocess_Reading189.dat,Temporal + espectral + Wavelet,Características completas,-0.20907957822006187
Flywheel,preprocess_Reading190.dat,Temporal + espectral + Wavelet,Características completas,-0.11755876983204172
Flywheel,preprocess_Reading191.dat,Temporal + espectral + Wavelet,Características completas,0.060313250469782274
Flywheel,preprocess_Reading192.dat,Temporal + espectral + Wavelet,Características completas,-0.15163722144545078
Flywheel,preprocess_Reading193.dat,Temporal + espectral + Wavelet,Características completas,-0.19152586872921648
Flywheel,preprocess_Reading194.dat,Temporal + espectral + Wavelet,Características completas,-0.1065576779540116
Flywheel,preprocess_Reading195.dat,Temporal + espectral + Wavelet,Características completas,0.08144159958353084
Flywheel,preprocess_Reading196.dat,Temporal + espectral + Wavelet,Características completas,0.05530382184732075
Flywheel,preprocess_Reading197.dat,Temporal + espectral + Wavelet,Características completas,-0.01957662821817756
Flywheel,preprocess_Reading198.dat,Temporal + espectral + Wavelet,Características completas,-0.2030376993337362
Flywheel,preprocess_Reading199.dat,Temporal + espectral + Wavelet,Características completas,-0.1060094130346997
Flywheel,preprocess_Reading200.dat,Temporal + espectral + Wavelet,Características completas,-0.19041072871302858
Flywheel,preprocess_Reading201.dat,Temporal + espectral + Wavelet,Características completas,-0.17613738524755893
Flywheel,preprocess_Reading202.dat,Temporal + espectral + Wavelet,Características completas,-0.10490484116167687
Flywheel,preprocess_Reading203.dat,Temporal + espectral + Wavelet,Características completas,-0.03703954458627954
Flywheel,preprocess_Reading204.dat,Temporal + espectral + Wavelet,Características completas,-0.035722025412937175
Flywheel,preprocess_Reading205.dat,Temporal + espectral + Wavelet,Características completas,-0.09468402815757111
Flywheel,preprocess_Reading206.dat,Temporal + espectral + Wavelet,Características completas,-0.2828583477943659
Flywheel,preprocess_Reading207.dat,Temporal + espectral + Wavelet,Características completas,0.15289668795805855
Flywheel,preprocess_Reading208.dat,Temporal + espectral + Wavelet,Características completas,0.15925932072697288
Flywheel,preprocess_Reading209.dat,Temporal + espectral + Wavelet,Características completas,-0.28478366068848326
Flywheel,preprocess_Reading210.dat,Temporal + espectral + Wavelet,Características completas,-0.36180469805610643
Flywheel,preprocess_Reading211.dat,Temporal + espectral + Wavelet,Características completas,-0.0329263279089357
Flywheel,preprocess_Reading212.dat,Temporal + espectral + Wavelet,Características completas,-0.31553272884880046
Flywheel,preprocess_Reading213.dat,Temporal + espectral + Wavelet,Características completas,-0.03400012218199166
Flywheel,preprocess_Reading214.dat,Temporal + espectral + Wavelet,Características completas,-0.23795937797217384
Flywheel,preprocess_Reading215.dat,Temporal + espectral + Wavelet,Características completas,-0.3481853967270066
Flywheel,preprocess_Reading216.dat,Temporal + espectral + Wavelet,Características completas,0.059805411062885894
Flywheel,preprocess_Reading217.dat,Temporal + espectral + Wavelet,Características completas,-0.167007856255539
Flywheel,preprocess_Reading218.dat,Temporal + espectral + Wavelet,Características completas,0.055257483489694406
Flywheel,preprocess_Reading219.dat,Temporal + espectral + Wavelet,Características completas,0.23461700714655317
Flywheel,preprocess_Reading220.dat,Temporal + espectral + Wavelet,Características completas,0.15498559367184475
Flywheel,preprocess_Reading221.dat,Temporal + espectral + Wavelet,Características completas,0.2337444045120064
Flywheel,preprocess_Reading222.dat,Temporal + espectral + Wavelet,Características completas,0.24538207435646953
Flywheel,preprocess_Reading223.dat,Temporal + espectral + Wavelet,Características completas,0.11191718285424189
Flywheel,preprocess_Reading224.dat,Temporal + espectral + Wavelet,Características completas,0.16207596823679368
Flywheel,preprocess_Reading225.dat,Temporal + espectral + Wavelet,Características completas,0.11386660656056577
LIV,preprocess_Reading1.dat,Temporal + espectral + Wavelet,Características completas,0.04216352842197355
LIV,preprocess_Reading2.dat,Temporal + espectral + Wavelet,Características completas,0.16732552887715693
LIV,preprocess_Reading3.dat,Temporal + espectral + Wavelet,Características completas,-0.03764312148510457
LIV,preprocess_Reading4.dat,Temporal + espectral + Wavelet,Características completas,-0.21516791607223706
LIV,preprocess_Reading5.dat,Temporal + espectral + Wavelet,Características completas,0.04986287479170655
LIV,preprocess_Reading6.dat,Temporal + espectral + Wavelet,Características completas,-0.0818247496986059
LIV,preprocess_Reading7.dat,Temporal + espectral + Wavelet,Características completas,-0.28235775124727625
LIV,preprocess_Reading8.dat,Temporal + espectral + Wavelet,Características completas,-0.27676313243784256
LIV,preprocess_Reading9.dat,Temporal + espectral + Wavelet,Características completas,-0.04850554613551195
LIV,preprocess_Reading10.dat,Temporal + espectral + Wavelet,Características completas,0.3701398945595264
LIV,preprocess_Reading11.dat,Temporal + espectral + Wavelet,Características completas,-0.2283178991214787
LIV,preprocess_Reading12.dat,Temporal + espectral + Wavelet,Características completas,-0.2557153175702491
LIV,preprocess_Reading13.dat,Temporal + espectral + Wavelet,Características completas,-0.20616458363402348
LIV,preprocess_Reading14.dat,Temporal + espectral + Wavelet,Características completas,-0.11908475141831468
LIV,preprocess_Reading15.dat,Temporal + espectral + Wavelet,Características completas,0.12105395563786614
LIV,preprocess_Reading16.dat,Temporal + espectral + Wavelet,Características completas,0.3746311573731568
LIV,preprocess_Reading17.dat,Temporal + espectral + Wavelet,Características completas,0.34729484778148156
LIV,preprocess_Reading18.dat,Temporal + espectral + Wavelet,Características completas,0.08965787239508212
LIV,preprocess_Reading19.dat,Temporal + espectral + Wavelet,Características completas,0.39877036744777256
LIV,preprocess_Reading20.dat,Temporal + espectral + Wavelet,Características completas,0.3657282245000017
LIV,preprocess_Reading21.dat,Temporal + espectral + Wavelet,Características completas,0.45539865290749243
LIV,preprocess_Reading22.dat,Temporal + espectral + Wavelet,Características completas,0.42588795788431716
LIV,preprocess_Reading23.dat,Temporal + espectral + Wavelet,Características completas,0.32882265824711765
LIV,preprocess_Reading24.dat,Temporal + espectral + Wavelet,Características completas,0.06972860939179419
LIV,preprocess_Reading25.dat,Temporal + espectral + Wavelet,Características completas,0.38537346290633484
LIV,preprocess_Reading26.dat,Temporal + espectral + Wavelet,Características completas,0.2926060282934913
LIV,preprocess_Reading27.dat,Temporal + espectral + Wavelet,Características completas,0.15766664793843918
LIV,preprocess_Reading28.dat,Temporal + espectral + Wavelet,Características completas,0.29988465982846074
LIV,preprocess_Reading29.dat,Temporal + espectral + Wavelet,Características completas,0.2697506002249874
LIV,preprocess_Reading30.dat,Temporal + espectral + Wavelet,Características completas,0.12434867874992275
LIV,preprocess_Reading31.dat,Temporal + espectral + Wavelet,Características completas,0.2559819321221391
LIV,preprocess_Reading32.dat,Temporal + espectral + Wavelet,Características completas,0.30207251785080175
LIV,preprocess_Reading33.dat,Temporal + espectral + Wavelet,Características completas,0.38727421342637497
LIV,preprocess_Reading34.dat,Temporal + espectral + Wavelet,Características completas,0.4380748507036451
LIV,preprocess_Reading35.dat,Temporal + espectral + Wavelet,Características completas,0.4086176697370396
LIV,preprocess_Reading36.dat,Temporal + espectral + Wavelet,Características completas,0.35340160990894237
LIV,preprocess_Reading37.dat,Temporal + espectral + Wavelet,Características completas,0.3514655596958495
LIV,preprocess_Reading38.dat,Temporal + espectral + Wavelet,Características completas,0.3746542562360479
LIV,preprocess_Reading39.dat,Temporal + espectral + Wavelet,Características completas,0.42466414547991793
LIV,preprocess_Reading40.dat,Temporal + espectral + Wavelet,Características completas,0.2981750863076829
LIV,preprocess_Reading41.dat,Temporal + espectral + Wavelet,Características completas,0.37055404780661594
LIV,preprocess_Reading42.dat,Temporal + espectral + Wavelet,Características completas,0.40414411718397525
LIV,preprocess_Reading43.dat,Temporal + espectral + Wavelet,Características completas,0.34632543615763367
LIV,preprocess_Reading44.dat,Temporal + espectral + Wavelet,Características completas,0.336883645893026
LIV,preprocess_Reading45.dat,Temporal + espectral + Wavelet,Características completas,0.06937552166914951
LIV,preprocess_Reading46.dat,Temporal + espectral + Wavelet,Características completas,0.3770284224610167
LIV,preprocess_Reading47.dat,Temporal + espectral + Wavelet,Características completas,0.2720157453518998
LIV,preprocess_Reading48.dat,Temporal + espectral + Wavelet,Características completas,0.27152569152809586
LIV,preprocess_Reading49.dat,Temporal + espectral + Wavelet,Características completas,-0.1437741180777847
LIV,preprocess_Reading50.dat,Temporal + espectral + Wavelet,Características completas,0.33713227967527226
LIV,preprocess_Reading51.dat,Temporal + espectral + Wavelet,Características completas,0.4401222158727476
LIV,preprocess_Reading52.dat,Temporal + espectral + Wavelet,Características completas,0.2463421941552713
LIV,preprocess_Reading53.dat,Temporal + espectral + Wavelet,Características completas,0.35956261808144174
LIV,preprocess_Reading54.dat,Temporal + espectral + Wavelet,Características completas,0.1486440097105463
LIV,preprocess_Reading55.dat,Temporal + espectral + Wavelet,Características completas,0.3223834980435829
LIV,preprocess_Reading56.dat,Temporal + espectral + Wavelet,Características completas,0.41204432059816415
LIV,preprocess_Reading57.dat,Temporal + espectral + Wavelet,Características completas,0.44636113129542865
LIV,preprocess_Reading58.dat,Temporal + espectral + Wavelet,Características completas,0.4413790867996567
LIV,preprocess_Reading59.dat,Temporal + espectral + Wavelet,Características completas,0.3239428493429192
LIV,preprocess_Reading60.dat,Temporal + espectral + Wavelet,Características completas,0.4147260862944439
LIV,preprocess_Reading61.dat,Temporal + espectral + Wavelet,Características completas,0.3764107823800618
LIV,preprocess_Reading62.dat,Temporal + espectral + Wavelet,Características completas,0.3234216953298046
LIV,preprocess_Reading63.dat,Temporal + espectral + Wavelet,Características completas,0.3354273926090344
LIV,preprocess_Reading64.dat,Temporal + espectral + Wavelet,Características completas,0.434947196857706
LIV,preprocess_Reading65.dat,Temporal + espectral + Wavelet,Características completas,0.36938538808625987
LIV,preprocess_Reading66.dat,Temporal + espectral + Wavelet,Características completas,0.07847768836688078
LIV,preprocess_Reading67.dat,Temporal + espectral + Wavelet,Características completas,-0.02084302500469333
LIV,preprocess_Reading68.dat,Temporal + espectral + Wavelet,Características completas,0.39599182489004303
LIV,preprocess_Reading69.dat,Temporal + espectral + Wavelet,Características completas,0.32221664940789346
LIV,preprocess_Reading70.dat,Temporal + espectral + Wavelet,Características completas,0.3294024802270988
LIV,preprocess_Reading71.dat,Temporal + espectral + Wavelet,Características completas,0.2760085455701888
LIV,preprocess_Reading72.dat,Temporal + espectral + Wavelet,Características completas,-0.1946663905000235
LIV,preprocess_Reading73.dat,Temporal + espectral + Wavelet,Características completas,-0.1072257219995028
LIV,preprocess_Reading74.dat,Temporal + espectral + Wavelet,Características completas,0.05476705716185626
LIV,preprocess_Reading75.dat,Temporal + espectral + Wavelet,Características completas,-0.14087095507920974
LIV,preprocess_Reading76.dat,Temporal + espectral + Wavelet,Características completas,-0.42852973893978286
LIV,preprocess_Reading77.dat,Temporal + espectral + Wavelet,Características completas,-0.36964299247256704
LIV,preprocess_Reading78.dat,Temporal + espectral + Wavelet,Características completas,-0.12484261000341473
LIV,preprocess_Reading79.dat,Temporal + espectral + Wavelet,Características completas,-0.06347641377350986
LIV,preprocess_Reading80.dat,Temporal + espectral + Wavelet,Características completas,-0.031724285145503336
LIV,preprocess_Reading81.dat,Temporal + espectral + Wavelet,Características completas,-0.229634087641965
LIV,preprocess_Reading82.dat,Temporal + espectral + Wavelet,Características completas,-0.0455959848314241
LIV,preprocess_Reading83.dat,Temporal + espectral + Wavelet,Características completas,0.024410535371191852
LIV,preprocess_Reading84.dat,Temporal + espectral + Wavelet,Características completas,0.005924252048760787
LIV,preprocess_Reading85.dat,Temporal + espectral + Wavelet,Características completas,0.2192014170802571
LIV,preprocess_Reading86.dat,Temporal + espectral + Wavelet,Características completas,0.281148122237214
LIV,preprocess_Reading87.dat,Temporal + espectral + Wavelet,Características completas,0.36515118504827937
LIV,preprocess_Reading88.dat,Temporal + espectral + Wavelet,Características completas,0.33907849399400625
LIV,preprocess_Reading89.dat,Temporal + espectral + Wavelet,Características completas,0.20107367168858198
LIV,preprocess_Reading90.dat,Temporal + espectral + Wavelet,Características completas,0.36994398296534
LIV,preprocess_Reading91.dat,Temporal + espectral + Wavelet,Características completas,0.42769791055271567
LIV,preprocess_Reading92.dat,Temporal + espectral + Wavelet,Características completas,0.3803747160249683
LIV,preprocess_Reading93.dat,Temporal + espectral + Wavelet,Características completas,0.3770180948781074
LIV,preprocess_Reading94.dat,Temporal + espectral + Wavelet,Características completas,0.3887144107010026
LIV,preprocess_Reading95.dat,Temporal + espectral + Wavelet,Características completas,0.457804466543565
LIV,preprocess_Reading96.dat,Temporal + espectral + Wavelet,Características completas,0.407484978248498
LIV,preprocess_Reading97.dat,Temporal + espectral + Wavelet,Características completas,0.46575461135027907
LIV,preprocess_Reading98.dat,Temporal + espectral + Wavelet,Características completas,0.4347721527063818
LIV,preprocess_Reading99.dat,Temporal + espectral + Wavelet,Características completas,0.40759389575978133
LIV,preprocess_Reading100.dat,Temporal + espectral + Wavelet,Características completas,0.3259874510669789
LIV,preprocess_Reading101.dat,Temporal + espectral + Wavelet,Características completas,0.3630414706142306
LIV,preprocess_Reading102.dat,Temporal + espectral + Wavelet,Características completas,0.4538645269607537
LIV,preprocess_Reading103.dat,Temporal + espectral + Wavelet,Características completas,0.43583827669573033
LIV,preprocess_Reading104.dat,Temporal + espectral + Wavelet,Características completas,0.4315844753274513
LIV,preprocess_Reading105.dat,Temporal + espectral + Wavelet,Características completas,0.4216669870043371
LIV,preprocess_Reading106.dat,Temporal + espectral + Wavelet,Características completas,0.44674632539772513
LIV,preprocess_Reading107.dat,Temporal + espectral + Wavelet,Características completas,0.4510272814675992
LIV,preprocess_Reading108.dat,Temporal + espectral + Wavelet,Características completas,0.456091599332087
LIV,preprocess_Reading109.dat,Temporal + espectral + Wavelet,Características completas,0.4739003930835944
LIV,preprocess_Reading110.dat,Temporal + espectral + Wavelet,Características completas,0.4673065622459182
LIV,preprocess_Reading111.dat,Temporal + espectral + Wavelet,Características completas,0.3274102181225221
LIV,preprocess_Reading112.dat,Temporal + espectral + Wavelet,Características completas,0.3941165553013517
LIV,preprocess_Reading113.dat,Temporal + espectral + Wavelet,Características completas,0.4166656174787162
LIV,preprocess_Reading114.dat,Temporal + espectral + Wavelet,Características completas,-0.055834824719791606
LIV,preprocess_Reading115.dat,Temporal + espectral + Wavelet,Características completas,0.32672342862325127
LIV,preprocess_Reading116.dat,Temporal + espectral + Wavelet,Características completas,0.4229833517992072
LIV,preprocess_Reading117.dat,Temporal + espectral + Wavelet,Características completas,0.4078503454239519
LIV,preprocess_Reading118.dat,Temporal + espectral + Wavelet,Características completas,0.4213171069812052
LIV,preprocess_Reading119.dat,Temporal + espectral + Wavelet,Características completas,0.4117481087703292
LIV,preprocess_Reading120.dat,Temporal + espectral + Wavelet,Características completas,0.4479179454092129
LIV,preprocess_Reading121.dat,Temporal + espectral + Wavelet,Características completas,0.3330359353353064
LIV,preprocess_Reading122.dat,Temporal + espectral + Wavelet,Características completas,0.17628826289054375
LIV,preprocess_Reading123.dat,Temporal + espectral + Wavelet,Características completas,0.3745714129083773
LIV,preprocess_Reading124.dat,Temporal + espectral + Wavelet,Características completas,0.4088999969591141
LIV,preprocess_Reading125.dat,Temporal + espectral + Wavelet,Características completas,0.36451353528220326
LIV,preprocess_Reading126.dat,Temporal + espectral + Wavelet,Características completas,0.43583296036330743
LIV,preprocess_Reading127.dat,Temporal + espectral + Wavelet,Características completas,0.43862196833564004
LIV,preprocess_Reading128.dat,Temporal + espectral + Wavelet,Características completas,0.3715837066645918
LIV,preprocess_Reading129.dat,Temporal + espectral + Wavelet,Características completas,0.26892850557805986
LIV,preprocess_Reading130.dat,Temporal + espectral + Wavelet,Características completas,0.34290560719158286
LIV,preprocess_Reading131.dat,Temporal + espectral + Wavelet,Características completas,0.27928115870643144
LIV,preprocess_Reading132.dat,Temporal + espectral + Wavelet,Características completas,-0.0972942303909196
LIV,preprocess_Reading133.dat,Temporal + espectral + Wavelet,Características completas,0.39041979700906837
LIV,preprocess_Reading134.dat,Temporal + espectral + Wavelet,Características completas,0.15190819816453055
LIV,preprocess_Reading135.dat,Temporal + espectral + Wavelet,Características completas,0.3880827419730192
LIV,preprocess_Reading136.dat,Temporal + espectral + Wavelet,Características completas,0.21631287166048713
LIV,preprocess_Reading137.dat,Temporal + espectral + Wavelet,Características completas,0.2546361991876245
LIV,preprocess_Reading138.dat,Temporal + espectral + Wavelet,Características completas,0.2747946014650351
LIV,preprocess_Reading139.dat,Temporal + espectral + Wavelet,Características completas,0.32364414357525784
LIV,preprocess_Reading140.dat,Temporal + espectral + Wavelet,Características completas,0.29205608895439694
LIV,preprocess_Reading141.dat,Temporal + espectral + Wavelet,Características completas,0.4092886450949161
LIV,preprocess_Reading142.dat,Temporal + espectral + Wavelet,Características completas,0.15219220034228295
LIV,preprocess_Reading143.dat,Temporal + espectral + Wavelet,Características completas,0.12384181488399867
LIV,preprocess_Reading144.dat,Temporal + espectral + Wavelet,Características completas,0.2902632029788013
LIV,preprocess_Reading145.dat,Temporal + espectral + Wavelet,Características completas,0.15726226880012298
LIV,preprocess_Reading146.dat,Temporal + espectral + Wavelet,Características completas,0.07631094657676955
LIV,preprocess_Reading147.dat,Temporal + espectral + Wavelet,Características completas,-0.055785880472891576
LIV,preprocess_Reading148.dat,Temporal + espectral + Wavelet,Características completas,0.012457602543608835
LIV,preprocess_Reading149.dat,Temporal + espectral + Wavelet,Características completas,0.12181259350473952
LIV,preprocess_Reading150.dat,Temporal + espectral + Wavelet,Características completas,-0.05926131091688566
LIV,preprocess_Reading151.dat,Temporal + espectral + Wavelet,Características completas,-0.21645650847224213
LIV,preprocess_Reading152.dat,Temporal + espectral + Wavelet,Características completas,-0.1317018765565501
LIV,preprocess_Reading153.dat,Temporal + espectral + Wavelet,Características completas,-0.2519635471252425
LIV,preprocess_Reading154.dat,Temporal + espectral + Wavelet,Características completas,0.2752883353603845
LIV,preprocess_Reading155.dat,Temporal + espectral + Wavelet,Características completas,0.18298940890786475
LIV,preprocess_Reading156.dat,Temporal + espectral + Wavelet,Características completas,0.3649216229417175
LIV,preprocess_Reading157.dat,Temporal + espectral + Wavelet,Características completas,-0.15972562872818066
LIV,preprocess_Reading158.dat,Temporal + espectral + Wavelet,Características completas,0.2596929403000605
LIV,preprocess_Reading159.dat,Temporal + espectral + Wavelet,Características completas,0.07571783997476628
LIV,preprocess_Reading160.dat,Temporal + espectral + Wavelet,Características completas,0.2375708784933647
LIV,preprocess_Reading161.dat,Temporal + espectral + Wavelet,Características completas,0.1305355012761351
LIV,preprocess_Reading162.dat,Temporal + espectral + Wavelet,Características completas,0.36681394583680593
LIV,preprocess_Reading163.dat,Temporal + espectral + Wavelet,Características completas,0.3748281946847644
LIV,preprocess_Reading164.dat,Temporal + espectral + Wavelet,Características completas,0.44629133350811456
LIV,preprocess_Reading165.dat,Temporal + espectral + Wavelet,Características completas,0.4686153130874561
LIV,preprocess_Reading166.dat,Temporal + espectral + Wavelet,Características completas,0.3438852076511838
LIV,preprocess_Reading167.dat,Temporal + espectral + Wavelet,Características completas,0.42771801261216735
LIV,preprocess_Reading168.dat,Temporal + espectral + Wavelet,Características completas,0.42440556421038106
LIV,preprocess_Reading169.dat,Temporal + espectral + Wavelet,Características completas,0.4248298130335801
LIV,preprocess_Reading170.dat,Temporal + espectral + Wavelet,Características completas,0.3551975389752786
LIV,preprocess_Reading171.dat,Temporal + espectral + Wavelet,Características completas,0.16824625819228478
LIV,preprocess_Reading172.dat,Temporal + espectral + Wavelet,Características completas,0.3462816430119089
LIV,preprocess_Reading173.dat,Temporal + espectral + Wavelet,Características completas,0.349426997740485
LIV,preprocess_Reading174.dat,Temporal + espectral + Wavelet,Características completas,0.04965562804719736
LIV,preprocess_Reading175.dat,Temporal + espectral + Wavelet,Características completas,0.3116301689389778
LIV,preprocess_Reading176.dat,Temporal + espectral + Wavelet,Características completas,0.43876681485857416
LIV,preprocess_Reading177.dat,Temporal + espectral + Wavelet,Características completas,0.4568789165594363
LIV,preprocess_Reading178.dat,Temporal + espectral + Wavelet,Características completas,0.38540292236955725
LIV,preprocess_Reading179.dat,Temporal + espectral + Wavelet,Características completas,0.414892281217605
LIV,preprocess_Reading180.dat,Temporal + espectral + Wavelet,Características completas,0.3319381405027872
LIV,preprocess_Reading181.dat,Temporal + espectral + Wavelet,Características completas,0.22640450706328366
LIV,preprocess_Reading182.dat,Temporal + espectral + Wavelet,Características completas,0.4621800528321168
LIV,preprocess_Reading183.dat,Temporal + espectral + Wavelet,Características completas,0.4066779326916513
LIV,preprocess_Reading184.dat,Temporal + espectral + Wavelet,Características completas,0.42187890703939307
LIV,preprocess_Reading185.dat,Temporal + espectral + Wavelet,Características completas,0.4289925307923252
LIV,preprocess_Reading186.dat,Temporal + espectral + Wavelet,Características completas,0.4307511534613422
LIV,preprocess_Reading187.dat,Temporal + espectral + Wavelet,Características completas,0.44833075089243235
LIV,preprocess_Reading188.dat,Temporal + espectral + Wavelet,Características completas,0.3788546765414471
LIV,preprocess_Reading189.dat,Temporal + espectral + Wavelet,Características completas,0.45109783356379646
LIV,preprocess_Reading190.dat,Temporal + espectral + Wavelet,Características completas,0.3871541049349416
LIV,preprocess_Reading191.dat,Temporal + espectral + Wavelet,Características completas,0.37498083807730614
LIV,preprocess_Reading192.dat,Temporal + espectral + Wavelet,Características completas,0.41373412297591694
LIV,preprocess_Reading193.dat,Temporal + espectral + Wavelet,Características completas,0.4605460026770526
LIV,preprocess_Reading194.dat,Temporal + espectral + Wavelet,Características completas,0.4416154342060973
LIV,preprocess_Reading195.dat,Temporal + espectral + Wavelet,Características completas,0.24389895946471196
LIV,preprocess_Reading196.dat,Temporal + espectral + Wavelet,Características completas,0.384314261662413
LIV,preprocess_Reading197.dat,Temporal + espectral + Wavelet,Características completas,0.4645164656109784
LIV,preprocess_Reading198.dat,Temporal + espectral + Wavelet,Características completas,0.34130494767708325
LIV,preprocess_Reading199.dat,Temporal + espectral + Wavelet,Características completas,0.24127852862344012
LIV,preprocess_Reading200.dat,Temporal + espectral + Wavelet,Características completas,0.33473465817044146
LIV,preprocess_Reading201.dat,Temporal + espectral + Wavelet,Características completas,0.36154278005451446
LIV,preprocess_Reading202.dat,Temporal + espectral + Wavelet,Características completas,-0.030494876801797972
LIV,preprocess_Reading203.dat,Temporal + espectral + Wavelet,Características completas,0.4514540702842653
LIV,preprocess_Reading204.dat,Temporal + espectral + Wavelet,Características completas,0.3053010461831504
LIV,preprocess_Reading205.dat,Temporal + espectral + Wavelet,Características completas,0.28819511302788775
LIV,preprocess_Reading206.dat,Temporal + espectral + Wavelet,Características completas,0.410288365799842
LIV,preprocess_Reading207.dat,Temporal + espectral + Wavelet,Características completas,0.4108053332413063
LIV,preprocess_Reading208.dat,Temporal + espectral + Wavelet,Características completas,0.39013613299615707
LIV,preprocess_Reading209.dat,Temporal + espectral + Wavelet,Características completas,0.29682106356430144
LIV,preprocess_Reading210.dat,Temporal + espectral + Wavelet,Características completas,0.269442808613346
LIV,preprocess_Reading211.dat,Temporal + espectral + Wavelet,Características completas,0.2933846075218483
LIV,preprocess_Reading212.dat,Temporal + espectral + Wavelet,Características completas,0.38122018017874676
LIV,preprocess_Reading213.dat,Temporal + espectral + Wavelet,Características completas,0.38259542418891845
LIV,preprocess_Reading214.dat,Temporal + espectral + Wavelet,Características completas,0.43276451764956836
LIV,preprocess_Reading215.dat,Temporal + espectral + Wavelet,Características completas,0.4219770744693822
LIV,preprocess_Reading216.dat,Temporal + espectral + Wavelet,Características completas,0.1060235610696419
LIV,preprocess_Reading217.dat,Temporal + espectral + Wavelet,Características completas,0.1655318231590083
LIV,preprocess_Reading218.dat,Temporal + espectral + Wavelet,Características completas,0.2964263162020108
LIV,preprocess_Reading219.dat,Temporal + espectral + Wavelet,Características completas,0.20994329589397454
LIV,preprocess_Reading220.dat,Temporal + espectral + Wavelet,Características completas,0.015793490481582934
LIV,preprocess_Reading221.dat,Temporal + espectral + Wavelet,Características completas,0.30248624749921516
LIV,preprocess_Reading222.dat,Temporal + espectral + Wavelet,Características completas,0.2631176224909698
LIV,preprocess_Reading223.dat,Temporal + espectral + Wavelet,Características completas,0.014645297034625608
LIV,preprocess_Reading224.dat,Temporal + espectral + Wavelet,Características completas,0.028593051543752995
LIV,preprocess_Reading225.dat,Temporal + espectral + Wavelet,Características completas,-0.03173280736791621
LOV,preprocess_Reading1.dat,Temporal + espectral + Wavelet,Características completas,-0.29142324959959093
LOV,preprocess_Reading2.dat,Temporal + espectral + Wavelet,Características completas,-0.35977237731512995
LOV,preprocess_Reading3.dat,Temporal + espectral + Wavelet,Características completas,-0.38201006348407124
LOV,preprocess_Reading4.dat,Temporal + espectral + Wavelet,Características completas,-0.3699954680023976
LOV,preprocess_Reading5.dat,Temporal + espectral + Wavelet,Características completas,-0.45356377407920395
LOV,preprocess_Reading6.dat,Temporal + espectral + Wavelet,Características completas,-0.39801202114713874
LOV,preprocess_Reading7.dat,Temporal + espectral + Wavelet,Características completas,-0.32007948591004765
LOV,preprocess_Reading8.dat,Temporal + espectral + Wavelet,Características completas,-0.3378106514382798
LOV,preprocess_Reading9.dat,Temporal + espectral + Wavelet,Características completas,-0.32067241565504473
LOV,preprocess_Reading10.dat,Temporal + espectral + Wavelet,Características completas,-0.36606621610877554
LOV,preprocess_Reading11.dat,Temporal + espectral + Wavelet,Características completas,-0.3671549896087121
LOV,preprocess_Reading12.dat,Temporal + espectral + Wavelet,Características completas,-0.3749106727996811
LOV,preprocess_Reading13.dat,Temporal + espectral + Wavelet,Características completas,-0.3377429029984211
LOV,preprocess_Reading14.dat,Temporal + espectral + Wavelet,Características completas,-0.3680634800051916
LOV,preprocess_Reading15.dat,Temporal + espectral + Wavelet,Características completas,-0.37320108604060237
LOV,preprocess_Reading16.dat,Temporal + espectral + Wavelet,Características completas,-0.39939368032606565
LOV,preprocess_Reading17.dat,Temporal + espectral + Wavelet,Características completas,-0.44714429816375273
LOV,preprocess_Reading18.dat,Temporal + espectral + Wavelet,Características completas,-0.4626617843975867
LOV,preprocess_Reading19.dat,Temporal + espectral + Wavelet,Características completas,-0.5108908745495311
LOV,preprocess_Reading20.dat,Temporal + espectral + Wavelet,Características completas,-0.5166372541705335
LOV,preprocess_Reading21.dat,Temporal + espectral + Wavelet,Características completas,-0.45595002819255104
LOV,preprocess_Reading22.dat,Temporal + espectral + Wavelet,Características completas,-0.46020779804400497
LOV,preprocess_Reading23.dat,Temporal + espectral + Wavelet,Características completas,-0.2985641302782974
LOV,preprocess_Reading24.dat,Temporal + espectral + Wavelet,Características completas,-0.5058420059195005
LOV,preprocess_Reading25.dat,Temporal + espectral + Wavelet,Características completas,-0.332475710714165
LOV,preprocess_Reading26.dat,Temporal + espectral + Wavelet,Características completas,-0.15457154483101096
LOV,preprocess_Reading27.dat,Temporal + espectral + Wavelet,Características completas,-0.026375932644817045
LOV,preprocess_Reading28.dat,Temporal + espectral + Wavelet,Características completas,-0.041190091562790014
LOV,preprocess_Reading29.dat,Temporal + espectral + Wavelet,Características completas,0.05854085267027001
LOV,preprocess_Reading30.dat,Temporal + espectral + Wavelet,Características completas,0.049286862246953805
LOV,preprocess_Reading31.dat,Temporal + espectral + Wavelet,Características completas,-0.006535810868429084
LOV,preprocess_Reading32.dat,Temporal + espectral + Wavelet,Características completas,0.12780541877695034
LOV,preprocess_Reading33.dat,Temporal + espectral + Wavelet,Características completas,0.14414304738054845
LOV,preprocess_Reading34.dat,Temporal + espectral + Wavelet,Características completas,0.044269950245679306
LOV,preprocess_Reading35.dat,Temporal + espectral + Wavelet,Características completas,-0.006117456903173916
LOV,preprocess_Reading36.dat,Temporal + espectral + Wavelet,Características completas,0.13926384282976018
LOV,preprocess_Reading37.dat,Temporal + espectral + Wavelet,Características completas,0.14373455707190455
LOV,preprocess_Reading38.dat,Temporal + espectral + Wavelet,Características completas,0.1477074928399566
LOV,preprocess_Reading39.dat,Temporal + espectral + Wavelet,Características completas,0.17829145145871034
LOV,preprocess_Reading40.dat,Temporal + espectral + Wavelet,Características completas,0.13275654239037293
LOV,preprocess_Reading41.dat,Temporal + espectral + Wavelet,Características completas,0.039438438789198435
LOV,preprocess_Reading42.dat,Temporal + espectral + Wavelet,Características completas,0.1785432891472351
LOV,preprocess_Reading43.dat,Temporal + espectral + Wavelet,Características completas,0.22300951581888676
LOV,preprocess_Reading44.dat,Temporal + espectral + Wavelet,Características completas,-0.02788593591244316
LOV,preprocess_Reading45.dat,Temporal + espectral + Wavelet,Características completas,-0.0459175962690461
LOV,preprocess_Reading46.dat,Temporal + espectral + Wavelet,Características completas,0.10304039880937625
LOV,preprocess_Reading47.dat,Temporal + espectral + Wavelet,Características completas,0.2025737936035461
LOV,preprocess_Reading48.dat,Temporal + espectral + Wavelet,Características completas,0.11943292080820314
LOV,preprocess_Reading49.dat,Temporal + espectral + Wavelet,Características completas,0.08499885045547445
LOV,preprocess_Reading50.dat,Temporal + espectral + Wavelet,Características completas,0.12354644705969223
LOV,preprocess_Reading51.dat,Temporal + espectral + Wavelet,Características completas,0.01703045588372337
LOV,preprocess_Reading52.dat,Temporal + espectral + Wavelet,Características completas,-0.06488971365707119
LOV,preprocess_Reading53.dat,Temporal + espectral + Wavelet,Características completas,0.18899775543324063
LOV,preprocess_Reading54.dat,Temporal + espectral + Wavelet,Características completas,0.0737471181157183
LOV,preprocess_Reading55.dat,Temporal + espectral + Wavelet,Características completas,0.01310931068785264
LOV,preprocess_Reading56.dat,Temporal + espectral + Wavelet,Características completas,0.04216751385373813
LOV,preprocess_Reading57.dat,Temporal + espectral + Wavelet,Características completas,-0.17936403028182724
LOV,preprocess_Reading58.dat,Temporal + espectral + Wavelet,Características completas,-0.18714772148378866
LOV,preprocess_Reading59.dat,Temporal + espectral + Wavelet,Características completas,-0.0778443688472145
LOV,preprocess_Reading60.dat,Temporal + espectral + Wavelet,Características completas,-0.07526578034297096
LOV,preprocess_Reading61.dat,Temporal + espectral + Wavelet,Características completas,-0.16742268920345837
LOV,preprocess_Reading62.dat,Temporal + espectral + Wavelet,Características completas,-0.007913171326172195
LOV,preprocess_Reading63.dat,Temporal + espectral + Wavelet,Características completas,-0.27330610375386044
LOV,preprocess_Reading64.dat,Temporal + espectral + Wavelet,Características completas,-0.07823684971357138
LOV,preprocess_Reading65.dat,Temporal + espectral + Wavelet,Características completas,-0.029133278231521283
LOV,preprocess_Reading66.dat,Temporal + espectral + Wavelet,Características completas,-0.16795608038398296
LOV,preprocess_Reading67.dat,Temporal + espectral + Wavelet,Características completas,-0.10203217292386987
LOV,preprocess_Reading68.dat,Temporal + espectral + Wavelet,Características completas,0.09034932868875467
LOV,preprocess_Reading69.dat,Temporal + espectral + Wavelet,Características completas,-0.05026675414751123
LOV,preprocess_Reading70.dat,Temporal + espectral + Wavelet,Características completas,-0.09228603184394138
LOV,preprocess_Reading71.dat,Temporal + espectral + Wavelet,Características completas,0.08610073288225827
LOV,preprocess_Reading72.dat,Temporal + espectral + Wavelet,Características completas,-0.11836975845735885
LOV,preprocess_Reading73.dat,Temporal + espectral + Wavelet,Características completas,0.10641575556809897
LOV,preprocess_Reading74.dat,Temporal + espectral + Wavelet,Características completas,0.0618046608156709
LOV,preprocess_Reading75.dat,Temporal + espectral + Wavelet,Características completas,-0.3522659643174789
LOV,preprocess_Reading76.dat,Temporal + espectral + Wavelet,Características completas,-0.27875988794125667
LOV,preprocess_Reading77.dat,Temporal + espectral + Wavelet,Características completas,-0.209962564138748
LOV,preprocess_Reading78.dat,Temporal + espectral + Wavelet,Características completas,-0.42184306028040663
LOV,preprocess_Reading79.dat,Temporal + espectral + Wavelet,Características completas,-0.4295155472637033
LOV,preprocess_Reading80.dat,Temporal + espectral + Wavelet,Características completas,-0.46042886842659914
LOV,preprocess_Reading81.dat,Temporal + espectral + Wavelet,Características completas,-0.4257075781818166
LOV,preprocess_Reading82.dat,Temporal + espectral + Wavelet,Características completas,-0.4077960332533596
LOV,preprocess_Reading83.dat,Temporal + espectral + Wavelet,Características completas,-0.4264418859078001
LOV,preprocess_Reading84.dat,Temporal + espectral + Wavelet,Características completas,-0.35060764348290957
LOV,preprocess_Reading85.dat,Temporal + espectral + Wavelet,Características completas,-0.47016477980801
LOV,preprocess_Reading86.dat,Temporal + espectral + Wavelet,Características completas,-0.47043824727231043
LOV,preprocess_Reading87.dat,Temporal + espectral + Wavelet,Características completas,-0.42108420945053565
LOV,preprocess_Reading88.dat,Temporal + espectral + Wavelet,Características completas,-0.3778542631318737
LOV,preprocess_Reading89.dat,Temporal + espectral + Wavelet,Características completas,-0.461660623040097
LOV,preprocess_Reading90.dat,Temporal + espectral + Wavelet,Características completas,-0.4020226944133115
LOV,preprocess_Reading91.dat,Temporal + espectral + Wavelet,Características completas,-0.43322536711944837
LOV,preprocess_Reading92.dat,Temporal + espectral + Wavelet,Características completas,-0.4851465876363385
LOV,preprocess_Reading93.dat,Temporal + espectral + Wavelet,Características completas,-0.5070010997713759
LOV,preprocess_Reading94.dat,Temporal + espectral + Wavelet,Características completas,-0.5071893925361718
LOV,preprocess_Reading95.dat,Temporal + espectral + Wavelet,Características completas,-0.4976562122015134
LOV,preprocess_Reading96.dat,Temporal + espectral + Wavelet,Características completas,-0.44172514179816896
LOV,preprocess_Reading97.dat,Temporal + espectral + Wavelet,Características completas,-0.31505953680753707
LOV,preprocess_Reading98.dat,Temporal + espectral + Wavelet,Características completas,-0.3850549439303455
LOV,preprocess_Reading99.dat,Temporal + espectral + Wavelet,Características completas,-0.3367267664331054
LOV,preprocess_Reading100.dat,Temporal + espectral + Wavelet,Características completas,-0.38360641782249927
LOV,preprocess_Reading101.dat,Temporal + espectral + Wavelet,Características completas,-0.18974119733172187
LOV,preprocess_Reading102.dat,Temporal + espectral + Wavelet,Características completas,-0.186204780869211
LOV,preprocess_Reading103.dat,Temporal + espectral + Wavelet,Características completas,-0.13541494157351525
LOV,preprocess_Reading104.dat,Temporal + espectral + Wavelet,Características completas,-0.20647503505712503
LOV,preprocess_Reading105.dat,Temporal + espectral + Wavelet,Características completas,-0.09075806387969335
LOV,preprocess_Reading106.dat,Temporal + espectral + Wavelet,Características completas,-0.14475884638821215
LOV,preprocess_Reading107.dat,Temporal + espectral + Wavelet,Características completas,-0.1034504472784237
LOV,preprocess_Reading108.dat,Temporal + espectral + Wavelet,Características completas,-0.18758930623557518
LOV,preprocess_Reading109.dat,Temporal + espectral + Wavelet,Características completas,-0.1288871651952976
LOV,preprocess_Reading110.dat,Temporal + espectral + Wavelet,Características completas,-0.12873912195902645
LOV,preprocess_Reading111.dat,Temporal + espectral + Wavelet,Características completas,0.05428780534806864
LOV,preprocess_Reading112.dat,Temporal + espectral + Wavelet,Características completas,0.01972094703858958
LOV,preprocess_Reading113.dat,Temporal + espectral + Wavelet,Características completas,0.0945578349120286
LOV,preprocess_Reading114.dat,Temporal + espectral + Wavelet,Características completas,0.1546225652852801
LOV,preprocess_Reading115.dat,Temporal + espectral + Wavelet,Características completas,0.10671822773833958
LOV,preprocess_Reading116.dat,Temporal + espectral + Wavelet,Características completas,0.08045015284568668
LOV,preprocess_Reading117.dat,Temporal + espectral + Wavelet,Características completas,0.11589688677005279
LOV,preprocess_Reading118.dat,Temporal + espectral + Wavelet,Características completas,0.11451529443071051
LOV,preprocess_Reading119.dat,Temporal + espectral + Wavelet,Características completas,0.19974349376341732
LOV,preprocess_Reading120.dat,Temporal + espectral + Wavelet,Características completas,-0.1589639483461761
LOV,preprocess_Reading121.dat,Temporal + espectral + Wavelet,Características completas,0.09180004489747794
LOV,preprocess_Reading122.dat,Temporal + espectral + Wavelet,Características completas,0.21050104691287716
LOV,preprocess_Reading123.dat,Temporal + espectral + Wavelet,Características completas,0.10237447230723828
LOV,preprocess_Reading124.dat,Temporal + espectral + Wavelet,Características completas,0.11719231979732207
LOV,preprocess_Reading125.dat,Temporal + espectral + Wavelet,Características completas,0.14429474400691955
LOV,preprocess_Reading126.dat,Temporal + espectral + Wavelet,Características completas,-0.23291832330666631
LOV,preprocess_Reading127.dat,Temporal + espectral + Wavelet,Características completas,0.005269296037710422
LOV,preprocess_Reading128.dat,Temporal + espectral + Wavelet,Características completas,-0.04479717968451157
LOV,preprocess_Reading129.dat,Temporal + espectral + Wavelet,Características completas,-0.017051645524391444
LOV,preprocess_Reading130.dat,Temporal + espectral + Wavelet,Características completas,0.03775680332479992
LOV,preprocess_Reading131.dat,Temporal + espectral + Wavelet,Características completas,0.0505708984935654
LOV,preprocess_Reading132.dat,Temporal + espectral + Wavelet,Características completas,-0.19237003539687364
LOV,preprocess_Reading133.dat,Temporal + espectral + Wavelet,Características completas,-0.1320989809276429
LOV,preprocess_Reading134.dat,Temporal + espectral + Wavelet,Características completas,-0.11544993757889797
LOV,preprocess_Reading135.dat,Temporal + espectral + Wavelet,Características completas,-0.021182420441513434
LOV,preprocess_Reading136.dat,Temporal + espectral + Wavelet,Características completas,-0.2116485134406064
LOV,preprocess_Reading137.dat,Temporal + espectral + Wavelet,Características completas,-0.26438874627862513
LOV,preprocess_Reading138.dat,Temporal + espectral + Wavelet,Características completas,-0.16751169002947122
LOV,preprocess_Reading139.dat,Temporal + espectral + Wavelet,Características completas,0.0031608576167750056
LOV,preprocess_Reading140.dat,Temporal + espectral + Wavelet,Características completas,-0.05283250199820691
LOV,preprocess_Reading141.dat,Temporal + espectral + Wavelet,Características completas,0.06584685031572049
LOV,preprocess_Reading142.dat,Temporal + espectral + Wavelet,Características completas,-0.4349698316395866
LOV,preprocess_Reading143.dat,Temporal + espectral + Wavelet,Características completas,-0.24343372911392866
LOV,preprocess_Reading144.dat,Temporal + espectral + Wavelet,Características completas,0.14308155464801842
LOV,preprocess_Reading145.dat,Temporal + espectral + Wavelet,Características completas,-0.19796355536592872
LOV,preprocess_Reading146.dat,Temporal + espectral + Wavelet,Características completas,-0.0029298448454150154
LOV,preprocess_Reading147.dat,Temporal + espectral + Wavelet,Características completas,-0.23951648242336437
LOV,preprocess_Reading148.dat,Temporal + espectral + Wavelet,Características completas,0.05768146337782775
LOV,preprocess_Reading149.dat,Temporal + espectral + Wavelet,Características completas,-0.28018805716687994
LOV,preprocess_Reading150.dat,Temporal + espectral + Wavelet,Características completas,-0.29187184925545445
LOV,preprocess_Reading151.dat,Temporal + espectral + Wavelet,Características completas,-0.3635570911314774
LOV,preprocess_Reading152.dat,Temporal + espectral + Wavelet,Características completas,-0.3138691916674943
LOV,preprocess_Reading153.dat,Temporal + espectral + Wavelet,Características completas,-0.24371925851378726
LOV,preprocess_Reading154.dat,Temporal + espectral + Wavelet,Características completas,-0.12136378981828733
LOV,preprocess_Reading155.dat,Temporal + espectral + Wavelet,Características completas,-0.03088308741506569
LOV,preprocess_Reading156.dat,Temporal + espectral + Wavelet,Características completas,-0.07598041088064655
LOV,preprocess_Reading157.dat,Temporal + espectral + Wavelet,Características completas,-0.11290914428238699
LOV,preprocess_Reading158.dat,Temporal + espectral + Wavelet,Características completas,-0.12095309699018832
LOV,preprocess_Reading159.dat,Temporal + espectral + Wavelet,Características completas,-0.08318452616228822
LOV,preprocess_Reading160.dat,Temporal + espectral + Wavelet,Características completas,-0.17543117553769824
LOV,preprocess_Reading161.dat,Temporal + espectral + Wavelet,Características completas,-0.372703288189096
LOV,preprocess_Reading162.dat,Temporal + espectral + Wavelet,Características completas,-0.3497921673797399
LOV,preprocess_Reading163.dat,Temporal + espectral + Wavelet,Características completas,-0.3301391524010674
LOV,preprocess_Reading164.dat,Temporal + espectral + Wavelet,Características completas,-0.32859051737301653
LOV,preprocess_Reading165.dat,Temporal + espectral + Wavelet,Características completas,-0.44136922604906725
LOV,preprocess_Reading166.dat,Temporal + espectral + Wavelet,Características completas,-0.3388018559448155
LOV,preprocess_Reading167.dat,Temporal + espectral + Wavelet,Características completas,-0.4129158838611223
LOV,preprocess_Reading168.dat,Temporal + espectral + Wavelet,Características completas,-0.2739985897608326
LOV,preprocess_Reading169.dat,Temporal + espectral + Wavelet,Características completas,-0.3018378556634361
LOV,preprocess_Reading170.dat,Temporal + espectral + Wavelet,Características completas,-0.2850572755059244
LOV,preprocess_Reading171.dat,Temporal + espectral + Wavelet,Características completas,-0.1942622080690243
LOV,preprocess_Reading172.dat,Temporal + espectral + Wavelet,Características completas,-0.24185731008957187
LOV,preprocess_Reading173.dat,Temporal + espectral + Wavelet,Características completas,-0.29873603545559735
LOV,preprocess_Reading174.dat,Temporal + espectral + Wavelet,Características completas,-0.37618948824280896
LOV,preprocess_Reading175.dat,Temporal + espectral + Wavelet,Características completas,-0.41698152319331405
LOV,preprocess_Reading176.dat,Temporal + espectral + Wavelet,Características completas,-0.40930609960202435
LOV,preprocess_Reading177.dat,Temporal + espectral + Wavelet,Características completas,-0.44775161245521883
LOV,preprocess_Reading178.dat,Temporal + espectral + Wavelet,Características completas,-0.4132036294426932
LOV,preprocess_Reading179.dat,Temporal + espectral + Wavelet,Características completas,-0.41812301166760196
LOV,preprocess_Reading180.dat,Temporal + espectral + Wavelet,Características completas,-0.3728889064501262
LOV,preprocess_Reading181.dat,Temporal + espectral + Wavelet,Características completas,-0.2780904684314729
LOV,preprocess_Reading182.dat,Temporal + espectral + Wavelet,Características completas,-0.20549212408171647
LOV,preprocess_Reading183.dat,Temporal + espectral + Wavelet,Características completas,-0.1464770355262347
LOV,preprocess_Reading184.dat,Temporal + espectral + Wavelet,Características completas,-0.28952477989543407
LOV,preprocess_Reading185.dat,Temporal + espectral + Wavelet,Características completas,-0.19602864331949846
LOV,preprocess_Reading186.dat,Temporal + espectral + Wavelet,Características completas,-0.10556351228365779
LOV,preprocess_Reading187.dat,Temporal + espectral + Wavelet,Características completas,-0.04592438845298777
LOV,preprocess_Reading188.dat,Temporal + espectral + Wavelet,Características completas,-0.17050255851854149
LOV,preprocess_Reading189.dat,Temporal + espectral + Wavelet,Características completas,-0.0771306162180521
LOV,preprocess_Reading190.dat,Temporal + espectral + Wavelet,Características completas,0.03700538192333804
LOV,preprocess_Reading191.dat,Temporal + espectral + Wavelet,Características completas,-0.001055072227882223
LOV,preprocess_Reading192.dat,Temporal + espectral + Wavelet,Características completas,0.04696243128579802
LOV,preprocess_Reading193.dat,Temporal + espectral + Wavelet,Características completas,0.13831034873897682
LOV,preprocess_Reading194.dat,Temporal + espectral + Wavelet,Características completas,0.08926948834079933
LOV,preprocess_Reading195.dat,Temporal + espectral + Wavelet,Características completas,0.1383183509023148
LOV,preprocess_Reading196.dat,Temporal + espectral + Wavelet,Características completas,-0.008114816839767003
LOV,preprocess_Reading197.dat,Temporal + espectral + Wavelet,Características completas,0.11680526725636187
LOV,preprocess_Reading198.dat,Temporal + espectral + Wavelet,Características completas,0.11606653514458583
LOV,preprocess_Reading199.dat,Temporal + espectral + Wavelet,Características completas,0.1570367240486385
LOV,preprocess_Reading200.dat,Temporal + espectral + Wavelet,Características completas,0.16304340550328084
LOV,preprocess_Reading201.dat,Temporal + espectral + Wavelet,Características completas,0.16606799665845182
LOV,preprocess_Reading202.dat,Temporal + espectral + Wavelet,Características completas,0.07327120420717134
LOV,preprocess_Reading203.dat,Temporal + espectral + Wavelet,Características completas,0.03752307520079883
LOV,preprocess_Reading204.dat,Temporal + espectral + Wavelet,Características completas,0.11622280390735502
LOV,preprocess_Reading205.dat,Temporal + espectral + Wavelet,Características completas,0.10299204390547548
LOV,preprocess_Reading206.dat,Temporal + espectral + Wavelet,Características completas,0.028232077703552665
LOV,preprocess_Reading207.dat,Temporal + espectral + Wavelet,Características completas,0.18450106090979648
LOV,preprocess_Reading208.dat,Temporal + espectral + Wavelet,Características completas,0.07409669538727978
LOV,preprocess_Reading209.dat,Temporal + espectral + Wavelet,Características completas,0.05088428714375132
LOV,preprocess_Reading210.dat,Temporal + espectral + Wavelet,Características completas,-0.01428495700585902
LOV,preprocess_Reading211.dat,Temporal + espectral + Wavelet,Características completas,0.002649285771886053
LOV,preprocess_Reading212.dat,Temporal + espectral + Wavelet,Características completas,0.05227364943297763
LOV,preprocess_Reading213.dat,Temporal + espectral + Wavelet,Características completas,0.16097955803989603
LOV,preprocess_Reading214.dat,Temporal + espectral + Wavelet,Características completas,0.08107025326010184
LOV,preprocess_Reading215.dat,Temporal + espectral + Wavelet,Características completas,-0.013406794542664295
LOV,preprocess_Reading216.dat,Temporal + espectral + Wavelet,Características completas,0.09387657484924218
LOV,preprocess_Reading217.dat,Temporal + espectral + Wavelet,Características completas,0.09845693377995403
LOV,preprocess_Reading218.dat,Temporal + espectral + Wavelet,Características completas,0.1603788229765932
LOV,preprocess_Reading219.dat,Temporal + espectral + Wavelet,Características completas,-0.05545489803594096
LOV,preprocess_Reading220.dat,Temporal + espectral + Wavelet,Características completas,-0.10367047218589844
LOV,preprocess_Reading221.dat,Temporal + espectral + Wavelet,Características completas,0.02328763136514694
LOV,preprocess_Reading222.dat,Temporal + espectral + Wavelet,Características completas,-0.33665091631158267
LOV,preprocess_Reading223.dat,Temporal + espectral + Wavelet,Características completas,-0.17613287448581896
LOV,preprocess_Reading224.dat,Temporal + espectral + Wavelet,Características completas,-0.5213361067228517
LOV,preprocess_Reading225.dat,Temporal + espectral + Wavelet,Características completas,-0.20348411302350694
NRV,preprocess_Reading1.dat,Temporal + espectral + Wavelet,Características completas,-0.44647634831200383
NRV,preprocess_Reading2.dat,Temporal + espectral + Wavelet,Características completas,-0.3987726478817714
NRV,preprocess_Reading3.dat,Temporal + espectral + Wavelet,Características completas,-0.13861810318020262
NRV,preprocess_Reading4.dat,Temporal + espectral + Wavelet,Características completas,0.04547355977279825
NRV,preprocess_Reading5.dat,Temporal + espectral + Wavelet,Características completas,0.3407730206231744
NRV,preprocess_Reading6.dat,Temporal + espectral + Wavelet,Características completas,-0.04740158261764617
NRV,preprocess_Reading7.dat,Temporal + espectral + Wavelet,Características completas,-0.17679960473552717
NRV,preprocess_Reading8.dat,Temporal + espectral + Wavelet,Características completas,-0.21459847391916395
NRV,preprocess_Reading9.dat,Temporal + espectral + Wavelet,Características completas,-0.004876579520104318
NRV,preprocess_Reading10.dat,Temporal + espectral + Wavelet,Características completas,-0.16166476564517854
NRV,preprocess_Reading11.dat,Temporal + espectral + Wavelet,Características completas,-0.14260601933807857
NRV,preprocess_Reading12.dat,Temporal + espectral + Wavelet,Características completas,0.36134074533472005
NRV,preprocess_Reading13.dat,Temporal + espectral + Wavelet,Características completas,0.28543315093590904
NRV,preprocess_Reading14.dat,Temporal + espectral + Wavelet,Características completas,0.38763384938254686
NRV,preprocess_Reading15.dat,Temporal + espectral + Wavelet,Características completas,0.35166618318056364
NRV,preprocess_Reading16.dat,Temporal + espectral + Wavelet,Características completas,0.2727785418998869
NRV,preprocess_Reading17.dat,Temporal + espectral + Wavelet,Características completas,0.44908381993123314
NRV,preprocess_Reading18.dat,Temporal + espectral + Wavelet,Características completas,0.31911227863167724
NRV,preprocess_Reading19.dat,Temporal + espectral + Wavelet,Características completas,0.20204064481775624
NRV,preprocess_Reading20.dat,Temporal + espectral + Wavelet,Características completas,0.36592341901391
NRV,preprocess_Reading21.dat,Temporal + espectral + Wavelet,Características completas,0.4017597134508642
NRV,preprocess_Reading22.dat,Temporal + espectral + Wavelet,Características completas,0.30623994069288185
NRV,preprocess_Reading23.dat,Temporal + espectral + Wavelet,Características completas,0.3433075749477397
NRV,preprocess_Reading24.dat,Temporal + espectral + Wavelet,Características completas,0.17167854677313513
NRV,preprocess_Reading25.dat,Temporal + espectral + Wavelet,Características completas,0.29874123031029826
NRV,preprocess_Reading26.dat,Temporal + espectral + Wavelet,Características completas,0.37811950298326774
NRV,preprocess_Reading27.dat,Temporal + espectral + Wavelet,Características completas,0.33540151670002005
NRV,preprocess_Reading28.dat,Temporal + espectral + Wavelet,Características completas,-0.036077095740118026
NRV,preprocess_Reading29.dat,Temporal + espectral + Wavelet,Características completas,0.32689108165046604
NRV,preprocess_Reading30.dat,Temporal + espectral + Wavelet,Características completas,-0.09138297177579362
NRV,preprocess_Reading31.dat,Temporal + espectral + Wavelet,Características completas,0.3286099361271787
NRV,preprocess_Reading32.dat,Temporal + espectral + Wavelet,Características completas,0.25501525862254465
NRV,preprocess_Reading33.dat,Temporal + espectral + Wavelet,Características completas,0.30068063821112184
NRV,preprocess_Reading34.dat,Temporal + espectral + Wavelet,Características completas,0.3733362674413473
NRV,preprocess_Reading35.dat,Temporal + espectral + Wavelet,Características completas,0.4218470283813698
NRV,preprocess_Reading36.dat,Temporal + espectral + Wavelet,Características completas,0.12431110476051699
NRV,preprocess_Reading37.dat,Temporal + espectral + Wavelet,Características completas,0.3677336056564226
NRV,preprocess_Reading38.dat,Temporal + espectral + Wavelet,Características completas,0.030803562607092893
NRV,preprocess_Reading39.dat,Temporal + espectral + Wavelet,Características completas,0.22917692356929356
NRV,preprocess_Reading40.dat,Temporal + espectral + Wavelet,Características completas,0.1513299245749393
NRV,preprocess_Reading41.dat,Temporal + espectral + Wavelet,Características completas,0.37929270208137256
NRV,preprocess_Reading42.dat,Temporal + espectral + Wavelet,Características completas,0.3760037607633643
NRV,preprocess_Reading43.dat,Temporal + espectral + Wavelet,Características completas,0.37311359711396236
NRV,preprocess_Reading44.dat,Temporal + espectral + Wavelet,Características completas,0.30001532200719566
NRV,preprocess_Reading45.dat,Temporal + espectral + Wavelet,Características completas,0.24812709467025504
NRV,preprocess_Reading46.dat,Temporal + espectral + Wavelet,Características completas,0.34193378951200737
NRV,preprocess_Reading47.dat,Temporal + espectral + Wavelet,Características completas,0.18871195300174948
NRV,preprocess_Reading48.dat,Temporal + espectral + Wavelet,Características completas,0.40866100979431563
NRV,preprocess_Reading49.dat,Temporal + espectral + Wavelet,Características completas,0.010511062235174683
NRV,preprocess_Reading50.dat,Temporal + espectral + Wavelet,Características completas,0.38422892829238625
NRV,preprocess_Reading51.dat,Temporal + espectral + Wavelet,Características completas,0.31513804982514926
NRV,preprocess_Reading52.dat,Temporal + espectral + Wavelet,Características completas,0.317041939037918
NRV,preprocess_Reading53.dat,Temporal + espectral + Wavelet,Características completas,0.33769687628493167
NRV,preprocess_Reading54.dat,Temporal + espectral + Wavelet,Características completas,0.37773389766821247
NRV,preprocess_Reading55.dat,Temporal + espectral + Wavelet,Características completas,0.33703821504663856
NRV,preprocess_Reading56.dat,Temporal + espectral + Wavelet,Características completas,0.40927812067808145
NRV,preprocess_Reading57.dat,Temporal + espectral + Wavelet,Características completas,0.39215577218807574
NRV,preprocess_Reading58.dat,Temporal + espectral + Wavelet,Características completas,0.39400904089172717
NRV,preprocess_Reading59.dat,Temporal + espectral + Wavelet,Características completas,0.2983302659542691
NRV,preprocess_Reading60.dat,Temporal + espectral + Wavelet,Características completas,0.11972332580479245
NRV,preprocess_Reading61.dat,Temporal + espectral + Wavelet,Características completas,0.4159667551902441
NRV,preprocess_Reading62.dat,Temporal + espectral + Wavelet,Características completas,0.16466128013848666
NRV,preprocess_Reading63.dat,Temporal + espectral + Wavelet,Características completas,0.12109776537068277
NRV,preprocess_Reading64.dat,Temporal + espectral + Wavelet,Características completas,0.3475268808136406
NRV,preprocess_Reading65.dat,Temporal + espectral + Wavelet,Características completas,0.31591034342432806
NRV,preprocess_Reading66.dat,Temporal + espectral + Wavelet,Características completas,0.3662426185562163
NRV,preprocess_Reading67.dat,Temporal + espectral + Wavelet,Características completas,0.3480728359426043
NRV,preprocess_Reading68.dat,Temporal + espectral + Wavelet,Características completas,0.3834494754077383
NRV,preprocess_Reading69.dat,Temporal + espectral + Wavelet,Características completas,0.37423514577099004
NRV,preprocess_Reading70.dat,Temporal + espectral + Wavelet,Características completas,0.28678642865216053
NRV,preprocess_Reading71.dat,Temporal + espectral + Wavelet,Características completas,0.3696563310140672
NRV,preprocess_Reading72.dat,Temporal + espectral + Wavelet,Características completas,0.24846179613572544
NRV,preprocess_Reading73.dat,Temporal + espectral + Wavelet,Características completas,0.30986145285409955
NRV,preprocess_Reading74.dat,Temporal + espectral + Wavelet,Características completas,0.10433243731383478
NRV,preprocess_Reading75.dat,Temporal + espectral + Wavelet,Características completas,0.2960189956278718
NRV,preprocess_Reading76.dat,Temporal + espectral + Wavelet,Características completas,-0.36345370074839817
NRV,preprocess_Reading77.dat,Temporal + espectral + Wavelet,Características completas,-0.39998524153751847
NRV,preprocess_Reading78.dat,Temporal + espectral + Wavelet,Características completas,-0.007980819170629769
NRV,preprocess_Reading79.dat,Temporal + espectral + Wavelet,Características completas,-0.10530615413508836
NRV,preprocess_Reading80.dat,Temporal + espectral + Wavelet,Características completas,0.38987413329070697
NRV,preprocess_Reading81.dat,Temporal + espectral + Wavelet,Características completas,0.34755379312448165
NRV,preprocess_Reading82.dat,Temporal + espectral + Wavelet,Características completas,0.33610793355793755
NRV,preprocess_Reading83.dat,Temporal + espectral + Wavelet,Características completas,0.2999720947771169
NRV,preprocess_Reading84.dat,Temporal + espectral + Wavelet,Características completas,0.16722153340470003
NRV,preprocess_Reading85.dat,Temporal + espectral + Wavelet,Características completas,0.26480387351547285
NRV,preprocess_Reading86.dat,Temporal + espectral + Wavelet,Características completas,0.38805589621337133
NRV,preprocess_Reading87.dat,Temporal + espectral + Wavelet,Características completas,0.34571424014889246
NRV,preprocess_Reading88.dat,Temporal + espectral + Wavelet,Características completas,0.3254095782452931
NRV,preprocess_Reading89.dat,Temporal + espectral + Wavelet,Características completas,0.19264489296221385
NRV,preprocess_Reading90.dat,Temporal + espectral + Wavelet,Características completas,0.40535731547038284
NRV,preprocess_Reading91.dat,Temporal + espectral + Wavelet,Características completas,0.2009428557183706
NRV,preprocess_Reading92.dat,Temporal + espectral + Wavelet,Características completas,0.21147740623381223
NRV,preprocess_Reading93.dat,Temporal + espectral + Wavelet,Características completas,0.1876155306827231
NRV,preprocess_Reading94.dat,Temporal + espectral + Wavelet,Características completas,-0.1991443877073356
NRV,preprocess_Reading95.dat,Temporal + espectral + Wavelet,Características completas,-0.16363333379478404
NRV,preprocess_Reading96.dat,Temporal + espectral + Wavelet,Características completas,0.0855143851544302
NRV,preprocess_Reading97.dat,Temporal + espectral + Wavelet,Características completas,-0.21526648912049554
NRV,preprocess_Reading98.dat,Temporal + espectral + Wavelet,Características completas,-0.06475430001121943
NRV,preprocess_Reading99.dat,Temporal + espectral + Wavelet,Características completas,0.09412482337485326
NRV,preprocess_Reading100.dat,Temporal + espectral + Wavelet,Características completas,0.17336864002501587
NRV,preprocess_Reading101.dat,Temporal + espectral + Wavelet,Características completas,0.17752467995521237
NRV,preprocess_Reading102.dat,Temporal + espectral + Wavelet,Características completas,0.09576828662900864
NRV,preprocess_Reading103.dat,Temporal + espectral + Wavelet,Características completas,-0.050497670272005205
NRV,preprocess_Reading104.dat,Temporal + espectral + Wavelet,Características completas,0.23309986908194646
NRV,preprocess_Reading105.dat,Temporal + espectral + Wavelet,Características completas,0.402359679009775
NRV,preprocess_Reading106.dat,Temporal + espectral + Wavelet,Características completas,-0.12958761616704698
NRV,preprocess_Reading107.dat,Temporal + espectral + Wavelet,Características completas,0.42584325802624257
NRV,preprocess_Reading108.dat,Temporal + espectral + Wavelet,Características completas,0.4167264632102539
NRV,preprocess_Reading109.dat,Temporal + espectral + Wavelet,Características completas,0.44897837377806393
NRV,preprocess_Reading110.dat,Temporal + espectral + Wavelet,Características completas,0.3503656112461053
NRV,preprocess_Reading111.dat,Temporal + espectral + Wavelet,Características completas,0.31263778518532037
NRV,preprocess_Reading112.dat,Temporal + espectral + Wavelet,Características completas,0.1965367028354507
NRV,preprocess_Reading113.dat,Temporal + espectral + Wavelet,Características completas,0.24038370015349445
NRV,preprocess_Reading114.dat,Temporal + espectral + Wavelet,Características completas,0.24583976718382788
NRV,preprocess_Reading115.dat,Temporal + espectral + Wavelet,Características completas,-0.14391387192411165
NRV,preprocess_Reading116.dat,Temporal + espectral + Wavelet,Características completas,0.29988353596933487
NRV,preprocess_Reading117.dat,Temporal + espectral + Wavelet,Características completas,0.25178648098367556
NRV,preprocess_Reading118.dat,Temporal + espectral + Wavelet,Características completas,0.2559533074084417
NRV,preprocess_Reading119.dat,Temporal + espectral + Wavelet,Características completas,-0.012603121756597412
NRV,preprocess_Reading120.dat,Temporal + espectral + Wavelet,Características completas,0.2142526418238177
NRV,preprocess_Reading121.dat,Temporal + espectral + Wavelet,Características completas,0.16939535820911658
NRV,preprocess_Reading122.dat,Temporal + espectral + Wavelet,Características completas,0.29573730852736924
NRV,preprocess_Reading123.dat,Temporal + espectral + Wavelet,Características completas,0.17741635264989894
NRV,preprocess_Reading124.dat,Temporal + espectral + Wavelet,Características completas,0.16669029699673651
NRV,preprocess_Reading125.dat,Temporal + espectral + Wavelet,Características completas,5.519524256163551e-05
NRV,preprocess_Reading126.dat,Temporal + espectral + Wavelet,Características completas,0.08723548605080661
NRV,preprocess_Reading127.dat,Temporal + espectral + Wavelet,Características completas,0.37168775279412286
NRV,preprocess_Reading128.dat,Temporal + espectral + Wavelet,Características completas,0.4099401970908242
NRV,preprocess_Reading129.dat,Temporal + espectral + Wavelet,Características completas,0.3074784045433753
NRV,preprocess_Reading130.dat,Temporal + espectral + Wavelet,Características completas,0.2575605028788422
NRV,preprocess_Reading131.dat,Temporal + espectral + Wavelet,Características completas,0.15800088440605406
NRV,preprocess_Reading132.dat,Temporal + espectral + Wavelet,Características completas,0.08819070074321482
NRV,preprocess_Reading133.dat,Temporal + espectral + Wavelet,Características completas,0.060243384119751865
NRV,preprocess_Reading134.dat,Temporal + espectral + Wavelet,Características completas,0.2350299814982278
NRV,preprocess_Reading135.dat,Temporal + espectral + Wavelet,Características completas,0.07111723324273932
NRV,preprocess_Reading136.dat,Temporal + espectral + Wavelet,Características completas,0.08450940164734762
NRV,preprocess_Reading137.dat,Temporal + espectral + Wavelet,Características completas,0.03455518266251789
NRV,preprocess_Reading138.dat,Temporal + espectral + Wavelet,Características completas,0.1828507197846758
NRV,preprocess_Reading139.dat,Temporal + espectral + Wavelet,Características completas,0.22095462520892065
NRV,preprocess_Reading140.dat,Temporal + espectral + Wavelet,Características completas,0.27780907968511875
NRV,preprocess_Reading141.dat,Temporal + espectral + Wavelet,Características completas,0.3360519104679755
NRV,preprocess_Reading142.dat,Temporal + espectral + Wavelet,Características completas,0.3577156988628929
NRV,preprocess_Reading143.dat,Temporal + espectral + Wavelet,Características completas,0.37640045873248495
NRV,preprocess_Reading144.dat,Temporal + espectral + Wavelet,Características completas,0.38271138535271126
NRV,preprocess_Reading145.dat,Temporal + espectral + Wavelet,Características completas,0.419669771835781
NRV,preprocess_Reading146.dat,Temporal + espectral + Wavelet,Características completas,0.315114212688366
NRV,preprocess_Reading147.dat,Temporal + espectral + Wavelet,Características completas,0.35850624614521637
NRV,preprocess_Reading148.dat,Temporal + espectral + Wavelet,Características completas,0.30221741865614576
NRV,preprocess_Reading149.dat,Temporal + espectral + Wavelet,Características completas,0.3752186827408478
NRV,preprocess_Reading150.dat,Temporal + espectral + Wavelet,Características completas,0.3554354635202643
NRV,preprocess_Reading151.dat,Temporal + espectral + Wavelet,Características completas,-0.3611226765545347
NRV,preprocess_Reading152.dat,Temporal + espectral + Wavelet,Características completas,0.05294507592043639
NRV,preprocess_Reading153.dat,Temporal + espectral + Wavelet,Características completas,0.28402848832007815
NRV,preprocess_Reading154.dat,Temporal + espectral + Wavelet,Características completas,0.005081336008443029
NRV,preprocess_Reading155.dat,Temporal + espectral + Wavelet,Características completas,-0.05712366173410746
NRV,preprocess_Reading156.dat,Temporal + espectral + Wavelet,Características completas,0.04181588043878454
NRV,preprocess_Reading157.dat,Temporal + espectral + Wavelet,Características completas,0.32704301153370346
NRV,preprocess_Reading158.dat,Temporal + espectral + Wavelet,Características completas,0.4046129490018859
NRV,preprocess_Reading159.dat,Temporal + espectral + Wavelet,Características completas,0.11263123896225556
NRV,preprocess_Reading160.dat,Temporal + espectral + Wavelet,Características completas,0.10515419987642273
NRV,preprocess_Reading161.dat,Temporal + espectral + Wavelet,Características completas,0.22470434097761893
NRV,preprocess_Reading162.dat,Temporal + espectral + Wavelet,Características completas,0.42594029548248774
NRV,preprocess_Reading163.dat,Temporal + espectral + Wavelet,Características completas,0.35965304631489187
NRV,preprocess_Reading164.dat,Temporal + espectral + Wavelet,Características completas,0.17949759037460822
NRV,preprocess_Reading165.dat,Temporal + espectral + Wavelet,Características completas,0.2902533983522913
NRV,preprocess_Reading166.dat,Temporal + espectral + Wavelet,Características completas,0.09200959311410056
NRV,preprocess_Reading167.dat,Temporal + espectral + Wavelet,Características completas,0.2496720301000173
NRV,preprocess_Reading168.dat,Temporal + espectral + Wavelet,Características completas,0.13379780562433713
NRV,preprocess_Reading169.dat,Temporal + espectral + Wavelet,Características completas,0.21421516179950736
NRV,preprocess_Reading170.dat,Temporal + espectral + Wavelet,Características completas,0.2746399131331819
NRV,preprocess_Reading171.dat,Temporal + espectral + Wavelet,Características completas,0.32890601522092044
NRV,preprocess_Reading172.dat,Temporal + espectral + Wavelet,Características completas,0.021693026698114005
NRV,preprocess_Reading173.dat,Temporal + espectral + Wavelet,Características completas,0.1810392965887029
NRV,preprocess_Reading174.dat,Temporal + espectral + Wavelet,Características completas,0.38522396174821755
NRV,preprocess_Reading175.dat,Temporal + espectral + Wavelet,Características completas,0.26049682867868196
NRV,preprocess_Reading176.dat,Temporal + espectral + Wavelet,Características completas,-0.169474025547531
NRV,preprocess_Reading177.dat,Temporal + espectral + Wavelet,Características completas,0.4010401488016429
NRV,preprocess_Reading178.dat,Temporal + espectral + Wavelet,Características completas,0.21300833737029168
NRV,preprocess_Reading179.dat,Temporal + espectral + Wavelet,Características completas,-0.30137348879166803
NRV,preprocess_Reading180.dat,Temporal + espectral + Wavelet,Características completas,-0.24710614571219394
NRV,preprocess_Reading181.dat,Temporal + espectral + Wavelet,Características completas,0.30622941060106074
NRV,preprocess_Reading182.dat,Temporal + espectral + Wavelet,Características completas,-0.0011774129323763357
NRV,preprocess_Reading183.dat,Temporal + espectral + Wavelet,Características completas,0.36592019770453404
NRV,preprocess_Reading184.dat,Temporal + espectral + Wavelet,Características completas,-0.03571120840288785
NRV,preprocess_Reading185.dat,Temporal + espectral + Wavelet,Características completas,0.25628793888923845
NRV,preprocess_Reading186.dat,Temporal + espectral + Wavelet,Características completas,-0.1791416494438002
NRV,preprocess_Reading187.dat,Temporal + espectral + Wavelet,Características completas,0.23221179113290807
NRV,preprocess_Reading188.dat,Temporal + espectral + Wavelet,Características completas,0.23329172597040587
NRV,preprocess_Reading189.dat,Temporal + espectral + Wavelet,Características completas,-0.1985264890955002
NRV,preprocess_Reading190.dat,Temporal + espectral + Wavelet,Características completas,-0.23149706685379137
NRV,preprocess_Reading191.dat,Temporal + espectral + Wavelet,Características completas,-0.19989511040639416
NRV,preprocess_Reading192.dat,Temporal + espectral + Wavelet,Características completas,-0.2545055828475039
NRV,preprocess_Reading193.dat,Temporal + espectral + Wavelet,Características completas,0.016310168603593106
NRV,preprocess_Reading194.dat,Temporal + espectral + Wavelet,Características completas,-0.0984505334490686
NRV,preprocess_Reading195.dat,Temporal + espectral + Wavelet,Características completas,-0.14677243468199574
NRV,preprocess_Reading196.dat,Temporal + espectral + Wavelet,Características completas,0.1735823272374002
NRV,preprocess_Reading197.dat,Temporal + espectral + Wavelet,Características completas,0.3067270130098719
NRV,preprocess_Reading198.dat,Temporal + espectral + Wavelet,Características completas,-0.0009462521396745122
NRV,preprocess_Reading199.dat,Temporal + espectral + Wavelet,Características completas,0.19683130034157229
NRV,preprocess_Reading200.dat,Temporal + espectral + Wavelet,Características completas,0.22300373453680258
NRV,preprocess_Reading201.dat,Temporal + espectral + Wavelet,Características completas,0.25717832349766134
NRV,preprocess_Reading202.dat,Temporal + espectral + Wavelet,Características completas,-0.017527976107655493
NRV,preprocess_Reading203.dat,Temporal + espectral + Wavelet,Características completas,0.09202266228212606
NRV,preprocess_Reading204.dat,Temporal + espectral + Wavelet,Características completas,0.19793228686968137
NRV,preprocess_Reading205.dat,Temporal + espectral + Wavelet,Características completas,0.3456057781684909
NRV,preprocess_Reading206.dat,Temporal + espectral + Wavelet,Características completas,0.40907591814785754
NRV,preprocess_Reading207.dat,Temporal + espectral + Wavelet,Características completas,0.37359864218550043
NRV,preprocess_Reading208.dat,Temporal + espectral + Wavelet,Características completas,0.3611147359192778
NRV,preprocess_Reading209.dat,Temporal + espectral + Wavelet,Características completas,0.24524251959016946
NRV,preprocess_Reading210.dat,Temporal + espectral + Wavelet,Características completas,0.38344106840188896
NRV,preprocess_Reading211.dat,Temporal + espectral + Wavelet,Características completas,0.3391814381471559
NRV,preprocess_Reading212.dat,Temporal + espectral + Wavelet,Características completas,0.4325583500140582
NRV,preprocess_Reading213.dat,Temporal + espectral + Wavelet,Características completas,0.3694290486817528
NRV,preprocess_Reading214.dat,Temporal + espectral + Wavelet,Características completas,0.39256926968159966
NRV,preprocess_Reading215.dat,Temporal + espectral + Wavelet,Características completas,0.29415859101648995
NRV,preprocess_Reading216.dat,Temporal + espectral + Wavelet,Características completas,0.3310993746720407
NRV,preprocess_Reading217.dat,Temporal + espectral + Wavelet,Características completas,0.3790478981653021
NRV,preprocess_Reading218.dat,Temporal + espectral + Wavelet,Características completas,0.4070281888836581
NRV,preprocess_Reading219.dat,Temporal + espectral + Wavelet,Características completas,0.39759772648886776
NRV,preprocess_Reading220.dat,Temporal + espectral + Wavelet,Características completas,0.33393414198813176
NRV,preprocess_Reading221.dat,Temporal + espectral + Wavelet,Características completas,0.40848386802153325
NRV,preprocess_Reading222.dat,Temporal + espectral + Wavelet,Características completas,0.42462248481872256
NRV,preprocess_Reading223.dat,Temporal + espectral + Wavelet,Características completas,0.35620473124476404
NRV,preprocess_Reading224.dat,Temporal + espectral + Wavelet,Características completas,0.25778262543846303
NRV,preprocess_Reading225.dat,Temporal + espectral + Wavelet,Características completas,0.2418970664706994
Piston,preprocess_Reading1.dat,Temporal + espectral + Wavelet,Características completas,-0.3917659591219226
Piston,preprocess_Reading2.dat,Temporal + espectral + Wavelet,Características completas,-0.4289243733253388
Piston,preprocess_Reading3.dat,Temporal + espectral + Wavelet,Características completas,-0.424089023860135
Piston,preprocess_Reading4.dat,Temporal + espectral + Wavelet,Características completas,-0.3418901039982796
Piston,preprocess_Reading5.dat,Temporal + espectral + Wavelet,Características completas,-0.2829748532861503
Piston,preprocess_Reading6.dat,Temporal + espectral + Wavelet,Características completas,-0.18529212601617304
Piston,preprocess_Reading7.dat,Temporal + espectral + Wavelet,Características completas,-0.1733087495899636
Piston,preprocess_Reading8.dat,Temporal + espectral + Wavelet,Características completas,-0.2441499019862102
Piston,preprocess_Reading9.dat,Temporal + espectral + Wavelet,Características completas,-0.3124988790124858
Piston,preprocess_Reading10.dat,Temporal + espectral + Wavelet,Características completas,-0.09936461916183771
Piston,preprocess_Reading11.dat,Temporal + espectral + Wavelet,Características completas,-0.09338085730424353
Piston,preprocess_Reading12.dat,Temporal + espectral + Wavelet,Características completas,-0.2067014032847428
Piston,preprocess_Reading13.dat,Temporal + espectral + Wavelet,Características completas,-0.13564013627783544
Piston,preprocess_Reading14.dat,Temporal + espectral + Wavelet,Características completas,-0.0359516074309754
Piston,preprocess_Reading15.dat,Temporal + espectral + Wavelet,Características completas,-0.31941759643026346
Piston,preprocess_Reading16.dat,Temporal + espectral + Wavelet,Características completas,-0.26558612248098323
Piston,preprocess_Reading17.dat,Temporal + espectral + Wavelet,Características completas,-0.11254347328325119
Piston,preprocess_Reading18.dat,Temporal + espectral + Wavelet,Características completas,0.026485998375522984
Piston,preprocess_Reading19.dat,Temporal + espectral + Wavelet,Características completas,-0.19769595398255088
Piston,preprocess_Reading20.dat,Temporal + espectral + Wavelet,Características completas,-0.09033332938946405
Piston,preprocess_Reading21.dat,Temporal + espectral + Wavelet,Características completas,0.18293273556989284
Piston,preprocess_Reading22.dat,Temporal + espectral + Wavelet,Características completas,0.1448099202349363
Piston,preprocess_Reading23.dat,Temporal + espectral + Wavelet,Características completas,-0.01662105304274196
Piston,preprocess_Reading24.dat,Temporal + espectral + Wavelet,Características completas,0.09713436047987122
Piston,preprocess_Reading25.dat,Temporal + espectral + Wavelet,Características completas,0.16387182994208616
Piston,preprocess_Reading26.dat,Temporal + espectral + Wavelet,Características completas,-0.05122382981386696
Piston,preprocess_Reading27.dat,Temporal + espectral + Wavelet,Características completas,0.26148082361907277
Piston,preprocess_Reading28.dat,Temporal + espectral + Wavelet,Características completas,0.22688139375389774
Piston,preprocess_Reading29.dat,Temporal + espectral + Wavelet,Características completas,0.16082941929696748
Piston,preprocess_Reading30.dat,Temporal + espectral + Wavelet,Características completas,0.2326999191276487
Piston,preprocess_Reading31.dat,Temporal + espectral + Wavelet,Características completas,0.25375312709276326
Piston,preprocess_Reading32.dat,Temporal + espectral + Wavelet,Características completas,0.2679622125644604
Piston,preprocess_Reading33.dat,Temporal + espectral + Wavelet,Características completas,0.11600895489124832
Piston,preprocess_Reading34.dat,Temporal + espectral + Wavelet,Características completas,0.13977364553902827
Piston,preprocess_Reading35.dat,Temporal + espectral + Wavelet,Características completas,0.20919663549956827
Piston,preprocess_Reading36.dat,Temporal + espectral + Wavelet,Características completas,0.22582010455325627
Piston,preprocess_Reading37.dat,Temporal + espectral + Wavelet,Características completas,0.3009503427725509
Piston,preprocess_Reading38.dat,Temporal + espectral + Wavelet,Características completas,0.2589853540701299
Piston,preprocess_Reading39.dat,Temporal + espectral + Wavelet,Características completas,0.2296199798284499
Piston,preprocess_Reading40.dat,Temporal + espectral + Wavelet,Características completas,0.24889385202053652
Piston,preprocess_Reading41.dat,Temporal + espectral + Wavelet,Características completas,0.24107462301308247
Piston,preprocess_Reading42.dat,Temporal + espectral + Wavelet,Características completas,0.2011913931023159
Piston,preprocess_Reading43.dat,Temporal + espectral + Wavelet,Características completas,0.15277509442109452
Piston,preprocess_Reading44.dat,Temporal + espectral + Wavelet,Características completas,0.21744683208941468
Piston,preprocess_Reading45.dat,Temporal + espectral + Wavelet,Características completas,0.29726380928314644
Piston,preprocess_Reading46.dat,Temporal + espectral + Wavelet,Características completas,0.21996839604004853
Piston,preprocess_Reading47.dat,Temporal + espectral + Wavelet,Características completas,0.21425307359875
Piston,preprocess_Reading48.dat,Temporal + espectral + Wavelet,Características completas,0.2362367428657088
Piston,preprocess_Reading49.dat,Temporal + espectral + Wavelet,Características completas,0.2404817232292262
Piston,preprocess_Reading50.dat,Temporal + espectral + Wavelet,Características completas,0.19538333873933297
Piston,preprocess_Reading51.dat,Temporal + espectral + Wavelet,Características completas,-0.01075395266542789
Piston,preprocess_Reading52.dat,Temporal + espectral + Wavelet,Características completas,0.047543390167633516
Piston,preprocess_Reading53.dat,Temporal + espectral + Wavelet,Características completas,0.2465263766738525
Piston,preprocess_Reading54.dat,Temporal + espectral + Wavelet,Características completas,0.26557409214100225
Piston,preprocess_Reading55.dat,Temporal + espectral + Wavelet,Características completas,0.221199359964921
Piston,preprocess_Reading56.dat,Temporal + espectral + Wavelet,Características completas,0.1404224577067913
Piston,preprocess_Reading57.dat,Temporal + espectral + Wavelet,Características completas,0.12540385556467304
Piston,preprocess_Reading58.dat,Temporal + espectral + Wavelet,Características completas,0.050106611704752405
Piston,preprocess_Reading59.dat,Temporal + espectral + Wavelet,Características completas,0.26324587803093963
Piston,preprocess_Reading60.dat,Temporal + espectral + Wavelet,Características completas,0.2881036194749716
Piston,preprocess_Reading61.dat,Temporal + espectral + Wavelet,Características completas,0.17385577200707336
Piston,preprocess_Reading62.dat,Temporal + espectral + Wavelet,Características completas,0.25956222548017854
Piston,preprocess_Reading63.dat,Temporal + espectral + Wavelet,Características completas,0.07105396583544957
Piston,preprocess_Reading64.dat,Temporal + espectral + Wavelet,Características completas,0.14367659866129226
Piston,preprocess_Reading65.dat,Temporal + espectral + Wavelet,Características completas,0.24600332710106693
Piston,preprocess_Reading66.dat,Temporal + espectral + Wavelet,Características completas,0.19934004840715958
Piston,preprocess_Reading67.dat,Temporal + espectral + Wavelet,Características completas,0.20925645921239022
Piston,preprocess_Reading68.dat,Temporal + espectral + Wavelet,Características completas,0.24240496373547368
Piston,preprocess_Reading69.dat,Temporal + espectral + Wavelet,Características completas,0.15097059777755834
Piston,preprocess_Reading70.dat,Temporal + espectral + Wavelet,Características completas,0.14063495997764944
Piston,preprocess_Reading71.dat,Temporal + espectral + Wavelet,Características completas,-0.0022699389087649656
Piston,preprocess_Reading72.dat,Temporal + espectral + Wavelet,Características completas,0.05809209208628959
Piston,preprocess_Reading73.dat,Temporal + espectral + Wavelet,Características completas,-0.08934797707353667
Piston,preprocess_Reading74.dat,Temporal + espectral + Wavelet,Características completas,-0.1621319734320337
Piston,preprocess_Reading75.dat,Temporal + espectral + Wavelet,Características completas,-0.22095719607279288
Piston,preprocess_Reading76.dat,Temporal + espectral + Wavelet,Características completas,-0.3922314174285769
Piston,preprocess_Reading77.dat,Temporal + espectral + Wavelet,Características completas,-0.3716291316007554
Piston,preprocess_Reading78.dat,Temporal + espectral + Wavelet,Características completas,-0.33467336357066557
Piston,preprocess_Reading79.dat,Temporal + espectral + Wavelet,Características completas,-0.30490449958255933
Piston,preprocess_Reading80.dat,Temporal + espectral + Wavelet,Características completas,-0.33639899804304596
Piston,preprocess_Reading81.dat,Temporal + espectral + Wavelet,Características completas,-0.2619273173665831
Piston,preprocess_Reading82.dat,Temporal + espectral + Wavelet,Características completas,-0.21896479848958525
Piston,preprocess_Reading83.dat,Temporal + espectral + Wavelet,Características completas,-0.08464811019291313
Piston,preprocess_Reading84.dat,Temporal + espectral + Wavelet,Características completas,-0.02333670691208533
Piston,preprocess_Reading85.dat,Temporal + espectral + Wavelet,Características completas,-0.1422497062575487
Piston,preprocess_Reading86.dat,Temporal + espectral + Wavelet,Características completas,-0.08519461000887976
Piston,preprocess_Reading87.dat,Temporal + espectral + Wavelet,Características completas,-0.12070931704963417
Piston,preprocess_Reading88.dat,Temporal + espectral + Wavelet,Características completas,0.15448832049404415
Piston,preprocess_Reading89.dat,Temporal + espectral + Wavelet,Características completas,-0.09333084831017005
Piston,preprocess_Reading90.dat,Temporal + espectral + Wavelet,Características completas,0.11361095117368815
Piston,preprocess_Reading91.dat,Temporal + espectral + Wavelet,Características completas,0.09582526202151055
Piston,preprocess_Reading92.dat,Temporal + espectral + Wavelet,Características completas,0.17582957498922808
Piston,preprocess_Reading93.dat,Temporal + espectral + Wavelet,Características completas,0.064967621241771
Piston,preprocess_Reading94.dat,Temporal + espectral + Wavelet,Características completas,0.060581338141672644
Piston,preprocess_Reading95.dat,Temporal + espectral + Wavelet,Características completas,0.2254173418402429
Piston,preprocess_Reading96.dat,Temporal + espectral + Wavelet,Características completas,0.17058369915873747
Piston,preprocess_Reading97.dat,Temporal + espectral + Wavelet,Características completas,0.17136367362440147
Piston,preprocess_Reading98.dat,Temporal + espectral + Wavelet,Características completas,0.13008559960471752
Piston,preprocess_Reading99.dat,Temporal + espectral + Wavelet,Características completas,0.26538089339735127
Piston,preprocess_Reading100.dat,Temporal + espectral + Wavelet,Características completas,0.2700154933016125
Piston,preprocess_Reading101.dat,Temporal + espectral + Wavelet,Características completas,0.20484540121024913
Piston,preprocess_Reading102.dat,Temporal + espectral + Wavelet,Características completas,0.25684385874272175
Piston,preprocess_Reading103.dat,Temporal + espectral + Wavelet,Características completas,0.1708333201175453
Piston,preprocess_Reading104.dat,Temporal + espectral + Wavelet,Características completas,0.23526004327614405
Piston,preprocess_Reading105.dat,Temporal + espectral + Wavelet,Características completas,0.18304003309914257
Piston,preprocess_Reading106.dat,Temporal + espectral + Wavelet,Características completas,0.12392979791899977
Piston,preprocess_Reading107.dat,Temporal + espectral + Wavelet,Características completas,0.18890319332071728
Piston,preprocess_Reading108.dat,Temporal + espectral + Wavelet,Características completas,0.1822570239002454
Piston,preprocess_Reading109.dat,Temporal + espectral + Wavelet,Características completas,0.19471244983600566
Piston,preprocess_Reading110.dat,Temporal + espectral + Wavelet,Características completas,0.2662408347163679
Piston,preprocess_Reading111.dat,Temporal + espectral + Wavelet,Características completas,0.2785079555950341
Piston,preprocess_Reading112.dat,Temporal + espectral + Wavelet,Características completas,0.14575588420169952
Piston,preprocess_Reading113.dat,Temporal + espectral + Wavelet,Características completas,0.20071032472106
Piston,preprocess_Reading114.dat,Temporal + espectral + Wavelet,Características completas,0.24025000255244588
Piston,preprocess_Reading115.dat,Temporal + espectral + Wavelet,Características completas,0.16778301032087553
Piston,preprocess_Reading116.dat,Temporal + espectral + Wavelet,Características completas,0.2541903793341111
Piston,preprocess_Reading117.dat,Temporal + espectral + Wavelet,Características completas,0.25367046591936837
Piston,preprocess_Reading118.dat,Temporal + espectral + Wavelet,Características completas,0.04577240638623567
Piston,preprocess_Reading119.dat,Temporal + espectral + Wavelet,Características completas,0.2164639853640862
Piston,preprocess_Reading120.dat,Temporal + espectral + Wavelet,Características completas,0.26179689130610917
Piston,preprocess_Reading121.dat,Temporal + espectral + Wavelet,Características completas,0.19449384530153938
Piston,preprocess_Reading122.dat,Temporal + espectral + Wavelet,Características completas,0.09308823916304683
Piston,preprocess_Reading123.dat,Temporal + espectral + Wavelet,Características completas,0.17785582418975124
Piston,preprocess_Reading124.dat,Temporal + espectral + Wavelet,Características completas,0.14738038935662187
Piston,preprocess_Reading125.dat,Temporal + espectral + Wavelet,Características completas,0.18071592233621916
Piston,preprocess_Reading126.dat,Temporal + espectral + Wavelet,Características completas,0.17995718976237915
Piston,preprocess_Reading127.dat,Temporal + espectral + Wavelet,Características completas,0.1826893355382335
Piston,preprocess_Reading128.dat,Temporal + espectral + Wavelet,Características completas,0.1518816559000769
Piston,preprocess_Reading129.dat,Temporal + espectral + Wavelet,Características completas,0.053822129374463804
Piston,preprocess_Reading130.dat,Temporal + espectral + Wavelet,Características completas,0.14731765687775308
Piston,preprocess_Reading131.dat,Temporal + espectral + Wavelet,Características completas,0.22409801460202275
Piston,preprocess_Reading132.dat,Temporal + espectral + Wavelet,Características completas,0.1840119580461542
Piston,preprocess_Reading133.dat,Temporal + espectral + Wavelet,Características completas,0.18955483097223932
Piston,preprocess_Reading134.dat,Temporal + espectral + Wavelet,Características completas,0.19255201211826248
Piston,preprocess_Reading135.dat,Temporal + espectral + Wavelet,Características completas,0.17970859740682796
Piston,preprocess_Reading136.dat,Temporal + espectral + Wavelet,Características completas,0.17302274520867847
Piston,preprocess_Reading137.dat,Temporal + espectral + Wavelet,Características completas,0.09049420488690578
Piston,preprocess_Reading138.dat,Temporal + espectral + Wavelet,Características completas,0.07337809300094303
Piston,preprocess_Reading139.dat,Temporal + espectral + Wavelet,Características completas,-0.03545198506674957
Piston,preprocess_Reading140.dat,Temporal + espectral + Wavelet,Características completas,0.12042911286603508
Piston,preprocess_Reading141.dat,Temporal + espectral + Wavelet,Características completas,0.03086684593189624
Piston,preprocess_Reading142.dat,Temporal + espectral + Wavelet,Características completas,0.013069830655252631
Piston,preprocess_Reading143.dat,Temporal + espectral + Wavelet,Características completas,0.029981338081355943
Piston,preprocess_Reading144.dat,Temporal + espectral + Wavelet,Características completas,0.09934671284035548
Piston,preprocess_Reading145.dat,Temporal + espectral + Wavelet,Características completas,-0.03953886400415713
Piston,preprocess_Reading146.dat,Temporal + espectral + Wavelet,Características completas,0.17778357669632477
Piston,preprocess_Reading147.dat,Temporal + espectral + Wavelet,Características completas,0.04262721740812172
Piston,preprocess_Reading148.dat,Temporal + espectral + Wavelet,Características completas,-0.24714488150669509
Piston,preprocess_Reading149.dat,Temporal + espectral + Wavelet,Características completas,-0.020760118294381378
Piston,preprocess_Reading150.dat,Temporal + espectral + Wavelet,Características completas,-0.08370743139802526
Piston,preprocess_Reading151.dat,Temporal + espectral + Wavelet,Características completas,-0.35154473586253193
Piston,preprocess_Reading152.dat,Temporal + espectral + Wavelet,Características completas,-0.41065105749271846
Piston,preprocess_Reading153.dat,Temporal + espectral + Wavelet,Características completas,-0.35323705136239897
Piston,preprocess_Reading154.dat,Temporal + espectral + Wavelet,Características completas,-0.42523528523459564
Piston,preprocess_Reading155.dat,Temporal + espectral + Wavelet,Características completas,-0.32767402777984833
Piston,preprocess_Reading156.dat,Temporal + espectral + Wavelet,Características completas,-0.34298684599589513
Piston,preprocess_Reading157.dat,Temporal + espectral + Wavelet,Características completas,-0.21093481738498568
Piston,preprocess_Reading158.dat,Temporal + espectral + Wavelet,Características completas,-0.2989010362645112
Piston,preprocess_Reading159.dat,Temporal + espectral + Wavelet,Características completas,-0.3046169632916531
Piston,preprocess_Reading160.dat,Temporal + espectral + Wavelet,Características completas,-0.2229485957576748
Piston,preprocess_Reading161.dat,Temporal + espectral + Wavelet,Características completas,-0.3254446163427484
Piston,preprocess_Reading162.dat,Temporal + espectral + Wavelet,Características completas,-0.29255785799558603
Piston,preprocess_Reading163.dat,Temporal + espectral + Wavelet,Características completas,-0.19095580568548384
Piston,preprocess_Reading164.dat,Temporal + espectral + Wavelet,Características completas,-0.12755533440415856
Piston,preprocess_Reading165.dat,Temporal + espectral + Wavelet,Características completas,-0.09105643271824013
Piston,preprocess_Reading166.dat,Temporal + espectral + Wavelet,Características completas,-0.04464213580434569
Piston,preprocess_Reading167.dat,Temporal + espectral + Wavelet,Características completas,0.021112422928665234
Piston,preprocess_Reading168.dat,Temporal + espectral + Wavelet,Características completas,0.09663327398189277
Piston,preprocess_Reading169.dat,Temporal + espectral + Wavelet,Características completas,0.1334639925516702
Piston,preprocess_Reading170.dat,Temporal + espectral + Wavelet,Características completas,0.2319392442419687
Piston,preprocess_Reading171.dat,Temporal + espectral + Wavelet,Características completas,0.20316856665374255
Piston,preprocess_Reading172.dat,Temporal + espectral + Wavelet,Características completas,0.1664090688058524
Piston,preprocess_Reading173.dat,Temporal + espectral + Wavelet,Características completas,0.21268297850374396
Piston,preprocess_Reading174.dat,Temporal + espectral + Wavelet,Características completas,0.23079774748532264
Piston,preprocess_Reading175.dat,Temporal + espectral + Wavelet,Características completas,0.1201771197509749
Piston,preprocess_Reading176.dat,Temporal + espectral + Wavelet,Características completas,0.2436181793155095
Piston,preprocess_Reading177.dat,Temporal + espectral + Wavelet,Características completas,0.16376312852950653
Piston,preprocess_Reading178.dat,Temporal + espectral + Wavelet,Características completas,0.22524458000813852
Piston,preprocess_Reading179.dat,Temporal + espectral + Wavelet,Características completas,0.12162763844794204
Piston,preprocess_Reading180.dat,Temporal + espectral + Wavelet,Características completas,0.12923386671928205
Piston,preprocess_Reading181.dat,Temporal + espectral + Wavelet,Características completas,0.197563056455668
Piston,preprocess_Reading182.dat,Temporal + espectral + Wavelet,Características completas,0.10366920703586868
Piston,preprocess_Reading183.dat,Temporal + espectral + Wavelet,Características completas,0.09185945918278125
Piston,preprocess_Reading184.dat,Temporal + espectral + Wavelet,Características completas,0.19188683771751305
Piston,preprocess_Reading185.dat,Temporal + espectral + Wavelet,Características completas,0.18969375275545267
Piston,preprocess_Reading186.dat,Temporal + espectral + Wavelet,Características completas,0.21264755256169773
Piston,preprocess_Reading187.dat,Temporal + espectral + Wavelet,Características completas,0.04431209034950301
Piston,preprocess_Reading188.dat,Temporal + espectral + Wavelet,Características completas,-0.10667681704580899
Piston,preprocess_Reading189.dat,Temporal + espectral + Wavelet,Características completas,-0.20060253258386498
Piston,preprocess_Reading190.dat,Temporal + espectral + Wavelet,Características completas,0.14369611550415617
Piston,preprocess_Reading191.dat,Temporal + espectral + Wavelet,Características completas,-0.15775239026229856
Piston,preprocess_Reading192.dat,Temporal + espectral + Wavelet,Características completas,-0.025558295110802227
Piston,preprocess_Reading193.dat,Temporal + espectral + Wavelet,Características completas,-0.06850619089368906
Piston,preprocess_Reading194.dat,Temporal + espectral + Wavelet,Características completas,-0.14741637882425312
Piston,preprocess_Reading195.dat,Temporal + espectral + Wavelet,Características completas,0.2059099711630249
Piston,preprocess_Reading196.dat,Temporal + espectral + Wavelet,Características completas,0.08135988035327436
Piston,preprocess_Reading197.dat,Temporal + espectral + Wavelet,Características completas,0.14329061852425473
Piston,preprocess_Reading198.dat,Temporal + espectral + Wavelet,Características completas,0.2114829110314072
Piston,preprocess_Reading199.dat,Temporal + espectral + Wavelet,Características completas,0.2618286315800812
Piston,preprocess_Reading200.dat,Temporal + espectral + Wavelet,Características completas,0.22591779744723484
Piston,preprocess_Reading201.dat,Temporal + espectral + Wavelet,Características completas,0.24295698652930614
Piston,preprocess_Reading202.dat,Temporal + espectral + Wavelet,Características completas,0.2623878078691994
Piston,preprocess_Reading203.dat,Temporal + espectral + Wavelet,Características completas,0.13090796824892298
Piston,preprocess_Reading204.dat,Temporal + espectral + Wavelet,Características completas,0.10246840973473606
Piston,preprocess_Reading205.dat,Temporal + espectral + Wavelet,Características completas,0.1896567101244293
Piston,preprocess_Reading206.dat,Temporal + espectral + Wavelet,Características completas,0.21624988607217527
Piston,preprocess_Reading207.dat,Temporal + espectral + Wavelet,Características completas,0.10237720180928572
Piston,preprocess_Reading208.dat,Temporal + espectral + Wavelet,Características completas,0.17679911467242235
Piston,preprocess_Reading209.dat,Temporal + espectral + Wavelet,Características completas,0.1932581791933385
Piston,preprocess_Reading210.dat,Temporal + espectral + Wavelet,Características completas,0.0971740552908243
Piston,preprocess_Reading211.dat,Temporal + espectral + Wavelet,Características completas,0.022454469438425967
Piston,preprocess_Reading212.dat,Temporal + espectral + Wavelet,Características completas,0.16996352846058957
Piston,preprocess_Reading213.dat,Temporal + espectral + Wavelet,Características completas,0.1178460627675466
Piston,preprocess_Reading214.dat,Temporal + espectral + Wavelet,Características completas,-0.0074399285159259315
Piston,preprocess_Reading215.dat,Temporal + espectral + Wavelet,Características completas,0.03626280196174945
Piston,preprocess_Reading216.dat,Temporal + espectral + Wavelet,Características completas,-0.10579251743890063
Piston,preprocess_Reading217.dat,Temporal + espectral + Wavelet,Características completas,0.014654034366830182
Piston,preprocess_Reading218.dat,Temporal + espectral + Wavelet,Características completas,-0.22996303432703663
Piston,preprocess_Reading219.dat,Temporal + espectral + Wavelet,Características completas,-0.05162237057603973
Piston,preprocess_Reading220.dat,Temporal + espectral + Wavelet,Características completas,0.03345812212633369
Piston,preprocess_Reading221.dat,Temporal + espectral + Wavelet,Características completas,0.1068040440029205
Piston,preprocess_Reading222.dat,Temporal + espectral + Wavelet,Características completas,-0.07833883855522313
Piston,preprocess_Reading223.dat,Temporal + espectral + Wavelet,Características completas,0.01824211061181208
Piston,preprocess_Reading224.dat,Temporal + espectral + Wavelet,Características completas,0.055329263356671717
Piston,preprocess_Reading225.dat,Temporal + espectral + Wavelet,Características completas,0.13242430149865655
Riderbelt,preprocess_Reading1.dat,Temporal + espectral + Wavelet,Características completas,0.3114193807472779
Riderbelt,preprocess_Reading2.dat,Temporal + espectral + Wavelet,Características completas,0.43126715902087753
Riderbelt,preprocess_Reading3.dat,Temporal + espectral + Wavelet,Características completas,0.4443110311466029
Riderbelt,preprocess_Reading4.dat,Temporal + espectral + Wavelet,Características completas,-0.03959930021385389
Riderbelt,preprocess_Reading5.dat,Temporal + espectral + Wavelet,Características completas,-0.22853145204170167
Riderbelt,preprocess_Reading6.dat,Temporal + espectral + Wavelet,Características completas,0.14858443454729722
Riderbelt,preprocess_Reading7.dat,Temporal + espectral + Wavelet,Características completas,0.5231293232863584
Riderbelt,preprocess_Reading8.dat,Temporal + espectral + Wavelet,Características completas,0.4931357914126418
Riderbelt,preprocess_Reading9.dat,Temporal + espectral + Wavelet,Características completas,0.459021369832617
Riderbelt,preprocess_Reading10.dat,Temporal + espectral + Wavelet,Características completas,0.5097532460325049
Riderbelt,preprocess_Reading11.dat,Temporal + espectral + Wavelet,Características completas,0.49096290397478565
Riderbelt,preprocess_Reading12.dat,Temporal + espectral + Wavelet,Características completas,0.543102355620123
Riderbelt,preprocess_Reading13.dat,Temporal + espectral + Wavelet,Características completas,0.5008977365592591
Riderbelt,preprocess_Reading14.dat,Temporal + espectral + Wavelet,Características completas,0.47963346560997355
Riderbelt,preprocess_Reading15.dat,Temporal + espectral + Wavelet,Características completas,0.5373512002974022
Riderbelt,preprocess_Reading16.dat,Temporal + espectral + Wavelet,Características completas,0.5366089449975243
Riderbelt,preprocess_Reading17.dat,Temporal + espectral + Wavelet,Características completas,0.5126628837752634
Riderbelt,preprocess_Reading18.dat,Temporal + espectral + Wavelet,Características completas,0.5016053806189688
Riderbelt,preprocess_Reading19.dat,Temporal + espectral + Wavelet,Características completas,0.4505960782594227
Riderbelt,preprocess_Reading20.dat,Temporal + espectral + Wavelet,Características completas,0.4537288232263676
Riderbelt,preprocess_Reading21.dat,Temporal + espectral + Wavelet,Características completas,0.46705325014508087
Riderbelt,preprocess_Reading22.dat,Temporal + espectral + Wavelet,Características completas,0.4744578141456032
Riderbelt,preprocess_Reading23.dat,Temporal + espectral + Wavelet,Características completas,0.5406633798631887
Riderbelt,preprocess_Reading24.dat,Temporal + espectral + Wavelet,Características completas,0.49044606264111656
Riderbelt,preprocess_Reading25.dat,Temporal + espectral + Wavelet,Características completas,0.45664891219785836
Riderbelt,preprocess_Reading26.dat,Temporal + espectral + Wavelet,Características completas,0.1521906752800196
Riderbelt,preprocess_Reading27.dat,Temporal + espectral + Wavelet,Características completas,0.4131112182666368
Riderbelt,preprocess_Reading28.dat,Temporal + espectral + Wavelet,Características completas,0.28239402543430786
Riderbelt,preprocess_Reading29.dat,Temporal + espectral + Wavelet,Características completas,0.3970042439771413
Riderbelt,preprocess_Reading30.dat,Temporal + espectral + Wavelet,Características completas,0.48220302361360257
Riderbelt,preprocess_Reading31.dat,Temporal + espectral + Wavelet,Características completas,0.4901994332348492
Riderbelt,preprocess_Reading32.dat,Temporal + espectral + Wavelet,Características completas,0.4915080969696325
Riderbelt,preprocess_Reading33.dat,Temporal + espectral + Wavelet,Características completas,0.49168376829027005
Riderbelt,preprocess_Reading34.dat,Temporal + espectral + Wavelet,Características completas,0.5072609958916129
Riderbelt,preprocess_Reading35.dat,Temporal + espectral + Wavelet,Características completas,0.4705739067147491
Riderbelt,preprocess_Reading36.dat,Temporal + espectral + Wavelet,Características completas,0.4413600284266652
Riderbelt,preprocess_Reading37.dat,Temporal + espectral + Wavelet,Características completas,-0.1457969909476704
Riderbelt,preprocess_Reading38.dat,Temporal + espectral + Wavelet,Características completas,0.2758141436546633
Riderbelt,preprocess_Reading39.dat,Temporal + espectral + Wavelet,Características completas,0.5131045595751828
Riderbelt,preprocess_Reading40.dat,Temporal + espectral + Wavelet,Características completas,0.4938321557675831
Riderbelt,preprocess_Reading41.dat,Temporal + espectral + Wavelet,Características completas,0.3988396842912533
Riderbelt,preprocess_Reading42.dat,Temporal + espectral + Wavelet,Características completas,0.462935379711449
Riderbelt,preprocess_Reading43.dat,Temporal + espectral + Wavelet,Características completas,0.5114075604909755
Riderbelt,preprocess_Reading44.dat,Temporal + espectral + Wavelet,Características completas,0.1449821637941244
Riderbelt,preprocess_Reading45.dat,Temporal + espectral + Wavelet,Características completas,0.3491886195531781
Riderbelt,preprocess_Reading46.dat,Temporal + espectral + Wavelet,Características completas,0.1912895635815526
Riderbelt,preprocess_Reading47.dat,Temporal + espectral + Wavelet,Características completas,0.2804688180451185
Riderbelt,preprocess_Reading48.dat,Temporal + espectral + Wavelet,Características completas,0.10437312777738969
Riderbelt,preprocess_Reading49.dat,Temporal + espectral + Wavelet,Características completas,0.11310887710931286
Riderbelt,preprocess_Reading50.dat,Temporal + espectral + Wavelet,Características completas,0.12229440848550618
Riderbelt,preprocess_Reading51.dat,Temporal + espectral + Wavelet,Características completas,0.4472781638687575
Riderbelt,preprocess_Reading52.dat,Temporal + espectral + Wavelet,Características completas,0.49988936848104004
Riderbelt,preprocess_Reading53.dat,Temporal + espectral + Wavelet,Características completas,0.2262112483340202
Riderbelt,preprocess_Reading54.dat,Temporal + espectral + Wavelet,Características completas,0.3651368270552062
Riderbelt,preprocess_Reading55.dat,Temporal + espectral + Wavelet,Características completas,0.1589901152916666
Riderbelt,preprocess_Reading56.dat,Temporal + espectral + Wavelet,Características completas,0.4465967936764151
Riderbelt,preprocess_Reading57.dat,Temporal + espectral + Wavelet,Características completas,0.2563801492325013
Riderbelt,preprocess_Reading58.dat,Temporal + espectral + Wavelet,Características completas,0.1562258964517934
Riderbelt,preprocess_Reading59.dat,Temporal + espectral + Wavelet,Características completas,0.49724875794812634
Riderbelt,preprocess_Reading60.dat,Temporal + espectral + Wavelet,Características completas,0.276028406094634
Riderbelt,preprocess_Reading61.dat,Temporal + espectral + Wavelet,Características completas,0.48589624204627135
Riderbelt,preprocess_Reading62.dat,Temporal + espectral + Wavelet,Características completas,0.4626613780529689
Riderbelt,preprocess_Reading63.dat,Temporal + espectral + Wavelet,Características completas,0.5488918223536485
Riderbelt,preprocess_Reading64.dat,Temporal + espectral + Wavelet,Características completas,0.5239052366198881
Riderbelt,preprocess_Reading65.dat,Temporal + espectral + Wavelet,Características completas,0.49390239907516953
Riderbelt,preprocess_Reading66.dat,Temporal + espectral + Wavelet,Características completas,0.5092939901247531
Riderbelt,preprocess_Reading67.dat,Temporal + espectral + Wavelet,Características completas,0.4974797188216977
Riderbelt,preprocess_Reading68.dat,Temporal + espectral + Wavelet,Características completas,0.5309197699756257
Riderbelt,preprocess_Reading69.dat,Temporal + espectral + Wavelet,Características completas,0.44229696611820446
Riderbelt,preprocess_Reading70.dat,Temporal + espectral + Wavelet,Características completas,0.46387051417230935
Riderbelt,preprocess_Reading71.dat,Temporal + espectral + Wavelet,Características completas,0.47161208859096876
Riderbelt,preprocess_Reading72.dat,Temporal + espectral + Wavelet,Características completas,0.3938310883041043
Riderbelt,preprocess_Reading73.dat,Temporal + espectral + Wavelet,Características completas,0.5154854313938508
Riderbelt,preprocess_Reading74.dat,Temporal + espectral + Wavelet,Características completas,0.5361194797828389
Riderbelt,preprocess_Reading75.dat,Temporal + espectral + Wavelet,Características completas,0.40557229594374
Riderbelt,preprocess_Reading76.dat,Temporal + espectral + Wavelet,Características completas,0.45867778307408896
Riderbelt,preprocess_Reading77.dat,Temporal + espectral + Wavelet,Características completas,0.4811169490266993
Riderbelt,preprocess_Reading78.dat,Temporal + espectral + Wavelet,Características completas,0.14304380602209688
Riderbelt,preprocess_Reading79.dat,Temporal + espectral + Wavelet,Características completas,0.42926443230761585
Riderbelt,preprocess_Reading80.dat,Temporal + espectral + Wavelet,Características completas,0.514142081454865
Riderbelt,preprocess_Reading81.dat,Temporal + espectral + Wavelet,Características completas,0.03325997603054697
Riderbelt,preprocess_Reading82.dat,Temporal + espectral + Wavelet,Características completas,0.4056132257030173
Riderbelt,preprocess_Reading83.dat,Temporal + espectral + Wavelet,Características completas,0.3956357342467356
Riderbelt,preprocess_Reading84.dat,Temporal + espectral + Wavelet,Características completas,0.2333708094467976
Riderbelt,preprocess_Reading85.dat,Temporal + espectral + Wavelet,Características completas,0.0947638982320343
Riderbelt,preprocess_Reading86.dat,Temporal + espectral + Wavelet,Características completas,0.08675639612847766
Riderbelt,preprocess_Reading87.dat,Temporal + espectral + Wavelet,Características completas,-0.0808094714667522
Riderbelt,preprocess_Reading88.dat,Temporal + espectral + Wavelet,Características completas,-0.34017004346827606
Riderbelt,preprocess_Reading89.dat,Temporal + espectral + Wavelet,Características completas,-0.10601227491005866
Riderbelt,preprocess_Reading90.dat,Temporal + espectral + Wavelet,Características completas,0.42375402739689294
Riderbelt,preprocess_Reading91.dat,Temporal + espectral + Wavelet,Características completas,0.3702500190332321
Riderbelt,preprocess_Reading92.dat,Temporal + espectral + Wavelet,Características completas,0.4961431396306596
Riderbelt,preprocess_Reading93.dat,Temporal + espectral + Wavelet,Características completas,0.5490577865587626
Riderbelt,preprocess_Reading94.dat,Temporal + espectral + Wavelet,Características completas,0.37429078211690775
Riderbelt,preprocess_Reading95.dat,Temporal + espectral + Wavelet,Características completas,0.5131176547026617
Riderbelt,preprocess_Reading96.dat,Temporal + espectral + Wavelet,Características completas,0.45074318015994386
Riderbelt,preprocess_Reading97.dat,Temporal + espectral + Wavelet,Características completas,0.48849998825296675
Riderbelt,preprocess_Reading98.dat,Temporal + espectral + Wavelet,Características completas,0.5374354858012711
Riderbelt,preprocess_Reading99.dat,Temporal + espectral + Wavelet,Características completas,0.39747959643916136
Riderbelt,preprocess_Reading100.dat,Temporal + espectral + Wavelet,Características completas,0.4831289401383496
Riderbelt,preprocess_Reading101.dat,Temporal + espectral + Wavelet,Características completas,0.27914127179523157
Riderbelt,preprocess_Reading102.dat,Temporal + espectral + Wavelet,Características completas,0.4402385753961776
Riderbelt,preprocess_Reading103.dat,Temporal + espectral + Wavelet,Características completas,0.42177583414107633
Riderbelt,preprocess_Reading104.dat,Temporal + espectral + Wavelet,Características completas,0.3591707071325704
Riderbelt,preprocess_Reading105.dat,Temporal + espectral + Wavelet,Características completas,0.187822264952193
Riderbelt,preprocess_Reading106.dat,Temporal + espectral + Wavelet,Características completas,0.1799688135744774
Riderbelt,preprocess_Reading107.dat,Temporal + espectral + Wavelet,Características completas,0.4159870612341385
Riderbelt,preprocess_Reading108.dat,Temporal + espectral + Wavelet,Características completas,0.20504662162832327
Riderbelt,preprocess_Reading109.dat,Temporal + espectral + Wavelet,Características completas,0.3085968836241996
Riderbelt,preprocess_Reading110.dat,Temporal + espectral + Wavelet,Características completas,-0.028854333808637073
Riderbelt,preprocess_Reading111.dat,Temporal + espectral + Wavelet,Características completas,0.28405284333240066
Riderbelt,preprocess_Reading112.dat,Temporal + espectral + Wavelet,Características completas,0.2353544597612102
Riderbelt,preprocess_Reading113.dat,Temporal + espectral + Wavelet,Características completas,0.1562829395109839
Riderbelt,preprocess_Reading114.dat,Temporal + espectral + Wavelet,Características completas,0.25278515577413235
Riderbelt,preprocess_Reading115.dat,Temporal + espectral + Wavelet,Características completas,0.3306040599508629
Riderbelt,preprocess_Reading116.dat,Temporal + espectral + Wavelet,Características completas,0.08899889014498609
Riderbelt,preprocess_Reading117.dat,Temporal + espectral + Wavelet,Características completas,0.32254823726028387
Riderbelt,preprocess_Reading118.dat,Temporal + espectral + Wavelet,Características completas,0.3442649031985779
Riderbelt,preprocess_Reading119.dat,Temporal + espectral + Wavelet,Características completas,0.3915970114444097
Riderbelt,preprocess_Reading120.dat,Temporal + espectral + Wavelet,Características completas,0.32515468877107784
Riderbelt,preprocess_Reading121.dat,Temporal + espectral + Wavelet,Características completas,0.1218932887473763
Riderbelt,preprocess_Reading122.dat,Temporal + espectral + Wavelet,Características completas,0.37625304465010034
Riderbelt,preprocess_Reading123.dat,Temporal + espectral + Wavelet,Características completas,0.5795178090450296
Riderbelt,preprocess_Reading124.dat,Temporal + espectral + Wavelet,Características completas,0.16320353785137448
Riderbelt,preprocess_Reading125.dat,Temporal + espectral + Wavelet,Características completas,0.4506095253923808
Riderbelt,preprocess_Reading126.dat,Temporal + espectral + Wavelet,Características completas,0.2130777564503553
Riderbelt,preprocess_Reading127.dat,Temporal + espectral + Wavelet,Características completas,0.4244855474297474
Riderbelt,preprocess_Reading128.dat,Temporal + espectral + Wavelet,Características completas,0.5052618077238376
Riderbelt,preprocess_Reading129.dat,Temporal + espectral + Wavelet,Características completas,0.3616347645299915
Riderbelt,preprocess_Reading130.dat,Temporal + espectral + Wavelet,Características completas,0.05610533980123841
Riderbelt,preprocess_Reading131.dat,Temporal + espectral + Wavelet,Características completas,0.371603053161563
Riderbelt,preprocess_Reading132.dat,Temporal + espectral + Wavelet,Características completas,0.551870520408891
Riderbelt,preprocess_Reading133.dat,Temporal + espectral + Wavelet,Características completas,0.445892413283347
Riderbelt,preprocess_Reading134.dat,Temporal + espectral + Wavelet,Características completas,0.4803791958382218
Riderbelt,preprocess_Reading135.dat,Temporal + espectral + Wavelet,Características completas,0.4988940988377389
Riderbelt,preprocess_Reading136.dat,Temporal + espectral + Wavelet,Características completas,0.3496526506245003
Riderbelt,preprocess_Reading137.dat,Temporal + espectral + Wavelet,Características completas,0.3841715757477747
Riderbelt,preprocess_Reading138.dat,Temporal + espectral + Wavelet,Características completas,0.2912522212678864
Riderbelt,preprocess_Reading139.dat,Temporal + espectral + Wavelet,Características completas,0.5092816858998628
Riderbelt,preprocess_Reading140.dat,Temporal + espectral + Wavelet,Características completas,0.5023379783841984
Riderbelt,preprocess_Reading141.dat,Temporal + espectral + Wavelet,Características completas,0.5126979998981246
Riderbelt,preprocess_Reading142.dat,Temporal + espectral + Wavelet,Características completas,0.5462603055721013
Riderbelt,preprocess_Reading143.dat,Temporal + espectral + Wavelet,Características completas,0.5059777087073958
Riderbelt,preprocess_Reading144.dat,Temporal + espectral + Wavelet,Características completas,0.4813037768226552
Riderbelt,preprocess_Reading145.dat,Temporal + espectral + Wavelet,Características completas,0.5321178577370188
Riderbelt,preprocess_Reading146.dat,Temporal + espectral + Wavelet,Características completas,0.5234797566611826
Riderbelt,preprocess_Reading147.dat,Temporal + espectral + Wavelet,Características completas,0.4661061847713867
Riderbelt,preprocess_Reading148.dat,Temporal + espectral + Wavelet,Características completas,0.5468515267102583
Riderbelt,preprocess_Reading149.dat,Temporal + espectral + Wavelet,Características completas,0.4908109461491633
Riderbelt,preprocess_Reading150.dat,Temporal + espectral + Wavelet,Características completas,0.45113709051743095
Riderbelt,preprocess_Reading151.dat,Temporal + espectral + Wavelet,Características completas,0.44175202300181454
Riderbelt,preprocess_Reading152.dat,Temporal + espectral + Wavelet,Características completas,0.4809660158648994
Riderbelt,preprocess_Reading153.dat,Temporal + espectral + Wavelet,Características completas,0.38027778592830463
Riderbelt,preprocess_Reading154.dat,Temporal + espectral + Wavelet,Características completas,0.04418021210894351
Riderbelt,preprocess_Reading155.dat,Temporal + espectral + Wavelet,Características completas,0.515018600521226
Riderbelt,preprocess_Reading156.dat,Temporal + espectral + Wavelet,Características completas,0.30588405079690734
Riderbelt,preprocess_Reading157.dat,Temporal + espectral + Wavelet,Características completas,0.4481119347548963
Riderbelt,preprocess_Reading158.dat,Temporal + espectral + Wavelet,Características completas,0.5017204901421939
Riderbelt,preprocess_Reading159.dat,Temporal + espectral + Wavelet,Características completas,0.5367971233568772
Riderbelt,preprocess_Reading160.dat,Temporal + espectral + Wavelet,Características completas,0.4807944731794702
Riderbelt,preprocess_Reading161.dat,Temporal + espectral + Wavelet,Características completas,0.5329278251921328
Riderbelt,preprocess_Reading162.dat,Temporal + espectral + Wavelet,Características completas,0.5380876165973721
Riderbelt,preprocess_Reading163.dat,Temporal + espectral + Wavelet,Características completas,0.48445243591198095
Riderbelt,preprocess_Reading164.dat,Temporal + espectral + Wavelet,Características completas,0.5662765462990293
Riderbelt,preprocess_Reading165.dat,Temporal + espectral + Wavelet,Características completas,0.4802927362194075
Riderbelt,preprocess_Reading166.dat,Temporal + espectral + Wavelet,Características completas,0.5008970222526878
Riderbelt,preprocess_Reading167.dat,Temporal + espectral + Wavelet,Características completas,0.5499822451302437
Riderbelt,preprocess_Reading168.dat,Temporal + espectral + Wavelet,Características completas,0.5488297148099128
Riderbelt,preprocess_Reading169.dat,Temporal + espectral + Wavelet,Características completas,0.29172253892023653
Riderbelt,preprocess_Reading170.dat,Temporal + espectral + Wavelet,Características completas,0.5300101231669243
Riderbelt,preprocess_Reading171.dat,Temporal + espectral + Wavelet,Características completas,0.43619753061834227
Riderbelt,preprocess_Reading172.dat,Temporal + espectral + Wavelet,Características completas,0.5223813379141583
Riderbelt,preprocess_Reading173.dat,Temporal + espectral + Wavelet,Características completas,0.5383616862783737
Riderbelt,preprocess_Reading174.dat,Temporal + espectral + Wavelet,Características completas,0.5327694034467658
Riderbelt,preprocess_Reading175.dat,Temporal + espectral + Wavelet,Características completas,0.5379598267453513
Riderbelt,preprocess_Reading176.dat,Temporal + espectral + Wavelet,Características completas,0.5290857796891142
Riderbelt,preprocess_Reading177.dat,Temporal + espectral + Wavelet,Características completas,0.485834776804472
Riderbelt,preprocess_Reading178.dat,Temporal + espectral + Wavelet,Características completas,0.3071313343047166
Riderbelt,preprocess_Reading179.dat,Temporal + espectral + Wavelet,Características completas,0.143041087872481
Riderbelt,preprocess_Reading180.dat,Temporal + espectral + Wavelet,Características completas,0.36089351039192724
Riderbelt,preprocess_Reading181.dat,Temporal + espectral + Wavelet,Características completas,0.45471566076775144
Riderbelt,preprocess_Reading182.dat,Temporal + espectral + Wavelet,Características completas,0.23578948208242573
Riderbelt,preprocess_Reading183.dat,Temporal + espectral + Wavelet,Características completas,0.12124790962270221
Riderbelt,preprocess_Reading184.dat,Temporal + espectral + Wavelet,Características completas,-0.3103332374356502
Riderbelt,preprocess_Reading185.dat,Temporal + espectral + Wavelet,Características completas,0.4376151978054272
Riderbelt,preprocess_Reading186.dat,Temporal + espectral + Wavelet,Características completas,0.48528329059366926
Riderbelt,preprocess_Reading187.dat,Temporal + espectral + Wavelet,Características completas,0.48426726479564725
Riderbelt,preprocess_Reading188.dat,Temporal + espectral + Wavelet,Características completas,0.4950682741736679
Riderbelt,preprocess_Reading189.dat,Temporal + espectral + Wavelet,Características completas,0.5167316319429597
Riderbelt,preprocess_Reading190.dat,Temporal + espectral + Wavelet,Características completas,0.2014310377674322
Riderbelt,preprocess_Reading191.dat,Temporal + espectral + Wavelet,Características completas,0.5009349946865277
Riderbelt,preprocess_Reading192.dat,Temporal + espectral + Wavelet,Características completas,0.3259436223690104
Riderbelt,preprocess_Reading193.dat,Temporal + espectral + Wavelet,Características completas,0.4178133372654376
Riderbelt,preprocess_Reading194.dat,Temporal + espectral + Wavelet,Características completas,0.5237606243835272
Riderbelt,preprocess_Reading195.dat,Temporal + espectral + Wavelet,Características completas,0.4975168826392411
Riderbelt,preprocess_Reading196.dat,Temporal + espectral + Wavelet,Características completas,0.436035565471992
Riderbelt,preprocess_Reading197.dat,Temporal + espectral + Wavelet,Características completas,0.29193414344885743
Riderbelt,preprocess_Reading198.dat,Temporal + espectral + Wavelet,Características completas,0.14153650504923254
Riderbelt,preprocess_Reading199.dat,Temporal + espectral + Wavelet,Características completas,0.34133727873939507
Riderbelt,preprocess_Reading200.dat,Temporal + espectral + Wavelet,Características completas,0.18830773169061343
Riderbelt,preprocess_Reading201.dat,Temporal + espectral + Wavelet,Características completas,0.2444726766467285
Riderbelt,preprocess_Reading202.dat,Temporal + espectral + Wavelet,Características completas,0.3533096832873553
Riderbelt,preprocess_Reading203.dat,Temporal + espectral + Wavelet,Características completas,0.5232152099541847
Riderbelt,preprocess_Reading204.dat,Temporal + espectral + Wavelet,Características completas,0.4283792564838034
Riderbelt,preprocess_Reading205.dat,Temporal + espectral + Wavelet,Características completas,0.49138650312895776
Riderbelt,preprocess_Reading206.dat,Temporal + espectral + Wavelet,Características completas,0.24776979304791477
Riderbelt,preprocess_Reading207.dat,Temporal + espectral + Wavelet,Características completas,0.45452151661156953
Riderbelt,preprocess_Reading208.dat,Temporal + espectral + Wavelet,Características completas,0.47224033874453497
Riderbelt,preprocess_Reading209.dat,Temporal + espectral + Wavelet,Características completas,0.26745486067987556
Riderbelt,preprocess_Reading210.dat,Temporal + espectral + Wavelet,Características completas,0.17028049862800004
Riderbelt,preprocess_Reading211.dat,Temporal + espectral + Wavelet,Características completas,0.1543100710821024
Riderbelt,preprocess_Reading212.dat,Temporal + espectral + Wavelet,Características completas,0.430878357220852
Riderbelt,preprocess_Reading213.dat,Temporal + espectral + Wavelet,Características completas,0.37706394965147066
Riderbelt,preprocess_Reading214.dat,Temporal + espectral + Wavelet,Características completas,0.382217866762675
Riderbelt,preprocess_Reading215.dat,Temporal + espectral + Wavelet,Características completas,0.43958063668055913
Riderbelt,preprocess_Reading216.dat,Temporal + espectral + Wavelet,Características completas,0.4906042379666986
Riderbelt,preprocess_Reading217.dat,Temporal + espectral + Wavelet,Características completas,0.4668017014962203
Riderbelt,preprocess_Reading218.dat,Temporal + espectral + Wavelet,Características completas,0.442213131332483
Riderbelt,preprocess_Reading219.dat,Temporal + espectral + Wavelet,Características completas,0.4685663607487077
Riderbelt,preprocess_Reading220.dat,Temporal + espectral + Wavelet,Características completas,0.49091125565940685
Riderbelt,preprocess_Reading221.dat,Temporal + espectral + Wavelet,Características completas,0.5186253517003929
Riderbelt,preprocess_Reading222.dat,Temporal + espectral + Wavelet,Características completas,0.4900233996069177
Riderbelt,preprocess_Reading223.dat,Temporal + espectral + Wavelet,Características completas,0.4336869986252739
Riderbelt,preprocess_Reading224.dat,Temporal + espectral + Wavelet,Características completas,0.46216450957669963
Riderbelt,preprocess_Reading225.dat,Temporal + espectral + Wavelet,Características completas,0.4806386790797108
Healthy,preprocess_Reading1.dat,Temporal + espectral + Wavelet,PC1 e PC2,0.002685397489066775
Healthy,preprocess_Reading2.dat,Temporal + espectral + Wavelet,PC1 e PC2,-0.044245024251904144
Healthy,preprocess_Reading3.dat,Temporal + espectral + Wavelet,PC1 e PC2,-0.017763164306292205
Healthy,preprocess_Reading4.dat,Temporal + espectral + Wavelet,PC1 e PC2,0.07739112318285647
Healthy,preprocess_Reading5.dat,Temporal + espectral + Wavelet,PC1 e PC2,0.4577235834850954
Healthy,preprocess_Reading6.dat,Temporal + espectral + Wavelet,PC1 e PC2,0.3419045691058087
Healthy,preprocess_Reading7.dat,Temporal + espectral + Wavelet,PC1 e PC2,0.015097244417071365
Healthy,preprocess_Reading8.dat,Temporal + espectral + Wavelet,PC1 e PC2,-0.2732005161228756
Healthy,preprocess_Reading9.dat,Temporal + espectral + Wavelet,PC1 e PC2,0.03750150644473706
Healthy,preprocess_Reading10.dat,Temporal + espectral + Wavelet,PC1 e PC2,0.5019137408185289
Healthy,preprocess_Reading11.dat,Temporal + espectral + Wavelet,PC1 e PC2,0.1856151852847846
Healthy,preprocess_Reading12.dat,Temporal + espectral + Wavelet,PC1 e PC2,0.36431383125533223
Healthy,preprocess_Reading13.dat,Temporal + espectral + Wavelet,PC1 e PC2,0.017122829289748166
Healthy,preprocess_Reading14.dat,Temporal + espectral + Wavelet,PC1 e PC2,0.1371218593851091
Healthy,preprocess_Reading15.dat,Temporal + espectral + Wavelet,PC1 e PC2,0.32666350226824864
Healthy,preprocess_Reading16.dat,Temporal + espectral + Wavelet,PC1 e PC2,0.47915406025742396
Healthy,preprocess_Reading17.dat,Temporal + espectral + Wavelet,PC1 e PC2,0.3944978580663632
Healthy,preprocess_Reading18.dat,Temporal + espectral + Wavelet,PC1 e PC2,0.5445706332467743
Healthy,preprocess_Reading19.dat,Temporal + espectral + Wavelet,PC1 e PC2,0.5967296600071536
Healthy,preprocess_Reading20.dat,Temporal + espectral + Wavelet,PC1 e PC2,0.38119777886077033
Healthy,preprocess_Reading21.dat,Temporal + espectral + Wavelet,PC1 e PC2,0.5007321011481554
Healthy,preprocess_Reading22.dat,Temporal + espectral + Wavelet,PC1 e PC2,0.6393608061517991
Healthy,preprocess_Reading23.dat,Temporal + espectral + Wavelet,PC1 e PC2,0.5602810784985036
Healthy,preprocess_Reading24.dat,Temporal + espectral + Wavelet,PC1 e PC2,0.486801753592636
Healthy,preprocess_Reading25.dat,Temporal + espectral + Wavelet,PC1 e PC2,0.5017884697070374
Healthy,preprocess_Reading26.dat,Temporal + espectral + Wavelet,PC1 e PC2,0.19592930846118806
Healthy,preprocess_Reading27.dat,Temporal + espectral + Wavelet,PC1 e PC2,0.5932368321431841
Healthy,preprocess_Reading28.dat,Temporal + espectral + Wavelet,PC1 e PC2,0.549065019462385
Healthy,preprocess_Reading29.dat,Temporal + espectral + Wavelet,PC1 e PC2,0.3222425704245265
Healthy,preprocess_Reading30.dat,Temporal + espectral + Wavelet,PC1 e PC2,0.49085355797832037
Healthy,preprocess_Reading31.dat,Temporal + espectral + Wavelet,PC1 e PC2,0.6339902829759771
Healthy,preprocess_Reading32.dat,Temporal + espectral + Wavelet,PC1 e PC2,0.659018556250192
Healthy,preprocess_Reading33.dat,Temporal + espectral + Wavelet,PC1 e PC2,0.45285384806692064
Healthy,preprocess_Reading34.dat,Temporal + espectral + Wavelet,PC1 e PC2,-0.09631223062423709
Healthy,preprocess_Reading35.dat,Temporal + espectral + Wavelet,PC1 e PC2,0.0017737804861121078
Healthy,preprocess_Reading36.dat,Temporal + espectral + Wavelet,PC1 e PC2,0.5638246839758652
Healthy,preprocess_Reading37.dat,Temporal + espectral + Wavelet,PC1 e PC2,0.5380466036146163
Healthy,preprocess_Reading38.dat,Temporal + espectral + Wavelet,PC1 e PC2,0.17217439183186506
Healthy,preprocess_Reading39.dat,Temporal + espectral + Wavelet,PC1 e PC2,0.560042969606948
Healthy,preprocess_Reading40.dat,Temporal + espectral + Wavelet,PC1 e PC2,0.5609904150268498
Healthy,preprocess_Reading41.dat,Temporal + espectral + Wavelet,PC1 e PC2,0.6123917968057827
Healthy,preprocess_Reading42.dat,Temporal + espectral + Wavelet,PC1 e PC2,-0.026886540411577706
Healthy,preprocess_Reading43.dat,Temporal + espectral + Wavelet,PC1 e PC2,0.5316600229362721
Healthy,preprocess_Reading44.dat,Temporal + espectral + Wavelet,PC1 e PC2,0.6245349351382802
Healthy,preprocess_Reading45.dat,Temporal + espectral + Wavelet,PC1 e PC2,0.5357251176343444
Healthy,preprocess_Reading46.dat,Temporal + espectral + Wavelet,PC1 e PC2,0.6363185253315048
Healthy,preprocess_Reading47.dat,Temporal + espectral + Wavelet,PC1 e PC2,0.36820537785284174
Healthy,preprocess_Reading48.dat,Temporal + espectral + Wavelet,PC1 e PC2,0.6391519737076915
Healthy,preprocess_Reading49.dat,Temporal + espectral + Wavelet,PC1 e PC2,0.30166883757683743
Healthy,preprocess_Reading50.dat,Temporal + espectral + Wavelet,PC1 e PC2,0.6227221079990778
Healthy,preprocess_Reading51.dat,Temporal + espectral + Wavelet,PC1 e PC2,0.5569480927349778
Healthy,preprocess_Reading52.dat,Temporal + espectral + Wavelet,PC1 e PC2,0.44320422044829716
Healthy,preprocess_Reading53.dat,Temporal + espectral + Wavelet,PC1 e PC2,0.5994202432384941
Healthy,preprocess_Reading54.dat,Temporal + espectral + Wavelet,PC1 e PC2,0.6002324035843949
Healthy,preprocess_Reading55.dat,Temporal + espectral + Wavelet,PC1 e PC2,0.30557165786612606
Healthy,preprocess_Reading56.dat,Temporal + espectral + Wavelet,PC1 e PC2,0.15510980759509901
Healthy,preprocess_Reading57.dat,Temporal + espectral + Wavelet,PC1 e PC2,0.6014166866687412
Healthy,preprocess_Reading58.dat,Temporal + espectral + Wavelet,PC1 e PC2,0.6169370726800633
Healthy,preprocess_Reading59.dat,Temporal + espectral + Wavelet,PC1 e PC2,0.6447496087753359
Healthy,preprocess_Reading60.dat,Temporal + espectral + Wavelet,PC1 e PC2,0.6426455451164416
Healthy,preprocess_Reading61.dat,Temporal + espectral + Wavelet,PC1 e PC2,0.644431415633367
Healthy,preprocess_Reading62.dat,Temporal + espectral + Wavelet,PC1 e PC2,0.5235213537604152
Healthy,preprocess_Reading63.dat,Temporal + espectral + Wavelet,PC1 e PC2,0.5973352800883616
Healthy,preprocess_Reading64.dat,Temporal + espectral + Wavelet,PC1 e PC2,0.6008975686918254
Healthy,preprocess_Reading65.dat,Temporal + espectral + Wavelet,PC1 e PC2,0.6308325745958707
Healthy,preprocess_Reading66.dat,Temporal + espectral + Wavelet,PC1 e PC2,0.5510526583362506
Healthy,preprocess_Reading67.dat,Temporal + espectral + Wavelet,PC1 e PC2,0.626865160695618
Healthy,preprocess_Reading68.dat,Temporal + espectral + Wavelet,PC1 e PC2,0.5705530004498219
Healthy,preprocess_Reading69.dat,Temporal + espectral + Wavelet,PC1 e PC2,0.6215913181874004
Healthy,preprocess_Reading70.dat,Temporal + espectral + Wavelet,PC1 e PC2,0.45491448521371564
Healthy,preprocess_Reading71.dat,Temporal + espectral + Wavelet,PC1 e PC2,0.5378823688753595
Healthy,preprocess_Reading72.dat,Temporal + espectral + Wavelet,PC1 e PC2,0.6280075839490095
Healthy,preprocess_Reading73.dat,Temporal + espectral + Wavelet,PC1 e PC2,0.5590521679571342
Healthy,preprocess_Reading74.dat,Temporal + espectral + Wavelet,PC1 e PC2,0.6535067435384977
Healthy,preprocess_Reading75.dat,Temporal + espectral + Wavelet,PC1 e PC2,0.5274884688933502
Healthy,preprocess_Reading76.dat,Temporal + espectral + Wavelet,PC1 e PC2,0.01051201037480165
Healthy,preprocess_Reading77.dat,Temporal + espectral + Wavelet,PC1 e PC2,-0.016892568813621698
Healthy,preprocess_Reading78.dat,Temporal + espectral + Wavelet,PC1 e PC2,0.30383893641117127
Healthy,preprocess_Reading79.dat,Temporal + espectral + Wavelet,PC1 e PC2,0.4178086268751446
Healthy,preprocess_Reading80.dat,Temporal + espectral + Wavelet,PC1 e PC2,0.43190992949259377
Healthy,preprocess_Reading81.dat,Temporal + espectral + Wavelet,PC1 e PC2,0.47246143513697125
Healthy,preprocess_Reading82.dat,Temporal + espectral + Wavelet,PC1 e PC2,0.3350298701636274
Healthy,preprocess_Reading83.dat,Temporal + espectral + Wavelet,PC1 e PC2,0.02746504371423456
Healthy,preprocess_Reading84.dat,Temporal + espectral + Wavelet,PC1 e PC2,-0.040019349409379144
Healthy,preprocess_Reading85.dat,Temporal + espectral + Wavelet,PC1 e PC2,0.14574874087003556
Healthy,preprocess_Reading86.dat,Temporal + espectral + Wavelet,PC1 e PC2,0.24749731452837084
Healthy,preprocess_Reading87.dat,Temporal + espectral + Wavelet,PC1 e PC2,0.48146591680755196
Healthy,preprocess_Reading88.dat,Temporal + espectral + Wavelet,PC1 e PC2,0.4883125068645398
Healthy,preprocess_Reading89.dat,Temporal + espectral + Wavelet,PC1 e PC2,0.4759222773925009
Healthy,preprocess_Reading90.dat,Temporal + espectral + Wavelet,PC1 e PC2,0.6149309274273553
Healthy,preprocess_Reading91.dat,Temporal + espectral + Wavelet,PC1 e PC2,0.5942397525667472
Healthy,preprocess_Reading92.dat,Temporal + espectral + Wavelet,PC1 e PC2,0.28154814333355244
Healthy,preprocess_Reading93.dat,Temporal + espectral + Wavelet,PC1 e PC2,0.5157610385358109
Healthy,preprocess_Reading94.dat,Temporal + espectral + Wavelet,PC1 e PC2,0.5824256815830856
Healthy,preprocess_Reading95.dat,Temporal + espectral + Wavelet,PC1 e PC2,0.4672711346486566
Healthy,preprocess_Reading96.dat,Temporal + espectral + Wavelet,PC1 e PC2,-0.06773874646800106
Healthy,preprocess_Reading97.dat,Temporal + espectral + Wavelet,PC1 e PC2,0.48269430546044617
Healthy,preprocess_Reading98.dat,Temporal + espectral + Wavelet,PC1 e PC2,0.5675247629656393
Healthy,preprocess_Reading99.dat,Temporal + espectral + Wavelet,PC1 e PC2,0.6444871158239858
Healthy,preprocess_Reading100.dat,Temporal + espectral + Wavelet,PC1 e PC2,0.588566331404196
Healthy,preprocess_Reading101.dat,Temporal + espectral + Wavelet,PC1 e PC2,0.6532051741594858
Healthy,preprocess_Reading102.dat,Temporal + espectral + Wavelet,PC1 e PC2,0.3965581249406119
Healthy,preprocess_Reading103.dat,Temporal + espectral + Wavelet,PC1 e PC2,0.6548318168014279
Healthy,preprocess_Reading104.dat,Temporal + espectral + Wavelet,PC1 e PC2,0.5890076634189426
Healthy,preprocess_Reading105.dat,Temporal + espectral + Wavelet,PC1 e PC2,0.5774055901304884
Healthy,preprocess_Reading106.dat,Temporal + espectral + Wavelet,PC1 e PC2,0.6267352102255497
Healthy,preprocess_Reading107.dat,Temporal + espectral + Wavelet,PC1 e PC2,0.6040542107955101
Healthy,preprocess_Reading108.dat,Temporal + espectral + Wavelet,PC1 e PC2,0.6460164997398495
Healthy,preprocess_Reading109.dat,Temporal + espectral + Wavelet,PC1 e PC2,0.5553523447806306
Healthy,preprocess_Reading110.dat,Temporal + espectral + Wavelet,PC1 e PC2,0.6538481912264429
Healthy,preprocess_Reading111.dat,Temporal + espectral + Wavelet,PC1 e PC2,0.643711379332025
Healthy,preprocess_Reading112.dat,Temporal + espectral + Wavelet,PC1 e PC2,0.6040770315200341
Healthy,preprocess_Reading113.dat,Temporal + espectral + Wavelet,PC1 e PC2,0.5615001680948604
Healthy,preprocess_Reading114.dat,Temporal + espectral + Wavelet,PC1 e PC2,0.6341054863134511
Healthy,preprocess_Reading115.dat,Temporal + espectral + Wavelet,PC1 e PC2,0.5703089933051916
Healthy,preprocess_Reading116.dat,Temporal + espectral + Wavelet,PC1 e PC2,0.6205022193150305
Healthy,preprocess_Reading117.dat,Temporal + espectral + Wavelet,PC1 e PC2,0.6097741220409592
Healthy,preprocess_Reading118.dat,Temporal + espectral + Wavelet,PC1 e PC2,0.4204311789018084
Healthy,preprocess_Reading119.dat,Temporal + espectral + Wavelet,PC1 e PC2,0.6538316883305837
Healthy,preprocess_Reading120.dat,Temporal + espectral + Wavelet,PC1 e PC2,0.5832038330622403
Healthy,preprocess_Reading121.dat,Temporal + espectral + Wavelet,PC1 e PC2,0.6327252058017662
Healthy,preprocess_Reading122.dat,Temporal + espectral + Wavelet,PC1 e PC2,0.6174315632107562
Healthy,preprocess_Reading123.dat,Temporal + espectral + Wavelet,PC1 e PC2,0.6225669669103325
Healthy,preprocess_Reading124.dat,Temporal + espectral + Wavelet,PC1 e PC2,0.6449381305183635
Healthy,preprocess_Reading125.dat,Temporal + espectral + Wavelet,PC1 e PC2,0.5619166497885658
Healthy,preprocess_Reading126.dat,Temporal + espectral + Wavelet,PC1 e PC2,0.6446828150620701
Healthy,preprocess_Reading127.dat,Temporal + espectral + Wavelet,PC1 e PC2,0.6350668178072798
Healthy,preprocess_Reading128.dat,Temporal + espectral + Wavelet,PC1 e PC2,-0.11225937341320212
Healthy,preprocess_Reading129.dat,Temporal + espectral + Wavelet,PC1 e PC2,0.3847473351022989
Healthy,preprocess_Reading130.dat,Temporal + espectral + Wavelet,PC1 e PC2,-0.3190430894591203
Healthy,preprocess_Reading131.dat,Temporal + espectral + Wavelet,PC1 e PC2,-0.29658869544136207
Healthy,preprocess_Reading132.dat,Temporal + espectral + Wavelet,PC1 e PC2,-0.2625072044298007
Healthy,preprocess_Reading133.dat,Temporal + espectral + Wavelet,PC1 e PC2,0.6328407862970228
Healthy,preprocess_Reading134.dat,Temporal + espectral + Wavelet,PC1 e PC2,0.22363471953678934
Healthy,preprocess_Reading135.dat,Temporal + espectral + Wavelet,PC1 e PC2,0.6588897402689367
Healthy,preprocess_Reading136.dat,Temporal + espectral + Wavelet,PC1 e PC2,0.45394028749609266
Healthy,preprocess_Reading137.dat,Temporal + espectral + Wavelet,PC1 e PC2,0.4249282426001388
Healthy,preprocess_Reading138.dat,Temporal + espectral + Wavelet,PC1 e PC2,0.5790348557839888
Healthy,preprocess_Reading139.dat,Temporal + espectral + Wavelet,PC1 e PC2,0.6243642094188997
Healthy,preprocess_Reading140.dat,Temporal + espectral + Wavelet,PC1 e PC2,0.5573619850497582
Healthy,preprocess_Reading141.dat,Temporal + espectral + Wavelet,PC1 e PC2,0.5557666790625791
Healthy,preprocess_Reading142.dat,Temporal + espectral + Wavelet,PC1 e PC2,0.6189940207541295
Healthy,preprocess_Reading143.dat,Temporal + espectral + Wavelet,PC1 e PC2,0.6046294448985506
Healthy,preprocess_Reading144.dat,Temporal + espectral + Wavelet,PC1 e PC2,0.605536942060483
Healthy,preprocess_Reading145.dat,Temporal + espectral + Wavelet,PC1 e PC2,0.6500017443751916
Healthy,preprocess_Reading146.dat,Temporal + espectral + Wavelet,PC1 e PC2,0.6296254006071276
Healthy,preprocess_Reading147.dat,Temporal + espectral + Wavelet,PC1 e PC2,0.3070822231320002
Healthy,preprocess_Reading148.dat,Temporal + espectral + Wavelet,PC1 e PC2,0.5502216038890292
Healthy,preprocess_Reading149.dat,Temporal + espectral + Wavelet,PC1 e PC2,0.5048830589001502
Healthy,preprocess_Reading150.dat,Temporal + espectral + Wavelet,PC1 e PC2,0.4403737525350345
Healthy,preprocess_Reading151.dat,Temporal + espectral + Wavelet,PC1 e PC2,0.007724330381331881
Healthy,preprocess_Reading152.dat,Temporal + espectral + Wavelet,PC1 e PC2,0.2614719421634881
Healthy,preprocess_Reading153.dat,Temporal + espectral + Wavelet,PC1 e PC2,0.3238399663334161
Healthy,preprocess_Reading154.dat,Temporal + espectral + Wavelet,PC1 e PC2,0.6193241809817178
Healthy,preprocess_Reading155.dat,Temporal + espectral + Wavelet,PC1 e PC2,0.6237019214926884
Healthy,preprocess_Reading156.dat,Temporal + espectral + Wavelet,PC1 e PC2,0.32628614113629234
Healthy,preprocess_Reading157.dat,Temporal + espectral + Wavelet,PC1 e PC2,0.41126512409293964
Healthy,preprocess_Reading158.dat,Temporal + espectral + Wavelet,PC1 e PC2,0.1893083938176324
Healthy,preprocess_Reading159.dat,Temporal + espectral + Wavelet,PC1 e PC2,0.45548148720881276
Healthy,preprocess_Reading160.dat,Temporal + espectral + Wavelet,PC1 e PC2,0.2878612512146351
Healthy,preprocess_Reading161.dat,Temporal + espectral + Wavelet,PC1 e PC2,0.22979104651315255
Healthy,preprocess_Reading162.dat,Temporal + espectral + Wavelet,PC1 e PC2,0.10411163920605179
Healthy,preprocess_Reading163.dat,Temporal + espectral + Wavelet,PC1 e PC2,0.37621845330529824
Healthy,preprocess_Reading164.dat,Temporal + espectral + Wavelet,PC1 e PC2,0.2326324003791626
Healthy,preprocess_Reading165.dat,Temporal + espectral + Wavelet,PC1 e PC2,0.22009741606752795
Healthy,preprocess_Reading166.dat,Temporal + espectral + Wavelet,PC1 e PC2,0.5380224451827499
Healthy,preprocess_Reading167.dat,Temporal + espectral + Wavelet,PC1 e PC2,0.4627161724284785
Healthy,preprocess_Reading168.dat,Temporal + espectral + Wavelet,PC1 e PC2,0.523640697261401
Healthy,preprocess_Reading169.dat,Temporal + espectral + Wavelet,PC1 e PC2,0.2614645522127281
Healthy,preprocess_Reading170.dat,Temporal + espectral + Wavelet,PC1 e PC2,0.6195032345492753
Healthy,preprocess_Reading171.dat,Temporal + espectral + Wavelet,PC1 e PC2,0.627263584481069
Healthy,preprocess_Reading172.dat,Temporal + espectral + Wavelet,PC1 e PC2,0.34257125749370126
Healthy,preprocess_Reading173.dat,Temporal + espectral + Wavelet,PC1 e PC2,0.6434975878398992
Healthy,preprocess_Reading174.dat,Temporal + espectral + Wavelet,PC1 e PC2,0.4566770089276422
Healthy,preprocess_Reading175.dat,Temporal + espectral + Wavelet,PC1 e PC2,0.1075448425051084
Healthy,preprocess_Reading176.dat,Temporal + espectral + Wavelet,PC1 e PC2,0.09393730868850846
Healthy,preprocess_Reading177.dat,Temporal + espectral + Wavelet,PC1 e PC2,0.4313467774311166
Healthy,preprocess_Reading178.dat,Temporal + espectral + Wavelet,PC1 e PC2,0.08578673474515439
Healthy,preprocess_Reading179.dat,Temporal + espectral + Wavelet,PC1 e PC2,0.5617648418929245
Healthy,preprocess_Reading180.dat,Temporal + espectral + Wavelet,PC1 e PC2,0.6028968128218768
Healthy,preprocess_Reading181.dat,Temporal + espectral + Wavelet,PC1 e PC2,0.4603868373500374
Healthy,preprocess_Reading182.dat,Temporal + espectral + Wavelet,PC1 e PC2,0.5184691387648875
Healthy,preprocess_Reading183.dat,Temporal + espectral + Wavelet,PC1 e PC2,0.43219490430145635
Healthy,preprocess_Reading184.dat,Temporal + espectral + Wavelet,PC1 e PC2,0.5822563897936545
Healthy,preprocess_Reading185.dat,Temporal + espectral + Wavelet,PC1 e PC2,0.6270459724421784
Healthy,preprocess_Reading186.dat,Temporal + espectral + Wavelet,PC1 e PC2,0.5334167002950054
Healthy,preprocess_Reading187.dat,Temporal + espectral + Wavelet,PC1 e PC2,0.5981521325167571
Healthy,preprocess_Reading188.dat,Temporal + espectral + Wavelet,PC1 e PC2,0.48418067379531626
Healthy,preprocess_Reading189.dat,Temporal + espectral + Wavelet,PC1 e PC2,0.39616599501911737
Healthy,preprocess_Reading190.dat,Temporal + espectral + Wavelet,PC1 e PC2,0.5429827948440156
Healthy,preprocess_Reading191.dat,Temporal + espectral + Wavelet,PC1 e PC2,0.571673408841521
Healthy,preprocess_Reading192.dat,Temporal + espectral + Wavelet,PC1 e PC2,0.6512674992811207
Healthy,preprocess_Reading193.dat,Temporal + espectral + Wavelet,PC1 e PC2,0.6049132400773175
Healthy,preprocess_Reading194.dat,Temporal + espectral + Wavelet,PC1 e PC2,0.6441390516759831
Healthy,preprocess_Reading195.dat,Temporal + espectral + Wavelet,PC1 e PC2,0.3231094003664045
Healthy,preprocess_Reading196.dat,Temporal + espectral + Wavelet,PC1 e PC2,0.1537289308581047
Healthy,preprocess_Reading197.dat,Temporal + espectral + Wavelet,PC1 e PC2,-0.2593073283584956
Healthy,preprocess_Reading198.dat,Temporal + espectral + Wavelet,PC1 e PC2,0.5937419510908092
Healthy,preprocess_Reading199.dat,Temporal + espectral + Wavelet,PC1 e PC2,-0.1480101237827531
Healthy,preprocess_Reading200.dat,Temporal + espectral + Wavelet,PC1 e PC2,0.4826327682997335
Healthy,preprocess_Reading201.dat,Temporal + espectral + Wavelet,PC1 e PC2,0.620498869707096
Healthy,preprocess_Reading202.dat,Temporal + espectral + Wavelet,PC1 e PC2,0.5982973013602539
Healthy,preprocess_Reading203.dat,Temporal + espectral + Wavelet,PC1 e PC2,0.6174766888799549
Healthy,preprocess_Reading204.dat,Temporal + espectral + Wavelet,PC1 e PC2,0.580383305380365
Healthy,preprocess_Reading205.dat,Temporal + espectral + Wavelet,PC1 e PC2,0.22985354248278222
Healthy,preprocess_Reading206.dat,Temporal + espectral + Wavelet,PC1 e PC2,0.5255116613105928
Healthy,preprocess_Reading207.dat,Temporal + espectral + Wavelet,PC1 e PC2,0.2776006560556736
Healthy,preprocess_Reading208.dat,Temporal + espectral + Wavelet,PC1 e PC2,0.5093732953808916
Healthy,preprocess_Reading209.dat,Temporal + espectral + Wavelet,PC1 e PC2,0.4975794903752964
Healthy,preprocess_Reading210.dat,Temporal + espectral + Wavelet,PC1 e PC2,0.5938044950801176
Healthy,preprocess_Reading211.dat,Temporal + espectral + Wavelet,PC1 e PC2,0.5819112189836115
Healthy,preprocess_Reading212.dat,Temporal + espectral + Wavelet,PC1 e PC2,-0.310348516046466
Healthy,preprocess_Reading213.dat,Temporal + espectral + Wavelet,PC1 e PC2,0.21050859130426272
Healthy,preprocess_Reading214.dat,Temporal + espectral + Wavelet,PC1 e PC2,0.06131853493732217
Healthy,preprocess_Reading215.dat,Temporal + espectral + Wavelet,PC1 e PC2,0.058526334190372085
Healthy,preprocess_Reading216.dat,Temporal + espectral + Wavelet,PC1 e PC2,0.2214880284099548
Healthy,preprocess_Reading217.dat,Temporal + espectral + Wavelet,PC1 e PC2,0.470284281500487
Healthy,preprocess_Reading218.dat,Temporal + espectral + Wavelet,PC1 e PC2,0.596741519156636
Healthy,preprocess_Reading219.dat,Temporal + espectral + Wavelet,PC1 e PC2,0.388689869210433
Healthy,preprocess_Reading220.dat,Temporal + espectral + Wavelet,PC1 e PC2,0.6118769150247187
Healthy,preprocess_Reading221.dat,Temporal + espectral + Wavelet,PC1 e PC2,0.565896710006488
Healthy,preprocess_Reading222.dat,Temporal + espectral + Wavelet,PC1 e PC2,0.5614991344674788
Healthy,preprocess_Reading223.dat,Temporal + espectral + Wavelet,PC1 e PC2,0.462783311090423
Healthy,preprocess_Reading224.dat,Temporal + espectral + Wavelet,PC1 e PC2,0.25522859106031576
Healthy,preprocess_Reading225.dat,Temporal + espectral + Wavelet,PC1 e PC2,0.6383002664268211
Bearing,preprocess_Reading1.dat,Temporal + espectral + Wavelet,PC1 e PC2,-0.29473180923077064
Bearing,preprocess_Reading2.dat,Temporal + espectral + Wavelet,PC1 e PC2,-0.05542268473490514
Bearing,preprocess_Reading3.dat,Temporal + espectral + Wavelet,PC1 e PC2,-0.05552257790166814
Bearing,preprocess_Reading4.dat,Temporal + espectral + Wavelet,PC1 e PC2,-0.0740250614432645
Bearing,preprocess_Reading5.dat,Temporal + espectral + Wavelet,PC1 e PC2,-0.07102509245119083
Bearing,preprocess_Reading6.dat,Temporal + espectral + Wavelet,PC1 e PC2,-0.1702409773409541
Bearing,preprocess_Reading7.dat,Temporal + espectral + Wavelet,PC1 e PC2,-0.19786521739159732
Bearing,preprocess_Reading8.dat,Temporal + espectral + Wavelet,PC1 e PC2,-0.17691014142335257
Bearing,preprocess_Reading9.dat,Temporal + espectral + Wavelet,PC1 e PC2,-0.25398897807505166
Bearing,preprocess_Reading10.dat,Temporal + espectral + Wavelet,PC1 e PC2,-0.2557339735177156
Bearing,preprocess_Reading11.dat,Temporal + espectral + Wavelet,PC1 e PC2,-0.24718001543698764
Bearing,preprocess_Reading12.dat,Temporal + espectral + Wavelet,PC1 e PC2,-0.06573070250264827
Bearing,preprocess_Reading13.dat,Temporal + espectral + Wavelet,PC1 e PC2,-0.2094101601860883
Bearing,preprocess_Reading14.dat,Temporal + espectral + Wavelet,PC1 e PC2,-0.29627950947282744
Bearing,preprocess_Reading15.dat,Temporal + espectral + Wavelet,PC1 e PC2,-0.0893892381208546
Bearing,preprocess_Reading16.dat,Temporal + espectral + Wavelet,PC1 e PC2,-0.3211580010992796
Bearing,preprocess_Reading17.dat,Temporal + espectral + Wavelet,PC1 e PC2,0.18488423295144346
Bearing,preprocess_Reading18.dat,Temporal + espectral + Wavelet,PC1 e PC2,-0.14416942637295013
Bearing,preprocess_Reading19.dat,Temporal + espectral + Wavelet,PC1 e PC2,0.03711091651265543
Bearing,preprocess_Reading20.dat,Temporal + espectral + Wavelet,PC1 e PC2,-0.0697582065439972
Bearing,preprocess_Reading21.dat,Temporal + espectral + Wavelet,PC1 e PC2,0.18087482433774071
Bearing,preprocess_Reading22.dat,Temporal + espectral + Wavelet,PC1 e PC2,0.2718607921646274
Bearing,preprocess_Reading23.dat,Temporal + espectral + Wavelet,PC1 e PC2,0.22668975273658953
Bearing,preprocess_Reading24.dat,Temporal + espectral + Wavelet,PC1 e PC2,0.19768618848825753
Bearing,preprocess_Reading25.dat,Temporal + espectral + Wavelet,PC1 e PC2,-0.07612482433857506
Bearing,preprocess_Reading26.dat,Temporal + espectral + Wavelet,PC1 e PC2,-0.1724118172845191
Bearing,preprocess_Reading27.dat,Temporal + espectral + Wavelet,PC1 e PC2,-0.12099149560698494
Bearing,preprocess_Reading28.dat,Temporal + espectral + Wavelet,PC1 e PC2,-0.027978685874553825
Bearing,preprocess_Reading29.dat,Temporal + espectral + Wavelet,PC1 e PC2,0.06112932043970411
Bearing,preprocess_Reading30.dat,Temporal + espectral + Wavelet,PC1 e PC2,-0.2898390327327864
Bearing,preprocess_Reading31.dat,Temporal + espectral + Wavelet,PC1 e PC2,-0.18599421664292867
Bearing,preprocess_Reading32.dat,Temporal + espectral + Wavelet,PC1 e PC2,0.009660973275995495
Bearing,preprocess_Reading33.dat,Temporal + espectral + Wavelet,PC1 e PC2,0.05244564921765189
Bearing,preprocess_Reading34.dat,Temporal + espectral + Wavelet,PC1 e PC2,0.15369521892863172
Bearing,preprocess_Reading35.dat,Temporal + espectral + Wavelet,PC1 e PC2,0.233076799246356
Bearing,preprocess_Reading36.dat,Temporal + espectral + Wavelet,PC1 e PC2,0.2554944064933727
Bearing,preprocess_Reading37.dat,Temporal + espectral + Wavelet,PC1 e PC2,0.05352755552946078
Bearing,preprocess_Reading38.dat,Temporal + espectral + Wavelet,PC1 e PC2,0.06600663319903285
Bearing,preprocess_Reading39.dat,Temporal + espectral + Wavelet,PC1 e PC2,0.07925993337588726
Bearing,preprocess_Reading40.dat,Temporal + espectral + Wavelet,PC1 e PC2,0.23898286609076252
Bearing,preprocess_Reading41.dat,Temporal + espectral + Wavelet,PC1 e PC2,0.19948085677618219
Bearing,preprocess_Reading42.dat,Temporal + espectral + Wavelet,PC1 e PC2,0.2490148807793638
Bearing,preprocess_Reading43.dat,Temporal + espectral + Wavelet,PC1 e PC2,0.2595604702619358
Bearing,preprocess_Reading44.dat,Temporal + espectral + Wavelet,PC1 e PC2,0.08196609922297224
Bearing,preprocess_Reading45.dat,Temporal + espectral + Wavelet,PC1 e PC2,0.2550833744672673
Bearing,preprocess_Reading46.dat,Temporal + espectral + Wavelet,PC1 e PC2,0.26830775962003667
Bearing,preprocess_Reading47.dat,Temporal + espectral + Wavelet,PC1 e PC2,0.29537283704775513
Bearing,preprocess_Reading48.dat,Temporal + espectral + Wavelet,PC1 e PC2,0.09986910949965774
Bearing,preprocess_Reading49.dat,Temporal + espectral + Wavelet,PC1 e PC2,0.2262865935271861
Bearing,preprocess_Reading50.dat,Temporal + espectral + Wavelet,PC1 e PC2,0.32664844369954626
Bearing,preprocess_Reading51.dat,Temporal + espectral + Wavelet,PC1 e PC2,0.16859245368353312
Bearing,preprocess_Reading52.dat,Temporal + espectral + Wavelet,PC1 e PC2,0.3010905714069957
Bearing,preprocess_Reading53.dat,Temporal + espectral + Wavelet,PC1 e PC2,0.2598760203069088
Bearing,preprocess_Reading54.dat,Temporal + espectral + Wavelet,PC1 e PC2,0.31817790752668684
Bearing,preprocess_Reading55.dat,Temporal + espectral + Wavelet,PC1 e PC2,0.1415404448295281
Bearing,preprocess_Reading56.dat,Temporal + espectral + Wavelet,PC1 e PC2,0.1573327742326513
Bearing,preprocess_Reading57.dat,Temporal + espectral + Wavelet,PC1 e PC2,0.28466022102065486
Bearing,preprocess_Reading58.dat,Temporal + espectral + Wavelet,PC1 e PC2,0.09615185578948747
Bearing,preprocess_Reading59.dat,Temporal + espectral + Wavelet,PC1 e PC2,0.29140398867429057
Bearing,preprocess_Reading60.dat,Temporal + espectral + Wavelet,PC1 e PC2,0.3530599722162361
Bearing,preprocess_Reading61.dat,Temporal + espectral + Wavelet,PC1 e PC2,-0.18757688733230204
Bearing,preprocess_Reading62.dat,Temporal + espectral + Wavelet,PC1 e PC2,0.2870546622144194
Bearing,preprocess_Reading63.dat,Temporal + espectral + Wavelet,PC1 e PC2,0.30964512082686446
Bearing,preprocess_Reading64.dat,Temporal + espectral + Wavelet,PC1 e PC2,0.17928020455577331
Bearing,preprocess_Reading65.dat,Temporal + espectral + Wavelet,PC1 e PC2,-0.1887692401936477
Bearing,preprocess_Reading66.dat,Temporal + espectral + Wavelet,PC1 e PC2,-0.15565990702962865
Bearing,preprocess_Reading67.dat,Temporal + espectral + Wavelet,PC1 e PC2,-0.37390313035612394
Bearing,preprocess_Reading68.dat,Temporal + espectral + Wavelet,PC1 e PC2,-0.2885762889217572
Bearing,preprocess_Reading69.dat,Temporal + espectral + Wavelet,PC1 e PC2,-0.09288139017492573
Bearing,preprocess_Reading70.dat,Temporal + espectral + Wavelet,PC1 e PC2,0.13963837619327685
Bearing,preprocess_Reading71.dat,Temporal + espectral + Wavelet,PC1 e PC2,0.07646777667134669
Bearing,preprocess_Reading72.dat,Temporal + espectral + Wavelet,PC1 e PC2,-0.22288792074053473
Bearing,preprocess_Reading73.dat,Temporal + espectral + Wavelet,PC1 e PC2,0.11408102094850983
Bearing,preprocess_Reading74.dat,Temporal + espectral + Wavelet,PC1 e PC2,0.059366745274717206
Bearing,preprocess_Reading75.dat,Temporal + espectral + Wavelet,PC1 e PC2,-0.20362191686807476
Bearing,preprocess_Reading76.dat,Temporal + espectral + Wavelet,PC1 e PC2,-0.32260021172459097
Bearing,preprocess_Reading77.dat,Temporal + espectral + Wavelet,PC1 e PC2,0.040504084482311964
Bearing,preprocess_Reading78.dat,Temporal + espectral + Wavelet,PC1 e PC2,0.07356285306248507
Bearing,preprocess_Reading79.dat,Temporal + espectral + Wavelet,PC1 e PC2,0.0027631199775470317
Bearing,preprocess_Reading80.dat,Temporal + espectral + Wavelet,PC1 e PC2,-0.04562423891754487
Bearing,preprocess_Reading81.dat,Temporal + espectral + Wavelet,PC1 e PC2,-0.04140432732669251
Bearing,preprocess_Reading82.dat,Temporal + espectral + Wavelet,PC1 e PC2,0.008919369772336696
Bearing,preprocess_Reading83.dat,Temporal + espectral + Wavelet,PC1 e PC2,-0.021566449962409282
Bearing,preprocess_Reading84.dat,Temporal + espectral + Wavelet,PC1 e PC2,0.04293107511068817
Bearing,preprocess_Reading85.dat,Temporal + espectral + Wavelet,PC1 e PC2,-0.3512203958578501
Bearing,preprocess_Reading86.dat,Temporal + espectral + Wavelet,PC1 e PC2,0.02399991213813805
Bearing,preprocess_Reading87.dat,Temporal + espectral + Wavelet,PC1 e PC2,-0.2550849591153328
Bearing,preprocess_Reading88.dat,Temporal + espectral + Wavelet,PC1 e PC2,-0.0045930808000146425
Bearing,preprocess_Reading89.dat,Temporal + espectral + Wavelet,PC1 e PC2,0.08531709845006018
Bearing,preprocess_Reading90.dat,Temporal + espectral + Wavelet,PC1 e PC2,-0.22314523566496478
Bearing,preprocess_Reading91.dat,Temporal + espectral + Wavelet,PC1 e PC2,0.22737131914207834
Bearing,preprocess_Reading92.dat,Temporal + espectral + Wavelet,PC1 e PC2,-0.2642413397338755
Bearing,preprocess_Reading93.dat,Temporal + espectral + Wavelet,PC1 e PC2,-0.14245802576991407
Bearing,preprocess_Reading94.dat,Temporal + espectral + Wavelet,PC1 e PC2,-0.17259160194004558
Bearing,preprocess_Reading95.dat,Temporal + espectral + Wavelet,PC1 e PC2,0.20095750238327034
Bearing,preprocess_Reading96.dat,Temporal + espectral + Wavelet,PC1 e PC2,-0.042119203584535816
Bearing,preprocess_Reading97.dat,Temporal + espectral + Wavelet,PC1 e PC2,-0.15350486091316887
Bearing,preprocess_Reading98.dat,Temporal + espectral + Wavelet,PC1 e PC2,0.27983461731897386
Bearing,preprocess_Reading99.dat,Temporal + espectral + Wavelet,PC1 e PC2,0.24168591354093322
Bearing,preprocess_Reading100.dat,Temporal + espectral + Wavelet,PC1 e PC2,-0.018661151941845065
Bearing,preprocess_Reading101.dat,Temporal + espectral + Wavelet,PC1 e PC2,-0.06060492202726899
Bearing,preprocess_Reading102.dat,Temporal + espectral + Wavelet,PC1 e PC2,0.34736131005638815
Bearing,preprocess_Reading103.dat,Temporal + espectral + Wavelet,PC1 e PC2,0.3179935875913899
Bearing,preprocess_Reading104.dat,Temporal + espectral + Wavelet,PC1 e PC2,0.2610407315079184
Bearing,preprocess_Reading105.dat,Temporal + espectral + Wavelet,PC1 e PC2,0.34706601532764136
Bearing,preprocess_Reading106.dat,Temporal + espectral + Wavelet,PC1 e PC2,-0.08611930444990068
Bearing,preprocess_Reading107.dat,Temporal + espectral + Wavelet,PC1 e PC2,0.06766774581602801
Bearing,preprocess_Reading108.dat,Temporal + espectral + Wavelet,PC1 e PC2,0.124396125507299
Bearing,preprocess_Reading109.dat,Temporal + espectral + Wavelet,PC1 e PC2,0.26133960509411797
Bearing,preprocess_Reading110.dat,Temporal + espectral + Wavelet,PC1 e PC2,0.18243718865051295
Bearing,preprocess_Reading111.dat,Temporal + espectral + Wavelet,PC1 e PC2,0.25752194298786313
Bearing,preprocess_Reading112.dat,Temporal + espectral + Wavelet,PC1 e PC2,0.2469453792305587
Bearing,preprocess_Reading113.dat,Temporal + espectral + Wavelet,PC1 e PC2,0.24698810738220822
Bearing,preprocess_Reading114.dat,Temporal + espectral + Wavelet,PC1 e PC2,0.25356459039043894
Bearing,preprocess_Reading115.dat,Temporal + espectral + Wavelet,PC1 e PC2,0.2812925871301088
Bearing,preprocess_Reading116.dat,Temporal + espectral + Wavelet,PC1 e PC2,0.1595492301206648
Bearing,preprocess_Reading117.dat,Temporal + espectral + Wavelet,PC1 e PC2,0.3353881578370311
Bearing,preprocess_Reading118.dat,Temporal + espectral + Wavelet,PC1 e PC2,0.33325045228635225
Bearing,preprocess_Reading119.dat,Temporal + espectral + Wavelet,PC1 e PC2,0.3174544116280189
Bearing,preprocess_Reading120.dat,Temporal + espectral + Wavelet,PC1 e PC2,0.32504617495892674
Bearing,preprocess_Reading121.dat,Temporal + espectral + Wavelet,PC1 e PC2,0.3037589044938195
Bearing,preprocess_Reading122.dat,Temporal + espectral + Wavelet,PC1 e PC2,0.2640560273953185
Bearing,preprocess_Reading123.dat,Temporal + espectral + Wavelet,PC1 e PC2,0.3160841898200311
Bearing,preprocess_Reading124.dat,Temporal + espectral + Wavelet,PC1 e PC2,0.2683597715021417
Bearing,preprocess_Reading125.dat,Temporal + espectral + Wavelet,PC1 e PC2,0.0948541600720157
Bearing,preprocess_Reading126.dat,Temporal + espectral + Wavelet,PC1 e PC2,0.327033226244268
Bearing,preprocess_Reading127.dat,Temporal + espectral + Wavelet,PC1 e PC2,0.28022373754404384
Bearing,preprocess_Reading128.dat,Temporal + espectral + Wavelet,PC1 e PC2,0.22627924756414095
Bearing,preprocess_Reading129.dat,Temporal + espectral + Wavelet,PC1 e PC2,0.32017008617782716
Bearing,preprocess_Reading130.dat,Temporal + espectral + Wavelet,PC1 e PC2,0.31829157615824216
Bearing,preprocess_Reading131.dat,Temporal + espectral + Wavelet,PC1 e PC2,0.16197509547437644
Bearing,preprocess_Reading132.dat,Temporal + espectral + Wavelet,PC1 e PC2,0.3171275651377567
Bearing,preprocess_Reading133.dat,Temporal + espectral + Wavelet,PC1 e PC2,0.3290365325665485
Bearing,preprocess_Reading134.dat,Temporal + espectral + Wavelet,PC1 e PC2,0.26997985466594937
Bearing,preprocess_Reading135.dat,Temporal + espectral + Wavelet,PC1 e PC2,0.34840735993607647
Bearing,preprocess_Reading136.dat,Temporal + espectral + Wavelet,PC1 e PC2,-0.09362446715402999
Bearing,preprocess_Reading137.dat,Temporal + espectral + Wavelet,PC1 e PC2,0.1816603712573337
Bearing,preprocess_Reading138.dat,Temporal + espectral + Wavelet,PC1 e PC2,0.12982817380529849
Bearing,preprocess_Reading139.dat,Temporal + espectral + Wavelet,PC1 e PC2,0.2212862698386499
Bearing,preprocess_Reading140.dat,Temporal + espectral + Wavelet,PC1 e PC2,0.22135526329974278
Bearing,preprocess_Reading141.dat,Temporal + espectral + Wavelet,PC1 e PC2,0.08934657653540538
Bearing,preprocess_Reading142.dat,Temporal + espectral + Wavelet,PC1 e PC2,0.3009796913254339
Bearing,preprocess_Reading143.dat,Temporal + espectral + Wavelet,PC1 e PC2,0.24847817565556174
Bearing,preprocess_Reading144.dat,Temporal + espectral + Wavelet,PC1 e PC2,0.1021132744266178
Bearing,preprocess_Reading145.dat,Temporal + espectral + Wavelet,PC1 e PC2,-0.08387959390180152
Bearing,preprocess_Reading146.dat,Temporal + espectral + Wavelet,PC1 e PC2,-0.01104376407320776
Bearing,preprocess_Reading147.dat,Temporal + espectral + Wavelet,PC1 e PC2,-0.01237661135364674
Bearing,preprocess_Reading148.dat,Temporal + espectral + Wavelet,PC1 e PC2,-0.08619905831748298
Bearing,preprocess_Reading149.dat,Temporal + espectral + Wavelet,PC1 e PC2,-0.11995504505404608
Bearing,preprocess_Reading150.dat,Temporal + espectral + Wavelet,PC1 e PC2,-0.3198141512725169
Bearing,preprocess_Reading151.dat,Temporal + espectral + Wavelet,PC1 e PC2,-0.4588190533334025
Bearing,preprocess_Reading152.dat,Temporal + espectral + Wavelet,PC1 e PC2,-0.4892942562309857
Bearing,preprocess_Reading153.dat,Temporal + espectral + Wavelet,PC1 e PC2,-0.1841209712955956
Bearing,preprocess_Reading154.dat,Temporal + espectral + Wavelet,PC1 e PC2,-0.512167940693405
Bearing,preprocess_Reading155.dat,Temporal + espectral + Wavelet,PC1 e PC2,-0.4811761702025238
Bearing,preprocess_Reading156.dat,Temporal + espectral + Wavelet,PC1 e PC2,-0.04281836988937446
Bearing,preprocess_Reading157.dat,Temporal + espectral + Wavelet,PC1 e PC2,-0.08973177198648136
Bearing,preprocess_Reading158.dat,Temporal + espectral + Wavelet,PC1 e PC2,-0.17817366521551714
Bearing,preprocess_Reading159.dat,Temporal + espectral + Wavelet,PC1 e PC2,-0.062293487546189054
Bearing,preprocess_Reading160.dat,Temporal + espectral + Wavelet,PC1 e PC2,-0.05616765846351974
Bearing,preprocess_Reading161.dat,Temporal + espectral + Wavelet,PC1 e PC2,-0.042842512367639266
Bearing,preprocess_Reading162.dat,Temporal + espectral + Wavelet,PC1 e PC2,-0.12829286150895272
Bearing,preprocess_Reading163.dat,Temporal + espectral + Wavelet,PC1 e PC2,0.024574902719538556
Bearing,preprocess_Reading164.dat,Temporal + espectral + Wavelet,PC1 e PC2,-0.21186247402798625
Bearing,preprocess_Reading165.dat,Temporal + espectral + Wavelet,PC1 e PC2,0.056813795067701255
Bearing,preprocess_Reading166.dat,Temporal + espectral + Wavelet,PC1 e PC2,-0.08951142220388522
Bearing,preprocess_Reading167.dat,Temporal + espectral + Wavelet,PC1 e PC2,-0.25168697973084303
Bearing,preprocess_Reading168.dat,Temporal + espectral + Wavelet,PC1 e PC2,-0.2141473903375061
Bearing,preprocess_Reading169.dat,Temporal + espectral + Wavelet,PC1 e PC2,0.23377027958927163
Bearing,preprocess_Reading170.dat,Temporal + espectral + Wavelet,PC1 e PC2,0.05237138745764375
Bearing,preprocess_Reading171.dat,Temporal + espectral + Wavelet,PC1 e PC2,-0.1946209525466514
Bearing,preprocess_Reading172.dat,Temporal + espectral + Wavelet,PC1 e PC2,0.26646347680960575
Bearing,preprocess_Reading173.dat,Temporal + espectral + Wavelet,PC1 e PC2,0.03895090061062031
Bearing,preprocess_Reading174.dat,Temporal + espectral + Wavelet,PC1 e PC2,0.3146981175442891
Bearing,preprocess_Reading175.dat,Temporal + espectral + Wavelet,PC1 e PC2,0.28768006868468676
Bearing,preprocess_Reading176.dat,Temporal + espectral + Wavelet,PC1 e PC2,0.06855216778135065
Bearing,preprocess_Reading177.dat,Temporal + espectral + Wavelet,PC1 e PC2,0.2018003141986701
Bearing,preprocess_Reading178.dat,Temporal + espectral + Wavelet,PC1 e PC2,0.27349057734911697
Bearing,preprocess_Reading179.dat,Temporal + espectral + Wavelet,PC1 e PC2,0.2619508849575283
Bearing,preprocess_Reading180.dat,Temporal + espectral + Wavelet,PC1 e PC2,0.20640631458723313
Bearing,preprocess_Reading181.dat,Temporal + espectral + Wavelet,PC1 e PC2,0.32014037568628023
Bearing,preprocess_Reading182.dat,Temporal + espectral + Wavelet,PC1 e PC2,0.11076784181258585
Bearing,preprocess_Reading183.dat,Temporal + espectral + Wavelet,PC1 e PC2,0.29708421483619524
Bearing,preprocess_Reading184.dat,Temporal + espectral + Wavelet,PC1 e PC2,0.2704726385269528
Bearing,preprocess_Reading185.dat,Temporal + espectral + Wavelet,PC1 e PC2,0.27070379846755926
Bearing,preprocess_Reading186.dat,Temporal + espectral + Wavelet,PC1 e PC2,0.34752703281603836
Bearing,preprocess_Reading187.dat,Temporal + espectral + Wavelet,PC1 e PC2,0.3170240823437116
Bearing,preprocess_Reading188.dat,Temporal + espectral + Wavelet,PC1 e PC2,0.17041731336132374
Bearing,preprocess_Reading189.dat,Temporal + espectral + Wavelet,PC1 e PC2,0.30580587157766664
Bearing,preprocess_Reading190.dat,Temporal + espectral + Wavelet,PC1 e PC2,-0.2545148684134036
Bearing,preprocess_Reading191.dat,Temporal + espectral + Wavelet,PC1 e PC2,-0.0319269821375747
Bearing,preprocess_Reading192.dat,Temporal + espectral + Wavelet,PC1 e PC2,-0.1704873009017559
Bearing,preprocess_Reading193.dat,Temporal + espectral + Wavelet,PC1 e PC2,0.13217488867360025
Bearing,preprocess_Reading194.dat,Temporal + espectral + Wavelet,PC1 e PC2,-0.270667611317641
Bearing,preprocess_Reading195.dat,Temporal + espectral + Wavelet,PC1 e PC2,-0.33694599840605405
Bearing,preprocess_Reading196.dat,Temporal + espectral + Wavelet,PC1 e PC2,-0.2630642643094843
Bearing,preprocess_Reading197.dat,Temporal + espectral + Wavelet,PC1 e PC2,0.10481794405511542
Bearing,preprocess_Reading198.dat,Temporal + espectral + Wavelet,PC1 e PC2,-0.2610418487188541
Bearing,preprocess_Reading199.dat,Temporal + espectral + Wavelet,PC1 e PC2,0.0014229930542361807
Bearing,preprocess_Reading200.dat,Temporal + espectral + Wavelet,PC1 e PC2,0.07695528048593979
Bearing,preprocess_Reading201.dat,Temporal + espectral + Wavelet,PC1 e PC2,-0.006819009467155581
Bearing,preprocess_Reading202.dat,Temporal + espectral + Wavelet,PC1 e PC2,0.10089277282630106
Bearing,preprocess_Reading203.dat,Temporal + espectral + Wavelet,PC1 e PC2,0.2885342595900416
Bearing,preprocess_Reading204.dat,Temporal + espectral + Wavelet,PC1 e PC2,0.1669256155495368
Bearing,preprocess_Reading205.dat,Temporal + espectral + Wavelet,PC1 e PC2,0.0303331360758629
Bearing,preprocess_Reading206.dat,Temporal + espectral + Wavelet,PC1 e PC2,0.10674437615249481
Bearing,preprocess_Reading207.dat,Temporal + espectral + Wavelet,PC1 e PC2,0.2673809281605605
Bearing,preprocess_Reading208.dat,Temporal + espectral + Wavelet,PC1 e PC2,0.26850454220460557
Bearing,preprocess_Reading209.dat,Temporal + espectral + Wavelet,PC1 e PC2,0.2215789988890546
Bearing,preprocess_Reading210.dat,Temporal + espectral + Wavelet,PC1 e PC2,0.2561483988429132
Bearing,preprocess_Reading211.dat,Temporal + espectral + Wavelet,PC1 e PC2,-0.06156931368704454
Bearing,preprocess_Reading212.dat,Temporal + espectral + Wavelet,PC1 e PC2,-0.34386881055015156
Bearing,preprocess_Reading213.dat,Temporal + espectral + Wavelet,PC1 e PC2,-0.26869798412356244
Bearing,preprocess_Reading214.dat,Temporal + espectral + Wavelet,PC1 e PC2,0.274273279560383
Bearing,preprocess_Reading215.dat,Temporal + espectral + Wavelet,PC1 e PC2,0.13689895109471067
Bearing,preprocess_Reading216.dat,Temporal + espectral + Wavelet,PC1 e PC2,-0.017558428001881086
Bearing,preprocess_Reading217.dat,Temporal + espectral + Wavelet,PC1 e PC2,-0.17089762881645423
Bearing,preprocess_Reading218.dat,Temporal + espectral + Wavelet,PC1 e PC2,-0.34572843554145927
Bearing,preprocess_Reading219.dat,Temporal + espectral + Wavelet,PC1 e PC2,-0.020919202469987963
Bearing,preprocess_Reading220.dat,Temporal + espectral + Wavelet,PC1 e PC2,-0.30687570253449115
Bearing,preprocess_Reading221.dat,Temporal + espectral + Wavelet,PC1 e PC2,-0.25933725871786656
Bearing,preprocess_Reading222.dat,Temporal + espectral + Wavelet,PC1 e PC2,-0.33817165548415906
Bearing,preprocess_Reading223.dat,Temporal + espectral + Wavelet,PC1 e PC2,-0.28848165372746415
Bearing,preprocess_Reading224.dat,Temporal + espectral + Wavelet,PC1 e PC2,-0.2896632613020216
Bearing,preprocess_Reading225.dat,Temporal + espectral + Wavelet,PC1 e PC2,-0.27778236159665143
Flywheel,preprocess_Reading1.dat,Temporal + espectral + Wavelet,PC1 e PC2,-0.5991725270311704
Flywheel,preprocess_Reading2.dat,Temporal + espectral + Wavelet,PC1 e PC2,-0.5333683187426081
Flywheel,preprocess_Reading3.dat,Temporal + espectral + Wavelet,PC1 e PC2,-0.17025023767916933
Flywheel,preprocess_Reading4.dat,Temporal + espectral + Wavelet,PC1 e PC2,0.31404540993726165
Flywheel,preprocess_Reading5.dat,Temporal + espectral + Wavelet,PC1 e PC2,-0.23290639951106534
Flywheel,preprocess_Reading6.dat,Temporal + espectral + Wavelet,PC1 e PC2,-0.0887290896577849
Flywheel,preprocess_Reading7.dat,Temporal + espectral + Wavelet,PC1 e PC2,-0.5110090194257777
Flywheel,preprocess_Reading8.dat,Temporal + espectral + Wavelet,PC1 e PC2,-0.5394508644950534
Flywheel,preprocess_Reading9.dat,Temporal + espectral + Wavelet,PC1 e PC2,-0.16349722713521342
Flywheel,preprocess_Reading10.dat,Temporal + espectral + Wavelet,PC1 e PC2,-0.03453800462041544
Flywheel,preprocess_Reading11.dat,Temporal + espectral + Wavelet,PC1 e PC2,0.2589419487628956
Flywheel,preprocess_Reading12.dat,Temporal + espectral + Wavelet,PC1 e PC2,0.35581719257393124
Flywheel,preprocess_Reading13.dat,Temporal + espectral + Wavelet,PC1 e PC2,0.34843825649690124
Flywheel,preprocess_Reading14.dat,Temporal + espectral + Wavelet,PC1 e PC2,0.3342044634515376
Flywheel,preprocess_Reading15.dat,Temporal + espectral + Wavelet,PC1 e PC2,0.034436202141357876
Flywheel,preprocess_Reading16.dat,Temporal + espectral + Wavelet,PC1 e PC2,0.36805864118544723
Flywheel,preprocess_Reading17.dat,Temporal + espectral + Wavelet,PC1 e PC2,0.2564566727887446
Flywheel,preprocess_Reading18.dat,Temporal + espectral + Wavelet,PC1 e PC2,0.35088089751802054
Flywheel,preprocess_Reading19.dat,Temporal + espectral + Wavelet,PC1 e PC2,0.2656970348347145
Flywheel,preprocess_Reading20.dat,Temporal + espectral + Wavelet,PC1 e PC2,0.20191419575521677
Flywheel,preprocess_Reading21.dat,Temporal + espectral + Wavelet,PC1 e PC2,0.23239373631998203
Flywheel,preprocess_Reading22.dat,Temporal + espectral + Wavelet,PC1 e PC2,0.3594325647744543
Flywheel,preprocess_Reading23.dat,Temporal + espectral + Wavelet,PC1 e PC2,0.08493069154860178
Flywheel,preprocess_Reading24.dat,Temporal + espectral + Wavelet,PC1 e PC2,-0.0010960295400820822
Flywheel,preprocess_Reading25.dat,Temporal + espectral + Wavelet,PC1 e PC2,0.22536259977994869
Flywheel,preprocess_Reading26.dat,Temporal + espectral + Wavelet,PC1 e PC2,0.32895168752399395
Flywheel,preprocess_Reading27.dat,Temporal + espectral + Wavelet,PC1 e PC2,0.23938184915027572
Flywheel,preprocess_Reading28.dat,Temporal + espectral + Wavelet,PC1 e PC2,0.3016803244752929
Flywheel,preprocess_Reading29.dat,Temporal + espectral + Wavelet,PC1 e PC2,0.2748761900901248
Flywheel,preprocess_Reading30.dat,Temporal + espectral + Wavelet,PC1 e PC2,0.19397734919787862
Flywheel,preprocess_Reading31.dat,Temporal + espectral + Wavelet,PC1 e PC2,0.03353393008376221
Flywheel,preprocess_Reading32.dat,Temporal + espectral + Wavelet,PC1 e PC2,0.06329203366455415
Flywheel,preprocess_Reading33.dat,Temporal + espectral + Wavelet,PC1 e PC2,0.36230662775944605
Flywheel,preprocess_Reading34.dat,Temporal + espectral + Wavelet,PC1 e PC2,0.23017573150452136
Flywheel,preprocess_Reading35.dat,Temporal + espectral + Wavelet,PC1 e PC2,0.2665004611945748
Flywheel,preprocess_Reading36.dat,Temporal + espectral + Wavelet,PC1 e PC2,0.06634074139051736
Flywheel,preprocess_Reading37.dat,Temporal + espectral + Wavelet,PC1 e PC2,-0.2567451561032694
Flywheel,preprocess_Reading38.dat,Temporal + espectral + Wavelet,PC1 e PC2,0.13896533428801114
Flywheel,preprocess_Reading39.dat,Temporal + espectral + Wavelet,PC1 e PC2,-0.035310507004963895
Flywheel,preprocess_Reading40.dat,Temporal + espectral + Wavelet,PC1 e PC2,0.20441474449261776
Flywheel,preprocess_Reading41.dat,Temporal + espectral + Wavelet,PC1 e PC2,0.11520042838464305
Flywheel,preprocess_Reading42.dat,Temporal + espectral + Wavelet,PC1 e PC2,0.21039192388321196
Flywheel,preprocess_Reading43.dat,Temporal + espectral + Wavelet,PC1 e PC2,-0.1275955721059522
Flywheel,preprocess_Reading44.dat,Temporal + espectral + Wavelet,PC1 e PC2,-0.2238297717939966
Flywheel,preprocess_Reading45.dat,Temporal + espectral + Wavelet,PC1 e PC2,-0.16068041055537688
Flywheel,preprocess_Reading46.dat,Temporal + espectral + Wavelet,PC1 e PC2,0.003380735397363293
Flywheel,preprocess_Reading47.dat,Temporal + espectral + Wavelet,PC1 e PC2,-0.2963059104185262
Flywheel,preprocess_Reading48.dat,Temporal + espectral + Wavelet,PC1 e PC2,-0.19747728219983834
Flywheel,preprocess_Reading49.dat,Temporal + espectral + Wavelet,PC1 e PC2,-0.36358689932759913
Flywheel,preprocess_Reading50.dat,Temporal + espectral + Wavelet,PC1 e PC2,0.04308471033319917
Flywheel,preprocess_Reading51.dat,Temporal + espectral + Wavelet,PC1 e PC2,-0.3060834308181533
Flywheel,preprocess_Reading52.dat,Temporal + espectral + Wavelet,PC1 e PC2,-0.3175238773948787
Flywheel,preprocess_Reading53.dat,Temporal + espectral + Wavelet,PC1 e PC2,-0.30107622945220214
Flywheel,preprocess_Reading54.dat,Temporal + espectral + Wavelet,PC1 e PC2,-0.30649257509515204
Flywheel,preprocess_Reading55.dat,Temporal + espectral + Wavelet,PC1 e PC2,-0.37220468834492065
Flywheel,preprocess_Reading56.dat,Temporal + espectral + Wavelet,PC1 e PC2,-0.29175781851481236
Flywheel,preprocess_Reading57.dat,Temporal + espectral + Wavelet,PC1 e PC2,-0.2643908335728126
Flywheel,preprocess_Reading58.dat,Temporal + espectral + Wavelet,PC1 e PC2,-0.12083344140993597
Flywheel,preprocess_Reading59.dat,Temporal + espectral + Wavelet,PC1 e PC2,-0.2432816185324884
Flywheel,preprocess_Reading60.dat,Temporal + espectral + Wavelet,PC1 e PC2,-0.3488936807598747
Flywheel,preprocess_Reading61.dat,Temporal + espectral + Wavelet,PC1 e PC2,0.03534421554529933
Flywheel,preprocess_Reading62.dat,Temporal + espectral + Wavelet,PC1 e PC2,-0.2730199756653157
Flywheel,preprocess_Reading63.dat,Temporal + espectral + Wavelet,PC1 e PC2,0.30089865728889814
Flywheel,preprocess_Reading64.dat,Temporal + espectral + Wavelet,PC1 e PC2,-0.1682803437310275
Flywheel,preprocess_Reading65.dat,Temporal + espectral + Wavelet,PC1 e PC2,0.28733743531477457
Flywheel,preprocess_Reading66.dat,Temporal + espectral + Wavelet,PC1 e PC2,0.2706714472026732
Flywheel,preprocess_Reading67.dat,Temporal + espectral + Wavelet,PC1 e PC2,-0.16564047946091784
Flywheel,preprocess_Reading68.dat,Temporal + espectral + Wavelet,PC1 e PC2,-0.4363142184315649
Flywheel,preprocess_Reading69.dat,Temporal + espectral + Wavelet,PC1 e PC2,0.21432915728330768
Flywheel,preprocess_Reading70.dat,Temporal + espectral + Wavelet,PC1 e PC2,-0.04529071689135492
Flywheel,preprocess_Reading71.dat,Temporal + espectral + Wavelet,PC1 e PC2,-0.5002035050833332
Flywheel,preprocess_Reading72.dat,Temporal + espectral + Wavelet,PC1 e PC2,-0.38660940909944636
Flywheel,preprocess_Reading73.dat,Temporal + espectral + Wavelet,PC1 e PC2,0.335596390514047
Flywheel,preprocess_Reading74.dat,Temporal + espectral + Wavelet,PC1 e PC2,-0.12092917470705634
Flywheel,preprocess_Reading75.dat,Temporal + espectral + Wavelet,PC1 e PC2,-0.31841325316958125
Flywheel,preprocess_Reading76.dat,Temporal + espectral + Wavelet,PC1 e PC2,-0.5434599388638411
Flywheel,preprocess_Reading77.dat,Temporal + espectral + Wavelet,PC1 e PC2,-0.6281661851405094
Flywheel,preprocess_Reading78.dat,Temporal + espectral + Wavelet,PC1 e PC2,0.2536014980762891
Flywheel,preprocess_Reading79.dat,Temporal + espectral + Wavelet,PC1 e PC2,-0.5195830715483694
Flywheel,preprocess_Reading80.dat,Temporal + espectral + Wavelet,PC1 e PC2,-0.45528768347940995
Flywheel,preprocess_Reading81.dat,Temporal + espectral + Wavelet,PC1 e PC2,0.29114791554148217
Flywheel,preprocess_Reading82.dat,Temporal + espectral + Wavelet,PC1 e PC2,0.16621345263931495
Flywheel,preprocess_Reading83.dat,Temporal + espectral + Wavelet,PC1 e PC2,0.3260804076377317
Flywheel,preprocess_Reading84.dat,Temporal + espectral + Wavelet,PC1 e PC2,0.320597877295391
Flywheel,preprocess_Reading85.dat,Temporal + espectral + Wavelet,PC1 e PC2,-0.10860350051486872
Flywheel,preprocess_Reading86.dat,Temporal + espectral + Wavelet,PC1 e PC2,0.2867893165953063
Flywheel,preprocess_Reading87.dat,Temporal + espectral + Wavelet,PC1 e PC2,0.16126746871862285
Flywheel,preprocess_Reading88.dat,Temporal + espectral + Wavelet,PC1 e PC2,-0.3883427930412072
Flywheel,preprocess_Reading89.dat,Temporal + espectral + Wavelet,PC1 e PC2,0.3694444834935746
Flywheel,preprocess_Reading90.dat,Temporal + espectral + Wavelet,PC1 e PC2,0.2786536042450719
Flywheel,preprocess_Reading91.dat,Temporal + espectral + Wavelet,PC1 e PC2,0.26295457413890666
Flywheel,preprocess_Reading92.dat,Temporal + espectral + Wavelet,PC1 e PC2,0.04345039177462342
Flywheel,preprocess_Reading93.dat,Temporal + espectral + Wavelet,PC1 e PC2,-0.22463593422187728
Flywheel,preprocess_Reading94.dat,Temporal + espectral + Wavelet,PC1 e PC2,-0.0954648557177734
Flywheel,preprocess_Reading95.dat,Temporal + espectral + Wavelet,PC1 e PC2,-0.26468385368327085
Flywheel,preprocess_Reading96.dat,Temporal + espectral + Wavelet,PC1 e PC2,0.28523440138128814
Flywheel,preprocess_Reading97.dat,Temporal + espectral + Wavelet,PC1 e PC2,-0.09255393721399685
Flywheel,preprocess_Reading98.dat,Temporal + espectral + Wavelet,PC1 e PC2,0.2685325873777967
Flywheel,preprocess_Reading99.dat,Temporal + espectral + Wavelet,PC1 e PC2,0.2849551493462954
Flywheel,preprocess_Reading100.dat,Temporal + espectral + Wavelet,PC1 e PC2,0.10073310944096944
Flywheel,preprocess_Reading101.dat,Temporal + espectral + Wavelet,PC1 e PC2,0.2797188980820491
Flywheel,preprocess_Reading102.dat,Temporal + espectral + Wavelet,PC1 e PC2,0.24641559275535826
Flywheel,preprocess_Reading103.dat,Temporal + espectral + Wavelet,PC1 e PC2,-0.0921127028009223
Flywheel,preprocess_Reading104.dat,Temporal + espectral + Wavelet,PC1 e PC2,0.28970980973904303
Flywheel,preprocess_Reading105.dat,Temporal + espectral + Wavelet,PC1 e PC2,0.3495822859110765
Flywheel,preprocess_Reading106.dat,Temporal + espectral + Wavelet,PC1 e PC2,0.14592831540178142
Flywheel,preprocess_Reading107.dat,Temporal + espectral + Wavelet,PC1 e PC2,0.07131064579174488
Flywheel,preprocess_Reading108.dat,Temporal + espectral + Wavelet,PC1 e PC2,0.3295936891055303
Flywheel,preprocess_Reading109.dat,Temporal + espectral + Wavelet,PC1 e PC2,0.23761411978151017
Flywheel,preprocess_Reading110.dat,Temporal + espectral + Wavelet,PC1 e PC2,-0.2878647392536167
Flywheel,preprocess_Reading111.dat,Temporal + espectral + Wavelet,PC1 e PC2,-0.03618959817436372
Flywheel,preprocess_Reading112.dat,Temporal + espectral + Wavelet,PC1 e PC2,-0.28429593219287624
Flywheel,preprocess_Reading113.dat,Temporal + espectral + Wavelet,PC1 e PC2,0.17134811308833295
Flywheel,preprocess_Reading114.dat,Temporal + espectral + Wavelet,PC1 e PC2,0.25892530133287345
Flywheel,preprocess_Reading115.dat,Temporal + espectral + Wavelet,PC1 e PC2,0.344650276484579
Flywheel,preprocess_Reading116.dat,Temporal + espectral + Wavelet,PC1 e PC2,-0.283720487859042
Flywheel,preprocess_Reading117.dat,Temporal + espectral + Wavelet,PC1 e PC2,-0.08951323419214058
Flywheel,preprocess_Reading118.dat,Temporal + espectral + Wavelet,PC1 e PC2,-0.25597772489388165
Flywheel,preprocess_Reading119.dat,Temporal + espectral + Wavelet,PC1 e PC2,0.29711822178759656
Flywheel,preprocess_Reading120.dat,Temporal + espectral + Wavelet,PC1 e PC2,-0.07134979111392954
Flywheel,preprocess_Reading121.dat,Temporal + espectral + Wavelet,PC1 e PC2,0.3017050687245906
Flywheel,preprocess_Reading122.dat,Temporal + espectral + Wavelet,PC1 e PC2,0.33504204770501284
Flywheel,preprocess_Reading123.dat,Temporal + espectral + Wavelet,PC1 e PC2,-0.23613102942597258
Flywheel,preprocess_Reading124.dat,Temporal + espectral + Wavelet,PC1 e PC2,-0.10913975283626268
Flywheel,preprocess_Reading125.dat,Temporal + espectral + Wavelet,PC1 e PC2,-0.10135721041848625
Flywheel,preprocess_Reading126.dat,Temporal + espectral + Wavelet,PC1 e PC2,-0.03676221323016547
Flywheel,preprocess_Reading127.dat,Temporal + espectral + Wavelet,PC1 e PC2,-0.08106543171932416
Flywheel,preprocess_Reading128.dat,Temporal + espectral + Wavelet,PC1 e PC2,0.15744808321516657
Flywheel,preprocess_Reading129.dat,Temporal + espectral + Wavelet,PC1 e PC2,-0.24317812724521293
Flywheel,preprocess_Reading130.dat,Temporal + espectral + Wavelet,PC1 e PC2,-0.05145343271454981
Flywheel,preprocess_Reading131.dat,Temporal + espectral + Wavelet,PC1 e PC2,-0.06971602038311094
Flywheel,preprocess_Reading132.dat,Temporal + espectral + Wavelet,PC1 e PC2,-0.2729525969455273
Flywheel,preprocess_Reading133.dat,Temporal + espectral + Wavelet,PC1 e PC2,0.08314683253452436
Flywheel,preprocess_Reading134.dat,Temporal + espectral + Wavelet,PC1 e PC2,0.3021415678530135
Flywheel,preprocess_Reading135.dat,Temporal + espectral + Wavelet,PC1 e PC2,0.07443597360695667
Flywheel,preprocess_Reading136.dat,Temporal + espectral + Wavelet,PC1 e PC2,0.011708198602683555
Flywheel,preprocess_Reading137.dat,Temporal + espectral + Wavelet,PC1 e PC2,0.15925791600208541
Flywheel,preprocess_Reading138.dat,Temporal + espectral + Wavelet,PC1 e PC2,-0.08338110328766242
Flywheel,preprocess_Reading139.dat,Temporal + espectral + Wavelet,PC1 e PC2,-0.22386813405443765
Flywheel,preprocess_Reading140.dat,Temporal + espectral + Wavelet,PC1 e PC2,0.04443461216955308
Flywheel,preprocess_Reading141.dat,Temporal + espectral + Wavelet,PC1 e PC2,0.2042658825158865
Flywheel,preprocess_Reading142.dat,Temporal + espectral + Wavelet,PC1 e PC2,0.365467168174883
Flywheel,preprocess_Reading143.dat,Temporal + espectral + Wavelet,PC1 e PC2,0.2631931747894208
Flywheel,preprocess_Reading144.dat,Temporal + espectral + Wavelet,PC1 e PC2,0.37033571302548496
Flywheel,preprocess_Reading145.dat,Temporal + espectral + Wavelet,PC1 e PC2,0.3434226183468134
Flywheel,preprocess_Reading146.dat,Temporal + espectral + Wavelet,PC1 e PC2,0.03999162539957442
Flywheel,preprocess_Reading147.dat,Temporal + espectral + Wavelet,PC1 e PC2,-0.10789472471642583
Flywheel,preprocess_Reading148.dat,Temporal + espectral + Wavelet,PC1 e PC2,0.2789500759809795
Flywheel,preprocess_Reading149.dat,Temporal + espectral + Wavelet,PC1 e PC2,0.3261690134297025
Flywheel,preprocess_Reading150.dat,Temporal + espectral + Wavelet,PC1 e PC2,0.009274711147897564
Flywheel,preprocess_Reading151.dat,Temporal + espectral + Wavelet,PC1 e PC2,-0.5068253611524469
Flywheel,preprocess_Reading152.dat,Temporal + espectral + Wavelet,PC1 e PC2,-0.6655234515820506
Flywheel,preprocess_Reading153.dat,Temporal + espectral + Wavelet,PC1 e PC2,-0.02594085834418474
Flywheel,preprocess_Reading154.dat,Temporal + espectral + Wavelet,PC1 e PC2,-0.24002048899079895
Flywheel,preprocess_Reading155.dat,Temporal + espectral + Wavelet,PC1 e PC2,-0.39712947990325353
Flywheel,preprocess_Reading156.dat,Temporal + espectral + Wavelet,PC1 e PC2,0.33650640523339176
Flywheel,preprocess_Reading157.dat,Temporal + espectral + Wavelet,PC1 e PC2,0.2610170205042213
Flywheel,preprocess_Reading158.dat,Temporal + espectral + Wavelet,PC1 e PC2,-0.14828596455435858
Flywheel,preprocess_Reading159.dat,Temporal + espectral + Wavelet,PC1 e PC2,-0.104405847401908
Flywheel,preprocess_Reading160.dat,Temporal + espectral + Wavelet,PC1 e PC2,0.27309234359414875
Flywheel,preprocess_Reading161.dat,Temporal + espectral + Wavelet,PC1 e PC2,0.36207351194612997
Flywheel,preprocess_Reading162.dat,Temporal + espectral + Wavelet,PC1 e PC2,0.33283704702431305
Flywheel,preprocess_Reading163.dat,Temporal + espectral + Wavelet,PC1 e PC2,0.22925690087605005
Flywheel,preprocess_Reading164.dat,Temporal + espectral + Wavelet,PC1 e PC2,0.24859201014464258
Flywheel,preprocess_Reading165.dat,Temporal + espectral + Wavelet,PC1 e PC2,0.12685721803546593
Flywheel,preprocess_Reading166.dat,Temporal + espectral + Wavelet,PC1 e PC2,0.15835074806275024
Flywheel,preprocess_Reading167.dat,Temporal + espectral + Wavelet,PC1 e PC2,0.33235706845457313
Flywheel,preprocess_Reading168.dat,Temporal + espectral + Wavelet,PC1 e PC2,0.07724145962779036
Flywheel,preprocess_Reading169.dat,Temporal + espectral + Wavelet,PC1 e PC2,0.1660820130963267
Flywheel,preprocess_Reading170.dat,Temporal + espectral + Wavelet,PC1 e PC2,0.21871798079820584
Flywheel,preprocess_Reading171.dat,Temporal + espectral + Wavelet,PC1 e PC2,-0.008664003954996289
Flywheel,preprocess_Reading172.dat,Temporal + espectral + Wavelet,PC1 e PC2,0.2066340984217723
Flywheel,preprocess_Reading173.dat,Temporal + espectral + Wavelet,PC1 e PC2,0.2385956908933701
Flywheel,preprocess_Reading174.dat,Temporal + espectral + Wavelet,PC1 e PC2,0.17895428495007837
Flywheel,preprocess_Reading175.dat,Temporal + espectral + Wavelet,PC1 e PC2,0.30298753690768565
Flywheel,preprocess_Reading176.dat,Temporal + espectral + Wavelet,PC1 e PC2,0.04981996870467826
Flywheel,preprocess_Reading177.dat,Temporal + espectral + Wavelet,PC1 e PC2,-0.01578572747056077
Flywheel,preprocess_Reading178.dat,Temporal + espectral + Wavelet,PC1 e PC2,0.08906065824573799
Flywheel,preprocess_Reading179.dat,Temporal + espectral + Wavelet,PC1 e PC2,0.25458647399145645
Flywheel,preprocess_Reading180.dat,Temporal + espectral + Wavelet,PC1 e PC2,-0.09033693358675572
Flywheel,preprocess_Reading181.dat,Temporal + espectral + Wavelet,PC1 e PC2,-0.24932940835674156
Flywheel,preprocess_Reading182.dat,Temporal + espectral + Wavelet,PC1 e PC2,0.10811289795588093
Flywheel,preprocess_Reading183.dat,Temporal + espectral + Wavelet,PC1 e PC2,-0.11197911152548444
Flywheel,preprocess_Reading184.dat,Temporal + espectral + Wavelet,PC1 e PC2,-0.3401972362229281
Flywheel,preprocess_Reading185.dat,Temporal + espectral + Wavelet,PC1 e PC2,-0.294811132498634
Flywheel,preprocess_Reading186.dat,Temporal + espectral + Wavelet,PC1 e PC2,0.21197248342852004
Flywheel,preprocess_Reading187.dat,Temporal + espectral + Wavelet,PC1 e PC2,0.08439935995973998
Flywheel,preprocess_Reading188.dat,Temporal + espectral + Wavelet,PC1 e PC2,-0.2727810218096056
Flywheel,preprocess_Reading189.dat,Temporal + espectral + Wavelet,PC1 e PC2,-0.36263335153002624
Flywheel,preprocess_Reading190.dat,Temporal + espectral + Wavelet,PC1 e PC2,-0.28106215074911256
Flywheel,preprocess_Reading191.dat,Temporal + espectral + Wavelet,PC1 e PC2,-0.07851086020019916
Flywheel,preprocess_Reading192.dat,Temporal + espectral + Wavelet,PC1 e PC2,-0.27159039560267934
Flywheel,preprocess_Reading193.dat,Temporal + espectral + Wavelet,PC1 e PC2,-0.2720272156547998
Flywheel,preprocess_Reading194.dat,Temporal + espectral + Wavelet,PC1 e PC2,-0.23480061712781683
Flywheel,preprocess_Reading195.dat,Temporal + espectral + Wavelet,PC1 e PC2,-0.022836149081742158
Flywheel,preprocess_Reading196.dat,Temporal + espectral + Wavelet,PC1 e PC2,-0.08617373622728186
Flywheel,preprocess_Reading197.dat,Temporal + espectral + Wavelet,PC1 e PC2,-0.19479900587427929
Flywheel,preprocess_Reading198.dat,Temporal + espectral + Wavelet,PC1 e PC2,-0.3449907385394083
Flywheel,preprocess_Reading199.dat,Temporal + espectral + Wavelet,PC1 e PC2,-0.22704812306768066
Flywheel,preprocess_Reading200.dat,Temporal + espectral + Wavelet,PC1 e PC2,-0.29939609561390224
Flywheel,preprocess_Reading201.dat,Temporal + espectral + Wavelet,PC1 e PC2,-0.32550843310885386
Flywheel,preprocess_Reading202.dat,Temporal + espectral + Wavelet,PC1 e PC2,-0.21385809289896757
Flywheel,preprocess_Reading203.dat,Temporal + espectral + Wavelet,PC1 e PC2,-0.19372002175705813
Flywheel,preprocess_Reading204.dat,Temporal + espectral + Wavelet,PC1 e PC2,-0.2055989642721548
Flywheel,preprocess_Reading205.dat,Temporal + espectral + Wavelet,PC1 e PC2,-0.1326231690707498
Flywheel,preprocess_Reading206.dat,Temporal + espectral + Wavelet,PC1 e PC2,-0.392319214762768
Flywheel,preprocess_Reading207.dat,Temporal + espectral + Wavelet,PC1 e PC2,-0.10221441504585056
Flywheel,preprocess_Reading208.dat,Temporal + espectral + Wavelet,PC1 e PC2,0.08552014227143101
Flywheel,preprocess_Reading209.dat,Temporal + espectral + Wavelet,PC1 e PC2,-0.37391901742913397
Flywheel,preprocess_Reading210.dat,Temporal + espectral + Wavelet,PC1 e PC2,-0.3695391141799168
Flywheel,preprocess_Reading211.dat,Temporal + espectral + Wavelet,PC1 e PC2,-0.3249014554953124
Flywheel,preprocess_Reading212.dat,Temporal + espectral + Wavelet,PC1 e PC2,-0.3495401125528357
Flywheel,preprocess_Reading213.dat,Temporal + espectral + Wavelet,PC1 e PC2,-0.15842319463710094
Flywheel,preprocess_Reading214.dat,Temporal + espectral + Wavelet,PC1 e PC2,-0.2668080525698696
Flywheel,preprocess_Reading215.dat,Temporal + espectral + Wavelet,PC1 e PC2,-0.36853151017032987
Flywheel,preprocess_Reading216.dat,Temporal + espectral + Wavelet,PC1 e PC2,0.08391114329263262
Flywheel,preprocess_Reading217.dat,Temporal + espectral + Wavelet,PC1 e PC2,-0.32293050915421984
Flywheel,preprocess_Reading218.dat,Temporal + espectral + Wavelet,PC1 e PC2,-0.12315933543604857
Flywheel,preprocess_Reading219.dat,Temporal + espectral + Wavelet,PC1 e PC2,0.252165455412802
Flywheel,preprocess_Reading220.dat,Temporal + espectral + Wavelet,PC1 e PC2,0.2558630033063424
Flywheel,preprocess_Reading221.dat,Temporal + espectral + Wavelet,PC1 e PC2,0.20914699283470256
Flywheel,preprocess_Reading222.dat,Temporal + espectral + Wavelet,PC1 e PC2,0.1966903075912145
Flywheel,preprocess_Reading223.dat,Temporal + espectral + Wavelet,PC1 e PC2,0.1558268838923806
Flywheel,preprocess_Reading224.dat,Temporal + espectral + Wavelet,PC1 e PC2,0.1623447707005227
Flywheel,preprocess_Reading225.dat,Temporal + espectral + Wavelet,PC1 e PC2,0.2750797212671392
LIV,preprocess_Reading1.dat,Temporal + espectral + Wavelet,PC1 e PC2,-0.2917284964505032
LIV,preprocess_Reading2.dat,Temporal + espectral + Wavelet,PC1 e PC2,-0.045576445770361435
LIV,preprocess_Reading3.dat,Temporal + espectral + Wavelet,PC1 e PC2,-0.3799359031197458
LIV,preprocess_Reading4.dat,Temporal + espectral + Wavelet,PC1 e PC2,-0.3609179180560573
LIV,preprocess_Reading5.dat,Temporal + espectral + Wavelet,PC1 e PC2,-0.26083117568403424
LIV,preprocess_Reading6.dat,Temporal + espectral + Wavelet,PC1 e PC2,-0.09836041091859041
LIV,preprocess_Reading7.dat,Temporal + espectral + Wavelet,PC1 e PC2,-0.437884300537538
LIV,preprocess_Reading8.dat,Temporal + espectral + Wavelet,PC1 e PC2,-0.38288355596073886
LIV,preprocess_Reading9.dat,Temporal + espectral + Wavelet,PC1 e PC2,-0.32282425316345326
LIV,preprocess_Reading10.dat,Temporal + espectral + Wavelet,PC1 e PC2,0.37116455240247187
LIV,preprocess_Reading11.dat,Temporal + espectral + Wavelet,PC1 e PC2,-0.4426004840301345
LIV,preprocess_Reading12.dat,Temporal + espectral + Wavelet,PC1 e PC2,-0.2857463900055931
LIV,preprocess_Reading13.dat,Temporal + espectral + Wavelet,PC1 e PC2,-0.3646220293899016
LIV,preprocess_Reading14.dat,Temporal + espectral + Wavelet,PC1 e PC2,-0.34136028504444427
LIV,preprocess_Reading15.dat,Temporal + espectral + Wavelet,PC1 e PC2,0.04541196149256265
LIV,preprocess_Reading16.dat,Temporal + espectral + Wavelet,PC1 e PC2,0.47751876335437904
LIV,preprocess_Reading17.dat,Temporal + espectral + Wavelet,PC1 e PC2,0.4335385245540169
LIV,preprocess_Reading18.dat,Temporal + espectral + Wavelet,PC1 e PC2,0.08496612970845806
LIV,preprocess_Reading19.dat,Temporal + espectral + Wavelet,PC1 e PC2,0.4858115860907535
LIV,preprocess_Reading20.dat,Temporal + espectral + Wavelet,PC1 e PC2,0.3081834931997588
LIV,preprocess_Reading21.dat,Temporal + espectral + Wavelet,PC1 e PC2,0.49535759745302227
LIV,preprocess_Reading22.dat,Temporal + espectral + Wavelet,PC1 e PC2,0.5051958858245812
LIV,preprocess_Reading23.dat,Temporal + espectral + Wavelet,PC1 e PC2,0.40982660766347895
LIV,preprocess_Reading24.dat,Temporal + espectral + Wavelet,PC1 e PC2,0.23365727033634065
LIV,preprocess_Reading25.dat,Temporal + espectral + Wavelet,PC1 e PC2,0.43402133237299584
LIV,preprocess_Reading26.dat,Temporal + espectral + Wavelet,PC1 e PC2,0.3615947117767316
LIV,preprocess_Reading27.dat,Temporal + espectral + Wavelet,PC1 e PC2,0.2936822288808245
LIV,preprocess_Reading28.dat,Temporal + espectral + Wavelet,PC1 e PC2,0.2716944741288372
LIV,preprocess_Reading29.dat,Temporal + espectral + Wavelet,PC1 e PC2,0.3383642209099188
LIV,preprocess_Reading30.dat,Temporal + espectral + Wavelet,PC1 e PC2,0.27628651187654135
LIV,preprocess_Reading31.dat,Temporal + espectral + Wavelet,PC1 e PC2,0.42296984125252446
LIV,preprocess_Reading32.dat,Temporal + espectral + Wavelet,PC1 e PC2,0.281812161160233
LIV,preprocess_Reading33.dat,Temporal + espectral + Wavelet,PC1 e PC2,0.4150685639914629
LIV,preprocess_Reading34.dat,Temporal + espectral + Wavelet,PC1 e PC2,0.49465324530815113
LIV,preprocess_Reading35.dat,Temporal + espectral + Wavelet,PC1 e PC2,0.4658106737848286
LIV,preprocess_Reading36.dat,Temporal + espectral + Wavelet,PC1 e PC2,0.4067906123980228
LIV,preprocess_Reading37.dat,Temporal + espectral + Wavelet,PC1 e PC2,0.2702366186716757
LIV,preprocess_Reading38.dat,Temporal + espectral + Wavelet,PC1 e PC2,0.3182909856820564
LIV,preprocess_Reading39.dat,Temporal + espectral + Wavelet,PC1 e PC2,0.4102131098353344
LIV,preprocess_Reading40.dat,Temporal + espectral + Wavelet,PC1 e PC2,0.05288896065997754
LIV,preprocess_Reading41.dat,Temporal + espectral + Wavelet,PC1 e PC2,0.2736354686303544
LIV,preprocess_Reading42.dat,Temporal + espectral + Wavelet,PC1 e PC2,0.4298807720645908
LIV,preprocess_Reading43.dat,Temporal + espectral + Wavelet,PC1 e PC2,0.2986250955178963
LIV,preprocess_Reading44.dat,Temporal + espectral + Wavelet,PC1 e PC2,0.3073210982535537
LIV,preprocess_Reading45.dat,Temporal + espectral + Wavelet,PC1 e PC2,0.031933623768204106
LIV,preprocess_Reading46.dat,Temporal + espectral + Wavelet,PC1 e PC2,0.44107424855238825
LIV,preprocess_Reading47.dat,Temporal + espectral + Wavelet,PC1 e PC2,0.24824358836089883
LIV,preprocess_Reading48.dat,Temporal + espectral + Wavelet,PC1 e PC2,0.3925409816515365
LIV,preprocess_Reading49.dat,Temporal + espectral + Wavelet,PC1 e PC2,-0.011813680390457274
LIV,preprocess_Reading50.dat,Temporal + espectral + Wavelet,PC1 e PC2,0.23332036470087902
LIV,preprocess_Reading51.dat,Temporal + espectral + Wavelet,PC1 e PC2,0.49550385828990623
LIV,preprocess_Reading52.dat,Temporal + espectral + Wavelet,PC1 e PC2,0.29568519442605834
LIV,preprocess_Reading53.dat,Temporal + espectral + Wavelet,PC1 e PC2,0.3992588475857085
LIV,preprocess_Reading54.dat,Temporal + espectral + Wavelet,PC1 e PC2,-0.10318093067592223
LIV,preprocess_Reading55.dat,Temporal + espectral + Wavelet,PC1 e PC2,0.19862647116733861
LIV,preprocess_Reading56.dat,Temporal + espectral + Wavelet,PC1 e PC2,0.49011408345458407
LIV,preprocess_Reading57.dat,Temporal + espectral + Wavelet,PC1 e PC2,0.49645224530922005
LIV,preprocess_Reading58.dat,Temporal + espectral + Wavelet,PC1 e PC2,0.5123656380725143
LIV,preprocess_Reading59.dat,Temporal + espectral + Wavelet,PC1 e PC2,0.4346220630646865
LIV,preprocess_Reading60.dat,Temporal + espectral + Wavelet,PC1 e PC2,0.4556535101217159
LIV,preprocess_Reading61.dat,Temporal + espectral + Wavelet,PC1 e PC2,0.5047353201056802
LIV,preprocess_Reading62.dat,Temporal + espectral + Wavelet,PC1 e PC2,0.49033097902944944
LIV,preprocess_Reading63.dat,Temporal + espectral + Wavelet,PC1 e PC2,0.5078461823707755
LIV,preprocess_Reading64.dat,Temporal + espectral + Wavelet,PC1 e PC2,0.4740114750243397
LIV,preprocess_Reading65.dat,Temporal + espectral + Wavelet,PC1 e PC2,0.5147798900627554
LIV,preprocess_Reading66.dat,Temporal + espectral + Wavelet,PC1 e PC2,0.21593022626467112
LIV,preprocess_Reading67.dat,Temporal + espectral + Wavelet,PC1 e PC2,0.10839225823547337
LIV,preprocess_Reading68.dat,Temporal + espectral + Wavelet,PC1 e PC2,0.5112471128521232
LIV,preprocess_Reading69.dat,Temporal + espectral + Wavelet,PC1 e PC2,0.3270862407783882
LIV,preprocess_Reading70.dat,Temporal + espectral + Wavelet,PC1 e PC2,0.31040048603117665
LIV,preprocess_Reading71.dat,Temporal + espectral + Wavelet,PC1 e PC2,0.4509665118472425
LIV,preprocess_Reading72.dat,Temporal + espectral + Wavelet,PC1 e PC2,0.03147505315110619
LIV,preprocess_Reading73.dat,Temporal + espectral + Wavelet,PC1 e PC2,-0.14132490288670926
LIV,preprocess_Reading74.dat,Temporal + espectral + Wavelet,PC1 e PC2,-0.41167719262490726
LIV,preprocess_Reading75.dat,Temporal + espectral + Wavelet,PC1 e PC2,-0.2902343197685447
LIV,preprocess_Reading76.dat,Temporal + espectral + Wavelet,PC1 e PC2,-0.45744234685701035
LIV,preprocess_Reading77.dat,Temporal + espectral + Wavelet,PC1 e PC2,-0.36758582838203174
LIV,preprocess_Reading78.dat,Temporal + espectral + Wavelet,PC1 e PC2,-0.37793630414992846
LIV,preprocess_Reading79.dat,Temporal + espectral + Wavelet,PC1 e PC2,-0.4473693753661161
LIV,preprocess_Reading80.dat,Temporal + espectral + Wavelet,PC1 e PC2,-0.32571895419687696
LIV,preprocess_Reading81.dat,Temporal + espectral + Wavelet,PC1 e PC2,-0.41253317948412765
LIV,preprocess_Reading82.dat,Temporal + espectral + Wavelet,PC1 e PC2,-0.30154498570707766
LIV,preprocess_Reading83.dat,Temporal + espectral + Wavelet,PC1 e PC2,-0.2414556430728077
LIV,preprocess_Reading84.dat,Temporal + espectral + Wavelet,PC1 e PC2,-0.3066114795189194
LIV,preprocess_Reading85.dat,Temporal + espectral + Wavelet,PC1 e PC2,0.10067871661571055
LIV,preprocess_Reading86.dat,Temporal + espectral + Wavelet,PC1 e PC2,0.1491915853875608
LIV,preprocess_Reading87.dat,Temporal + espectral + Wavelet,PC1 e PC2,0.3802784233686717
LIV,preprocess_Reading88.dat,Temporal + espectral + Wavelet,PC1 e PC2,0.317896125906148
LIV,preprocess_Reading89.dat,Temporal + espectral + Wavelet,PC1 e PC2,0.36798121492468155
LIV,preprocess_Reading90.dat,Temporal + espectral + Wavelet,PC1 e PC2,0.5056032823154196
LIV,preprocess_Reading91.dat,Temporal + espectral + Wavelet,PC1 e PC2,0.5187288066322009
LIV,preprocess_Reading92.dat,Temporal + espectral + Wavelet,PC1 e PC2,0.4131415607788033
LIV,preprocess_Reading93.dat,Temporal + espectral + Wavelet,PC1 e PC2,0.5052365417527467
LIV,preprocess_Reading94.dat,Temporal + espectral + Wavelet,PC1 e PC2,0.49320817594932825
LIV,preprocess_Reading95.dat,Temporal + espectral + Wavelet,PC1 e PC2,0.5198502301465425
LIV,preprocess_Reading96.dat,Temporal + espectral + Wavelet,PC1 e PC2,0.4689443478400496
LIV,preprocess_Reading97.dat,Temporal + espectral + Wavelet,PC1 e PC2,0.5144140695090726
LIV,preprocess_Reading98.dat,Temporal + espectral + Wavelet,PC1 e PC2,0.49998126374177804
LIV,preprocess_Reading99.dat,Temporal + espectral + Wavelet,PC1 e PC2,0.49989125670623447
LIV,preprocess_Reading100.dat,Temporal + espectral + Wavelet,PC1 e PC2,0.3991342104999037
LIV,preprocess_Reading101.dat,Temporal + espectral + Wavelet,PC1 e PC2,0.42890175701945216
LIV,preprocess_Reading102.dat,Temporal + espectral + Wavelet,PC1 e PC2,0.5170478971901494
LIV,preprocess_Reading103.dat,Temporal + espectral + Wavelet,PC1 e PC2,0.46024810989740766
LIV,preprocess_Reading104.dat,Temporal + espectral + Wavelet,PC1 e PC2,0.45723551454249833
LIV,preprocess_Reading105.dat,Temporal + espectral + Wavelet,PC1 e PC2,0.5009980169937269
LIV,preprocess_Reading106.dat,Temporal + espectral + Wavelet,PC1 e PC2,0.4803741271414803
LIV,preprocess_Reading107.dat,Temporal + espectral + Wavelet,PC1 e PC2,0.4954708265801804
LIV,preprocess_Reading108.dat,Temporal + espectral + Wavelet,PC1 e PC2,0.5133187771628982
LIV,preprocess_Reading109.dat,Temporal + espectral + Wavelet,PC1 e PC2,0.5187132472976891
LIV,preprocess_Reading110.dat,Temporal + espectral + Wavelet,PC1 e PC2,0.5185893331647883
LIV,preprocess_Reading111.dat,Temporal + espectral + Wavelet,PC1 e PC2,0.2638099741905484
LIV,preprocess_Reading112.dat,Temporal + espectral + Wavelet,PC1 e PC2,0.5245015529489968
LIV,preprocess_Reading113.dat,Temporal + espectral + Wavelet,PC1 e PC2,0.42772802569198415
LIV,preprocess_Reading114.dat,Temporal + espectral + Wavelet,PC1 e PC2,-0.1680462222654169
LIV,preprocess_Reading115.dat,Temporal + espectral + Wavelet,PC1 e PC2,0.35899714119572085
LIV,preprocess_Reading116.dat,Temporal + espectral + Wavelet,PC1 e PC2,0.4586628149578837
LIV,preprocess_Reading117.dat,Temporal + espectral + Wavelet,PC1 e PC2,0.44714301893519803
LIV,preprocess_Reading118.dat,Temporal + espectral + Wavelet,PC1 e PC2,0.4491055939836617
LIV,preprocess_Reading119.dat,Temporal + espectral + Wavelet,PC1 e PC2,0.43411729503238233
LIV,preprocess_Reading120.dat,Temporal + espectral + Wavelet,PC1 e PC2,0.5138711697334056
LIV,preprocess_Reading121.dat,Temporal + espectral + Wavelet,PC1 e PC2,0.23677570029822448
LIV,preprocess_Reading122.dat,Temporal + espectral + Wavelet,PC1 e PC2,0.4466803599856449
LIV,preprocess_Reading123.dat,Temporal + espectral + Wavelet,PC1 e PC2,0.34038515464107094
LIV,preprocess_Reading124.dat,Temporal + espectral + Wavelet,PC1 e PC2,0.46452269860509376
LIV,preprocess_Reading125.dat,Temporal + espectral + Wavelet,PC1 e PC2,0.4182959376814381
LIV,preprocess_Reading126.dat,Temporal + espectral + Wavelet,PC1 e PC2,0.5059922233147486
LIV,preprocess_Reading127.dat,Temporal + espectral + Wavelet,PC1 e PC2,0.524533505081269
LIV,preprocess_Reading128.dat,Temporal + espectral + Wavelet,PC1 e PC2,0.325888212950675
LIV,preprocess_Reading129.dat,Temporal + espectral + Wavelet,PC1 e PC2,0.2417560208889244
LIV,preprocess_Reading130.dat,Temporal + espectral + Wavelet,PC1 e PC2,0.31502602080425285
LIV,preprocess_Reading131.dat,Temporal + espectral + Wavelet,PC1 e PC2,0.350737465139299
LIV,preprocess_Reading132.dat,Temporal + espectral + Wavelet,PC1 e PC2,-0.18693170438581516
LIV,preprocess_Reading133.dat,Temporal + espectral + Wavelet,PC1 e PC2,0.38255271203520225
LIV,preprocess_Reading134.dat,Temporal + espectral + Wavelet,PC1 e PC2,0.3755323977684625
LIV,preprocess_Reading135.dat,Temporal + espectral + Wavelet,PC1 e PC2,0.4926991664819274
LIV,preprocess_Reading136.dat,Temporal + espectral + Wavelet,PC1 e PC2,0.2733709395915385
LIV,preprocess_Reading137.dat,Temporal + espectral + Wavelet,PC1 e PC2,0.38017910056678356
LIV,preprocess_Reading138.dat,Temporal + espectral + Wavelet,PC1 e PC2,0.2850407136036095
LIV,preprocess_Reading139.dat,Temporal + espectral + Wavelet,PC1 e PC2,0.48391326845694704
LIV,preprocess_Reading140.dat,Temporal + espectral + Wavelet,PC1 e PC2,0.43511469756287974
LIV,preprocess_Reading141.dat,Temporal + espectral + Wavelet,PC1 e PC2,0.41693819764851786
LIV,preprocess_Reading142.dat,Temporal + espectral + Wavelet,PC1 e PC2,0.41981494058130686
LIV,preprocess_Reading143.dat,Temporal + espectral + Wavelet,PC1 e PC2,0.2554404094360529
LIV,preprocess_Reading144.dat,Temporal + espectral + Wavelet,PC1 e PC2,0.4282281713871432
LIV,preprocess_Reading145.dat,Temporal + espectral + Wavelet,PC1 e PC2,0.29728141249225987
LIV,preprocess_Reading146.dat,Temporal + espectral + Wavelet,PC1 e PC2,0.10007728762279566
LIV,preprocess_Reading147.dat,Temporal + espectral + Wavelet,PC1 e PC2,0.15598148538207207
LIV,preprocess_Reading148.dat,Temporal + espectral + Wavelet,PC1 e PC2,0.1812840748176571
LIV,preprocess_Reading149.dat,Temporal + espectral + Wavelet,PC1 e PC2,0.045774421195129936
LIV,preprocess_Reading150.dat,Temporal + espectral + Wavelet,PC1 e PC2,-0.09102171510693922
LIV,preprocess_Reading151.dat,Temporal + espectral + Wavelet,PC1 e PC2,-0.4774749197194762
LIV,preprocess_Reading152.dat,Temporal + espectral + Wavelet,PC1 e PC2,-0.44359755414226265
LIV,preprocess_Reading153.dat,Temporal + espectral + Wavelet,PC1 e PC2,-0.42567161748442783
LIV,preprocess_Reading154.dat,Temporal + espectral + Wavelet,PC1 e PC2,0.3617702480155286
LIV,preprocess_Reading155.dat,Temporal + espectral + Wavelet,PC1 e PC2,-0.011610335843161209
LIV,preprocess_Reading156.dat,Temporal + espectral + Wavelet,PC1 e PC2,0.521618641553675
LIV,preprocess_Reading157.dat,Temporal + espectral + Wavelet,PC1 e PC2,-0.21014659141159703
LIV,preprocess_Reading158.dat,Temporal + espectral + Wavelet,PC1 e PC2,0.00936461809319096
LIV,preprocess_Reading159.dat,Temporal + espectral + Wavelet,PC1 e PC2,-0.21206223625305742
LIV,preprocess_Reading160.dat,Temporal + espectral + Wavelet,PC1 e PC2,0.2537387593703757
LIV,preprocess_Reading161.dat,Temporal + espectral + Wavelet,PC1 e PC2,0.14049866564490954
LIV,preprocess_Reading162.dat,Temporal + espectral + Wavelet,PC1 e PC2,0.33964823154925994
LIV,preprocess_Reading163.dat,Temporal + espectral + Wavelet,PC1 e PC2,0.451806490516036
LIV,preprocess_Reading164.dat,Temporal + espectral + Wavelet,PC1 e PC2,0.5245843218747146
LIV,preprocess_Reading165.dat,Temporal + espectral + Wavelet,PC1 e PC2,0.5134004821736126
LIV,preprocess_Reading166.dat,Temporal + espectral + Wavelet,PC1 e PC2,0.48346175634884886
LIV,preprocess_Reading167.dat,Temporal + espectral + Wavelet,PC1 e PC2,0.48006421671294963
LIV,preprocess_Reading168.dat,Temporal + espectral + Wavelet,PC1 e PC2,0.5006985570714301
LIV,preprocess_Reading169.dat,Temporal + espectral + Wavelet,PC1 e PC2,0.43228115336543166
LIV,preprocess_Reading170.dat,Temporal + espectral + Wavelet,PC1 e PC2,0.4807235119106206
LIV,preprocess_Reading171.dat,Temporal + espectral + Wavelet,PC1 e PC2,0.386837371960366
LIV,preprocess_Reading172.dat,Temporal + espectral + Wavelet,PC1 e PC2,0.4655277007448801
LIV,preprocess_Reading173.dat,Temporal + espectral + Wavelet,PC1 e PC2,0.347967547463775
LIV,preprocess_Reading174.dat,Temporal + espectral + Wavelet,PC1 e PC2,0.4004816943434142
LIV,preprocess_Reading175.dat,Temporal + espectral + Wavelet,PC1 e PC2,0.5093652724411704
LIV,preprocess_Reading176.dat,Temporal + espectral + Wavelet,PC1 e PC2,0.4898998891450618
LIV,preprocess_Reading177.dat,Temporal + espectral + Wavelet,PC1 e PC2,0.5045943268786712
LIV,preprocess_Reading178.dat,Temporal + espectral + Wavelet,PC1 e PC2,0.391137359936494
LIV,preprocess_Reading179.dat,Temporal + espectral + Wavelet,PC1 e PC2,0.4306231162130277
LIV,preprocess_Reading180.dat,Temporal + espectral + Wavelet,PC1 e PC2,0.40387069234003337
LIV,preprocess_Reading181.dat,Temporal + espectral + Wavelet,PC1 e PC2,0.43068681800411596
LIV,preprocess_Reading182.dat,Temporal + espectral + Wavelet,PC1 e PC2,0.5226335849312937
LIV,preprocess_Reading183.dat,Temporal + espectral + Wavelet,PC1 e PC2,0.49379227246214896
LIV,preprocess_Reading184.dat,Temporal + espectral + Wavelet,PC1 e PC2,0.4799084082285741
LIV,preprocess_Reading185.dat,Temporal + espectral + Wavelet,PC1 e PC2,0.4904524836037376
LIV,preprocess_Reading186.dat,Temporal + espectral + Wavelet,PC1 e PC2,0.47455399243481566
LIV,preprocess_Reading187.dat,Temporal + espectral + Wavelet,PC1 e PC2,0.49639156412780067
LIV,preprocess_Reading188.dat,Temporal + espectral + Wavelet,PC1 e PC2,0.4894516754354494
LIV,preprocess_Reading189.dat,Temporal + espectral + Wavelet,PC1 e PC2,0.4824544612657748
LIV,preprocess_Reading190.dat,Temporal + espectral + Wavelet,PC1 e PC2,0.4163244854159018
LIV,preprocess_Reading191.dat,Temporal + espectral + Wavelet,PC1 e PC2,0.46122042615684056
LIV,preprocess_Reading192.dat,Temporal + espectral + Wavelet,PC1 e PC2,0.42319664244181376
LIV,preprocess_Reading193.dat,Temporal + espectral + Wavelet,PC1 e PC2,0.5143835215760242
LIV,preprocess_Reading194.dat,Temporal + espectral + Wavelet,PC1 e PC2,0.46646926016825024
LIV,preprocess_Reading195.dat,Temporal + espectral + Wavelet,PC1 e PC2,0.41400681365854075
LIV,preprocess_Reading196.dat,Temporal + espectral + Wavelet,PC1 e PC2,0.4574995351635356
LIV,preprocess_Reading197.dat,Temporal + espectral + Wavelet,PC1 e PC2,0.5110721970366919
LIV,preprocess_Reading198.dat,Temporal + espectral + Wavelet,PC1 e PC2,0.3588043116192575
LIV,preprocess_Reading199.dat,Temporal + espectral + Wavelet,PC1 e PC2,0.46802139420079714
LIV,preprocess_Reading200.dat,Temporal + espectral + Wavelet,PC1 e PC2,0.4589201599163925
LIV,preprocess_Reading201.dat,Temporal + espectral + Wavelet,PC1 e PC2,0.3418626087302594
LIV,preprocess_Reading202.dat,Temporal + espectral + Wavelet,PC1 e PC2,0.43189917334202627
LIV,preprocess_Reading203.dat,Temporal + espectral + Wavelet,PC1 e PC2,0.5170693268231664
LIV,preprocess_Reading204.dat,Temporal + espectral + Wavelet,PC1 e PC2,0.4260999125970992
LIV,preprocess_Reading205.dat,Temporal + espectral + Wavelet,PC1 e PC2,0.36003545576338514
LIV,preprocess_Reading206.dat,Temporal + espectral + Wavelet,PC1 e PC2,0.5069201565431493
LIV,preprocess_Reading207.dat,Temporal + espectral + Wavelet,PC1 e PC2,0.46424155964575997
LIV,preprocess_Reading208.dat,Temporal + espectral + Wavelet,PC1 e PC2,0.48312601014423806
LIV,preprocess_Reading209.dat,Temporal + espectral + Wavelet,PC1 e PC2,0.5205373822628716
LIV,preprocess_Reading210.dat,Temporal + espectral + Wavelet,PC1 e PC2,0.4694067977727755
LIV,preprocess_Reading211.dat,Temporal + espectral + Wavelet,PC1 e PC2,0.46889483151971406
LIV,preprocess_Reading212.dat,Temporal + espectral + Wavelet,PC1 e PC2,0.4931619072512025
LIV,preprocess_Reading213.dat,Temporal + espectral + Wavelet,PC1 e PC2,0.5050089638179953
LIV,preprocess_Reading214.dat,Temporal + espectral + Wavelet,PC1 e PC2,0.4749491317241955
LIV,preprocess_Reading215.dat,Temporal + espectral + Wavelet,PC1 e PC2,0.4533386014997559
LIV,preprocess_Reading216.dat,Temporal + espectral + Wavelet,PC1 e PC2,-0.10572394085658096
LIV,preprocess_Reading217.dat,Temporal + espectral + Wavelet,PC1 e PC2,0.21195522273430864
LIV,preprocess_Reading218.dat,Temporal + espectral + Wavelet,PC1 e PC2,0.3341282450059756
LIV,preprocess_Reading219.dat,Temporal + espectral + Wavelet,PC1 e PC2,0.1836411445380011
LIV,preprocess_Reading220.dat,Temporal + espectral + Wavelet,PC1 e PC2,0.4295297063545598
LIV,preprocess_Reading221.dat,Temporal + espectral + Wavelet,PC1 e PC2,0.29346776627159404
LIV,preprocess_Reading222.dat,Temporal + espectral + Wavelet,PC1 e PC2,0.1920885236599248
LIV,preprocess_Reading223.dat,Temporal + espectral + Wavelet,PC1 e PC2,0.27630984779086043
LIV,preprocess_Reading224.dat,Temporal + espectral + Wavelet,PC1 e PC2,0.1449953313342702
LIV,preprocess_Reading225.dat,Temporal + espectral + Wavelet,PC1 e PC2,-0.11768606700839061
LOV,preprocess_Reading1.dat,Temporal + espectral + Wavelet,PC1 e PC2,-0.16305136760789476
LOV,preprocess_Reading2.dat,Temporal + espectral + Wavelet,PC1 e PC2,-0.16885526753731792
LOV,preprocess_Reading3.dat,Temporal + espectral + Wavelet,PC1 e PC2,-0.34249634754308106
LOV,preprocess_Reading4.dat,Temporal + espectral + Wavelet,PC1 e PC2,-0.4766306523286538
LOV,preprocess_Reading5.dat,Temporal + espectral + Wavelet,PC1 e PC2,-0.5208163030186579
LOV,preprocess_Reading6.dat,Temporal + espectral + Wavelet,PC1 e PC2,-0.5823479907003953
LOV,preprocess_Reading7.dat,Temporal + espectral + Wavelet,PC1 e PC2,-0.4602874154818651
LOV,preprocess_Reading8.dat,Temporal + espectral + Wavelet,PC1 e PC2,-0.5650277134058074
LOV,preprocess_Reading9.dat,Temporal + espectral + Wavelet,PC1 e PC2,-0.5428743736386221
LOV,preprocess_Reading10.dat,Temporal + espectral + Wavelet,PC1 e PC2,-0.6086251457950408
LOV,preprocess_Reading11.dat,Temporal + espectral + Wavelet,PC1 e PC2,-0.5319152065251102
LOV,preprocess_Reading12.dat,Temporal + espectral + Wavelet,PC1 e PC2,-0.45849409562027243
LOV,preprocess_Reading13.dat,Temporal + espectral + Wavelet,PC1 e PC2,-0.5338444898822083
LOV,preprocess_Reading14.dat,Temporal + espectral + Wavelet,PC1 e PC2,-0.44377596180912976
LOV,preprocess_Reading15.dat,Temporal + espectral + Wavelet,PC1 e PC2,-0.4414191692455278
LOV,preprocess_Reading16.dat,Temporal + espectral + Wavelet,PC1 e PC2,-0.4631518200552935
LOV,preprocess_Reading17.dat,Temporal + espectral + Wavelet,PC1 e PC2,-0.5546760683555485
LOV,preprocess_Reading18.dat,Temporal + espectral + Wavelet,PC1 e PC2,-0.599266040935158
LOV,preprocess_Reading19.dat,Temporal + espectral + Wavelet,PC1 e PC2,-0.6282411859293708
LOV,preprocess_Reading20.dat,Temporal + espectral + Wavelet,PC1 e PC2,-0.6162215591036544
LOV,preprocess_Reading21.dat,Temporal + espectral + Wavelet,PC1 e PC2,-0.6428995515633293
LOV,preprocess_Reading22.dat,Temporal + espectral + Wavelet,PC1 e PC2,-0.580509277067484
LOV,preprocess_Reading23.dat,Temporal + espectral + Wavelet,PC1 e PC2,-0.442096584517936
LOV,preprocess_Reading24.dat,Temporal + espectral + Wavelet,PC1 e PC2,-0.6108862217386964
LOV,preprocess_Reading25.dat,Temporal + espectral + Wavelet,PC1 e PC2,-0.5089697469980782
LOV,preprocess_Reading26.dat,Temporal + espectral + Wavelet,PC1 e PC2,-0.5097743631090053
LOV,preprocess_Reading27.dat,Temporal + espectral + Wavelet,PC1 e PC2,-0.46292892479082903
LOV,preprocess_Reading28.dat,Temporal + espectral + Wavelet,PC1 e PC2,-0.5065628861793168
LOV,preprocess_Reading29.dat,Temporal + espectral + Wavelet,PC1 e PC2,-0.4445835249530332
LOV,preprocess_Reading30.dat,Temporal + espectral + Wavelet,PC1 e PC2,-0.4826829862519281
LOV,preprocess_Reading31.dat,Temporal + espectral + Wavelet,PC1 e PC2,-0.3940376662354941
LOV,preprocess_Reading32.dat,Temporal + espectral + Wavelet,PC1 e PC2,-0.39555755503063794
LOV,preprocess_Reading33.dat,Temporal + espectral + Wavelet,PC1 e PC2,-0.3886415945698167
LOV,preprocess_Reading34.dat,Temporal + espectral + Wavelet,PC1 e PC2,-0.3773679943572669
LOV,preprocess_Reading35.dat,Temporal + espectral + Wavelet,PC1 e PC2,-0.3463229229392582
LOV,preprocess_Reading36.dat,Temporal + espectral + Wavelet,PC1 e PC2,-0.317805474680073
LOV,preprocess_Reading37.dat,Temporal + espectral + Wavelet,PC1 e PC2,-0.16783478344146135
LOV,preprocess_Reading38.dat,Temporal + espectral + Wavelet,PC1 e PC2,-0.4034758879859444
LOV,preprocess_Reading39.dat,Temporal + espectral + Wavelet,PC1 e PC2,-0.24095870026708466
LOV,preprocess_Reading40.dat,Temporal + espectral + Wavelet,PC1 e PC2,-0.21594220491365265
LOV,preprocess_Reading41.dat,Temporal + espectral + Wavelet,PC1 e PC2,-0.14672493009397441
LOV,preprocess_Reading42.dat,Temporal + espectral + Wavelet,PC1 e PC2,-0.08003718173184106
LOV,preprocess_Reading43.dat,Temporal + espectral + Wavelet,PC1 e PC2,-0.13319720372849503
LOV,preprocess_Reading44.dat,Temporal + espectral + Wavelet,PC1 e PC2,-0.19633143209196996
LOV,preprocess_Reading45.dat,Temporal + espectral + Wavelet,PC1 e PC2,-0.2546008192484323
LOV,preprocess_Reading46.dat,Temporal + espectral + Wavelet,PC1 e PC2,0.01513824146167096
LOV,preprocess_Reading47.dat,Temporal + espectral + Wavelet,PC1 e PC2,-0.12398392601419789
LOV,preprocess_Reading48.dat,Temporal + espectral + Wavelet,PC1 e PC2,-0.12946440338870802
LOV,preprocess_Reading49.dat,Temporal + espectral + Wavelet,PC1 e PC2,-0.04772132236282972
LOV,preprocess_Reading50.dat,Temporal + espectral + Wavelet,PC1 e PC2,-0.019928477404417274
LOV,preprocess_Reading51.dat,Temporal + espectral + Wavelet,PC1 e PC2,-0.2524070368768154
LOV,preprocess_Reading52.dat,Temporal + espectral + Wavelet,PC1 e PC2,-0.4054216547675284
LOV,preprocess_Reading53.dat,Temporal + espectral + Wavelet,PC1 e PC2,-0.01906433146403804
LOV,preprocess_Reading54.dat,Temporal + espectral + Wavelet,PC1 e PC2,-0.10931358120775632
LOV,preprocess_Reading55.dat,Temporal + espectral + Wavelet,PC1 e PC2,-0.1600031047738765
LOV,preprocess_Reading56.dat,Temporal + espectral + Wavelet,PC1 e PC2,-0.3112477502634548
LOV,preprocess_Reading57.dat,Temporal + espectral + Wavelet,PC1 e PC2,-0.5889084857539572
LOV,preprocess_Reading58.dat,Temporal + espectral + Wavelet,PC1 e PC2,-0.4096001403724113
LOV,preprocess_Reading59.dat,Temporal + espectral + Wavelet,PC1 e PC2,-0.2266418309524452
LOV,preprocess_Reading60.dat,Temporal + espectral + Wavelet,PC1 e PC2,-0.440560793976287
LOV,preprocess_Reading61.dat,Temporal + espectral + Wavelet,PC1 e PC2,-0.3983892791240185
LOV,preprocess_Reading62.dat,Temporal + espectral + Wavelet,PC1 e PC2,-0.3763247169669623
LOV,preprocess_Reading63.dat,Temporal + espectral + Wavelet,PC1 e PC2,-0.5248189450864443
LOV,preprocess_Reading64.dat,Temporal + espectral + Wavelet,PC1 e PC2,-0.27786730780383145
LOV,preprocess_Reading65.dat,Temporal + espectral + Wavelet,PC1 e PC2,-0.5231724708363059
LOV,preprocess_Reading66.dat,Temporal + espectral + Wavelet,PC1 e PC2,-0.009392691122934874
LOV,preprocess_Reading67.dat,Temporal + espectral + Wavelet,PC1 e PC2,-0.3975192006991268
LOV,preprocess_Reading68.dat,Temporal + espectral + Wavelet,PC1 e PC2,-0.014489751334120886
LOV,preprocess_Reading69.dat,Temporal + espectral + Wavelet,PC1 e PC2,-0.33324968871865857
LOV,preprocess_Reading70.dat,Temporal + espectral + Wavelet,PC1 e PC2,-0.3106438368030711
LOV,preprocess_Reading71.dat,Temporal + espectral + Wavelet,PC1 e PC2,-0.026870563874561503
LOV,preprocess_Reading72.dat,Temporal + espectral + Wavelet,PC1 e PC2,-0.513996355437838
LOV,preprocess_Reading73.dat,Temporal + espectral + Wavelet,PC1 e PC2,-0.08840583551725907
LOV,preprocess_Reading74.dat,Temporal + espectral + Wavelet,PC1 e PC2,-0.15214663273073656
LOV,preprocess_Reading75.dat,Temporal + espectral + Wavelet,PC1 e PC2,-0.16410596835651245
LOV,preprocess_Reading76.dat,Temporal + espectral + Wavelet,PC1 e PC2,-0.23177405038360166
LOV,preprocess_Reading77.dat,Temporal + espectral + Wavelet,PC1 e PC2,-0.1308547411598535
LOV,preprocess_Reading78.dat,Temporal + espectral + Wavelet,PC1 e PC2,-0.4224117257034951
LOV,preprocess_Reading79.dat,Temporal + espectral + Wavelet,PC1 e PC2,-0.48057829867069074
LOV,preprocess_Reading80.dat,Temporal + espectral + Wavelet,PC1 e PC2,-0.603350268563346
LOV,preprocess_Reading81.dat,Temporal + espectral + Wavelet,PC1 e PC2,-0.6128080742376031
LOV,preprocess_Reading82.dat,Temporal + espectral + Wavelet,PC1 e PC2,-0.5140241909790776
LOV,preprocess_Reading83.dat,Temporal + espectral + Wavelet,PC1 e PC2,-0.530641520131058
LOV,preprocess_Reading84.dat,Temporal + espectral + Wavelet,PC1 e PC2,-0.5072260937858821
LOV,preprocess_Reading85.dat,Temporal + espectral + Wavelet,PC1 e PC2,-0.6072176386984403
LOV,preprocess_Reading86.dat,Temporal + espectral + Wavelet,PC1 e PC2,-0.6012754771947565
LOV,preprocess_Reading87.dat,Temporal + espectral + Wavelet,PC1 e PC2,-0.5214210386742795
LOV,preprocess_Reading88.dat,Temporal + espectral + Wavelet,PC1 e PC2,-0.5166148162010992
LOV,preprocess_Reading89.dat,Temporal + espectral + Wavelet,PC1 e PC2,-0.5267025290657181
LOV,preprocess_Reading90.dat,Temporal + espectral + Wavelet,PC1 e PC2,-0.47952807489164084
LOV,preprocess_Reading91.dat,Temporal + espectral + Wavelet,PC1 e PC2,-0.46789915322519043
LOV,preprocess_Reading92.dat,Temporal + espectral + Wavelet,PC1 e PC2,-0.5652169612759738
LOV,preprocess_Reading93.dat,Temporal + espectral + Wavelet,PC1 e PC2,-0.600103390233366
LOV,preprocess_Reading94.dat,Temporal + espectral + Wavelet,PC1 e PC2,-0.6264688234718956
LOV,preprocess_Reading95.dat,Temporal + espectral + Wavelet,PC1 e PC2,-0.6395803449288645
LOV,preprocess_Reading96.dat,Temporal + espectral + Wavelet,PC1 e PC2,-0.5820900731387683
LOV,preprocess_Reading97.dat,Temporal + espectral + Wavelet,PC1 e PC2,-0.4027863465987714
LOV,preprocess_Reading98.dat,Temporal + espectral + Wavelet,PC1 e PC2,-0.5547241980479278
LOV,preprocess_Reading99.dat,Temporal + espectral + Wavelet,PC1 e PC2,-0.43160036289525633
LOV,preprocess_Reading100.dat,Temporal + espectral + Wavelet,PC1 e PC2,-0.5106336650270473
LOV,preprocess_Reading101.dat,Temporal + espectral + Wavelet,PC1 e PC2,-0.4897843058313648
LOV,preprocess_Reading102.dat,Temporal + espectral + Wavelet,PC1 e PC2,-0.4684778493379065
LOV,preprocess_Reading103.dat,Temporal + espectral + Wavelet,PC1 e PC2,-0.4189912072395639
LOV,preprocess_Reading104.dat,Temporal + espectral + Wavelet,PC1 e PC2,-0.46513303908803216
LOV,preprocess_Reading105.dat,Temporal + espectral + Wavelet,PC1 e PC2,-0.4848250390182643
LOV,preprocess_Reading106.dat,Temporal + espectral + Wavelet,PC1 e PC2,-0.5012016138944226
LOV,preprocess_Reading107.dat,Temporal + espectral + Wavelet,PC1 e PC2,-0.3916561727666112
LOV,preprocess_Reading108.dat,Temporal + espectral + Wavelet,PC1 e PC2,-0.4428396686998624
LOV,preprocess_Reading109.dat,Temporal + espectral + Wavelet,PC1 e PC2,-0.47665112536959453
LOV,preprocess_Reading110.dat,Temporal + espectral + Wavelet,PC1 e PC2,-0.28057033445279606
LOV,preprocess_Reading111.dat,Temporal + espectral + Wavelet,PC1 e PC2,-0.18280621030188593
LOV,preprocess_Reading112.dat,Temporal + espectral + Wavelet,PC1 e PC2,-0.1825417568868909
LOV,preprocess_Reading113.dat,Temporal + espectral + Wavelet,PC1 e PC2,-0.4938163199280789
LOV,preprocess_Reading114.dat,Temporal + espectral + Wavelet,PC1 e PC2,-0.1612135395426241
LOV,preprocess_Reading115.dat,Temporal + espectral + Wavelet,PC1 e PC2,-0.22817042300864288
LOV,preprocess_Reading116.dat,Temporal + espectral + Wavelet,PC1 e PC2,-0.12038004132432592
LOV,preprocess_Reading117.dat,Temporal + espectral + Wavelet,PC1 e PC2,-0.23203106003737797
LOV,preprocess_Reading118.dat,Temporal + espectral + Wavelet,PC1 e PC2,-0.3117170382417456
LOV,preprocess_Reading119.dat,Temporal + espectral + Wavelet,PC1 e PC2,-0.22678930880124962
LOV,preprocess_Reading120.dat,Temporal + espectral + Wavelet,PC1 e PC2,-0.5727909946937867
LOV,preprocess_Reading121.dat,Temporal + espectral + Wavelet,PC1 e PC2,-0.1659806380046935
LOV,preprocess_Reading122.dat,Temporal + espectral + Wavelet,PC1 e PC2,-0.030421588886859363
LOV,preprocess_Reading123.dat,Temporal + espectral + Wavelet,PC1 e PC2,-0.11847679260958613
LOV,preprocess_Reading124.dat,Temporal + espectral + Wavelet,PC1 e PC2,-0.1416640464987137
LOV,preprocess_Reading125.dat,Temporal + espectral + Wavelet,PC1 e PC2,-0.05388768429103736
LOV,preprocess_Reading126.dat,Temporal + espectral + Wavelet,PC1 e PC2,-0.48072102275862333
LOV,preprocess_Reading127.dat,Temporal + espectral + Wavelet,PC1 e PC2,-0.5135845050629781
LOV,preprocess_Reading128.dat,Temporal + espectral + Wavelet,PC1 e PC2,-0.3342199217683247
LOV,preprocess_Reading129.dat,Temporal + espectral + Wavelet,PC1 e PC2,-0.3150094217226397
LOV,preprocess_Reading130.dat,Temporal + espectral + Wavelet,PC1 e PC2,-0.346255251031757
LOV,preprocess_Reading131.dat,Temporal + espectral + Wavelet,PC1 e PC2,-0.15048996654477914
LOV,preprocess_Reading132.dat,Temporal + espectral + Wavelet,PC1 e PC2,-0.397613795712898
LOV,preprocess_Reading133.dat,Temporal + espectral + Wavelet,PC1 e PC2,-0.5831140294370395
LOV,preprocess_Reading134.dat,Temporal + espectral + Wavelet,PC1 e PC2,-0.47222259362437724
LOV,preprocess_Reading135.dat,Temporal + espectral + Wavelet,PC1 e PC2,-0.083430317348231
LOV,preprocess_Reading136.dat,Temporal + espectral + Wavelet,PC1 e PC2,-0.426038903903381
LOV,preprocess_Reading137.dat,Temporal + espectral + Wavelet,PC1 e PC2,-0.525234159370159
LOV,preprocess_Reading138.dat,Temporal + espectral + Wavelet,PC1 e PC2,-0.384828821874274
LOV,preprocess_Reading139.dat,Temporal + espectral + Wavelet,PC1 e PC2,-0.20136059355304867
LOV,preprocess_Reading140.dat,Temporal + espectral + Wavelet,PC1 e PC2,-0.451916729508378
LOV,preprocess_Reading141.dat,Temporal + espectral + Wavelet,PC1 e PC2,-0.27158908818868777
LOV,preprocess_Reading142.dat,Temporal + espectral + Wavelet,PC1 e PC2,-0.573878835265368
LOV,preprocess_Reading143.dat,Temporal + espectral + Wavelet,PC1 e PC2,-0.5292490890012153
LOV,preprocess_Reading144.dat,Temporal + espectral + Wavelet,PC1 e PC2,-0.015461907888327145
LOV,preprocess_Reading145.dat,Temporal + espectral + Wavelet,PC1 e PC2,-0.5648872646621913
LOV,preprocess_Reading146.dat,Temporal + espectral + Wavelet,PC1 e PC2,-0.4412893056141028
LOV,preprocess_Reading147.dat,Temporal + espectral + Wavelet,PC1 e PC2,-0.5412359899896222
LOV,preprocess_Reading148.dat,Temporal + espectral + Wavelet,PC1 e PC2,-0.09945465028799184
LOV,preprocess_Reading149.dat,Temporal + espectral + Wavelet,PC1 e PC2,-0.5173306035285549
LOV,preprocess_Reading150.dat,Temporal + espectral + Wavelet,PC1 e PC2,-0.6216122503352403
LOV,preprocess_Reading151.dat,Temporal + espectral + Wavelet,PC1 e PC2,-0.6206854765130296
LOV,preprocess_Reading152.dat,Temporal + espectral + Wavelet,PC1 e PC2,-0.1026072708234782
LOV,preprocess_Reading153.dat,Temporal + espectral + Wavelet,PC1 e PC2,-0.08952478583510487
LOV,preprocess_Reading154.dat,Temporal + espectral + Wavelet,PC1 e PC2,-0.2756474397047037
LOV,preprocess_Reading155.dat,Temporal + espectral + Wavelet,PC1 e PC2,-0.3602731526288834
LOV,preprocess_Reading156.dat,Temporal + espectral + Wavelet,PC1 e PC2,-0.36180802549234814
LOV,preprocess_Reading157.dat,Temporal + espectral + Wavelet,PC1 e PC2,-0.30224949581019783
LOV,preprocess_Reading158.dat,Temporal + espectral + Wavelet,PC1 e PC2,-0.3535475213457833
LOV,preprocess_Reading159.dat,Temporal + espectral + Wavelet,PC1 e PC2,-0.35637684555107346
LOV,preprocess_Reading160.dat,Temporal + espectral + Wavelet,PC1 e PC2,-0.39091818175961407
LOV,preprocess_Reading161.dat,Temporal + espectral + Wavelet,PC1 e PC2,-0.427011151886298
LOV,preprocess_Reading162.dat,Temporal + espectral + Wavelet,PC1 e PC2,-0.36835102000244196
LOV,preprocess_Reading163.dat,Temporal + espectral + Wavelet,PC1 e PC2,-0.32452844386923646
LOV,preprocess_Reading164.dat,Temporal + espectral + Wavelet,PC1 e PC2,-0.3319911901174363
LOV,preprocess_Reading165.dat,Temporal + espectral + Wavelet,PC1 e PC2,-0.5019636337708999
LOV,preprocess_Reading166.dat,Temporal + espectral + Wavelet,PC1 e PC2,-0.34823359735831994
LOV,preprocess_Reading167.dat,Temporal + espectral + Wavelet,PC1 e PC2,-0.4620103013873699
LOV,preprocess_Reading168.dat,Temporal + espectral + Wavelet,PC1 e PC2,-0.3543186966858054
LOV,preprocess_Reading169.dat,Temporal + espectral + Wavelet,PC1 e PC2,-0.3600956323107592
LOV,preprocess_Reading170.dat,Temporal + espectral + Wavelet,PC1 e PC2,-0.46307363786915295
LOV,preprocess_Reading171.dat,Temporal + espectral + Wavelet,PC1 e PC2,-0.3908648084679315
LOV,preprocess_Reading172.dat,Temporal + espectral + Wavelet,PC1 e PC2,-0.36574558229241194
LOV,preprocess_Reading173.dat,Temporal + espectral + Wavelet,PC1 e PC2,-0.3704116345138097
LOV,preprocess_Reading174.dat,Temporal + espectral + Wavelet,PC1 e PC2,-0.4132327572743342
LOV,preprocess_Reading175.dat,Temporal + espectral + Wavelet,PC1 e PC2,-0.4945080332977779
LOV,preprocess_Reading176.dat,Temporal + espectral + Wavelet,PC1 e PC2,-0.4620550388871843
LOV,preprocess_Reading177.dat,Temporal + espectral + Wavelet,PC1 e PC2,-0.587282870913885
LOV,preprocess_Reading178.dat,Temporal + espectral + Wavelet,PC1 e PC2,-0.6230883471110503
LOV,preprocess_Reading179.dat,Temporal + espectral + Wavelet,PC1 e PC2,-0.6349670966822805
LOV,preprocess_Reading180.dat,Temporal + espectral + Wavelet,PC1 e PC2,-0.601056550255195
LOV,preprocess_Reading181.dat,Temporal + espectral + Wavelet,PC1 e PC2,-0.4568521509990428
LOV,preprocess_Reading182.dat,Temporal + espectral + Wavelet,PC1 e PC2,-0.42824617627698564
LOV,preprocess_Reading183.dat,Temporal + espectral + Wavelet,PC1 e PC2,-0.4472839969307229
LOV,preprocess_Reading184.dat,Temporal + espectral + Wavelet,PC1 e PC2,-0.48491239250439394
LOV,preprocess_Reading185.dat,Temporal + espectral + Wavelet,PC1 e PC2,-0.5041953256153529
LOV,preprocess_Reading186.dat,Temporal + espectral + Wavelet,PC1 e PC2,-0.5002186475448562
LOV,preprocess_Reading187.dat,Temporal + espectral + Wavelet,PC1 e PC2,-0.4518574587740676
LOV,preprocess_Reading188.dat,Temporal + espectral + Wavelet,PC1 e PC2,-0.4689846582525902
LOV,preprocess_Reading189.dat,Temporal + espectral + Wavelet,PC1 e PC2,-0.48243120940759143
LOV,preprocess_Reading190.dat,Temporal + espectral + Wavelet,PC1 e PC2,-0.37767788705721156
LOV,preprocess_Reading191.dat,Temporal + espectral + Wavelet,PC1 e PC2,-0.36892440632360407
LOV,preprocess_Reading192.dat,Temporal + espectral + Wavelet,PC1 e PC2,-0.21629280935337156
LOV,preprocess_Reading193.dat,Temporal + espectral + Wavelet,PC1 e PC2,-0.23340898551203645
LOV,preprocess_Reading194.dat,Temporal + espectral + Wavelet,PC1 e PC2,-0.10726131044087756
LOV,preprocess_Reading195.dat,Temporal + espectral + Wavelet,PC1 e PC2,-0.17697864810473954
LOV,preprocess_Reading196.dat,Temporal + espectral + Wavelet,PC1 e PC2,-0.23627617602223291
LOV,preprocess_Reading197.dat,Temporal + espectral + Wavelet,PC1 e PC2,-0.16804617202269
LOV,preprocess_Reading198.dat,Temporal + espectral + Wavelet,PC1 e PC2,-0.08406719414604492
LOV,preprocess_Reading199.dat,Temporal + espectral + Wavelet,PC1 e PC2,-0.08450450024722761
LOV,preprocess_Reading200.dat,Temporal + espectral + Wavelet,PC1 e PC2,-0.14200041583922202
LOV,preprocess_Reading201.dat,Temporal + espectral + Wavelet,PC1 e PC2,-0.06481264838103795
LOV,preprocess_Reading202.dat,Temporal + espectral + Wavelet,PC1 e PC2,-0.18919725331513554
LOV,preprocess_Reading203.dat,Temporal + espectral + Wavelet,PC1 e PC2,-0.2010182529070766
LOV,preprocess_Reading204.dat,Temporal + espectral + Wavelet,PC1 e PC2,-0.24165378422036138
LOV,preprocess_Reading205.dat,Temporal + espectral + Wavelet,PC1 e PC2,-0.09160164196606381
LOV,preprocess_Reading206.dat,Temporal + espectral + Wavelet,PC1 e PC2,-0.23060682925928255
LOV,preprocess_Reading207.dat,Temporal + espectral + Wavelet,PC1 e PC2,-0.11949876430641918
LOV,preprocess_Reading208.dat,Temporal + espectral + Wavelet,PC1 e PC2,-0.26104368781111276
LOV,preprocess_Reading209.dat,Temporal + espectral + Wavelet,PC1 e PC2,-0.004781273906819926
LOV,preprocess_Reading210.dat,Temporal + espectral + Wavelet,PC1 e PC2,-0.07776407178564686
LOV,preprocess_Reading211.dat,Temporal + espectral + Wavelet,PC1 e PC2,-0.3664671130152205
LOV,preprocess_Reading212.dat,Temporal + espectral + Wavelet,PC1 e PC2,-0.32883852174355377
LOV,preprocess_Reading213.dat,Temporal + espectral + Wavelet,PC1 e PC2,-0.23616922348236027
LOV,preprocess_Reading214.dat,Temporal + espectral + Wavelet,PC1 e PC2,-0.047467625082335485
LOV,preprocess_Reading215.dat,Temporal + espectral + Wavelet,PC1 e PC2,-0.3464180820780024
LOV,preprocess_Reading216.dat,Temporal + espectral + Wavelet,PC1 e PC2,0.002062328155496293
LOV,preprocess_Reading217.dat,Temporal + espectral + Wavelet,PC1 e PC2,-0.046063838544962994
LOV,preprocess_Reading218.dat,Temporal + espectral + Wavelet,PC1 e PC2,-0.11950387096467034
LOV,preprocess_Reading219.dat,Temporal + espectral + Wavelet,PC1 e PC2,-0.31652966328434196
LOV,preprocess_Reading220.dat,Temporal + espectral + Wavelet,PC1 e PC2,-0.3838148687443277
LOV,preprocess_Reading221.dat,Temporal + espectral + Wavelet,PC1 e PC2,-0.3852716499473385
LOV,preprocess_Reading222.dat,Temporal + espectral + Wavelet,PC1 e PC2,-0.6206444330423421
LOV,preprocess_Reading223.dat,Temporal + espectral + Wavelet,PC1 e PC2,-0.44900148333110373
LOV,preprocess_Reading224.dat,Temporal + espectral + Wavelet,PC1 e PC2,-0.5767195640000848
LOV,preprocess_Reading225.dat,Temporal + espectral + Wavelet,PC1 e PC2,-0.4898140344219902
NRV,preprocess_Reading1.dat,Temporal + espectral + Wavelet,PC1 e PC2,-0.6583757779942105
NRV,preprocess_Reading2.dat,Temporal + espectral + Wavelet,PC1 e PC2,-0.5601179076354473
NRV,preprocess_Reading3.dat,Temporal + espectral + Wavelet,PC1 e PC2,-0.11639343655966723
NRV,preprocess_Reading4.dat,Temporal + espectral + Wavelet,PC1 e PC2,0.12850130481732985
NRV,preprocess_Reading5.dat,Temporal + espectral + Wavelet,PC1 e PC2,0.19445032850741079
NRV,preprocess_Reading6.dat,Temporal + espectral + Wavelet,PC1 e PC2,-0.01805715344301895
NRV,preprocess_Reading7.dat,Temporal + espectral + Wavelet,PC1 e PC2,-0.31335972356793723
NRV,preprocess_Reading8.dat,Temporal + espectral + Wavelet,PC1 e PC2,-0.3645851859742083
NRV,preprocess_Reading9.dat,Temporal + espectral + Wavelet,PC1 e PC2,-0.11307374915070774
NRV,preprocess_Reading10.dat,Temporal + espectral + Wavelet,PC1 e PC2,-0.3225358448493018
NRV,preprocess_Reading11.dat,Temporal + espectral + Wavelet,PC1 e PC2,-0.2890335336278166
NRV,preprocess_Reading12.dat,Temporal + espectral + Wavelet,PC1 e PC2,0.21605537051364446
NRV,preprocess_Reading13.dat,Temporal + espectral + Wavelet,PC1 e PC2,0.12287403918444487
NRV,preprocess_Reading14.dat,Temporal + espectral + Wavelet,PC1 e PC2,0.41422566577039005
NRV,preprocess_Reading15.dat,Temporal + espectral + Wavelet,PC1 e PC2,0.4337839014052752
NRV,preprocess_Reading16.dat,Temporal + espectral + Wavelet,PC1 e PC2,0.10289956778466931
NRV,preprocess_Reading17.dat,Temporal + espectral + Wavelet,PC1 e PC2,0.4107459449912178
NRV,preprocess_Reading18.dat,Temporal + espectral + Wavelet,PC1 e PC2,0.21947996131018338
NRV,preprocess_Reading19.dat,Temporal + espectral + Wavelet,PC1 e PC2,0.4300327220689707
NRV,preprocess_Reading20.dat,Temporal + espectral + Wavelet,PC1 e PC2,0.2853625948857679
NRV,preprocess_Reading21.dat,Temporal + espectral + Wavelet,PC1 e PC2,0.480644131096903
NRV,preprocess_Reading22.dat,Temporal + espectral + Wavelet,PC1 e PC2,0.20506414083793012
NRV,preprocess_Reading23.dat,Temporal + espectral + Wavelet,PC1 e PC2,0.3862102271422708
NRV,preprocess_Reading24.dat,Temporal + espectral + Wavelet,PC1 e PC2,0.08365150357695074
NRV,preprocess_Reading25.dat,Temporal + espectral + Wavelet,PC1 e PC2,0.2669374395268145
NRV,preprocess_Reading26.dat,Temporal + espectral + Wavelet,PC1 e PC2,0.4005913912264152
NRV,preprocess_Reading27.dat,Temporal + espectral + Wavelet,PC1 e PC2,0.49245058102523875
NRV,preprocess_Reading28.dat,Temporal + espectral + Wavelet,PC1 e PC2,0.3161345297496192
NRV,preprocess_Reading29.dat,Temporal + espectral + Wavelet,PC1 e PC2,0.36342564978872316
NRV,preprocess_Reading30.dat,Temporal + espectral + Wavelet,PC1 e PC2,0.29294783785650713
NRV,preprocess_Reading31.dat,Temporal + espectral + Wavelet,PC1 e PC2,0.31627070939827917
NRV,preprocess_Reading32.dat,Temporal + espectral + Wavelet,PC1 e PC2,0.09091668611902301
NRV,preprocess_Reading33.dat,Temporal + espectral + Wavelet,PC1 e PC2,0.39202618477966056
NRV,preprocess_Reading34.dat,Temporal + espectral + Wavelet,PC1 e PC2,0.4082926645405754
NRV,preprocess_Reading35.dat,Temporal + espectral + Wavelet,PC1 e PC2,0.32888144457269103
NRV,preprocess_Reading36.dat,Temporal + espectral + Wavelet,PC1 e PC2,0.19770081017096441
NRV,preprocess_Reading37.dat,Temporal + espectral + Wavelet,PC1 e PC2,0.4455484866572821
NRV,preprocess_Reading38.dat,Temporal + espectral + Wavelet,PC1 e PC2,0.10632630246514506
NRV,preprocess_Reading39.dat,Temporal + espectral + Wavelet,PC1 e PC2,0.23351484748483234
NRV,preprocess_Reading40.dat,Temporal + espectral + Wavelet,PC1 e PC2,0.15023908610966724
NRV,preprocess_Reading41.dat,Temporal + espectral + Wavelet,PC1 e PC2,0.46215658103047863
NRV,preprocess_Reading42.dat,Temporal + espectral + Wavelet,PC1 e PC2,0.4091903164865478
NRV,preprocess_Reading43.dat,Temporal + espectral + Wavelet,PC1 e PC2,0.4852166461327558
NRV,preprocess_Reading44.dat,Temporal + espectral + Wavelet,PC1 e PC2,0.3120573675433091
NRV,preprocess_Reading45.dat,Temporal + espectral + Wavelet,PC1 e PC2,0.08056973210888436
NRV,preprocess_Reading46.dat,Temporal + espectral + Wavelet,PC1 e PC2,0.3463073708929765
NRV,preprocess_Reading47.dat,Temporal + espectral + Wavelet,PC1 e PC2,0.27766901616085066
NRV,preprocess_Reading48.dat,Temporal + espectral + Wavelet,PC1 e PC2,0.3377686980420688
NRV,preprocess_Reading49.dat,Temporal + espectral + Wavelet,PC1 e PC2,0.48794431110362285
NRV,preprocess_Reading50.dat,Temporal + espectral + Wavelet,PC1 e PC2,0.27609657953036965
NRV,preprocess_Reading51.dat,Temporal + espectral + Wavelet,PC1 e PC2,0.1415853496949793
NRV,preprocess_Reading52.dat,Temporal + espectral + Wavelet,PC1 e PC2,0.12400451962144858
NRV,preprocess_Reading53.dat,Temporal + espectral + Wavelet,PC1 e PC2,0.39073158194168334
NRV,preprocess_Reading54.dat,Temporal + espectral + Wavelet,PC1 e PC2,0.21186796594383786
NRV,preprocess_Reading55.dat,Temporal + espectral + Wavelet,PC1 e PC2,0.1960470355472905
NRV,preprocess_Reading56.dat,Temporal + espectral + Wavelet,PC1 e PC2,0.27542331150643756
NRV,preprocess_Reading57.dat,Temporal + espectral + Wavelet,PC1 e PC2,0.42358072263857544
NRV,preprocess_Reading58.dat,Temporal + espectral + Wavelet,PC1 e PC2,0.2864177791460022
NRV,preprocess_Reading59.dat,Temporal + espectral + Wavelet,PC1 e PC2,0.2437122456509019
NRV,preprocess_Reading60.dat,Temporal + espectral + Wavelet,PC1 e PC2,0.4919172980756181
NRV,preprocess_Reading61.dat,Temporal + espectral + Wavelet,PC1 e PC2,0.3343513808085868
NRV,preprocess_Reading62.dat,Temporal + espectral + Wavelet,PC1 e PC2,0.2669985332774051
NRV,preprocess_Reading63.dat,Temporal + espectral + Wavelet,PC1 e PC2,0.3248213016512072
NRV,preprocess_Reading64.dat,Temporal + espectral + Wavelet,PC1 e PC2,0.3190948235836335
NRV,preprocess_Reading65.dat,Temporal + espectral + Wavelet,PC1 e PC2,0.40468320686149534
NRV,preprocess_Reading66.dat,Temporal + espectral + Wavelet,PC1 e PC2,0.4182354662960804
NRV,preprocess_Reading67.dat,Temporal + espectral + Wavelet,PC1 e PC2,0.4086296124944206
NRV,preprocess_Reading68.dat,Temporal + espectral + Wavelet,PC1 e PC2,0.4632040405111955
NRV,preprocess_Reading69.dat,Temporal + espectral + Wavelet,PC1 e PC2,0.43579201971734133
NRV,preprocess_Reading70.dat,Temporal + espectral + Wavelet,PC1 e PC2,0.2744186286099872
NRV,preprocess_Reading71.dat,Temporal + espectral + Wavelet,PC1 e PC2,0.39819460063212037
NRV,preprocess_Reading72.dat,Temporal + espectral + Wavelet,PC1 e PC2,0.4115825062038655
NRV,preprocess_Reading73.dat,Temporal + espectral + Wavelet,PC1 e PC2,0.26152753554523317
NRV,preprocess_Reading74.dat,Temporal + espectral + Wavelet,PC1 e PC2,0.059242171891329916
NRV,preprocess_Reading75.dat,Temporal + espectral + Wavelet,PC1 e PC2,0.3938424779228111
NRV,preprocess_Reading76.dat,Temporal + espectral + Wavelet,PC1 e PC2,-0.4438976769952653
NRV,preprocess_Reading77.dat,Temporal + espectral + Wavelet,PC1 e PC2,-0.5107841985607237
NRV,preprocess_Reading78.dat,Temporal + espectral + Wavelet,PC1 e PC2,0.05481390041607539
NRV,preprocess_Reading79.dat,Temporal + espectral + Wavelet,PC1 e PC2,0.055239480592080774
NRV,preprocess_Reading80.dat,Temporal + espectral + Wavelet,PC1 e PC2,0.3342505378467652
NRV,preprocess_Reading81.dat,Temporal + espectral + Wavelet,PC1 e PC2,0.3176631925480835
NRV,preprocess_Reading82.dat,Temporal + espectral + Wavelet,PC1 e PC2,0.3551960506913386
NRV,preprocess_Reading83.dat,Temporal + espectral + Wavelet,PC1 e PC2,0.4437656717818535
NRV,preprocess_Reading84.dat,Temporal + espectral + Wavelet,PC1 e PC2,0.39546740843699335
NRV,preprocess_Reading85.dat,Temporal + espectral + Wavelet,PC1 e PC2,0.40667571901656896
NRV,preprocess_Reading86.dat,Temporal + espectral + Wavelet,PC1 e PC2,0.3509859524455555
NRV,preprocess_Reading87.dat,Temporal + espectral + Wavelet,PC1 e PC2,0.33910976106364915
NRV,preprocess_Reading88.dat,Temporal + espectral + Wavelet,PC1 e PC2,0.36702812091834486
NRV,preprocess_Reading89.dat,Temporal + espectral + Wavelet,PC1 e PC2,0.2721514150231248
NRV,preprocess_Reading90.dat,Temporal + espectral + Wavelet,PC1 e PC2,0.4525595033650555
NRV,preprocess_Reading91.dat,Temporal + espectral + Wavelet,PC1 e PC2,0.25326669457458395
NRV,preprocess_Reading92.dat,Temporal + espectral + Wavelet,PC1 e PC2,0.3159452574443264
NRV,preprocess_Reading93.dat,Temporal + espectral + Wavelet,PC1 e PC2,0.16427518514642533
NRV,preprocess_Reading94.dat,Temporal + espectral + Wavelet,PC1 e PC2,-0.2020411651121355
NRV,preprocess_Reading95.dat,Temporal + espectral + Wavelet,PC1 e PC2,-0.4505125217932516
NRV,preprocess_Reading96.dat,Temporal + espectral + Wavelet,PC1 e PC2,0.03570297357958674
NRV,preprocess_Reading97.dat,Temporal + espectral + Wavelet,PC1 e PC2,-0.4605942932784435
NRV,preprocess_Reading98.dat,Temporal + espectral + Wavelet,PC1 e PC2,-0.2577069026460503
NRV,preprocess_Reading99.dat,Temporal + espectral + Wavelet,PC1 e PC2,0.2155638038373302
NRV,preprocess_Reading100.dat,Temporal + espectral + Wavelet,PC1 e PC2,0.18646217803023324
NRV,preprocess_Reading101.dat,Temporal + espectral + Wavelet,PC1 e PC2,0.12223887394450451
NRV,preprocess_Reading102.dat,Temporal + espectral + Wavelet,PC1 e PC2,-0.14320634252327094
NRV,preprocess_Reading103.dat,Temporal + espectral + Wavelet,PC1 e PC2,-0.283962723305472
NRV,preprocess_Reading104.dat,Temporal + espectral + Wavelet,PC1 e PC2,0.1407471461981734
NRV,preprocess_Reading105.dat,Temporal + espectral + Wavelet,PC1 e PC2,0.4526067674253295
NRV,preprocess_Reading106.dat,Temporal + espectral + Wavelet,PC1 e PC2,-0.16473079972614296
NRV,preprocess_Reading107.dat,Temporal + espectral + Wavelet,PC1 e PC2,0.47080074701984315
NRV,preprocess_Reading108.dat,Temporal + espectral + Wavelet,PC1 e PC2,0.44654515068189454
NRV,preprocess_Reading109.dat,Temporal + espectral + Wavelet,PC1 e PC2,0.42329790353295177
NRV,preprocess_Reading110.dat,Temporal + espectral + Wavelet,PC1 e PC2,0.39124287780385036
NRV,preprocess_Reading111.dat,Temporal + espectral + Wavelet,PC1 e PC2,0.33582983999890403
NRV,preprocess_Reading112.dat,Temporal + espectral + Wavelet,PC1 e PC2,0.1969162792107372
NRV,preprocess_Reading113.dat,Temporal + espectral + Wavelet,PC1 e PC2,0.01412880101253977
NRV,preprocess_Reading114.dat,Temporal + espectral + Wavelet,PC1 e PC2,-0.0508342724126921
NRV,preprocess_Reading115.dat,Temporal + espectral + Wavelet,PC1 e PC2,-0.1574733661065049
NRV,preprocess_Reading116.dat,Temporal + espectral + Wavelet,PC1 e PC2,0.2746159520944475
NRV,preprocess_Reading117.dat,Temporal + espectral + Wavelet,PC1 e PC2,0.13679832568136993
NRV,preprocess_Reading118.dat,Temporal + espectral + Wavelet,PC1 e PC2,0.08023922026911592
NRV,preprocess_Reading119.dat,Temporal + espectral + Wavelet,PC1 e PC2,-0.14196855893048724
NRV,preprocess_Reading120.dat,Temporal + espectral + Wavelet,PC1 e PC2,-0.08539468596420564
NRV,preprocess_Reading121.dat,Temporal + espectral + Wavelet,PC1 e PC2,-0.003917309811451485
NRV,preprocess_Reading122.dat,Temporal + espectral + Wavelet,PC1 e PC2,0.2829003376091732
NRV,preprocess_Reading123.dat,Temporal + espectral + Wavelet,PC1 e PC2,0.1545005916225508
NRV,preprocess_Reading124.dat,Temporal + espectral + Wavelet,PC1 e PC2,0.13310607623804468
NRV,preprocess_Reading125.dat,Temporal + espectral + Wavelet,PC1 e PC2,0.2861012585258525
NRV,preprocess_Reading126.dat,Temporal + espectral + Wavelet,PC1 e PC2,0.45840889825044207
NRV,preprocess_Reading127.dat,Temporal + espectral + Wavelet,PC1 e PC2,0.47270852833937854
NRV,preprocess_Reading128.dat,Temporal + espectral + Wavelet,PC1 e PC2,0.3664615500625938
NRV,preprocess_Reading129.dat,Temporal + espectral + Wavelet,PC1 e PC2,0.24066461661053531
NRV,preprocess_Reading130.dat,Temporal + espectral + Wavelet,PC1 e PC2,0.4302309381631288
NRV,preprocess_Reading131.dat,Temporal + espectral + Wavelet,PC1 e PC2,0.21717608299093125
NRV,preprocess_Reading132.dat,Temporal + espectral + Wavelet,PC1 e PC2,0.25377634841389196
NRV,preprocess_Reading133.dat,Temporal + espectral + Wavelet,PC1 e PC2,0.1598872979306718
NRV,preprocess_Reading134.dat,Temporal + espectral + Wavelet,PC1 e PC2,0.27768228973388215
NRV,preprocess_Reading135.dat,Temporal + espectral + Wavelet,PC1 e PC2,0.018339105445749515
NRV,preprocess_Reading136.dat,Temporal + espectral + Wavelet,PC1 e PC2,0.3354183023414134
NRV,preprocess_Reading137.dat,Temporal + espectral + Wavelet,PC1 e PC2,0.02792514910692561
NRV,preprocess_Reading138.dat,Temporal + espectral + Wavelet,PC1 e PC2,0.12677167101011205
NRV,preprocess_Reading139.dat,Temporal + espectral + Wavelet,PC1 e PC2,0.30634962271634875
NRV,preprocess_Reading140.dat,Temporal + espectral + Wavelet,PC1 e PC2,0.2521090668477663
NRV,preprocess_Reading141.dat,Temporal + espectral + Wavelet,PC1 e PC2,0.3599669292124879
NRV,preprocess_Reading142.dat,Temporal + espectral + Wavelet,PC1 e PC2,0.4313004097238138
NRV,preprocess_Reading143.dat,Temporal + espectral + Wavelet,PC1 e PC2,0.4681918351949438
NRV,preprocess_Reading144.dat,Temporal + espectral + Wavelet,PC1 e PC2,0.4412895165811493
NRV,preprocess_Reading145.dat,Temporal + espectral + Wavelet,PC1 e PC2,0.35132824557441944
NRV,preprocess_Reading146.dat,Temporal + espectral + Wavelet,PC1 e PC2,0.2337675370224149
NRV,preprocess_Reading147.dat,Temporal + espectral + Wavelet,PC1 e PC2,0.41128392690630283
NRV,preprocess_Reading148.dat,Temporal + espectral + Wavelet,PC1 e PC2,0.2766669514745247
NRV,preprocess_Reading149.dat,Temporal + espectral + Wavelet,PC1 e PC2,0.43867337653033495
NRV,preprocess_Reading150.dat,Temporal + espectral + Wavelet,PC1 e PC2,0.3534718416649538
NRV,preprocess_Reading151.dat,Temporal + espectral + Wavelet,PC1 e PC2,-0.6201929955893938
NRV,preprocess_Reading152.dat,Temporal + espectral + Wavelet,PC1 e PC2,0.19569956651635934
NRV,preprocess_Reading153.dat,Temporal + espectral + Wavelet,PC1 e PC2,0.32949320403422355
NRV,preprocess_Reading154.dat,Temporal + espectral + Wavelet,PC1 e PC2,0.23620558178750867
NRV,preprocess_Reading155.dat,Temporal + espectral + Wavelet,PC1 e PC2,0.12180690452394699
NRV,preprocess_Reading156.dat,Temporal + espectral + Wavelet,PC1 e PC2,0.2379838907542406
NRV,preprocess_Reading157.dat,Temporal + espectral + Wavelet,PC1 e PC2,0.39668482182079584
NRV,preprocess_Reading158.dat,Temporal + espectral + Wavelet,PC1 e PC2,0.467448649954215
NRV,preprocess_Reading159.dat,Temporal + espectral + Wavelet,PC1 e PC2,0.17829024435848975
NRV,preprocess_Reading160.dat,Temporal + espectral + Wavelet,PC1 e PC2,0.38170972849314405
NRV,preprocess_Reading161.dat,Temporal + espectral + Wavelet,PC1 e PC2,0.3442466998355194
NRV,preprocess_Reading162.dat,Temporal + espectral + Wavelet,PC1 e PC2,0.4082772901032199
NRV,preprocess_Reading163.dat,Temporal + espectral + Wavelet,PC1 e PC2,0.41758027059759195
NRV,preprocess_Reading164.dat,Temporal + espectral + Wavelet,PC1 e PC2,0.2522548401834523
NRV,preprocess_Reading165.dat,Temporal + espectral + Wavelet,PC1 e PC2,0.26464470672669443
NRV,preprocess_Reading166.dat,Temporal + espectral + Wavelet,PC1 e PC2,0.03223615411975149
NRV,preprocess_Reading167.dat,Temporal + espectral + Wavelet,PC1 e PC2,0.23304778264169254
NRV,preprocess_Reading168.dat,Temporal + espectral + Wavelet,PC1 e PC2,-0.026935740437035626
NRV,preprocess_Reading169.dat,Temporal + espectral + Wavelet,PC1 e PC2,0.3192270501432433
NRV,preprocess_Reading170.dat,Temporal + espectral + Wavelet,PC1 e PC2,0.35054607330166226
NRV,preprocess_Reading171.dat,Temporal + espectral + Wavelet,PC1 e PC2,0.29467705333284766
NRV,preprocess_Reading172.dat,Temporal + espectral + Wavelet,PC1 e PC2,0.23571179589004815
NRV,preprocess_Reading173.dat,Temporal + espectral + Wavelet,PC1 e PC2,-0.07476308609980756
NRV,preprocess_Reading174.dat,Temporal + espectral + Wavelet,PC1 e PC2,0.4529514101307452
NRV,preprocess_Reading175.dat,Temporal + espectral + Wavelet,PC1 e PC2,0.3302565150237422
NRV,preprocess_Reading176.dat,Temporal + espectral + Wavelet,PC1 e PC2,-0.2906968179814956
NRV,preprocess_Reading177.dat,Temporal + espectral + Wavelet,PC1 e PC2,0.43451916129384754
NRV,preprocess_Reading178.dat,Temporal + espectral + Wavelet,PC1 e PC2,0.40803272153187065
NRV,preprocess_Reading179.dat,Temporal + espectral + Wavelet,PC1 e PC2,-0.12125889968180463
NRV,preprocess_Reading180.dat,Temporal + espectral + Wavelet,PC1 e PC2,-0.0882568001507184
NRV,preprocess_Reading181.dat,Temporal + espectral + Wavelet,PC1 e PC2,0.3372968241281967
NRV,preprocess_Reading182.dat,Temporal + espectral + Wavelet,PC1 e PC2,0.22717941875498218
NRV,preprocess_Reading183.dat,Temporal + espectral + Wavelet,PC1 e PC2,0.4284521601660702
NRV,preprocess_Reading184.dat,Temporal + espectral + Wavelet,PC1 e PC2,0.11853273935442203
NRV,preprocess_Reading185.dat,Temporal + espectral + Wavelet,PC1 e PC2,0.2413175957249393
NRV,preprocess_Reading186.dat,Temporal + espectral + Wavelet,PC1 e PC2,-0.28873295195679105
NRV,preprocess_Reading187.dat,Temporal + espectral + Wavelet,PC1 e PC2,0.08065550493674833
NRV,preprocess_Reading188.dat,Temporal + espectral + Wavelet,PC1 e PC2,0.1773013794201728
NRV,preprocess_Reading189.dat,Temporal + espectral + Wavelet,PC1 e PC2,-0.23624862921251719
NRV,preprocess_Reading190.dat,Temporal + espectral + Wavelet,PC1 e PC2,-0.0886184215535651
NRV,preprocess_Reading191.dat,Temporal + espectral + Wavelet,PC1 e PC2,-0.21847779357062969
NRV,preprocess_Reading192.dat,Temporal + espectral + Wavelet,PC1 e PC2,-0.23848828676404338
NRV,preprocess_Reading193.dat,Temporal + espectral + Wavelet,PC1 e PC2,0.05787839226549199
NRV,preprocess_Reading194.dat,Temporal + espectral + Wavelet,PC1 e PC2,-0.09054643984574066
NRV,preprocess_Reading195.dat,Temporal + espectral + Wavelet,PC1 e PC2,0.1417604612588038
NRV,preprocess_Reading196.dat,Temporal + espectral + Wavelet,PC1 e PC2,0.3725475134220115
NRV,preprocess_Reading197.dat,Temporal + espectral + Wavelet,PC1 e PC2,0.37621775717327005
NRV,preprocess_Reading198.dat,Temporal + espectral + Wavelet,PC1 e PC2,0.31630823207374253
NRV,preprocess_Reading199.dat,Temporal + espectral + Wavelet,PC1 e PC2,0.2577757529968445
NRV,preprocess_Reading200.dat,Temporal + espectral + Wavelet,PC1 e PC2,0.23474864571311105
NRV,preprocess_Reading201.dat,Temporal + espectral + Wavelet,PC1 e PC2,0.3755933053030831
NRV,preprocess_Reading202.dat,Temporal + espectral + Wavelet,PC1 e PC2,0.11142761296047626
NRV,preprocess_Reading203.dat,Temporal + espectral + Wavelet,PC1 e PC2,0.04291709422599505
NRV,preprocess_Reading204.dat,Temporal + espectral + Wavelet,PC1 e PC2,0.4370729364108216
NRV,preprocess_Reading205.dat,Temporal + espectral + Wavelet,PC1 e PC2,0.36858376058688597
NRV,preprocess_Reading206.dat,Temporal + espectral + Wavelet,PC1 e PC2,0.29547503409486864
NRV,preprocess_Reading207.dat,Temporal + espectral + Wavelet,PC1 e PC2,0.4057438672287716
NRV,preprocess_Reading208.dat,Temporal + espectral + Wavelet,PC1 e PC2,0.3636714183775815
NRV,preprocess_Reading209.dat,Temporal + espectral + Wavelet,PC1 e PC2,0.13612450752594918
NRV,preprocess_Reading210.dat,Temporal + espectral + Wavelet,PC1 e PC2,0.3079055250549288
NRV,preprocess_Reading211.dat,Temporal + espectral + Wavelet,PC1 e PC2,0.4096327375688484
NRV,preprocess_Reading212.dat,Temporal + espectral + Wavelet,PC1 e PC2,0.4433367571455561
NRV,preprocess_Reading213.dat,Temporal + espectral + Wavelet,PC1 e PC2,0.32636086818523763
NRV,preprocess_Reading214.dat,Temporal + espectral + Wavelet,PC1 e PC2,0.30762506893948827
NRV,preprocess_Reading215.dat,Temporal + espectral + Wavelet,PC1 e PC2,0.4131996123003451
NRV,preprocess_Reading216.dat,Temporal + espectral + Wavelet,PC1 e PC2,0.4103514526201069
NRV,preprocess_Reading217.dat,Temporal + espectral + Wavelet,PC1 e PC2,0.3663955908642642
NRV,preprocess_Reading218.dat,Temporal + espectral + Wavelet,PC1 e PC2,0.42727957460239274
NRV,preprocess_Reading219.dat,Temporal + espectral + Wavelet,PC1 e PC2,0.46722267039886334
NRV,preprocess_Reading220.dat,Temporal + espectral + Wavelet,PC1 e PC2,0.36810987713630305
NRV,preprocess_Reading221.dat,Temporal + espectral + Wavelet,PC1 e PC2,0.354167325115496
NRV,preprocess_Reading222.dat,Temporal + espectral + Wavelet,PC1 e PC2,0.4417664283592367
NRV,preprocess_Reading223.dat,Temporal + espectral + Wavelet,PC1 e PC2,0.3276310131736363
NRV,preprocess_Reading224.dat,Temporal + espectral + Wavelet,PC1 e PC2,0.4192965959140545
NRV,preprocess_Reading225.dat,Temporal + espectral + Wavelet,PC1 e PC2,0.21409672104896296
Piston,preprocess_Reading1.dat,Temporal + espectral + Wavelet,PC1 e PC2,-0.7096961532773469
Piston,preprocess_Reading2.dat,Temporal + espectral + Wavelet,PC1 e PC2,-0.7740247783891476
Piston,preprocess_Reading3.dat,Temporal + espectral + Wavelet,PC1 e PC2,-0.7944037850246339
Piston,preprocess_Reading4.dat,Temporal + espectral + Wavelet,PC1 e PC2,-0.660853512979032
Piston,preprocess_Reading5.dat,Temporal + espectral + Wavelet,PC1 e PC2,-0.48751945046939316
Piston,preprocess_Reading6.dat,Temporal + espectral + Wavelet,PC1 e PC2,-0.37069504787569013
Piston,preprocess_Reading7.dat,Temporal + espectral + Wavelet,PC1 e PC2,-0.37685949232975335
Piston,preprocess_Reading8.dat,Temporal + espectral + Wavelet,PC1 e PC2,-0.3894650558886194
Piston,preprocess_Reading9.dat,Temporal + espectral + Wavelet,PC1 e PC2,-0.4836085832774965
Piston,preprocess_Reading10.dat,Temporal + espectral + Wavelet,PC1 e PC2,-0.156011238359485
Piston,preprocess_Reading11.dat,Temporal + espectral + Wavelet,PC1 e PC2,-0.1606815353739021
Piston,preprocess_Reading12.dat,Temporal + espectral + Wavelet,PC1 e PC2,-0.3115256197453436
Piston,preprocess_Reading13.dat,Temporal + espectral + Wavelet,PC1 e PC2,-0.19435070457518128
Piston,preprocess_Reading14.dat,Temporal + espectral + Wavelet,PC1 e PC2,-0.06684318174090813
Piston,preprocess_Reading15.dat,Temporal + espectral + Wavelet,PC1 e PC2,-0.4502296380068464
Piston,preprocess_Reading16.dat,Temporal + espectral + Wavelet,PC1 e PC2,-0.2659515779708739
Piston,preprocess_Reading17.dat,Temporal + espectral + Wavelet,PC1 e PC2,-0.12269667845826594
Piston,preprocess_Reading18.dat,Temporal + espectral + Wavelet,PC1 e PC2,-0.10228040399523508
Piston,preprocess_Reading19.dat,Temporal + espectral + Wavelet,PC1 e PC2,-0.17206358271804598
Piston,preprocess_Reading20.dat,Temporal + espectral + Wavelet,PC1 e PC2,-0.10245164872977251
Piston,preprocess_Reading21.dat,Temporal + espectral + Wavelet,PC1 e PC2,0.16194178858202632
Piston,preprocess_Reading22.dat,Temporal + espectral + Wavelet,PC1 e PC2,0.1466096738113521
Piston,preprocess_Reading23.dat,Temporal + espectral + Wavelet,PC1 e PC2,-0.25129621888354625
Piston,preprocess_Reading24.dat,Temporal + espectral + Wavelet,PC1 e PC2,-0.08900932065031025
Piston,preprocess_Reading25.dat,Temporal + espectral + Wavelet,PC1 e PC2,-0.04295105098496413
Piston,preprocess_Reading26.dat,Temporal + espectral + Wavelet,PC1 e PC2,0.15795077390434714
Piston,preprocess_Reading27.dat,Temporal + espectral + Wavelet,PC1 e PC2,0.3153554057353366
Piston,preprocess_Reading28.dat,Temporal + espectral + Wavelet,PC1 e PC2,0.24099363656485304
Piston,preprocess_Reading29.dat,Temporal + espectral + Wavelet,PC1 e PC2,0.28503461593753865
Piston,preprocess_Reading30.dat,Temporal + espectral + Wavelet,PC1 e PC2,0.22257420322535715
Piston,preprocess_Reading31.dat,Temporal + espectral + Wavelet,PC1 e PC2,0.2688907455200191
Piston,preprocess_Reading32.dat,Temporal + espectral + Wavelet,PC1 e PC2,0.2765873527905424
Piston,preprocess_Reading33.dat,Temporal + espectral + Wavelet,PC1 e PC2,-0.025506317789492087
Piston,preprocess_Reading34.dat,Temporal + espectral + Wavelet,PC1 e PC2,0.0187862601866627
Piston,preprocess_Reading35.dat,Temporal + espectral + Wavelet,PC1 e PC2,0.10474646792303381
Piston,preprocess_Reading36.dat,Temporal + espectral + Wavelet,PC1 e PC2,0.24075083549316018
Piston,preprocess_Reading37.dat,Temporal + espectral + Wavelet,PC1 e PC2,0.3308985638733278
Piston,preprocess_Reading38.dat,Temporal + espectral + Wavelet,PC1 e PC2,0.2918900968955323
Piston,preprocess_Reading39.dat,Temporal + espectral + Wavelet,PC1 e PC2,0.17493786447159063
Piston,preprocess_Reading40.dat,Temporal + espectral + Wavelet,PC1 e PC2,0.3243448362985413
Piston,preprocess_Reading41.dat,Temporal + espectral + Wavelet,PC1 e PC2,0.32911487964922936
Piston,preprocess_Reading42.dat,Temporal + espectral + Wavelet,PC1 e PC2,0.3283902866207157
Piston,preprocess_Reading43.dat,Temporal + espectral + Wavelet,PC1 e PC2,0.049648176786399184
Piston,preprocess_Reading44.dat,Temporal + espectral + Wavelet,PC1 e PC2,0.17124154478719547
Piston,preprocess_Reading45.dat,Temporal + espectral + Wavelet,PC1 e PC2,0.3223701733804405
Piston,preprocess_Reading46.dat,Temporal + espectral + Wavelet,PC1 e PC2,0.1902134054699739
Piston,preprocess_Reading47.dat,Temporal + espectral + Wavelet,PC1 e PC2,0.2187572535010342
Piston,preprocess_Reading48.dat,Temporal + espectral + Wavelet,PC1 e PC2,0.2964630291512595
Piston,preprocess_Reading49.dat,Temporal + espectral + Wavelet,PC1 e PC2,0.3332667169844523
Piston,preprocess_Reading50.dat,Temporal + espectral + Wavelet,PC1 e PC2,0.3269225396665941
Piston,preprocess_Reading51.dat,Temporal + espectral + Wavelet,PC1 e PC2,0.012470751323757889
Piston,preprocess_Reading52.dat,Temporal + espectral + Wavelet,PC1 e PC2,0.2576780074866243
Piston,preprocess_Reading53.dat,Temporal + espectral + Wavelet,PC1 e PC2,0.3285298979867469
Piston,preprocess_Reading54.dat,Temporal + espectral + Wavelet,PC1 e PC2,0.3134504919479751
Piston,preprocess_Reading55.dat,Temporal + espectral + Wavelet,PC1 e PC2,0.3325002352550103
Piston,preprocess_Reading56.dat,Temporal + espectral + Wavelet,PC1 e PC2,0.33271310772907164
Piston,preprocess_Reading57.dat,Temporal + espectral + Wavelet,PC1 e PC2,0.21891784585541937
Piston,preprocess_Reading58.dat,Temporal + espectral + Wavelet,PC1 e PC2,0.23541654474323884
Piston,preprocess_Reading59.dat,Temporal + espectral + Wavelet,PC1 e PC2,0.330036303129523
Piston,preprocess_Reading60.dat,Temporal + espectral + Wavelet,PC1 e PC2,0.33212500099800707
Piston,preprocess_Reading61.dat,Temporal + espectral + Wavelet,PC1 e PC2,0.33651521007374124
Piston,preprocess_Reading62.dat,Temporal + espectral + Wavelet,PC1 e PC2,0.32698068371461764
Piston,preprocess_Reading63.dat,Temporal + espectral + Wavelet,PC1 e PC2,0.30720463176888574
Piston,preprocess_Reading64.dat,Temporal + espectral + Wavelet,PC1 e PC2,0.17729408446254968
Piston,preprocess_Reading65.dat,Temporal + espectral + Wavelet,PC1 e PC2,0.337751168970501
Piston,preprocess_Reading66.dat,Temporal + espectral + Wavelet,PC1 e PC2,0.2772166176450972
Piston,preprocess_Reading67.dat,Temporal + espectral + Wavelet,PC1 e PC2,0.21311745050889236
Piston,preprocess_Reading68.dat,Temporal + espectral + Wavelet,PC1 e PC2,0.3262570595913008
Piston,preprocess_Reading69.dat,Temporal + espectral + Wavelet,PC1 e PC2,0.29920030408566006
Piston,preprocess_Reading70.dat,Temporal + espectral + Wavelet,PC1 e PC2,0.17094092518509763
Piston,preprocess_Reading71.dat,Temporal + espectral + Wavelet,PC1 e PC2,0.01801891404601195
Piston,preprocess_Reading72.dat,Temporal + espectral + Wavelet,PC1 e PC2,0.09716596531140792
Piston,preprocess_Reading73.dat,Temporal + espectral + Wavelet,PC1 e PC2,-0.21833705884588814
Piston,preprocess_Reading74.dat,Temporal + espectral + Wavelet,PC1 e PC2,0.059940231214358555
Piston,preprocess_Reading75.dat,Temporal + espectral + Wavelet,PC1 e PC2,-0.1971146477808822
Piston,preprocess_Reading76.dat,Temporal + espectral + Wavelet,PC1 e PC2,-0.5652821915471001
Piston,preprocess_Reading77.dat,Temporal + espectral + Wavelet,PC1 e PC2,-0.7906960761213958
Piston,preprocess_Reading78.dat,Temporal + espectral + Wavelet,PC1 e PC2,-0.6944316273022104
Piston,preprocess_Reading79.dat,Temporal + espectral + Wavelet,PC1 e PC2,-0.7882484303771871
Piston,preprocess_Reading80.dat,Temporal + espectral + Wavelet,PC1 e PC2,-0.516700007880756
Piston,preprocess_Reading81.dat,Temporal + espectral + Wavelet,PC1 e PC2,-0.5033610971490488
Piston,preprocess_Reading82.dat,Temporal + espectral + Wavelet,PC1 e PC2,-0.4476764538787103
Piston,preprocess_Reading83.dat,Temporal + espectral + Wavelet,PC1 e PC2,-0.13164071833580307
Piston,preprocess_Reading84.dat,Temporal + espectral + Wavelet,PC1 e PC2,-0.1802260245816374
Piston,preprocess_Reading85.dat,Temporal + espectral + Wavelet,PC1 e PC2,-0.30490690367912654
Piston,preprocess_Reading86.dat,Temporal + espectral + Wavelet,PC1 e PC2,-0.23349030052221334
Piston,preprocess_Reading87.dat,Temporal + espectral + Wavelet,PC1 e PC2,-0.08130569397776025
Piston,preprocess_Reading88.dat,Temporal + espectral + Wavelet,PC1 e PC2,-0.002806394320650645
Piston,preprocess_Reading89.dat,Temporal + espectral + Wavelet,PC1 e PC2,-0.054419575534736093
Piston,preprocess_Reading90.dat,Temporal + espectral + Wavelet,PC1 e PC2,0.13252134628216278
Piston,preprocess_Reading91.dat,Temporal + espectral + Wavelet,PC1 e PC2,0.0803541448695385
Piston,preprocess_Reading92.dat,Temporal + espectral + Wavelet,PC1 e PC2,0.0008027734416630443
Piston,preprocess_Reading93.dat,Temporal + espectral + Wavelet,PC1 e PC2,-0.13433107625968585
Piston,preprocess_Reading94.dat,Temporal + espectral + Wavelet,PC1 e PC2,-0.003015664036522072
Piston,preprocess_Reading95.dat,Temporal + espectral + Wavelet,PC1 e PC2,0.11788145814288818
Piston,preprocess_Reading96.dat,Temporal + espectral + Wavelet,PC1 e PC2,0.16760391467015678
Piston,preprocess_Reading97.dat,Temporal + espectral + Wavelet,PC1 e PC2,0.27674361500574984
Piston,preprocess_Reading98.dat,Temporal + espectral + Wavelet,PC1 e PC2,0.09854160537964704
Piston,preprocess_Reading99.dat,Temporal + espectral + Wavelet,PC1 e PC2,0.2863739072064858
Piston,preprocess_Reading100.dat,Temporal + espectral + Wavelet,PC1 e PC2,0.3379151830995903
Piston,preprocess_Reading101.dat,Temporal + espectral + Wavelet,PC1 e PC2,0.23790817140459639
Piston,preprocess_Reading102.dat,Temporal + espectral + Wavelet,PC1 e PC2,0.2420404026101996
Piston,preprocess_Reading103.dat,Temporal + espectral + Wavelet,PC1 e PC2,0.31917135013614023
Piston,preprocess_Reading104.dat,Temporal + espectral + Wavelet,PC1 e PC2,0.24621997889861064
Piston,preprocess_Reading105.dat,Temporal + espectral + Wavelet,PC1 e PC2,0.32409084059020277
Piston,preprocess_Reading106.dat,Temporal + espectral + Wavelet,PC1 e PC2,0.3175469178081337
Piston,preprocess_Reading107.dat,Temporal + espectral + Wavelet,PC1 e PC2,0.33703066377059904
Piston,preprocess_Reading108.dat,Temporal + espectral + Wavelet,PC1 e PC2,0.32966906210624547
Piston,preprocess_Reading109.dat,Temporal + espectral + Wavelet,PC1 e PC2,0.19481705104232608
Piston,preprocess_Reading110.dat,Temporal + espectral + Wavelet,PC1 e PC2,0.30329482245688394
Piston,preprocess_Reading111.dat,Temporal + espectral + Wavelet,PC1 e PC2,0.3360609926507387
Piston,preprocess_Reading112.dat,Temporal + espectral + Wavelet,PC1 e PC2,0.2974471218993065
Piston,preprocess_Reading113.dat,Temporal + espectral + Wavelet,PC1 e PC2,0.2829579367082994
Piston,preprocess_Reading114.dat,Temporal + espectral + Wavelet,PC1 e PC2,0.28389327879557463
Piston,preprocess_Reading115.dat,Temporal + espectral + Wavelet,PC1 e PC2,0.3216727664700634
Piston,preprocess_Reading116.dat,Temporal + espectral + Wavelet,PC1 e PC2,0.3381614290893783
Piston,preprocess_Reading117.dat,Temporal + espectral + Wavelet,PC1 e PC2,0.2909132745739545
Piston,preprocess_Reading118.dat,Temporal + espectral + Wavelet,PC1 e PC2,0.29161220424109296
Piston,preprocess_Reading119.dat,Temporal + espectral + Wavelet,PC1 e PC2,0.25553801531589954
Piston,preprocess_Reading120.dat,Temporal + espectral + Wavelet,PC1 e PC2,0.31283819837197285
Piston,preprocess_Reading121.dat,Temporal + espectral + Wavelet,PC1 e PC2,0.32908752218759263
Piston,preprocess_Reading122.dat,Temporal + espectral + Wavelet,PC1 e PC2,0.24748595780368343
Piston,preprocess_Reading123.dat,Temporal + espectral + Wavelet,PC1 e PC2,0.33186026121252793
Piston,preprocess_Reading124.dat,Temporal + espectral + Wavelet,PC1 e PC2,0.31311241070656937
Piston,preprocess_Reading125.dat,Temporal + espectral + Wavelet,PC1 e PC2,0.16352921377457547
Piston,preprocess_Reading126.dat,Temporal + espectral + Wavelet,PC1 e PC2,0.2765735469070517
Piston,preprocess_Reading127.dat,Temporal + espectral + Wavelet,PC1 e PC2,0.28362767681193896
Piston,preprocess_Reading128.dat,Temporal + espectral + Wavelet,PC1 e PC2,0.12457496082894624
Piston,preprocess_Reading129.dat,Temporal + espectral + Wavelet,PC1 e PC2,-0.02256553353969021
Piston,preprocess_Reading130.dat,Temporal + espectral + Wavelet,PC1 e PC2,0.1616517896628151
Piston,preprocess_Reading131.dat,Temporal + espectral + Wavelet,PC1 e PC2,0.22988162007975163
Piston,preprocess_Reading132.dat,Temporal + espectral + Wavelet,PC1 e PC2,0.2165368062894966
Piston,preprocess_Reading133.dat,Temporal + espectral + Wavelet,PC1 e PC2,0.202272586959214
Piston,preprocess_Reading134.dat,Temporal + espectral + Wavelet,PC1 e PC2,0.1945659311125457
Piston,preprocess_Reading135.dat,Temporal + espectral + Wavelet,PC1 e PC2,0.18730155822416664
Piston,preprocess_Reading136.dat,Temporal + espectral + Wavelet,PC1 e PC2,0.13844178189247933
Piston,preprocess_Reading137.dat,Temporal + espectral + Wavelet,PC1 e PC2,0.14741314223607574
Piston,preprocess_Reading138.dat,Temporal + espectral + Wavelet,PC1 e PC2,0.19124379989292328
Piston,preprocess_Reading139.dat,Temporal + espectral + Wavelet,PC1 e PC2,0.041990934886256985
Piston,preprocess_Reading140.dat,Temporal + espectral + Wavelet,PC1 e PC2,0.0685281857079674
Piston,preprocess_Reading141.dat,Temporal + espectral + Wavelet,PC1 e PC2,-0.013037542654003028
Piston,preprocess_Reading142.dat,Temporal + espectral + Wavelet,PC1 e PC2,0.13956063212450878
Piston,preprocess_Reading143.dat,Temporal + espectral + Wavelet,PC1 e PC2,-0.06925037384142953
Piston,preprocess_Reading144.dat,Temporal + espectral + Wavelet,PC1 e PC2,0.25757412818143255
Piston,preprocess_Reading145.dat,Temporal + espectral + Wavelet,PC1 e PC2,0.15055960410697866
Piston,preprocess_Reading146.dat,Temporal + espectral + Wavelet,PC1 e PC2,-0.07129603609169607
Piston,preprocess_Reading147.dat,Temporal + espectral + Wavelet,PC1 e PC2,0.20353076118903624
Piston,preprocess_Reading148.dat,Temporal + espectral + Wavelet,PC1 e PC2,-0.1704495789319524
Piston,preprocess_Reading149.dat,Temporal + espectral + Wavelet,PC1 e PC2,0.10796833935352383
Piston,preprocess_Reading150.dat,Temporal + espectral + Wavelet,PC1 e PC2,-0.1363451858533493
Piston,preprocess_Reading151.dat,Temporal + espectral + Wavelet,PC1 e PC2,-0.7507503367834291
Piston,preprocess_Reading152.dat,Temporal + espectral + Wavelet,PC1 e PC2,-0.7943009703614902
Piston,preprocess_Reading153.dat,Temporal + espectral + Wavelet,PC1 e PC2,-0.8079829978088607
Piston,preprocess_Reading154.dat,Temporal + espectral + Wavelet,PC1 e PC2,-0.7496773941094054
Piston,preprocess_Reading155.dat,Temporal + espectral + Wavelet,PC1 e PC2,-0.7663960960116507
Piston,preprocess_Reading156.dat,Temporal + espectral + Wavelet,PC1 e PC2,-0.5387552031240386
Piston,preprocess_Reading157.dat,Temporal + espectral + Wavelet,PC1 e PC2,-0.27940337268550514
Piston,preprocess_Reading158.dat,Temporal + espectral + Wavelet,PC1 e PC2,-0.5198581735123845
Piston,preprocess_Reading159.dat,Temporal + espectral + Wavelet,PC1 e PC2,-0.4924680194925066
Piston,preprocess_Reading160.dat,Temporal + espectral + Wavelet,PC1 e PC2,-0.4045081435562556
Piston,preprocess_Reading161.dat,Temporal + espectral + Wavelet,PC1 e PC2,-0.5080760394790106
Piston,preprocess_Reading162.dat,Temporal + espectral + Wavelet,PC1 e PC2,-0.4469767320439545
Piston,preprocess_Reading163.dat,Temporal + espectral + Wavelet,PC1 e PC2,-0.3615794164784417
Piston,preprocess_Reading164.dat,Temporal + espectral + Wavelet,PC1 e PC2,-0.29428750678604887
Piston,preprocess_Reading165.dat,Temporal + espectral + Wavelet,PC1 e PC2,-0.3364076788070339
Piston,preprocess_Reading166.dat,Temporal + espectral + Wavelet,PC1 e PC2,-0.14756601236761743
Piston,preprocess_Reading167.dat,Temporal + espectral + Wavelet,PC1 e PC2,0.0014359588408737391
Piston,preprocess_Reading168.dat,Temporal + espectral + Wavelet,PC1 e PC2,-0.07300243005886387
Piston,preprocess_Reading169.dat,Temporal + espectral + Wavelet,PC1 e PC2,0.1673061114454227
Piston,preprocess_Reading170.dat,Temporal + espectral + Wavelet,PC1 e PC2,0.15202105726767606
Piston,preprocess_Reading171.dat,Temporal + espectral + Wavelet,PC1 e PC2,0.17973067840171997
Piston,preprocess_Reading172.dat,Temporal + espectral + Wavelet,PC1 e PC2,0.02107817767938212
Piston,preprocess_Reading173.dat,Temporal + espectral + Wavelet,PC1 e PC2,0.22447562668489338
Piston,preprocess_Reading174.dat,Temporal + espectral + Wavelet,PC1 e PC2,0.3232444093734533
Piston,preprocess_Reading175.dat,Temporal + espectral + Wavelet,PC1 e PC2,9.72613889714919e-06
Piston,preprocess_Reading176.dat,Temporal + espectral + Wavelet,PC1 e PC2,0.25681928014216443
Piston,preprocess_Reading177.dat,Temporal + espectral + Wavelet,PC1 e PC2,0.3165207620076201
Piston,preprocess_Reading178.dat,Temporal + espectral + Wavelet,PC1 e PC2,0.15065534376815873
Piston,preprocess_Reading179.dat,Temporal + espectral + Wavelet,PC1 e PC2,-0.1674719846870733
Piston,preprocess_Reading180.dat,Temporal + espectral + Wavelet,PC1 e PC2,0.1514355474568637
Piston,preprocess_Reading181.dat,Temporal + espectral + Wavelet,PC1 e PC2,0.12641487521786213
Piston,preprocess_Reading182.dat,Temporal + espectral + Wavelet,PC1 e PC2,0.1052373520570428
Piston,preprocess_Reading183.dat,Temporal + espectral + Wavelet,PC1 e PC2,0.06847950617192196
Piston,preprocess_Reading184.dat,Temporal + espectral + Wavelet,PC1 e PC2,0.2731350748520587
Piston,preprocess_Reading185.dat,Temporal + espectral + Wavelet,PC1 e PC2,0.20162432680092007
Piston,preprocess_Reading186.dat,Temporal + espectral + Wavelet,PC1 e PC2,0.30250508463238895
Piston,preprocess_Reading187.dat,Temporal + espectral + Wavelet,PC1 e PC2,0.024673288332050923
Piston,preprocess_Reading188.dat,Temporal + espectral + Wavelet,PC1 e PC2,-0.18768231293599758
Piston,preprocess_Reading189.dat,Temporal + espectral + Wavelet,PC1 e PC2,-0.2736092800740814
Piston,preprocess_Reading190.dat,Temporal + espectral + Wavelet,PC1 e PC2,0.14111785386463999
Piston,preprocess_Reading191.dat,Temporal + espectral + Wavelet,PC1 e PC2,-0.18656563220749262
Piston,preprocess_Reading192.dat,Temporal + espectral + Wavelet,PC1 e PC2,-0.0027888853049490535
Piston,preprocess_Reading193.dat,Temporal + espectral + Wavelet,PC1 e PC2,-0.08779389384886715
Piston,preprocess_Reading194.dat,Temporal + espectral + Wavelet,PC1 e PC2,-0.26323885810486164
Piston,preprocess_Reading195.dat,Temporal + espectral + Wavelet,PC1 e PC2,0.31490204425572765
Piston,preprocess_Reading196.dat,Temporal + espectral + Wavelet,PC1 e PC2,0.21250902472155925
Piston,preprocess_Reading197.dat,Temporal + espectral + Wavelet,PC1 e PC2,0.24781725713034383
Piston,preprocess_Reading198.dat,Temporal + espectral + Wavelet,PC1 e PC2,0.24824104254518245
Piston,preprocess_Reading199.dat,Temporal + espectral + Wavelet,PC1 e PC2,0.3145171550788648
Piston,preprocess_Reading200.dat,Temporal + espectral + Wavelet,PC1 e PC2,0.31870484332456867
Piston,preprocess_Reading201.dat,Temporal + espectral + Wavelet,PC1 e PC2,0.3200991707840197
Piston,preprocess_Reading202.dat,Temporal + espectral + Wavelet,PC1 e PC2,0.32367321411978317
Piston,preprocess_Reading203.dat,Temporal + espectral + Wavelet,PC1 e PC2,0.25461325364422066
Piston,preprocess_Reading204.dat,Temporal + espectral + Wavelet,PC1 e PC2,0.2943898334354262
Piston,preprocess_Reading205.dat,Temporal + espectral + Wavelet,PC1 e PC2,0.3064291537850505
Piston,preprocess_Reading206.dat,Temporal + espectral + Wavelet,PC1 e PC2,0.27875920850609787
Piston,preprocess_Reading207.dat,Temporal + espectral + Wavelet,PC1 e PC2,0.28761192927088103
Piston,preprocess_Reading208.dat,Temporal + espectral + Wavelet,PC1 e PC2,0.21066430453780607
Piston,preprocess_Reading209.dat,Temporal + espectral + Wavelet,PC1 e PC2,0.32282980628551866
Piston,preprocess_Reading210.dat,Temporal + espectral + Wavelet,PC1 e PC2,-0.12966728392489088
Piston,preprocess_Reading211.dat,Temporal + espectral + Wavelet,PC1 e PC2,0.235508745114734
Piston,preprocess_Reading212.dat,Temporal + espectral + Wavelet,PC1 e PC2,0.0144860068667507
Piston,preprocess_Reading213.dat,Temporal + espectral + Wavelet,PC1 e PC2,-0.258192552151426
Piston,preprocess_Reading214.dat,Temporal + espectral + Wavelet,PC1 e PC2,-0.24405254491519057
Piston,preprocess_Reading215.dat,Temporal + espectral + Wavelet,PC1 e PC2,-0.06633768542459402
Piston,preprocess_Reading216.dat,Temporal + espectral + Wavelet,PC1 e PC2,0.10496774937295067
Piston,preprocess_Reading217.dat,Temporal + espectral + Wavelet,PC1 e PC2,-0.18289743088389349
Piston,preprocess_Reading218.dat,Temporal + espectral + Wavelet,PC1 e PC2,-0.21494969930997807
Piston,preprocess_Reading219.dat,Temporal + espectral + Wavelet,PC1 e PC2,-0.2461591529638085
Piston,preprocess_Reading220.dat,Temporal + espectral + Wavelet,PC1 e PC2,0.1514400520305026
Piston,preprocess_Reading221.dat,Temporal + espectral + Wavelet,PC1 e PC2,-0.1138542346304467
Piston,preprocess_Reading222.dat,Temporal + espectral + Wavelet,PC1 e PC2,-0.2759909611385087
Piston,preprocess_Reading223.dat,Temporal + espectral + Wavelet,PC1 e PC2,-0.12355576918272321
Piston,preprocess_Reading224.dat,Temporal + espectral + Wavelet,PC1 e PC2,-0.22037613065725453
Piston,preprocess_Reading225.dat,Temporal + espectral + Wavelet,PC1 e PC2,0.026461257007682707
Riderbelt,preprocess_Reading1.dat,Temporal + espectral + Wavelet,PC1 e PC2,0.21216099560481405
Riderbelt,preprocess_Reading2.dat,Temporal + espectral + Wavelet,PC1 e PC2,0.4698684110860719
Riderbelt,preprocess_Reading3.dat,Temporal + espectral + Wavelet,PC1 e PC2,0.5219131711763142
Riderbelt,preprocess_Reading4.dat,Temporal + espectral + Wavelet,PC1 e PC2,-0.34281273343792534
Riderbelt,preprocess_Reading5.dat,Temporal + espectral + Wavelet,PC1 e PC2,-0.6317095824756281
Riderbelt,preprocess_Reading6.dat,Temporal + espectral + Wavelet,PC1 e PC2,0.07360814185443483
Riderbelt,preprocess_Reading7.dat,Temporal + espectral + Wavelet,PC1 e PC2,0.5149072439986937
Riderbelt,preprocess_Reading8.dat,Temporal + espectral + Wavelet,PC1 e PC2,0.5280942917782986
Riderbelt,preprocess_Reading9.dat,Temporal + espectral + Wavelet,PC1 e PC2,0.4905681690695697
Riderbelt,preprocess_Reading10.dat,Temporal + espectral + Wavelet,PC1 e PC2,0.5021291515326197
Riderbelt,preprocess_Reading11.dat,Temporal + espectral + Wavelet,PC1 e PC2,0.5176544740990482
Riderbelt,preprocess_Reading12.dat,Temporal + espectral + Wavelet,PC1 e PC2,0.5344917437211844
Riderbelt,preprocess_Reading13.dat,Temporal + espectral + Wavelet,PC1 e PC2,0.5449988134027074
Riderbelt,preprocess_Reading14.dat,Temporal + espectral + Wavelet,PC1 e PC2,0.42946491062006975
Riderbelt,preprocess_Reading15.dat,Temporal + espectral + Wavelet,PC1 e PC2,0.5412100018473001
Riderbelt,preprocess_Reading16.dat,Temporal + espectral + Wavelet,PC1 e PC2,0.5048943425508183
Riderbelt,preprocess_Reading17.dat,Temporal + espectral + Wavelet,PC1 e PC2,0.47065661755024163
Riderbelt,preprocess_Reading18.dat,Temporal + espectral + Wavelet,PC1 e PC2,0.4008942453934548
Riderbelt,preprocess_Reading19.dat,Temporal + espectral + Wavelet,PC1 e PC2,0.3753920852322882
Riderbelt,preprocess_Reading20.dat,Temporal + espectral + Wavelet,PC1 e PC2,0.4178271781227844
Riderbelt,preprocess_Reading21.dat,Temporal + espectral + Wavelet,PC1 e PC2,0.3723058260913988
Riderbelt,preprocess_Reading22.dat,Temporal + espectral + Wavelet,PC1 e PC2,0.39603419405866425
Riderbelt,preprocess_Reading23.dat,Temporal + espectral + Wavelet,PC1 e PC2,0.4413612669037158
Riderbelt,preprocess_Reading24.dat,Temporal + espectral + Wavelet,PC1 e PC2,0.4557373186817595
Riderbelt,preprocess_Reading25.dat,Temporal + espectral + Wavelet,PC1 e PC2,0.5005520581008067
Riderbelt,preprocess_Reading26.dat,Temporal + espectral + Wavelet,PC1 e PC2,0.09961442268196474
Riderbelt,preprocess_Reading27.dat,Temporal + espectral + Wavelet,PC1 e PC2,0.4543079768854697
Riderbelt,preprocess_Reading28.dat,Temporal + espectral + Wavelet,PC1 e PC2,0.34046168595194254
Riderbelt,preprocess_Reading29.dat,Temporal + espectral + Wavelet,PC1 e PC2,0.462624610086616
Riderbelt,preprocess_Reading30.dat,Temporal + espectral + Wavelet,PC1 e PC2,0.49687726138989907
Riderbelt,preprocess_Reading31.dat,Temporal + espectral + Wavelet,PC1 e PC2,0.3270663894658583
Riderbelt,preprocess_Reading32.dat,Temporal + espectral + Wavelet,PC1 e PC2,0.2666224132300705
Riderbelt,preprocess_Reading33.dat,Temporal + espectral + Wavelet,PC1 e PC2,0.45687094939212536
Riderbelt,preprocess_Reading34.dat,Temporal + espectral + Wavelet,PC1 e PC2,0.5013849685370311
Riderbelt,preprocess_Reading35.dat,Temporal + espectral + Wavelet,PC1 e PC2,0.4572585553648799
Riderbelt,preprocess_Reading36.dat,Temporal + espectral + Wavelet,PC1 e PC2,0.4082547870304036
Riderbelt,preprocess_Reading37.dat,Temporal + espectral + Wavelet,PC1 e PC2,-0.22772420806454421
Riderbelt,preprocess_Reading38.dat,Temporal + espectral + Wavelet,PC1 e PC2,0.13636511177102761
Riderbelt,preprocess_Reading39.dat,Temporal + espectral + Wavelet,PC1 e PC2,0.4798646265502247
Riderbelt,preprocess_Reading40.dat,Temporal + espectral + Wavelet,PC1 e PC2,0.38353139741712544
Riderbelt,preprocess_Reading41.dat,Temporal + espectral + Wavelet,PC1 e PC2,0.14547923097121873
Riderbelt,preprocess_Reading42.dat,Temporal + espectral + Wavelet,PC1 e PC2,0.33904786148269445
Riderbelt,preprocess_Reading43.dat,Temporal + espectral + Wavelet,PC1 e PC2,0.28424433965339724
Riderbelt,preprocess_Reading44.dat,Temporal + espectral + Wavelet,PC1 e PC2,0.04510812032586395
Riderbelt,preprocess_Reading45.dat,Temporal + espectral + Wavelet,PC1 e PC2,-0.15204703784559265
Riderbelt,preprocess_Reading46.dat,Temporal + espectral + Wavelet,PC1 e PC2,-0.28813541225583716
Riderbelt,preprocess_Reading47.dat,Temporal + espectral + Wavelet,PC1 e PC2,-0.14892536631092185
Riderbelt,preprocess_Reading48.dat,Temporal + espectral + Wavelet,PC1 e PC2,-0.11039792332791813
Riderbelt,preprocess_Reading49.dat,Temporal + espectral + Wavelet,PC1 e PC2,-0.42914396157081586
Riderbelt,preprocess_Reading50.dat,Temporal + espectral + Wavelet,PC1 e PC2,-0.5216362985367569
Riderbelt,preprocess_Reading51.dat,Temporal + espectral + Wavelet,PC1 e PC2,0.09585027145681821
Riderbelt,preprocess_Reading52.dat,Temporal + espectral + Wavelet,PC1 e PC2,0.37692237900785497
Riderbelt,preprocess_Reading53.dat,Temporal + espectral + Wavelet,PC1 e PC2,-0.49056383225248323
Riderbelt,preprocess_Reading54.dat,Temporal + espectral + Wavelet,PC1 e PC2,-0.14522093624483787
Riderbelt,preprocess_Reading55.dat,Temporal + espectral + Wavelet,PC1 e PC2,-0.515194087614277
Riderbelt,preprocess_Reading56.dat,Temporal + espectral + Wavelet,PC1 e PC2,0.1700421831898058
Riderbelt,preprocess_Reading57.dat,Temporal + espectral + Wavelet,PC1 e PC2,-0.13747093244951183
Riderbelt,preprocess_Reading58.dat,Temporal + espectral + Wavelet,PC1 e PC2,0.01034981108564042
Riderbelt,preprocess_Reading59.dat,Temporal + espectral + Wavelet,PC1 e PC2,0.3183341949128289
Riderbelt,preprocess_Reading60.dat,Temporal + espectral + Wavelet,PC1 e PC2,-0.10750170761349785
Riderbelt,preprocess_Reading61.dat,Temporal + espectral + Wavelet,PC1 e PC2,0.3718161635067681
Riderbelt,preprocess_Reading62.dat,Temporal + espectral + Wavelet,PC1 e PC2,0.5134183191508197
Riderbelt,preprocess_Reading63.dat,Temporal + espectral + Wavelet,PC1 e PC2,0.45174512236352693
Riderbelt,preprocess_Reading64.dat,Temporal + espectral + Wavelet,PC1 e PC2,0.4932525078363372
Riderbelt,preprocess_Reading65.dat,Temporal + espectral + Wavelet,PC1 e PC2,0.48425815384557575
Riderbelt,preprocess_Reading66.dat,Temporal + espectral + Wavelet,PC1 e PC2,0.4822270422506648
Riderbelt,preprocess_Reading67.dat,Temporal + espectral + Wavelet,PC1 e PC2,0.5447517662908774
Riderbelt,preprocess_Reading68.dat,Temporal + espectral + Wavelet,PC1 e PC2,0.507851560470096
Riderbelt,preprocess_Reading69.dat,Temporal + espectral + Wavelet,PC1 e PC2,0.3529911498723865
Riderbelt,preprocess_Reading70.dat,Temporal + espectral + Wavelet,PC1 e PC2,0.39673600950350013
Riderbelt,preprocess_Reading71.dat,Temporal + espectral + Wavelet,PC1 e PC2,0.4050388918945745
Riderbelt,preprocess_Reading72.dat,Temporal + espectral + Wavelet,PC1 e PC2,0.3005393441812537
Riderbelt,preprocess_Reading73.dat,Temporal + espectral + Wavelet,PC1 e PC2,0.43742985489066366
Riderbelt,preprocess_Reading74.dat,Temporal + espectral + Wavelet,PC1 e PC2,0.4834650318864088
Riderbelt,preprocess_Reading75.dat,Temporal + espectral + Wavelet,PC1 e PC2,0.37222293758696473
Riderbelt,preprocess_Reading76.dat,Temporal + espectral + Wavelet,PC1 e PC2,0.3800225972944425
Riderbelt,preprocess_Reading77.dat,Temporal + espectral + Wavelet,PC1 e PC2,0.4211013944215422
Riderbelt,preprocess_Reading78.dat,Temporal + espectral + Wavelet,PC1 e PC2,-0.0051997639707771735
Riderbelt,preprocess_Reading79.dat,Temporal + espectral + Wavelet,PC1 e PC2,0.520067566047744
Riderbelt,preprocess_Reading80.dat,Temporal + espectral + Wavelet,PC1 e PC2,0.5311030265804427
Riderbelt,preprocess_Reading81.dat,Temporal + espectral + Wavelet,PC1 e PC2,-0.17994585704606533
Riderbelt,preprocess_Reading82.dat,Temporal + espectral + Wavelet,PC1 e PC2,0.4087976725770926
Riderbelt,preprocess_Reading83.dat,Temporal + espectral + Wavelet,PC1 e PC2,0.438857619609998
Riderbelt,preprocess_Reading84.dat,Temporal + espectral + Wavelet,PC1 e PC2,0.2650553540720368
Riderbelt,preprocess_Reading85.dat,Temporal + espectral + Wavelet,PC1 e PC2,0.09374441914779887
Riderbelt,preprocess_Reading86.dat,Temporal + espectral + Wavelet,PC1 e PC2,0.1581463976169289
Riderbelt,preprocess_Reading87.dat,Temporal + espectral + Wavelet,PC1 e PC2,-0.09638818488345945
Riderbelt,preprocess_Reading88.dat,Temporal + espectral + Wavelet,PC1 e PC2,-0.48663351774958646
Riderbelt,preprocess_Reading89.dat,Temporal + espectral + Wavelet,PC1 e PC2,-0.04181060194407703
Riderbelt,preprocess_Reading90.dat,Temporal + espectral + Wavelet,PC1 e PC2,0.4260292468834644
Riderbelt,preprocess_Reading91.dat,Temporal + espectral + Wavelet,PC1 e PC2,0.3716141163241455
Riderbelt,preprocess_Reading92.dat,Temporal + espectral + Wavelet,PC1 e PC2,0.5260304873818358
Riderbelt,preprocess_Reading93.dat,Temporal + espectral + Wavelet,PC1 e PC2,0.5469380956032673
Riderbelt,preprocess_Reading94.dat,Temporal + espectral + Wavelet,PC1 e PC2,0.46916724847079294
Riderbelt,preprocess_Reading95.dat,Temporal + espectral + Wavelet,PC1 e PC2,0.5018736246227953
Riderbelt,preprocess_Reading96.dat,Temporal + espectral + Wavelet,PC1 e PC2,0.44129213874305084
Riderbelt,preprocess_Reading97.dat,Temporal + espectral + Wavelet,PC1 e PC2,0.4255241976704906
Riderbelt,preprocess_Reading98.dat,Temporal + espectral + Wavelet,PC1 e PC2,0.46604364373638507
Riderbelt,preprocess_Reading99.dat,Temporal + espectral + Wavelet,PC1 e PC2,0.5126955164642508
Riderbelt,preprocess_Reading100.dat,Temporal + espectral + Wavelet,PC1 e PC2,0.520247894919656
Riderbelt,preprocess_Reading101.dat,Temporal + espectral + Wavelet,PC1 e PC2,0.22440029301847503
Riderbelt,preprocess_Reading102.dat,Temporal + espectral + Wavelet,PC1 e PC2,0.4800928613769094
Riderbelt,preprocess_Reading103.dat,Temporal + espectral + Wavelet,PC1 e PC2,0.3216881677027839
Riderbelt,preprocess_Reading104.dat,Temporal + espectral + Wavelet,PC1 e PC2,0.3787998813520926
Riderbelt,preprocess_Reading105.dat,Temporal + espectral + Wavelet,PC1 e PC2,0.12386556020736823
Riderbelt,preprocess_Reading106.dat,Temporal + espectral + Wavelet,PC1 e PC2,0.145321490906782
Riderbelt,preprocess_Reading107.dat,Temporal + espectral + Wavelet,PC1 e PC2,0.4297855209942972
Riderbelt,preprocess_Reading108.dat,Temporal + espectral + Wavelet,PC1 e PC2,0.18984836896883875
Riderbelt,preprocess_Reading109.dat,Temporal + espectral + Wavelet,PC1 e PC2,0.44770924532048106
Riderbelt,preprocess_Reading110.dat,Temporal + espectral + Wavelet,PC1 e PC2,-0.19668333687848363
Riderbelt,preprocess_Reading111.dat,Temporal + espectral + Wavelet,PC1 e PC2,0.3066572376742744
Riderbelt,preprocess_Reading112.dat,Temporal + espectral + Wavelet,PC1 e PC2,0.28366224663463807
Riderbelt,preprocess_Reading113.dat,Temporal + espectral + Wavelet,PC1 e PC2,0.1362078555828063
Riderbelt,preprocess_Reading114.dat,Temporal + espectral + Wavelet,PC1 e PC2,0.22266943508854434
Riderbelt,preprocess_Reading115.dat,Temporal + espectral + Wavelet,PC1 e PC2,0.32879521764684283
Riderbelt,preprocess_Reading116.dat,Temporal + espectral + Wavelet,PC1 e PC2,-0.0307314849066384
Riderbelt,preprocess_Reading117.dat,Temporal + espectral + Wavelet,PC1 e PC2,0.2743937483831057
Riderbelt,preprocess_Reading118.dat,Temporal + espectral + Wavelet,PC1 e PC2,0.2143437279755768
Riderbelt,preprocess_Reading119.dat,Temporal + espectral + Wavelet,PC1 e PC2,0.4130332968219717
Riderbelt,preprocess_Reading120.dat,Temporal + espectral + Wavelet,PC1 e PC2,-0.18028611015680648
Riderbelt,preprocess_Reading121.dat,Temporal + espectral + Wavelet,PC1 e PC2,-0.29387202390442274
Riderbelt,preprocess_Reading122.dat,Temporal + espectral + Wavelet,PC1 e PC2,0.08878653877480976
Riderbelt,preprocess_Reading123.dat,Temporal + espectral + Wavelet,PC1 e PC2,0.5040222839494635
Riderbelt,preprocess_Reading124.dat,Temporal + espectral + Wavelet,PC1 e PC2,-0.49182692545811374
Riderbelt,preprocess_Reading125.dat,Temporal + espectral + Wavelet,PC1 e PC2,0.17733935635770742
Riderbelt,preprocess_Reading126.dat,Temporal + espectral + Wavelet,PC1 e PC2,-0.23373761749938735
Riderbelt,preprocess_Reading127.dat,Temporal + espectral + Wavelet,PC1 e PC2,0.4100189881908451
Riderbelt,preprocess_Reading128.dat,Temporal + espectral + Wavelet,PC1 e PC2,0.3153915985427754
Riderbelt,preprocess_Reading129.dat,Temporal + espectral + Wavelet,PC1 e PC2,0.1716113409319264
Riderbelt,preprocess_Reading130.dat,Temporal + espectral + Wavelet,PC1 e PC2,-0.48322690249753375
Riderbelt,preprocess_Reading131.dat,Temporal + espectral + Wavelet,PC1 e PC2,0.29531177399519476
Riderbelt,preprocess_Reading132.dat,Temporal + espectral + Wavelet,PC1 e PC2,0.5136114889599973
Riderbelt,preprocess_Reading133.dat,Temporal + espectral + Wavelet,PC1 e PC2,0.4064043308189461
Riderbelt,preprocess_Reading134.dat,Temporal + espectral + Wavelet,PC1 e PC2,0.43543589602661054
Riderbelt,preprocess_Reading135.dat,Temporal + espectral + Wavelet,PC1 e PC2,0.4741957329013043
Riderbelt,preprocess_Reading136.dat,Temporal + espectral + Wavelet,PC1 e PC2,-0.1445889039832727
Riderbelt,preprocess_Reading137.dat,Temporal + espectral + Wavelet,PC1 e PC2,0.17393978172721616
Riderbelt,preprocess_Reading138.dat,Temporal + espectral + Wavelet,PC1 e PC2,-0.1921895768293581
Riderbelt,preprocess_Reading139.dat,Temporal + espectral + Wavelet,PC1 e PC2,0.42987786766203695
Riderbelt,preprocess_Reading140.dat,Temporal + espectral + Wavelet,PC1 e PC2,0.5058862510517571
Riderbelt,preprocess_Reading141.dat,Temporal + espectral + Wavelet,PC1 e PC2,0.348958971173286
Riderbelt,preprocess_Reading142.dat,Temporal + espectral + Wavelet,PC1 e PC2,0.44806560051984473
Riderbelt,preprocess_Reading143.dat,Temporal + espectral + Wavelet,PC1 e PC2,0.4298912210519129
Riderbelt,preprocess_Reading144.dat,Temporal + espectral + Wavelet,PC1 e PC2,0.45441191968245054
Riderbelt,preprocess_Reading145.dat,Temporal + espectral + Wavelet,PC1 e PC2,0.459178006389697
Riderbelt,preprocess_Reading146.dat,Temporal + espectral + Wavelet,PC1 e PC2,0.5453377753562243
Riderbelt,preprocess_Reading147.dat,Temporal + espectral + Wavelet,PC1 e PC2,0.48201038293903564
Riderbelt,preprocess_Reading148.dat,Temporal + espectral + Wavelet,PC1 e PC2,0.5434139098264309
Riderbelt,preprocess_Reading149.dat,Temporal + espectral + Wavelet,PC1 e PC2,0.42534583202270826
Riderbelt,preprocess_Reading150.dat,Temporal + espectral + Wavelet,PC1 e PC2,0.401226608169159
Riderbelt,preprocess_Reading151.dat,Temporal + espectral + Wavelet,PC1 e PC2,0.4294337954691443
Riderbelt,preprocess_Reading152.dat,Temporal + espectral + Wavelet,PC1 e PC2,0.5398103028096254
Riderbelt,preprocess_Reading153.dat,Temporal + espectral + Wavelet,PC1 e PC2,0.4184535300370232
Riderbelt,preprocess_Reading154.dat,Temporal + espectral + Wavelet,PC1 e PC2,-0.23284338839002197
Riderbelt,preprocess_Reading155.dat,Temporal + espectral + Wavelet,PC1 e PC2,0.543663001395356
Riderbelt,preprocess_Reading156.dat,Temporal + espectral + Wavelet,PC1 e PC2,0.2959187697974959
Riderbelt,preprocess_Reading157.dat,Temporal + espectral + Wavelet,PC1 e PC2,0.459994291032351
Riderbelt,preprocess_Reading158.dat,Temporal + espectral + Wavelet,PC1 e PC2,0.5042908587249462
Riderbelt,preprocess_Reading159.dat,Temporal + espectral + Wavelet,PC1 e PC2,0.5404344479504393
Riderbelt,preprocess_Reading160.dat,Temporal + espectral + Wavelet,PC1 e PC2,0.548341619133646
Riderbelt,preprocess_Reading161.dat,Temporal + espectral + Wavelet,PC1 e PC2,0.5330225283894502
Riderbelt,preprocess_Reading162.dat,Temporal + espectral + Wavelet,PC1 e PC2,0.5125125246166053
Riderbelt,preprocess_Reading163.dat,Temporal + espectral + Wavelet,PC1 e PC2,0.5339742826169585
Riderbelt,preprocess_Reading164.dat,Temporal + espectral + Wavelet,PC1 e PC2,0.5355864403304089
Riderbelt,preprocess_Reading165.dat,Temporal + espectral + Wavelet,PC1 e PC2,0.5224347939339531
Riderbelt,preprocess_Reading166.dat,Temporal + espectral + Wavelet,PC1 e PC2,0.5382591368124411
Riderbelt,preprocess_Reading167.dat,Temporal + espectral + Wavelet,PC1 e PC2,0.5397550925847429
Riderbelt,preprocess_Reading168.dat,Temporal + espectral + Wavelet,PC1 e PC2,0.5284828994561486
Riderbelt,preprocess_Reading169.dat,Temporal + espectral + Wavelet,PC1 e PC2,0.2762430491341433
Riderbelt,preprocess_Reading170.dat,Temporal + espectral + Wavelet,PC1 e PC2,0.5075712543507462
Riderbelt,preprocess_Reading171.dat,Temporal + espectral + Wavelet,PC1 e PC2,0.46836441442002746
Riderbelt,preprocess_Reading172.dat,Temporal + espectral + Wavelet,PC1 e PC2,0.5067799212583318
Riderbelt,preprocess_Reading173.dat,Temporal + espectral + Wavelet,PC1 e PC2,0.5143668462188998
Riderbelt,preprocess_Reading174.dat,Temporal + espectral + Wavelet,PC1 e PC2,0.4691629525239698
Riderbelt,preprocess_Reading175.dat,Temporal + espectral + Wavelet,PC1 e PC2,0.5230115346924351
Riderbelt,preprocess_Reading176.dat,Temporal + espectral + Wavelet,PC1 e PC2,0.543813430551909
Riderbelt,preprocess_Reading177.dat,Temporal + espectral + Wavelet,PC1 e PC2,0.46202202597509706
Riderbelt,preprocess_Reading178.dat,Temporal + espectral + Wavelet,PC1 e PC2,0.17472135406404304
Riderbelt,preprocess_Reading179.dat,Temporal + espectral + Wavelet,PC1 e PC2,0.22877767628312107
Riderbelt,preprocess_Reading180.dat,Temporal + espectral + Wavelet,PC1 e PC2,0.29069289793900327
Riderbelt,preprocess_Reading181.dat,Temporal + espectral + Wavelet,PC1 e PC2,0.5387566609541721
Riderbelt,preprocess_Reading182.dat,Temporal + espectral + Wavelet,PC1 e PC2,0.47345905920711095
Riderbelt,preprocess_Reading183.dat,Temporal + espectral + Wavelet,PC1 e PC2,0.05108464425117828
Riderbelt,preprocess_Reading184.dat,Temporal + espectral + Wavelet,PC1 e PC2,-0.34691699227646405
Riderbelt,preprocess_Reading185.dat,Temporal + espectral + Wavelet,PC1 e PC2,0.4775005522587651
Riderbelt,preprocess_Reading186.dat,Temporal + espectral + Wavelet,PC1 e PC2,0.4574148462643802
Riderbelt,preprocess_Reading187.dat,Temporal + espectral + Wavelet,PC1 e PC2,0.4725107625725469
Riderbelt,preprocess_Reading188.dat,Temporal + espectral + Wavelet,PC1 e PC2,0.5033119669158167
Riderbelt,preprocess_Reading189.dat,Temporal + espectral + Wavelet,PC1 e PC2,0.5244992953017993
Riderbelt,preprocess_Reading190.dat,Temporal + espectral + Wavelet,PC1 e PC2,0.36351286695240304
Riderbelt,preprocess_Reading191.dat,Temporal + espectral + Wavelet,PC1 e PC2,0.4817642266891283
Riderbelt,preprocess_Reading192.dat,Temporal + espectral + Wavelet,PC1 e PC2,0.14696072595612983
Riderbelt,preprocess_Reading193.dat,Temporal + espectral + Wavelet,PC1 e PC2,0.37907692098989726
Riderbelt,preprocess_Reading194.dat,Temporal + espectral + Wavelet,PC1 e PC2,0.46815312440404283
Riderbelt,preprocess_Reading195.dat,Temporal + espectral + Wavelet,PC1 e PC2,0.45150444608592705
Riderbelt,preprocess_Reading196.dat,Temporal + espectral + Wavelet,PC1 e PC2,0.01108868748370513
Riderbelt,preprocess_Reading197.dat,Temporal + espectral + Wavelet,PC1 e PC2,0.08933463253845136
Riderbelt,preprocess_Reading198.dat,Temporal + espectral + Wavelet,PC1 e PC2,-0.37683505946779156
Riderbelt,preprocess_Reading199.dat,Temporal + espectral + Wavelet,PC1 e PC2,-0.09086067175860393
Riderbelt,preprocess_Reading200.dat,Temporal + espectral + Wavelet,PC1 e PC2,-0.2031161201324169
Riderbelt,preprocess_Reading201.dat,Temporal + espectral + Wavelet,PC1 e PC2,-0.277546613646959
Riderbelt,preprocess_Reading202.dat,Temporal + espectral + Wavelet,PC1 e PC2,0.38324293856809344
Riderbelt,preprocess_Reading203.dat,Temporal + espectral + Wavelet,PC1 e PC2,0.3678304811171804
Riderbelt,preprocess_Reading204.dat,Temporal + espectral + Wavelet,PC1 e PC2,0.25717005956302746
Riderbelt,preprocess_Reading205.dat,Temporal + espectral + Wavelet,PC1 e PC2,0.43111241237417625
Riderbelt,preprocess_Reading206.dat,Temporal + espectral + Wavelet,PC1 e PC2,0.18181073461059052
Riderbelt,preprocess_Reading207.dat,Temporal + espectral + Wavelet,PC1 e PC2,0.26660677679954725
Riderbelt,preprocess_Reading208.dat,Temporal + espectral + Wavelet,PC1 e PC2,0.3342418308225902
Riderbelt,preprocess_Reading209.dat,Temporal + espectral + Wavelet,PC1 e PC2,-0.10991422340589777
Riderbelt,preprocess_Reading210.dat,Temporal + espectral + Wavelet,PC1 e PC2,-0.42927939817555033
Riderbelt,preprocess_Reading211.dat,Temporal + espectral + Wavelet,PC1 e PC2,-0.46540516409223315
Riderbelt,preprocess_Reading212.dat,Temporal + espectral + Wavelet,PC1 e PC2,0.19711696508845059
Riderbelt,preprocess_Reading213.dat,Temporal + espectral + Wavelet,PC1 e PC2,0.3830787081307363
Riderbelt,preprocess_Reading214.dat,Temporal + espectral + Wavelet,PC1 e PC2,0.31472349824955487
Riderbelt,preprocess_Reading215.dat,Temporal + espectral + Wavelet,PC1 e PC2,0.26030918790693386
Riderbelt,preprocess_Reading216.dat,Temporal + espectral + Wavelet,PC1 e PC2,0.455480163316533
Riderbelt,preprocess_Reading217.dat,Temporal + espectral + Wavelet,PC1 e PC2,0.4997243567341641
Riderbelt,preprocess_Reading218.dat,Temporal + espectral + Wavelet,PC1 e PC2,0.5126721024554242
Riderbelt,preprocess_Reading219.dat,Temporal + espectral + Wavelet,PC1 e PC2,0.4955581679452062
Riderbelt,preprocess_Reading220.dat,Temporal + espectral + Wavelet,PC1 e PC2,0.4184020783715844
Riderbelt,preprocess_Reading221.dat,Temporal + espectral + Wavelet,PC1 e PC2,0.4388041617752988
Riderbelt,preprocess_Reading222.dat,Temporal + espectral + Wavelet,PC1 e PC2,0.4157442517622598
Riderbelt,preprocess_Reading223.dat,Temporal + espectral + Wavelet,PC1 e PC2,0.42300859241128336
Riderbelt,preprocess_Reading224.dat,Temporal + espectral + Wavelet,PC1 e PC2,0.4640883096538433
Riderbelt,preprocess_Reading225.dat,Temporal + espectral + Wavelet,PC1 e PC2,0.4349389727639409
